feature_1,feature_2,Пирсон,Спирман
Деаэрация | ASTM D3427,Температура проведения теста | -,1.0,1.0
"Плотность при 15°С, ASTM D4052","Плотность при 20°С, ASTM D4052",0.9999999582250407,0.9999870414043762
Массовая доля серы | ASTM D6481,Массовая доля фосфора | ASTM D6481,0.9995218346289533,0.9259882521698465
Массовая доля фосфора | ASTM D6481,Массовая доля цинка | ASTM D6481,0.9991404744598357,0.999998036134298
Деэм.вода | ASTM D1401,Деэм.масло | ASTM D1401,0.9987844880734886,0.9963327726757488
Массовая доля серы | ASTM D6481,Массовая доля цинка | ASTM D6481,0.9980623692742681,0.9259864576196816
Последовательность 2 | ASTM D892,Последовательность 3 | ASTM D892,0.9965874708027717,0.7083934812985931
Последовательность 1 | ASTM D892,Последовательность 3 | ASTM D892,0.9922332955924069,0.6028130514670138
Последовательность 1 | ASTM D892,Последовательность 2 | ASTM D892,0.9921440055843356,0.5701365902249959
"Массовая доля фосфора, ASTM D6481","Массовая доля цинка, ASTM D6481",0.9907498207162331,0.9796042683483012
"Динамическая вязкость CCS -15°C, ASTM D5293","Динамическая вязкость CCS -20°C, ASTM D5293",0.9680546700080497,0.8255942984652047
"Массовая доля кальция, ASTM D6481","Щелочное число, ASTM D2896",0.9363734224764576,0.5912394800547401
"Динамическая вязкость CCS -20°C, ASTM D5293","Динамическая вязкость CCS -25°C, ASTM D5293",0.9168900792373356,0.9850604323494585
"Динамическая вязкость CCS -15°C, ASTM D5293","Динамическая вязкость CCS -25°C, ASTM D5293",0.886247138140872,0.8080405892989054
"Индекс вязкости, ГОСТ 25371","Температура застывания, ГОСТ 20287, метод Б",-0.7906250066605227,-0.8910447192842036
"Массовая доля серы, ASTM D6481","Массовая доля фосфора, ASTM D6481",0.7814018432831401,0.7693152467246908
"Массовая доля серы, ASTM D6481","Массовая доля цинка, ASTM D6481",0.7680032974009156,0.7406156341704011
Деэм.время | ASTM D1401,Деэм.масло | ASTM D1401,0.7385377452716066,0.9989073744100885
Деэм.вода | ASTM D1401,Деэм.время | ASTM D1401,0.7324418314111153,0.9982929240608549
"Динамическая вязкость CCS -25°C, ASTM D5293","Динамическая вязкость CCS -30°C, ASTM D5293",0.7106198774929231,0.8772633666804093
"Температура испытания | ASTM D445 Daimler Oxidation Test (DOT), °C","Время испытания | - Daimler Oxidation Test (DOT), ч",-0.7021316890231074,-0.7167275986891024
"Температура испытания | ASTM D445 Daimler Oxidation Test (DOT), °C","Количество биотоплива | - Daimler Oxidation Test (DOT), % масс",-0.6963377016335125,-0.7102754256085616
"Динамическая вязкость CCS -20°C, ASTM D5293","Динамическая вязкость CCS -30°C, ASTM D5293",0.64168740452643,0.8629270630320143
Деэм.вода | ASTM D1401,"Индекс вязкости, ГОСТ 25371",0.635319402465964,0.6424325364418563
Деэм.масло | ASTM D1401,"Индекс вязкости, ГОСТ 25371",0.6327202112242244,0.6386992136219501
"Динамическая вязкость CCS -15°C, ASTM D5293","Динамическая вязкость CCS -30°C, ASTM D5293",0.5993292305209014,0.6919777133006665
Определение содержания воды методом Карла Фишера | ASTM D 6304,"Щелочное число, ГОСТ 11362",0.5362829591232064,0.359243977548553
"Динамическая вязкость CCS -15°C, ASTM D5293","Индекс вязкости, ГОСТ 25371",0.5192081198086144,0.8734231844629621
Деэм.вода | ASTM D1401,"Температура застывания, ГОСТ 20287, метод Б",-0.5089774491606461,-0.616853266529187
Деэм.масло | ASTM D1401,"Температура застывания, ГОСТ 20287, метод Б",-0.5071944484321959,-0.615781249165789
"Динамическая вязкость CCS -20°C, ASTM D5293","Индекс вязкости, ГОСТ 25371",0.4813083243993387,0.7915177376712591
"Кислотное число, ГОСТ 11362","Щелочное число, ASTM D2896",0.4798198013053341,0.3179696130410347
"Время испытания | - Daimler Oxidation Test (DOT), ч","Количество биотоплива | - Daimler Oxidation Test (DOT), % масс",0.4765584599670894,0.48272214542274483
Деэм.масло | ASTM D1401,"Динамическая вязкость CCS -15°C, ASTM D5293",0.4761268365969525,0.67806576324149
Деэм.вода | ASTM D1401,"Динамическая вязкость CCS -15°C, ASTM D5293",0.4640445020756234,0.6738335055692929
"Динамическая вязкость CCS -25°C, ASTM D5293","Индекс вязкости, ГОСТ 25371",0.4624026960522715,0.7852436301952362
Деэм.время | ASTM D1401,"Индекс вязкости, ГОСТ 25371",0.45877438582022123,0.6404279117650239
Деэм.время | ASTM D1401,"Динамическая вязкость CCS -15°C, ASTM D5293",0.44160384553934634,0.6767904451367778
Деэм.масло | ASTM D1401,"Динамическая вязкость CCS -20°C, ASTM D5293",0.4298481077417735,0.5690048135355552
"Динамическая вязкость CCS -30°C, ASTM D5293","Индекс вязкости, ГОСТ 25371",0.427865762897576,0.6988793408332167
"Динамическая вязкость CCS -15°C, ASTM D5293","Температура застывания, ГОСТ 20287, метод Б",-0.4195197495363417,-0.8555156195408035
"Динамическая вязкость CCS -30°C, ASTM D5293","Динамическая вязкость CCS -35°C, ASTM D5293",0.4186548147807526,0.517479101233462
Деэм.вода | ASTM D1401,"Динамическая вязкость CCS -20°C, ASTM D5293",0.417913404529688,0.5648162836078648
Деэм.масло | ASTM D1401,"Динамическая вязкость CCS -25°C, ASTM D5293",0.41033046390581174,0.5512072637864429
Деэм.время | ASTM D1401,"Динамическая вязкость CCS -20°C, ASTM D5293",0.4101567501991649,0.5676408351889793
Деэм.вода | ASTM D1401,"Динамическая вязкость CCS -25°C, ASTM D5293",0.39831618894321014,0.5480213332586215
Деэм.время | ASTM D1401,"Динамическая вязкость CCS -25°C, ASTM D5293",0.3913694026756395,0.5494098251860912
"Динамическая вязкость CCS -20°C, ASTM D5293","Температура застывания, ГОСТ 20287, метод Б",-0.37665507745470744,-0.7386601554271633
"Кислотное число, ГОСТ 11362","Массовая доля кальция, ASTM D6481",0.3676974559009067,0.19558385194401423
"Динамическая вязкость CCS -25°C, ASTM D5293","Температура застывания, ГОСТ 20287, метод Б",-0.353795822625643,-0.729296771980883
Деэм.эмульсия | ASTM D1401,"Динамическая вязкость CCS -25°C, ASTM D5293",0.34867390032176654,0.14137099378519363
Деэм.время | ASTM D1401,"Температура застывания, ГОСТ 20287, метод Б",-0.33795351115040523,-0.6157901034794695
Деэм.масло | ASTM D1401,"Динамическая вязкость CCS -35°C, ASTM D5293",0.33287025879249554,0.4368201886858799
"Динамическая вязкость CCS -25°C, ASTM D5293","Динамическая вязкость CCS -35°C, ASTM D5293",0.32739320977319525,0.5475066282314898
Деэм.вода | ASTM D1401,"Динамическая вязкость CCS -35°C, ASTM D5293",0.32508506549509714,0.4424276797363239
"Количество биотоплива | - Daimler Oxidation Test (DOT), % масс","Дозировка катализатора, категория",0.32504174093272625,0.3176533991678403
Деэм.эмульсия | ASTM D1401,"Динамическая вязкость CCS -15°C, ASTM D5293",0.3240632357544239,0.16398759525264006
"Динамическая вязкость CCS -30°C, ASTM D5293","Температура застывания, ГОСТ 20287, метод Б",-0.32398869858821727,-0.6436287726543688
Деэм.эмульсия | ASTM D1401,"Динамическая вязкость CCS -20°C, ASTM D5293",0.3211877833311717,0.14000168633929772
Деэм.масло | ASTM D1401,"Динамическая вязкость CCS -30°C, ASTM D5293",0.3201962408204924,0.45912798886532663
"Динамическая вязкость CCS -35°C, ASTM D5293","Индекс вязкости, ГОСТ 25371",0.3126632554325161,0.5350925839865519
Деэм.вода | ASTM D1401,"Динамическая вязкость CCS -30°C, ASTM D5293",0.3122292658551048,0.4598264395808793
"Динамическая вязкость CCS -15°C, ASTM D5293","Динамическая вязкость CCS -35°C, ASTM D5293",0.3077051683432794,0.5248645492832815
Деэм.время | ASTM D1401,Деэм.эмульсия | ASTM D1401,0.30729872934901287,0.2226688458209731
"Динамическая вязкость CCS -20°C, ASTM D5293","Динамическая вязкость CCS -35°C, ASTM D5293",0.30368424912679,0.5390543292110376
"Испаряемость по NOACK, ASTM D5800","Температура застывания, ГОСТ 20287, метод Б",-0.2927534043976548,-0.7142983135800771
"Динамическая вязкость CCS -35°C, ASTM D5293",Последовательность 2 | ASTM D892,0.26271906337246054,0.2088980288732962
Деэм.вода | ASTM D1401,"Испаряемость по NOACK, ASTM D5800",0.2620474044540393,0.752749601197634
Деэм.масло | ASTM D1401,"Испаряемость по NOACK, ASTM D5800",0.2611687895357693,0.7511383631069062
"Динамическая вязкость CCS -35°C, ASTM D5293",Последовательность 3 | ASTM D892,0.2611518359679204,0.13513490132745662
"Динамическая вязкость CCS -35°C, ASTM D5293",Последовательность 1 | ASTM D892,0.2593895260941992,0.09738696268679872
Деэм.время | ASTM D1401,"Динамическая вязкость CCS -30°C, ASTM D5293",0.2429522284728586,0.45779478663166717
Деэм.вода | ASTM D1401,Последовательность 1 | ASTM D892,0.23302536041572905,0.2649884849712303
"Кинематическая вязкость, при 100°C, ASTM D445","Кинематическая вязкость, при 40°C, ASTM D445",0.23200029831593894,0.08085764477283476
Деэм.вода | ASTM D1401,Последовательность 3 | ASTM D892,0.22931141448479953,0.29991933312154406
"Индекс вязкости, ГОСТ 25371","Испаряемость по NOACK, ASTM D5800",0.22573836259998392,0.7114540108032785
Деэм.масло | ASTM D1401,Последовательность 1 | ASTM D892,0.22554313074668844,0.2680655876310737
Общее содержание азота | ASTM D3228,Цвет | ASTM D1500,0.22156475708886753,0.4009390881558669
Деэм.масло | ASTM D1401,Последовательность 3 | ASTM D892,0.21965329973072878,0.29228608865445127
Деэм.масло | ASTM D1401,Деэм.эмульсия | ASTM D1401,0.21867668195683593,0.219084131423435
"Количество биотоплива | - Daimler Oxidation Test (DOT), % масс","Индекс вязкости, ГОСТ 25371",-0.21432570478798937,-0.2162416757008361
Деэм.вода | ASTM D1401,Последовательность 2 | ASTM D892,0.21411870314126216,0.21804264505296936
Деаэрация | ASTM D3427,"Плотность при 15°С, ASTM D4052",0.21309392806585303,0.20553135325337074
"Плотность при 15°С, ASTM D4052",Температура проведения теста | -,0.21309392806585287,0.20553135325337074
"Плотность при 20°С, ASTM D4052",Температура проведения теста | -,0.21298542716358168,0.20553135325337074
Деаэрация | ASTM D3427,"Плотность при 20°С, ASTM D4052",0.21298542716358146,0.20553135325337074
Деэм.вода | ASTM D1401,Деэм.эмульсия | ASTM D1401,0.21191393040170048,0.21196827651815894
"Количество биотоплива | - Daimler Oxidation Test (DOT), % масс",Деэм.масло | ASTM D1401,-0.20945476073106992,-0.20846398495376084
"Количество биотоплива | - Daimler Oxidation Test (DOT), % масс",Деэм.вода | ASTM D1401,-0.20943225543909166,-0.20846214699035945
Деэм.масло | ASTM D1401,Последовательность 2 | ASTM D892,0.20442827589925186,0.1998878796880521
"Массовая доля, %","Плотность при 15°С, ASTM D4052",0.20210486508397302,0.18401180915090778
"Массовая доля, %","Плотность при 20°С, ASTM D4052",0.20207723199822353,0.18373029640735095
"Количество биотоплива | - Daimler Oxidation Test (DOT), % масс","Температура застывания, ГОСТ 20287, метод Б",0.20207707153890306,0.22112462265344113
"Индекс вязкости, ГОСТ 25371","Кинематическая вязкость, при 100°C, ASTM D445",-0.19613127523931162,0.027801915968469443
"Динамическая вязкость CCS -35°C, ASTM D5293","Температура застывания, ГОСТ 20287, метод Б",-0.19497340758712964,-0.48394719051297747
Деэм.время | ASTM D1401,"Динамическая вязкость CCS -35°C, ASTM D5293",0.19396758576819786,0.4374508010027132
"Индекс вязкости, ГОСТ 25371","Плотность при 20°С, ASTM D4052",0.185430819642943,0.17918528583488258
"Индекс вязкости, ГОСТ 25371","Плотность при 15°С, ASTM D4052",0.1854261365555664,0.17913935961203414
Деэм.время | ASTM D1401,"Испаряемость по NOACK, ASTM D5800",0.18522507341517278,0.7524439343580623
"Кинематическая вязкость, при 100°C, ASTM D445","Температура застывания, ГОСТ 20287, метод Б",0.18078007865938273,-0.022294089666326813
"Массовая доля, %","Температура застывания, ГОСТ 20287, метод Б",-0.16485857315634683,-0.14298283147186172
"Массовая доля, %","Испаряемость по NOACK, ASTM D5800",0.16157128657522019,0.1011842518094347
"Индекс вязкости, ГОСТ 25371","Щелочное число, ASTM D2896",-0.16106090387445593,-0.2277640461348457
"Кинематическая вязкость, при 100°C, ASTM D445",Цвет | ASTM D1500,0.15839694671190802,0.1058103841187875
"Количество биотоплива | - Daimler Oxidation Test (DOT), % масс",Деэм.время | ASTM D1401,-0.15470053320220767,-0.20857801995414746
"Массовая доля, %","Массовая доля фосфора, ASTM D6481",0.15398411299354292,0.1338372379944213
"Массовая доля, %","Массовая доля цинка, ASTM D6481",0.15279828493642206,0.1386747740866499
"Температура испытания | ASTM D445 Daimler Oxidation Test (DOT), °C","Индекс вязкости, ГОСТ 25371",0.1515508080031705,0.15316961466879642
"Температура испытания | ASTM D445 Daimler Oxidation Test (DOT), °C","Дозировка катализатора, категория",-0.15132454091594888,-0.14754602729292918
"Количество биотоплива | - Daimler Oxidation Test (DOT), % масс","Динамическая вязкость CCS -15°C, ASTM D5293",-0.14964851499092927,-0.22942211033963944
"Температура застывания, ГОСТ 20287, метод Б","Щелочное число, ASTM D2896",0.14745144390873502,0.22159124573309225
"Индекс вязкости, ГОСТ 25371",Температура проведения теста | -,0.1443443145208699,0.14713676554812163
Деаэрация | ASTM D3427,"Индекс вязкости, ГОСТ 25371",0.14434431452086952,0.14713676554812163
"Температура застывания, ГОСТ 20287, метод Б",Температура проведения теста | -,-0.14431138738018268,-0.14394557725434257
Деаэрация | ASTM D3427,"Температура застывания, ГОСТ 20287, метод Б",-0.14431138738018257,-0.14394557725434257
Деэм.время | ASTM D1401,Последовательность 1 | ASTM D892,0.1442805522861198,0.27475471898276405
"Температура испытания | ASTM D445 Daimler Oxidation Test (DOT), °C",Деэм.масло | ASTM D1401,0.14394776644446827,0.14468321923454924
"Температура испытания | ASTM D445 Daimler Oxidation Test (DOT), °C",Деэм.вода | ASTM D1401,0.1439322996844761,0.14468194360671452
"Количество биотоплива | - Daimler Oxidation Test (DOT), % масс","Динамическая вязкость CCS -20°C, ASTM D5293",-0.14162350779489383,-0.1363181345502806
"Динамическая вязкость CCS -25°C, ASTM D5293",Последовательность 1 | ASTM D892,0.1389307610708378,0.22462407046667973
"Динамическая вязкость CCS -15°C, ASTM D5293",Последовательность 1 | ASTM D892,0.13888907006618462,0.2828252811855241
"Динамическая вязкость CCS -30°C, ASTM D5293",Последовательность 1 | ASTM D892,0.1364289539005402,0.14885121700453446
"Количество биотоплива | - Daimler Oxidation Test (DOT), % масс","Динамическая вязкость CCS -25°C, ASTM D5293",-0.1361871625758644,-0.1337642255293386
"Температура испытания | ASTM D445 Daimler Oxidation Test (DOT), °C","Температура застывания, ГОСТ 20287, метод Б",-0.13347933892635486,-0.14662519932530327
"Количество биотоплива | - Daimler Oxidation Test (DOT), % масс","Кинематическая вязкость, при 100°C, ASTM D445",-0.1330156987518128,-0.17862406437977355
"Индекс вязкости, ГОСТ 25371",Последовательность 1 | ASTM D892,0.13215086900130618,0.206177292834721
Деэм.вода | ASTM D1401,"Кинематическая вязкость, при 100°C, ASTM D445",-0.13187474848436054,0.029178996213679188
Деэм.масло | ASTM D1401,"Кинематическая вязкость, при 100°C, ASTM D445",-0.13181904692403526,0.032840848624359674
"Количество биотоплива | - Daimler Oxidation Test (DOT), % масс","Испаряемость по NOACK, ASTM D5800",-0.13144369276980794,-0.21631230196344634
"Индекс вязкости, ГОСТ 25371","Массовая доля кальция, ASTM D6481",-0.1311506976236403,0.21239837352660315
Деэм.время | ASTM D1401,Последовательность 3 | ASTM D892,0.12778720051190862,0.29945212677812416
"Динамическая вязкость CCS -30°C, ASTM D5293","Кинематическая вязкость, при 100°C, ASTM D445",-0.12774484487246815,-0.01230746924773105
"Индекс вязкости, ГОСТ 25371",Последовательность 3 | ASTM D892,0.12701950887352045,0.1744987135443894
"Массовая доля, %","Динамическая вязкость CCS -15°C, ASTM D5293",0.12643260732633432,0.1616116747492818
"Плотность при 15°С, ASTM D4052","Температура застывания, ГОСТ 20287, метод Б",-0.1250716191249706,-0.119181658079953
"Плотность при 20°С, ASTM D4052","Температура застывания, ГОСТ 20287, метод Б",-0.1250601782049949,-0.11911395780942123
"Массовая доля, %","Динамическая вязкость CCS -20°C, ASTM D5293",0.12489457298480591,0.20594225960751097
"Массовая доля кальция, ASTM D6481","Щелочное число, ГОСТ 11362",0.12458498212492537,0.12294267714446463
"Динамическая вязкость CCS -20°C, ASTM D5293",Последовательность 1 | ASTM D892,0.12449435610046883,0.24155838531585125
Деэм.эмульсия | ASTM D1401,"Индекс вязкости, ГОСТ 25371",0.12147062443738876,0.1250728299002142
"Кинематическая вязкость, при -30⁰С | ASTM D445","Температура застывания, ГОСТ 20287, метод Б",-0.1213060756802776,-0.05299309276749915
"Динамическая вязкость CCS -20°C, ASTM D5293","Кинематическая вязкость, при 100°C, ASTM D445",-0.12019798899179257,-0.01031239820295292
"Массовая доля кальция, ASTM D6481","Температура застывания, ГОСТ 20287, метод Б",0.12006925745849138,-0.21455446934715922
"Индекс вязкости, ГОСТ 25371",Последовательность 2 | ASTM D892,0.11717998955320845,0.11955227619130833
Последовательность 1 | ASTM D892,"Температура застывания, ГОСТ 20287, метод Б",-0.11714973338281229,-0.22147547630014475
Деэм.время | ASTM D1401,Последовательность 2 | ASTM D892,0.11651151121628665,0.20731319246849855
"Кинематическая вязкость, при 100°C, ASTM D445","Кислотное число, ГОСТ 11362",0.11624226606288042,0.1808209786580044
"Динамическая вязкость CCS -25°C, ASTM D5293","Кинематическая вязкость, при 100°C, ASTM D445",-0.11544975820716669,-0.015241583488416243
"Кислотное число, ГОСТ 11362",Цвет | ASTM D1500,0.11484456907662247,0.4666324293707966
"Динамическая вязкость CCS -15°C, ASTM D5293","Кинематическая вязкость, при 100°C, ASTM D445",-0.11421112176355284,0.029636049161360447
"Время испытания | - Daimler Oxidation Test (DOT), ч","Дозировка катализатора, категория",0.11294383432909447,0.11294383432909509
Последовательность 3 | ASTM D892,"Температура застывания, ГОСТ 20287, метод Б",-0.11283646894222304,-0.19608678588376816
"Индекс вязкости, ГОСТ 25371","Массовая доля фосфора, ASTM D6481",-0.11198206458326833,0.291730138169066
"Щелочное число, ASTM D2896","Щелочное число, ГОСТ 11362",0.11193190312685314,0.11456795291387213
"Испаряемость по NOACK, ASTM D5800","Кинематическая вязкость, при 100°C, ASTM D445",-0.10951670000587953,0.004282089476530016
"Температура испытания | ASTM D445 Daimler Oxidation Test (DOT), °C","Динамическая вязкость CCS -15°C, ASTM D5293",0.10923867783649209,0.15645962543334616
"Температура испытания | ASTM D445 Daimler Oxidation Test (DOT), °C","Динамическая вязкость CCS -20°C, ASTM D5293",0.10906882754993663,0.0993309676222555
Деэм.масло | ASTM D1401,"Щелочное число, ASTM D2896",-0.10853484777688854,-0.1530844524618862
Деэм.вода | ASTM D1401,"Щелочное число, ASTM D2896",-0.108523186029834,-0.15308310276293938
"Кинематическая вязкость, при 100°C, ASTM D445","Массовая доля фосфора, ASTM D6481",-0.10788910570255428,0.3618638829197242
"Индекс вязкости, ГОСТ 25371","Массовая доля цинка, ASTM D6481",-0.1078482986630993,0.28682838122821064
"Динамическая вязкость CCS -30°C, ASTM D5293","Щелочное число, ASTM D2896",-0.10754705408213457,-0.30204096498775196
"Динамическая вязкость CCS -30°C, ASTM D5293",Последовательность 2 | ASTM D892,0.10724993936372684,0.1272699761091405
"Динамическая вязкость CCS -30°C, ASTM D5293",Последовательность 3 | ASTM D892,0.10702974626542605,0.1132920659577354
"Температура испытания | ASTM D445 Daimler Oxidation Test (DOT), °C","Кинематическая вязкость, при 100°C, ASTM D445",0.10698548637015202,0.13904265520515952
"Температура испытания | ASTM D445 Daimler Oxidation Test (DOT), °C",Деэм.время | ASTM D1401,0.10631792824617729,0.14476236456492858
"Температура испытания | ASTM D445 Daimler Oxidation Test (DOT), °C","Динамическая вязкость CCS -25°C, ASTM D5293",0.10620803575637029,0.09761294053794005
"Массовая доля, %","Индекс вязкости, ГОСТ 25371",0.1059694978801655,0.09770886356379935
Деэм.эмульсия | ASTM D1401,"Температура застывания, ГОСТ 20287, метод Б",-0.10594550825980444,-0.1370671416891081
"Массовая доля, %","Динамическая вязкость CCS -25°C, ASTM D5293",0.10580258811311445,0.19888331651840463
"Время испытания | - Daimler Oxidation Test (DOT), ч",Деэм.масло | ASTM D1401,-0.10560539840459371,-0.10553589312728176
"Время испытания | - Daimler Oxidation Test (DOT), ч",Деэм.вода | ASTM D1401,-0.10559405141817403,-0.10553496264948657
"Кинематическая вязкость, при 100°C, ASTM D445","Массовая доля цинка, ASTM D6481",-0.10293076087036397,0.36839595381047585
Последовательность 2 | ASTM D892,"Температура застывания, ГОСТ 20287, метод Б",-0.10291474306264264,-0.13248368874829922
"Массовая доля фосфора, ASTM D6481","Температура застывания, ГОСТ 20287, метод Б",0.10252096152818807,-0.29077861388301257
"Динамическая вязкость CCS -20°C, ASTM D5293","Щелочное число, ASTM D2896",-0.10197838254431221,-0.28774417164666943
"Динамическая вязкость CCS -35°C, ASTM D5293","Испаряемость по NOACK, ASTM D5800",0.1015228561265858,0.5208973444600994
"Массовая доля цинка, ASTM D6481","Температура застывания, ГОСТ 20287, метод Б",0.0987356164005747,-0.2868315507890155
"Плотность при 15°С, ASTM D4052","Щелочное число, ASTM D2896",-0.09788510107215258,-0.13812349107303762
"Плотность при 20°С, ASTM D4052","Щелочное число, ASTM D2896",-0.09788445528174534,-0.13812349107303762
"Динамическая вязкость CCS -25°C, ASTM D5293","Щелочное число, ASTM D2896",-0.09783617905757472,-0.2863331778228213
"Количество биотоплива | - Daimler Oxidation Test (DOT), % масс","Кинематическая вязкость, при 40°C, ASTM D445",-0.09740717043811868,-0.12056920462888078
Деэм.время | ASTM D1401,"Кинематическая вязкость, при 100°C, ASTM D445",-0.09691647802219522,0.031606144136474536
"Динамическая вязкость CCS -15°C, ASTM D5293","Щелочное число, ASTM D2896",-0.09686857736766025,-0.228066096521265
"Динамическая вязкость CCS -15°C, ASTM D5293","Испаряемость по NOACK, ASTM D5800",0.09614909304060286,0.8337174319696701
"Время испытания | - Daimler Oxidation Test (DOT), ч","Индекс вязкости, ГОСТ 25371",-0.09472278548767869,-0.09565343277232703
"Температура испытания | ASTM D445 Daimler Oxidation Test (DOT), °C","Испаряемость по NOACK, ASTM D5800",0.09324508854443822,0.14327211787920868
"Массовая доля кальция, ASTM D6481",Определение содержания воды методом Карла Фишера | ASTM D 6304,0.09174597768469293,0.10729084541614356
"Массовая доля фосфора, ASTM D6481","Щелочное число, ASTM D2896",-0.09170099500479938,0.17342607875483576
"Динамическая вязкость CCS -30°C, ASTM D5293","Испаряемость по NOACK, ASTM D5800",0.09036874042248938,0.6177047666140093
"Динамическая вязкость CCS -15°C, ASTM D5293",Последовательность 3 | ASTM D892,0.08995737156688623,0.21484382883163522
Деэм.масло | ASTM D1401,"Массовая доля кальция, ASTM D6481",-0.08837480668649568,0.2650999471842371
Деэм.вода | ASTM D1401,"Массовая доля кальция, ASTM D6481",-0.08836482057167262,0.2659521236409352
"Массовая доля цинка, ASTM D6481","Щелочное число, ASTM D2896",-0.0880048825146024,0.19699279470807068
"Динамическая вязкость CCS -30°C, ASTM D5293","Массовая доля кальция, ASTM D6481",-0.08757784957738322,0.037410181835236415
"Испаряемость по NOACK, ASTM D5800","Щелочное число, ASTM D2896",-0.08661630071636629,-0.1942491812525483
"Индекс вязкости, ГОСТ 25371","Массовая доля серы, ASTM D6481",-0.08650372077968041,0.4356092875854381
"Динамическая вязкость CCS -25°C, ASTM D5293",Последовательность 3 | ASTM D892,0.08620084259074366,0.1811905385162286
Цвет | ASTM D1500,"Щелочное число, ГОСТ 11362",0.08518447769434197,0.4176366766441035
"Массовая доля, %","Массовая доля серы, ASTM D6481",0.08414358523450115,0.09655071314070175
"Время испытания | - Daimler Oxidation Test (DOT), ч","Температура застывания, ГОСТ 20287, метод Б",0.08368030938175397,0.09206698009727296
"Динамическая вязкость CCS -20°C, ASTM D5293","Массовая доля кальция, ASTM D6481",-0.0830433648248136,0.09553083120913519
"Дозировка катализатора, категория",Деэм.масло | ASTM D1401,-0.08122571555238893,-0.08117225601367613
"Дозировка катализатора, категория",Деэм.вода | ASTM D1401,-0.08121698809048586,-0.08117154034264167
"Количество биотоплива | - Daimler Oxidation Test (DOT), % масс","Плотность при 15°С, ASTM D4052",0.08104300905276547,0.07911906761917942
"Количество биотоплива | - Daimler Oxidation Test (DOT), % масс","Плотность при 20°С, ASTM D4052",0.08101677334482213,0.07916669186240569
Деэм.время | ASTM D1401,"Щелочное число, ASTM D2896",-0.08016241198577097,-0.15316819347642913
"Массовая доля кальция, ASTM D6481","Плотность при 15°С, ASTM D4052",-0.07971663882203905,-0.15243335927921536
"Массовая доля кальция, ASTM D6481","Плотность при 20°С, ASTM D4052",-0.07971611406159874,-0.15243335927921536
"Динамическая вязкость CCS -25°C, ASTM D5293","Массовая доля кальция, ASTM D6481",-0.0796704329661977,0.08990383477885588
"Динамическая вязкость CCS -15°C, ASTM D5293",Последовательность 2 | ASTM D892,0.0796396224035042,0.15473130879925107
"Массовая доля серы, ASTM D6481","Температура застывания, ГОСТ 20287, метод Б",0.07926367339547788,-0.43394435934141984
"Динамическая вязкость CCS -15°C, ASTM D5293","Массовая доля кальция, ASTM D6481",-0.07888061153809053,0.2272118924287506
"Динамическая вязкость CCS -15°C, ASTM D5293",Температура проведения теста | -,0.07827730874092449,0.1478442529503728
Деаэрация | ASTM D3427,"Динамическая вязкость CCS -15°C, ASTM D5293",0.07827730874092446,0.1478442529503728
"Количество биотоплива | - Daimler Oxidation Test (DOT), % масс","Кислотное число, ГОСТ 11362",-0.07823428705553362,-0.060083707159858966
"Время испытания | - Daimler Oxidation Test (DOT), ч",Деэм.время | ASTM D1401,-0.07799875918408189,-0.1055936238936597
"Кинематическая вязкость, при 100°C, ASTM D445","Массовая доля серы, ASTM D6481",-0.07725479934446651,0.31037720151321346
Определение содержания воды методом Карла Фишера | ASTM D 6304,"Щелочное число, ASTM D2896",0.07640836403776644,0.11759457346639897
"Динамическая вязкость CCS -25°C, ASTM D5293","Испаряемость по NOACK, ASTM D5800",0.07623359350909303,0.675471331796691
"Динамическая вязкость CCS -25°C, ASTM D5293",Последовательность 2 | ASTM D892,0.0759709629687061,0.13237279605985197
"Испаряемость по NOACK, ASTM D5800",Последовательность 3 | ASTM D892,0.07565460464881373,0.23881727062996957
Деэм.масло | ASTM D1401,"Массовая доля фосфора, ASTM D6481",-0.07544856483964754,0.3471214314615937
Деэм.вода | ASTM D1401,"Массовая доля фосфора, ASTM D6481",-0.07543923629572057,0.34852447343448717
"Динамическая вязкость CCS -20°C, ASTM D5293",Последовательность 3 | ASTM D892,0.07535177794512062,0.1804702295168543
"Время испытания | - Daimler Oxidation Test (DOT), ч","Динамическая вязкость CCS -20°C, ASTM D5293",-0.07535172758265367,-0.06251823933227033
Деэм.масло | ASTM D1401,"Плотность при 15°С, ASTM D4052",-0.07517332925155532,-0.07510710023940906
Деэм.масло | ASTM D1401,"Плотность при 20°С, ASTM D4052",-0.07517283330054382,-0.07510710023940906
"Массовая доля, %","Динамическая вязкость CCS -30°C, ASTM D5293",0.0751671506649458,0.17955703139606757
Деэм.вода | ASTM D1401,"Плотность при 15°С, ASTM D4052",-0.0751652521005852,-0.075106438043004
Деэм.вода | ASTM D1401,"Плотность при 20°С, ASTM D4052",-0.07516475620286216,-0.075106438043004
"Динамическая вязкость CCS -30°C, ASTM D5293","Массовая доля фосфора, ASTM D6481",-0.07477905518627373,0.11758686794810928
"Температура испытания | ASTM D445 Daimler Oxidation Test (DOT), °C","Динамическая вязкость CCS -35°C, ASTM D5293",0.07470448564016534,0.12734114356973503
"Массовая доля кальция, ASTM D6481","Массовая доля цинка, ASTM D6481",-0.07455244852173033,0.6968294454348787
"Динамическая вязкость CCS -20°C, ASTM D5293","Испаряемость по NOACK, ASTM D5800",0.07446608494208601,0.6854632127762511
"Испаряемость по NOACK, ASTM D5800",Последовательность 1 | ASTM D892,0.07446565943006865,0.2786436070287468
"Время испытания | - Daimler Oxidation Test (DOT), ч","Динамическая вязкость CCS -15°C, ASTM D5293",-0.07430746602911219,-0.09947735230489184
"Динамическая вязкость CCS -35°C, ASTM D5293","Кинематическая вязкость, при 100°C, ASTM D445",-0.07383036531342822,-0.044303824357433325
"Время испытания | - Daimler Oxidation Test (DOT), ч","Динамическая вязкость CCS -25°C, ASTM D5293",-0.07355276022924384,-0.06126325812015469
"Массовая доля, %",Деэм.время | ASTM D1401,0.07324648566692119,0.03233084085438667
Деэм.масло | ASTM D1401,"Массовая доля цинка, ASTM D6481",-0.07267438345688979,0.3272013861792014
Деэм.вода | ASTM D1401,"Массовая доля цинка, ASTM D6481",-0.07266648109681793,0.3289902186722714
"Дозировка катализатора, категория","Динамическая вязкость CCS -35°C, ASTM D5293",0.07264232360990797,-0.025361080053959716
"Динамическая вязкость CCS -30°C, ASTM D5293","Массовая доля цинка, ASTM D6481",-0.07201549490675813,0.11108610838504504
"Испаряемость по NOACK, ASTM D5800",Последовательность 2 | ASTM D892,0.07199491150676872,0.18045621073170545
"Динамическая вязкость CCS -20°C, ASTM D5293","Массовая доля фосфора, ASTM D6481",-0.0709060017495515,0.1816191707013594
"Испаряемость по NOACK, ASTM D5800","Массовая доля кальция, ASTM D6481",-0.07053447315878786,0.27611639007140526
"Время испытания | - Daimler Oxidation Test (DOT), ч","Кинематическая вязкость, при 100°C, ASTM D445",-0.07041326836534843,-0.09784072285057996
"Массовая доля, %",Деэм.эмульсия | ASTM D1401,0.07040903806538701,0.06702320314292204
"Массовая доля кальция, ASTM D6481","Массовая доля фосфора, ASTM D6481",-0.07037621355952102,0.6780411869776508
"Температура испытания | ASTM D445 Daimler Oxidation Test (DOT), °C","Кинематическая вязкость, при 40°C, ASTM D445",0.06959127400726983,0.08647428346162507
"Массовая доля, %","Кинематическая вязкость, при 100°C, ASTM D445",-0.06912009487710112,0.05976407728399329
"Динамическая вязкость CCS -20°C, ASTM D5293","Массовая доля цинка, ASTM D6481",-0.068286615683006,0.17319762224675173
"Массовая доля фосфора, ASTM D6481","Плотность при 15°С, ASTM D4052",-0.06807097634474658,-0.1278887878972773
"Массовая доля фосфора, ASTM D6481","Плотность при 20°С, ASTM D4052",-0.06807052770744779,-0.1278887878972773
"Динамическая вязкость CCS -25°C, ASTM D5293","Массовая доля фосфора, ASTM D6481",-0.06802694273622274,0.17370425712566984
"Динамическая вязкость CCS -15°C, ASTM D5293","Массовая доля фосфора, ASTM D6481",-0.06735067369178444,0.3084167501938097
"Температура испытания | ASTM D445 Daimler Oxidation Test (DOT), °C","Кислотное число, ГОСТ 11362",0.06589928638450282,0.050945988031132865
"Динамическая вязкость CCS -20°C, ASTM D5293",Последовательность 2 | ASTM D892,0.06582088523594012,0.13126142787346295
"Массовая доля цинка, ASTM D6481","Плотность при 15°С, ASTM D4052",-0.06554860582851578,-0.12826807037425791
"Массовая доля цинка, ASTM D6481","Плотность при 20°С, ASTM D4052",-0.06554817387418121,-0.12826807037425791
"Динамическая вязкость CCS -25°C, ASTM D5293","Массовая доля цинка, ASTM D6481",-0.06551262465058633,0.16683409906479815
Деэм.время | ASTM D1401,"Массовая доля кальция, ASTM D6481",-0.06526925073922073,0.2655794834255723
"Динамическая вязкость CCS -15°C, ASTM D5293","Массовая доля цинка, ASTM D6481",-0.0648643311565194,0.30078751726205943
"Время испытания | - Daimler Oxidation Test (DOT), ч","Испаряемость по NOACK, ASTM D5800",-0.06484384866642483,-0.10090447003709832
"Индекс вязкости, ГОСТ 25371",Цвет Сейболт | -,0.06456020539138588,0.06241504789141399
Деаэрация | ASTM D3427,"Динамическая вязкость CCS -30°C, ASTM D5293",0.06324481545753753,0.10977279104193431
"Динамическая вязкость CCS -30°C, ASTM D5293",Температура проведения теста | -,0.06324481545753752,0.10977279104193431
"Количество биотоплива | - Daimler Oxidation Test (DOT), % масс","Динамическая вязкость CCS -30°C, ASTM D5293",-0.061484465032648136,-0.0330944688020271
"Динамическая вязкость CCS -35°C, ASTM D5293","Щелочное число, ASTM D2896",-0.061027733287032405,-0.16666952582428968
"Испаряемость по NOACK, ASTM D5800","Массовая доля фосфора, ASTM D6481",-0.060226843475902125,0.35100492048044823
"Дозировка катализатора, категория",Деэм.время | ASTM D1401,-0.05999224587603972,-0.08121665926274554
"Испаряемость по NOACK, ASTM D5800","Плотность при 15°С, ASTM D4052",-0.05999212073976526,-0.09530355626016734
"Испаряемость по NOACK, ASTM D5800","Плотность при 20°С, ASTM D4052",-0.0599917249457612,-0.09530355626016734
"Массовая доля серы, ASTM D6481","Щелочное число, ASTM D2896",-0.05950946672341017,0.08494681188245101
"Индекс вязкости, ГОСТ 25371","Кислотное число, ГОСТ 11362",-0.05886960883180204,-0.0646031141837892
"Кинематическая вязкость, при 40°C, ASTM D445","Щелочное число, ASTM D2896",-0.05857325935451633,-0.3236380799525057
Деаэрация | ASTM D3427,"Динамическая вязкость CCS -20°C, ASTM D5293",0.05828651511566797,0.11704436915344808
"Динамическая вязкость CCS -20°C, ASTM D5293",Температура проведения теста | -,0.058286515115667965,0.11704436915344808
"Испаряемость по NOACK, ASTM D5800","Массовая доля цинка, ASTM D6481",-0.058000733884035746,0.34325602254909016
"Дозировка катализатора, категория","Массовая доля кальция, ASTM D6481",-0.05723229865267031,-0.04163473849265581
Деэм.вода | ASTM D1401,"Массовая доля серы, ASTM D6481",-0.05715657453660984,0.49101060685332804
"Дозировка катализатора, категория",Температура проведения теста | -,0.05710144293775358,0.057101442937753565
"Дозировка катализатора, категория",Деаэрация | ASTM D3427,0.057101442937753474,0.057101442937753565
Деэм.масло | ASTM D1401,"Массовая доля серы, ASTM D6481",-0.05709721144908591,0.49514649190580734
"Динамическая вязкость CCS -30°C, ASTM D5293","Массовая доля серы, ASTM D6481",-0.057024380689235606,0.2558612540431524
"Количество биотоплива | - Daimler Oxidation Test (DOT), % масс","Массовая доля кальция, ASTM D6481",-0.056968977277701886,-0.13520477916969137
Деэм.время | ASTM D1401,"Массовая доля фосфора, ASTM D6481",-0.05571534607097998,0.3478636116969866
Деэм.время | ASTM D1401,"Плотность при 15°С, ASTM D4052",-0.0555220329068209,-0.07514818569696059
Деэм.время | ASTM D1401,"Плотность при 20°С, ASTM D4052",-0.0555216666039223,-0.07514818569696059
"Динамическая вязкость CCS -25°C, ASTM D5293",Температура проведения теста | -,0.05459641657446567,0.11396936547903753
Деаэрация | ASTM D3427,"Динамическая вязкость CCS -25°C, ASTM D5293",0.05459641657446565,0.11396936547903753
"Массовая доля, %","Щелочное число, ASTM D2896",-0.054173238387575186,-0.029594607938801174
"Количество биотоплива | - Daimler Oxidation Test (DOT), % масс","Динамическая вязкость CCS -35°C, ASTM D5293",-0.05405152875865174,-0.14525449928098064
"Температура испытания | ASTM D445 Daimler Oxidation Test (DOT), °C","Массовая доля серы, ASTM D6481",-0.053982576436264834,0.05454577051285214
"Кислотное число, ГОСТ 11362","Температура застывания, ГОСТ 20287, метод Б",0.05389519502111952,0.06285225782188508
Деэм.время | ASTM D1401,"Массовая доля цинка, ASTM D6481",-0.053676467298844184,0.3280922217706622
"Массовая доля серы, ASTM D6481","Плотность при 15°С, ASTM D4052",-0.053561312207846976,-0.10861880385184049
"Массовая доля серы, ASTM D6481","Плотность при 20°С, ASTM D4052",-0.05356096091482804,-0.10861880385184049
"Динамическая вязкость CCS -20°C, ASTM D5293","Массовая доля серы, ASTM D6481",-0.05326986947817323,0.3305229374929365
"Массовая доля, %","Кинематическая вязкость, при 40°C, ASTM D445",-0.051685531209627135,0.20043724812370567
"Динамическая вязкость CCS -25°C, ASTM D5293","Массовая доля серы, ASTM D6481",-0.051205072584825005,0.31930807078283896
"Время испытания | - Daimler Oxidation Test (DOT), ч","Кинематическая вязкость, при 40°C, ASTM D445",-0.050713432608733094,-0.055432353213123474
"Время испытания | - Daimler Oxidation Test (DOT), ч","Динамическая вязкость CCS -35°C, ASTM D5293",-0.050687728367759345,-0.07554552938286051
"Динамическая вязкость CCS -15°C, ASTM D5293","Массовая доля серы, ASTM D6481",-0.05040150532141218,0.46146746021382185
"Время испытания | - Daimler Oxidation Test (DOT), ч","Плотность при 15°С, ASTM D4052",0.05028298779669899,0.050042748751005235
"Время испытания | - Daimler Oxidation Test (DOT), ч","Плотность при 20°С, ASTM D4052",0.05026483088876639,0.04990881031339799
"Массовая доля, %","Щелочное число, ГОСТ 11362",0.050082600510218414,0.09354958049242354
"Количество биотоплива | - Daimler Oxidation Test (DOT), % масс",Последовательность 1 | ASTM D892,-0.04974387464239619,-0.07709164680385708
"Динамическая вязкость CCS -35°C, ASTM D5293","Массовая доля кальция, ASTM D6481",-0.04969923996069129,0.024368021584265834
"Температура испытания | ASTM D445 Daimler Oxidation Test (DOT), °C","Динамическая вязкость CCS -30°C, ASTM D5293",0.04956228994434798,0.015298075329950369
"Время испытания | - Daimler Oxidation Test (DOT), ч","Кислотное число, ГОСТ 11362",-0.04867685927784582,-0.04001065593222939
"Кинематическая вязкость, при 40°C, ASTM D445","Массовая доля кальция, ASTM D6481",-0.04770222269633924,0.013270152549591357
"Количество биотоплива | - Daimler Oxidation Test (DOT), % масс",Последовательность 3 | ASTM D892,-0.04698110382161265,-0.06179755132902493
"Испаряемость по NOACK, ASTM D5800","Массовая доля серы, ASTM D6481",-0.046754995472015136,0.5071335079192197
"Количество биотоплива | - Daimler Oxidation Test (DOT), % масс",Деэм.эмульсия | ASTM D1401,-0.04594259039565678,-0.04575538430802698
"Температура испытания | ASTM D445 Daimler Oxidation Test (DOT), °C","Плотность при 15°С, ASTM D4052",-0.045210809061504625,-0.04616509997729286
"Температура испытания | ASTM D445 Daimler Oxidation Test (DOT), °C","Плотность при 20°С, ASTM D4052",-0.04518190701976492,-0.04606022891858677
"Массовая доля цинка, ASTM D6481","Щелочное число, ГОСТ 11362",0.04451712714181882,0.20046109074996973
"Количество биотоплива | - Daimler Oxidation Test (DOT), % масс","Массовая доля серы, ASTM D6481",0.04402137350500466,-0.09475611961525991
"Индекс вязкости, ГОСТ 25371","Щелочное число, ГОСТ 11362",-0.0440206065073447,-0.07375953604004234
"Количество биотоплива | - Daimler Oxidation Test (DOT), % масс",Последовательность 2 | ASTM D892,-0.043796558590908495,-0.04361809711725509
"Массовая доля кальция, ASTM D6481","Массовая доля серы, ASTM D6481",-0.04330401452023301,0.5752232581902155
"Массовая доля, %",Определение содержания воды методом Карла Фишера | ASTM D 6304,0.04245607191303042,0.04592896238046238
"Динамическая вязкость CCS -35°C, ASTM D5293","Массовая доля фосфора, ASTM D6481",-0.042434951953695836,0.10331683781388996
Деэм.время | ASTM D1401,"Массовая доля серы, ASTM D6481",-0.042181868735646076,0.49327157103827146
"Массовая доля, %","Динамическая вязкость CCS -35°C, ASTM D5293",0.04152437926067043,0.08388206700509133
"Динамическая вязкость CCS -35°C, ASTM D5293","Массовая доля цинка, ASTM D6481",-0.04086679933032802,0.08597176351802374
"Кинематическая вязкость, при 40°C, ASTM D445","Массовая доля фосфора, ASTM D6481",-0.04073246321195689,0.10221648798970195
"Температура застывания, ГОСТ 20287, метод Б","Щелочное число, ГОСТ 11362",0.04030091620686378,0.07176052477629108
"Массовая доля фосфора, ASTM D6481","Щелочное число, ГОСТ 11362",0.040207776241407554,0.19845599994343416
Деэм.масло | ASTM D1401,"Кислотное число, ГОСТ 11362",-0.03967073249647851,-0.04342095484334238
Деэм.вода | ASTM D1401,"Кислотное число, ГОСТ 11362",-0.039666469994090216,-0.04342057201402118
"Время испытания | - Daimler Oxidation Test (DOT), ч","Динамическая вязкость CCS -30°C, ASTM D5293",-0.03950770623002884,-0.011394692845385699
"Динамическая вязкость CCS -30°C, ASTM D5293","Кислотное число, ГОСТ 11362",-0.03930968256432324,-0.0856710586258783
"Кинематическая вязкость, при 40°C, ASTM D445","Массовая доля цинка, ASTM D6481",-0.03922382998489051,0.09358011803532745
"Индекс вязкости, ГОСТ 25371","Кинематическая вязкость, при -30⁰С | ASTM D445",0.038916662143657674,0.040565699090461656
"Дозировка катализатора, категория","Щелочное число, ASTM D2896",-0.03841300436503471,-0.011695381859801714
"Массовая доля, %",Деэм.масло | ASTM D1401,0.03836390523106422,0.03311017873936326
"Кислотное число, ГОСТ 11362",Общее содержание азота | ASTM D3228,0.037531456329718604,0.1860007069054292
"Динамическая вязкость CCS -20°C, ASTM D5293","Кислотное число, ГОСТ 11362",-0.037274269206654435,-0.08161590862152174
"Температура испытания | ASTM D445 Daimler Oxidation Test (DOT), °C","Массовая доля кальция, ASTM D6481",0.0372583788170865,0.09483806481057447
"Кислотное число, ГОСТ 11362","Массовая доля фосфора, ASTM D6481",-0.035923166742840976,-0.08890579448084841
"Кислотное число, ГОСТ 11362","Плотность при 15°С, ASTM D4052",-0.03577812785075834,-0.03917741986359046
"Кислотное число, ГОСТ 11362","Плотность при 20°С, ASTM D4052",-0.035777891806952886,-0.03917741986359046
"Динамическая вязкость CCS -25°C, ASTM D5293","Кислотное число, ГОСТ 11362",-0.03576024629296139,-0.08121569358907225
"Массовая доля, %",Деэм.вода | ASTM D1401,0.035725162427531355,0.027429504768289523
"Дозировка катализатора, категория","Индекс вязкости, ГОСТ 25371",-0.03564223464094275,-0.03507394429133415
"Динамическая вязкость CCS -15°C, ASTM D5293","Кислотное число, ГОСТ 11362",-0.03540657677031529,-0.0646887879147149
"Дозировка катализатора, категория","Массовая доля фосфора, ASTM D6481",-0.0352612909500903,-0.029757994841822993
"Кислотное число, ГОСТ 11362","Массовая доля цинка, ASTM D6481",-0.034592099498426856,-0.09008945256622625
"Количество биотоплива | - Daimler Oxidation Test (DOT), % масс","Щелочное число, ASTM D2896",-0.03446369596531283,-0.0267952875325813
"Температура испытания | ASTM D445 Daimler Oxidation Test (DOT), °C",Последовательность 1 | ASTM D892,0.0341864736044854,0.05350501017309497
"Дозировка катализатора, категория","Массовая доля серы, ASTM D6481",-0.03406609375318072,-0.030497221634278253
"Кинематическая вязкость, при 100°C, ASTM D445","Щелочное число, ASTM D2896",0.03399511206126635,0.37497736850068464
"Количество биотоплива | - Daimler Oxidation Test (DOT), % масс",Массовая доля фосфора | ASTM D6481,-0.033893567081534744,-0.036473546983963136
"Количество биотоплива | - Daimler Oxidation Test (DOT), % масс",Массовая доля цинка | ASTM D6481,-0.0338830988077106,-0.036473546983963136
"Количество биотоплива | - Daimler Oxidation Test (DOT), % масс",Массовая доля серы | ASTM D6481,-0.03385845192009195,-0.03376180793303175
"Динамическая вязкость CCS -35°C, ASTM D5293","Массовая доля серы, ASTM D6481",-0.032668377037505636,0.1662861623181246
"Температура испытания | ASTM D445 Daimler Oxidation Test (DOT), °C",Последовательность 3 | ASTM D892,0.03228775959358574,0.04289023194619845
"Время испытания | - Daimler Oxidation Test (DOT), ч","Массовая доля кальция, ASTM D6481",-0.032240084245730875,-0.06625473085301474
"Кинематическая вязкость, при 40°C, ASTM D445","Массовая доля серы, ASTM D6481",-0.031940912091969316,0.24968292486251029
"Испаряемость по NOACK, ASTM D5800","Кислотное число, ГОСТ 11362",-0.031659251990817164,-0.05509694023057686
"Температура испытания | ASTM D445 Daimler Oxidation Test (DOT), °C",Деэм.эмульсия | ASTM D1401,0.031574041330190296,0.03175625900304892
"Кинематическая вязкость, при 100°C, ASTM D445",Последовательность 1 | ASTM D892,-0.031201595227818162,0.04655870952310758
"Дозировка катализатора, категория","Массовая доля цинка, ASTM D6481",-0.030344966590562298,-0.0331725566275104
"Дозировка катализатора, категория","Кинематическая вязкость, при 40°C, ASTM D445",-0.03025072130615507,-0.028482942279915064
"Температура испытания | ASTM D445 Daimler Oxidation Test (DOT), °C",Последовательность 2 | ASTM D892,0.0300991811554483,0.030272887228983327
"Кинематическая вязкость, при 40°C, ASTM D445","Плотность при 20°С, ASTM D4052",-0.029736970180491054,0.2538602560612869
"Кинематическая вязкость, при 40°C, ASTM D445","Плотность при 15°С, ASTM D4052",-0.029736641786714545,0.25388858133532366
"Кинематическая вязкость, при 100°C, ASTM D445",Последовательность 3 | ASTM D892,-0.029693577902798987,0.01462304013754787
Деэм.масло | ASTM D1401,"Щелочное число, ГОСТ 11362",-0.029664367400080677,-0.049575156308242135
Деэм.вода | ASTM D1401,"Щелочное число, ГОСТ 11362",-0.029661180051904025,-0.04957471921920284
"Динамическая вязкость CCS -30°C, ASTM D5293","Щелочное число, ГОСТ 11362",-0.02939438706033846,-0.09781351280260245
Деэм.время | ASTM D1401,"Кислотное число, ГОСТ 11362",-0.029300281589718053,-0.04344470718887798
"Индекс вязкости, ГОСТ 25371",Цвет | ASTM D1500,-0.028452792366439338,-0.030684106969997633
"Массовая доля, %",Массовая доля кальция | ASTM D6481,-0.028452781297728463,0.006684817709352409
"Дозировка катализатора, категория","Плотность при 15°С, ASTM D4052",0.028332653918595713,0.02748907477117362
"Дозировка катализатора, категория","Плотность при 20°С, ASTM D4052",0.028323271682100002,0.027953165270777396
"Кислотное число, ГОСТ 11362","Массовая доля серы, ASTM D6481",-0.028267893538584724,-0.07847979677213926
"Динамическая вязкость CCS -15°C, ASTM D5293","Плотность при 15°С, ASTM D4052",0.028203781567274953,0.09565821091641208
"Динамическая вязкость CCS -15°C, ASTM D5293","Плотность при 20°С, ASTM D4052",0.028197516799692752,0.09503173214502017
"Динамическая вязкость CCS -20°C, ASTM D5293","Щелочное число, ГОСТ 11362",-0.027872377108586432,-0.09318361242282833
"Кинематическая вязкость, при 100°C, ASTM D445",Последовательность 2 | ASTM D892,-0.02769593413669487,0.009408392368742947
Деэм.эмульсия | ASTM D1401,"Кинематическая вязкость, при 100°C, ASTM D445",-0.02769173325014907,0.028895605410505506
"Дозировка катализатора, категория","Температура застывания, ГОСТ 20287, метод Б",0.027110682915964905,0.03389789302613941
Общее содержание азота | ASTM D3228,"Щелочное число, ASTM D2896",0.02697154423538862,0.06619094225705253
"Плотность при 15°С, ASTM D4052","Щелочное число, ГОСТ 11362",-0.026753615642115265,-0.0447301705017416
"Плотность при 20°С, ASTM D4052","Щелочное число, ГОСТ 11362",-0.026753439136925447,-0.0447301705017416
"Динамическая вязкость CCS -25°C, ASTM D5293","Щелочное число, ГОСТ 11362",-0.026740244447110904,-0.09272667353555204
"Динамическая вязкость CCS -15°C, ASTM D5293","Щелочное число, ГОСТ 11362",-0.02647578291595768,-0.07385735260389904
"Массовая доля, %","Массовая доля кальция, ASTM D6481",-0.02644676599454317,0.08885526855617637
"Время испытания | - Daimler Oxidation Test (DOT), ч","Массовая доля серы, ASTM D6481",0.026351864872095045,-0.043446443952398696
"Температура застывания, ГОСТ 20287, метод Б",Цвет | ASTM D1500,0.026048564342698227,0.029852514490648588
"Индекс вязкости, ГОСТ 25371",Определение содержания воды методом Карла Фишера | ASTM D 6304,-0.02582775437189648,-0.025913947760262266
Последовательность 1 | ASTM D892,"Щелочное число, ASTM D2896",-0.025776181182518346,-0.056611853327908246
"Кинематическая вязкость, при 100°C, ASTM D445",Температура проведения теста | -,-0.025752157910569746,0.014726368166229018
Деаэрация | ASTM D3427,"Кинематическая вязкость, при 100°C, ASTM D445",-0.02575215791056969,0.014726368166229018
"Время испытания | - Daimler Oxidation Test (DOT), ч",Последовательность 1 | ASTM D892,-0.025080459768318696,-0.03902801627774043
"Массовая доля, %",Деаэрация | ASTM D3427,0.024665570604260886,0.030030626011098537
"Массовая доля, %",Температура проведения теста | -,0.024665570604260847,0.030030626011098537
Последовательность 3 | ASTM D892,"Щелочное число, ASTM D2896",-0.024344574140359974,-0.045380713175887225
"Кинематическая вязкость, при 40°C, ASTM D445","Температура застывания, ГОСТ 20287, метод Б",0.024144708569000826,-0.6753566154613823
"Испаряемость по NOACK, ASTM D5800","Кинематическая вязкость, при 40°C, ASTM D445",-0.023820898824977857,0.5795077703977372
Деэм.эмульсия | ASTM D1401,"Щелочное число, ASTM D2896",-0.023806439336419835,-0.03360023054117064
"Кинематическая вязкость, при 100°C, ASTM D445",Общее содержание азота | ASTM D3228,0.023693802381924686,0.05168104092934251
"Время испытания | - Daimler Oxidation Test (DOT), ч",Последовательность 3 | ASTM D892,-0.023687493037884574,-0.03128530702334167
"Испаряемость по NOACK, ASTM D5800","Щелочное число, ГОСТ 11362",-0.023673666291659814,-0.0629060193146703
Определение содержания воды методом Карла Фишера | ASTM D 6304,"Температура застывания, ГОСТ 20287, метод Б",0.023645339020478877,0.02521163486294545
"Температура испытания | ASTM D445 Daimler Oxidation Test (DOT), °C",Массовая доля фосфора | ASTM D6481,0.023293351085425743,0.02531425366215119
"Температура испытания | ASTM D445 Daimler Oxidation Test (DOT), °C",Массовая доля цинка | ASTM D6481,0.023286156765133112,0.02531425366215119
"Температура испытания | ASTM D445 Daimler Oxidation Test (DOT), °C",Массовая доля серы | ASTM D6481,0.023269218193719812,0.023432186907551736
"Время испытания | - Daimler Oxidation Test (DOT), ч",Деэм.эмульсия | ASTM D1401,-0.023163882957532137,-0.02316388295753206
"Динамическая вязкость CCS -25°C, ASTM D5293","Плотность при 15°С, ASTM D4052",0.023048036302556127,0.3138226226337027
"Динамическая вязкость CCS -25°C, ASTM D5293","Плотность при 20°С, ASTM D4052",0.023045128439467266,0.3137457585465253
"Дозировка катализатора, категория","Щелочное число, ГОСТ 11362",-0.022822478235373023,-0.015019491755837278
Последовательность 2 | ASTM D892,"Щелочное число, ASTM D2896",-0.022694412880493117,-0.032030724712978347
"Массовая доля, %",Общее содержание азота | ASTM D3228,-0.02241987927264644,-0.019226426947627096
"Динамическая вязкость CCS -35°C, ASTM D5293","Кислотное число, ГОСТ 11362",-0.02230633692022212,-0.04727423221753736
"Индекс вязкости, ГОСТ 25371","Кинематическая вязкость, при 40°C, ASTM D445",-0.02214043831294479,0.7025705230857704
"Динамическая вязкость CCS -20°C, ASTM D5293","Плотность при 15°С, ASTM D4052",0.02210118762412809,0.31262977311845525
"Динамическая вязкость CCS -20°C, ASTM D5293","Плотность при 20°С, ASTM D4052",0.02209811649165023,0.3125572568069521
"Время испытания | - Daimler Oxidation Test (DOT), ч",Последовательность 2 | ASTM D892,-0.02208187105702267,-0.022081871057022525
Деэм.время | ASTM D1401,"Щелочное число, ГОСТ 11362",-0.021909711853199763,-0.04960227515550984
Деаэрация | ASTM D3427,"Щелочное число, ASTM D2896",-0.021525888460309752,-0.03038147808032098
Температура проведения теста | -,"Щелочное число, ASTM D2896",-0.021525888460309717,-0.03038147808032098
"Время испытания | - Daimler Oxidation Test (DOT), ч","Щелочное число, ASTM D2896",-0.021514177629239628,-0.020107886311269692
"Массовая доля, %","Кинематическая вязкость, при -30⁰С | ASTM D445",-0.02143389632496739,-0.023524357215096266
Массовая доля кальция | ASTM D6481,"Щелочное число, ASTM D2896",0.021428755239767987,0.01730389540409349
"Кинематическая вязкость, при 40°C, ASTM D445","Кислотное число, ГОСТ 11362",-0.02140919852835202,-0.09179687570625442
"Массовая доля кальция, ASTM D6481",Последовательность 1 | ASTM D892,-0.020991791231986513,0.08621006249883416
"Динамическая вязкость CCS -30°C, ASTM D5293","Плотность при 20°С, ASTM D4052",-0.020650350818837676,0.25813595085856794
"Динамическая вязкость CCS -30°C, ASTM D5293","Плотность при 15°С, ASTM D4052",-0.02064543498298947,0.2581908106197672
"Кинематическая вязкость, при 100°C, ASTM D445","Плотность при 20°С, ASTM D4052",0.020473731812231336,0.006967910230826817
"Количество биотоплива | - Daimler Oxidation Test (DOT), % масс",Общее содержание азота | ASTM D3228,-0.020465814084000125,-0.027556386918155054
"Кинематическая вязкость, при 100°C, ASTM D445","Плотность при 15°С, ASTM D4052",0.02040482491146556,0.007015555999070515
"Массовая доля кальция, ASTM D6481",Цвет | ASTM D1500,-0.02033305650915364,-0.04843178969002604
"Кинематическая вязкость, при 100°C, ASTM D445",Массовая доля фосфора | ASTM D6481,-0.020059563602604098,0.031077548113531545
"Кинематическая вязкость, при 100°C, ASTM D445",Массовая доля цинка | ASTM D6481,-0.020043116450957587,0.031081128629841494
"Кинематическая вязкость, при 100°C, ASTM D445",Массовая доля серы | ASTM D6481,-0.020042733234783013,0.025752445033264328
"Индекс вязкости, ГОСТ 25371","Массовая доля сульфатной золы, ГОСТ 12417",-0.020019184760543044,-0.020058276413515933
"Индекс вязкости, ГОСТ 25371",Массовая доля фосфора | ASTM D6481,-0.020015404206087287,-0.021669334910327395
"Индекс вязкости, ГОСТ 25371",Массовая доля цинка | ASTM D6481,-0.020009222303444065,-0.021669334910327395
"Индекс вязкости, ГОСТ 25371",Массовая доля серы | ASTM D6481,-0.019994667405255937,-0.020058260952812868
"Массовая доля кальция, ASTM D6481",Последовательность 3 | ASTM D892,-0.01982579748310877,0.07735713993044475
"Кинематическая вязкость, при 100°C, ASTM D445",Определение содержания воды методом Карла Фишера | ASTM D 6304,-0.019797687529345024,0.05811792937489683
"Динамическая вязкость CCS -35°C, ASTM D5293","Плотность при 20°С, ASTM D4052",0.019730743677430163,0.16818603253038372
"Динамическая вязкость CCS -35°C, ASTM D5293","Плотность при 15°С, ASTM D4052",0.019727754286914347,0.1682148435290093
"Количество биотоплива | - Daimler Oxidation Test (DOT), % масс",Цвет Сейболт | -,-0.019557927089884283,-0.019478232780505655
Деэм.эмульсия | ASTM D1401,"Массовая доля кальция, ASTM D6481",-0.01938522956771374,0.057413538536142734
"Дозировка катализатора, категория",Последовательность 1 | ASTM D892,-0.019290474936326414,-0.030018148661345972
Деэм.масло | ASTM D1401,Цвет | ASTM D1500,-0.019173613298023095,-0.020623359105602923
Деэм.вода | ASTM D1401,Цвет | ASTM D1500,-0.01917155315021809,-0.020623177275733092
"Динамическая вязкость CCS -30°C, ASTM D5293",Цвет | ASTM D1500,-0.01899911105556937,-0.0406906069517159
"Температура испытания | ASTM D445 Daimler Oxidation Test (DOT), °C","Щелочное число, ASTM D2896",0.018888649518745155,0.016596319284672832
"Массовая доля, %",Массовая доля серы | ASTM D6481,0.01885765263398982,0.02062840966241475
"Дозировка катализатора, категория",Цвет | ASTM D1500,-0.018684484382733665,-0.02011048233606152
"Время испытания | - Daimler Oxidation Test (DOT), ч",Температура проведения теста | -,0.0184959455900663,0.018495945590066315
"Время испытания | - Daimler Oxidation Test (DOT), ч",Деаэрация | ASTM D3427,0.018495945590066273,0.018495945590066315
"Массовая доля, %",Массовая доля фосфора | ASTM D6481,0.01848707088487309,0.00677064153546738
"Массовая доля кальция, ASTM D6481",Последовательность 2 | ASTM D892,-0.018482168299290478,0.04774254494095517
"Массовая доля сульфатной золы, ГОСТ 12417","Температура застывания, ГОСТ 20287, метод Б",0.018327586818454228,0.019514662358510394
Массовая доля фосфора | ASTM D6481,"Температура застывания, ГОСТ 20287, метод Б",0.01832412571647432,0.021082058377836367
Массовая доля цинка | ASTM D6481,"Температура застывания, ГОСТ 20287, метод Б",0.01831846617744956,0.021082058377836367
Массовая доля серы | ASTM D6481,"Температура застывания, ГОСТ 20287, метод Б",0.018305141151312494,0.019514647316819178
"Массовая доля, %",Массовая доля цинка | ASTM D6481,0.018282384950932283,0.006747829387593236
"Дозировка катализатора, категория",Последовательность 3 | ASTM D892,-0.018219083500571404,-0.02406289344708896
"Массовая доля, %","Массовая доля сульфатной золы, ГОСТ 12417",0.018195224509379895,0.02104267981087083
"Динамическая вязкость CCS -20°C, ASTM D5293",Цвет | ASTM D1500,-0.018015357387167936,-0.03876455960732509
"Массовая доля фосфора, ASTM D6481",Последовательность 1 | ASTM D892,-0.017924286285684262,0.12368118816738358
"Плотность при 15°С, ASTM D4052",Последовательность 1 | ASTM D892,-0.01785308032001321,-0.02777520560879
"Плотность при 20°С, ASTM D4052",Последовательность 1 | ASTM D892,-0.017852962535509925,-0.02777520560879
"Дозировка катализатора, категория",Деэм.эмульсия | ASTM D1401,-0.01781635216212106,-0.017816352162121043
Деаэрация | ASTM D3427,"Массовая доля кальция, ASTM D6481",-0.017520100187231023,0.07019715927977292
"Массовая доля кальция, ASTM D6481",Температура проведения теста | -,-0.01752010018723102,0.07019715927977292
Деэм.масло | ASTM D1401,Определение содержания воды методом Карла Фишера | ASTM D 6304,-0.017404666941132293,-0.01741724636230352
Деэм.вода | ASTM D1401,Определение содержания воды методом Карла Фишера | ASTM D 6304,-0.017402796861359853,-0.017417092799752305
"Массовая доля фосфора, ASTM D6481",Цвет | ASTM D1500,-0.01736234408146546,-0.04222698770127573
"Плотность при 15°С, ASTM D4052",Цвет | ASTM D1500,-0.017292244049150432,-0.018607835815515034
"Плотность при 20°С, ASTM D4052",Цвет | ASTM D1500,-0.017292129964726927,-0.018607835815515034
"Динамическая вязкость CCS -25°C, ASTM D5293",Цвет | ASTM D1500,-0.017283601554979416,-0.03857447216306126
"Массовая доля цинка, ASTM D6481",Последовательность 1 | ASTM D892,-0.0172607993065693,0.11449888505498812
"Динамическая вязкость CCS -30°C, ASTM D5293",Определение содержания воды методом Карла Фишера | ASTM D 6304,-0.017246264173579846,-0.03436483466542327
"Динамическая вязкость CCS -15°C, ASTM D5293",Цвет | ASTM D1500,-0.017112666403652926,-0.030724798846193637
"Время испытания | - Daimler Oxidation Test (DOT), ч",Массовая доля фосфора | ASTM D6481,-0.017088862733437765,-0.018464908254182257
"Время испытания | - Daimler Oxidation Test (DOT), ч",Массовая доля цинка | ASTM D6481,-0.017083584714337387,-0.018464908254182257
"Время испытания | - Daimler Oxidation Test (DOT), ч",Массовая доля серы | ASTM D6481,-0.017071157952695367,-0.017092077341774776
"Дозировка катализатора, категория",Последовательность 2 | ASTM D892,-0.016984129641465708,-0.016984129641465652
"Дозировка катализатора, категория",Определение содержания воды методом Карла Фишера | ASTM D 6304,-0.016960664773697124,-0.016984101548073036
"Массовая доля фосфора, ASTM D6481",Последовательность 3 | ASTM D892,-0.01692879452081256,0.1079919904647941
"Плотность при 15°С, ASTM D4052",Последовательность 3 | ASTM D892,-0.01686152166633332,-0.02226492448203278
"Плотность при 20°С, ASTM D4052",Последовательность 3 | ASTM D892,-0.016861410423571893,-0.02226492448203278
"Массовая доля цинка, ASTM D6481",Цвет | ASTM D1500,-0.016719014175209723,-0.04278918182715503
"Динамическая вязкость CCS -35°C, ASTM D5293","Щелочное число, ГОСТ 11362",-0.016679887970563426,-0.05397457195476421
Деэм.эмульсия | ASTM D1401,"Массовая доля фосфора, ASTM D6481",-0.016553550004607998,0.08410343603007579
Деаэрация | ASTM D3427,Деэм.масло | ASTM D1401,-0.016531348314860878,-0.016520468038224295
Деэм.масло | ASTM D1401,Температура проведения теста | -,-0.016531348314860844,-0.016520468038224295
Деэм.вода | ASTM D1401,Температура проведения теста | -,-0.016529572070581137,-0.016520322382294162
Деаэрация | ASTM D3427,Деэм.вода | ASTM D1401,-0.01652957207058111,-0.016520322382294162
Деэм.эмульсия | ASTM D1401,"Плотность при 15°С, ASTM D4052",-0.016488799120285426,-0.016485122053470892
Деэм.эмульсия | ASTM D1401,"Плотность при 20°С, ASTM D4052",-0.01648869033653613,-0.016485122053470892
"Динамическая вязкость CCS -20°C, ASTM D5293",Определение содержания воды методом Карла Фишера | ASTM D 6304,-0.01635327104367208,-0.032738211139598065
"Массовая доля цинка, ASTM D6481",Последовательность 3 | ASTM D892,-0.016302083074120937,0.10330982697020988
"Количество биотоплива | - Daimler Oxidation Test (DOT), % масс","Щелочное число, ГОСТ 11362",-0.016149091238095666,-0.0067545669034670035
"Кинематическая вязкость, при 40°C, ASTM D445","Щелочное число, ГОСТ 11362",-0.016009039685432477,-0.10480756303413273
Деэм.эмульсия | ASTM D1401,"Массовая доля цинка, ASTM D6481",-0.015940769255631253,0.08289816194772126
Массовая доля серы | ASTM D6481,"Щелочное число, ASTM D2896",-0.015894650517449548,0.004117838319023415
Массовая доля цинка | ASTM D6481,"Щелочное число, ASTM D2896",-0.01588363869354111,0.01726740111358819
Массовая доля фосфора | ASTM D6481,"Щелочное число, ASTM D2896",-0.01587129295928112,0.01726738304055922
"Массовая доля фосфора, ASTM D6481",Последовательность 2 | ASTM D892,-0.015781407253878724,0.0729881247691937
"Массовая доля фосфора, ASTM D6481",Определение содержания воды методом Карла Фишера | ASTM D 6304,-0.01576050436390125,-0.035662369266084626
"Плотность при 15°С, ASTM D4052",Последовательность 2 | ASTM D892,-0.015718588145468757,-0.015715082838719648
"Плотность при 20°С, ASTM D4052",Последовательность 2 | ASTM D892,-0.01571848444313486,-0.015715082838719648
Определение содержания воды методом Карла Фишера | ASTM D 6304,"Плотность при 15°С, ASTM D4052",-0.01569687171959775,-0.015715056844453144
Определение содержания воды методом Карла Фишера | ASTM D 6304,"Плотность при 20°С, ASTM D4052",-0.01569676816053649,-0.015715056844453144
"Динамическая вязкость CCS -25°C, ASTM D5293",Определение содержания воды методом Карла Фишера | ASTM D 6304,-0.015689026576887758,-0.032577674738608745
"Кинематическая вязкость, при 100°C, ASTM D445","Массовая доля сульфатной золы, ГОСТ 12417",-0.015601459966844441,0.04579223239629652
"Динамическая вязкость CCS -15°C, ASTM D5293",Определение содержания воды методом Карла Фишера | ASTM D 6304,-0.015533861802719968,-0.025948313666854933
"Испаряемость по NOACK, ASTM D5800",Цвет | ASTM D1500,-0.01530151365444238,-0.02616902341495493
"Массовая доля цинка, ASTM D6481",Последовательность 2 | ASTM D892,-0.015197196193058343,0.0671258656091325
"Массовая доля цинка, ASTM D6481",Определение содержания воды методом Карла Фишера | ASTM D 6304,-0.015176527698803541,-0.03613716454767478
Деаэрация | ASTM D3427,"Массовая доля фосфора, ASTM D6481",-0.0149654095757819,0.08403185811901245
"Массовая доля фосфора, ASTM D6481",Температура проведения теста | -,-0.014965409575781874,0.08403185811901245
"Дозировка катализатора, категория","Динамическая вязкость CCS -30°C, ASTM D5293",0.01489278911537971,0.017648978491235666
"Массовая доля, %",Цвет Сейболт | -,-0.014747744028407317,-0.012906167819925382
Деэм.эмульсия | ASTM D1401,"Динамическая вязкость CCS -30°C, ASTM D5293",0.014644206068043977,0.008092872996011588
"Массовая доля цинка, ASTM D6481",Температура проведения теста | -,-0.01441034373950782,0.09117374292686252
Деаэрация | ASTM D3427,"Массовая доля цинка, ASTM D6481",-0.014410343739507815,0.09117374292686252
"Массовая доля кальция, ASTM D6481",Массовая доля фосфора | ASTM D6481,-0.014303493995758369,-0.03420287486697537
"Массовая доля кальция, ASTM D6481",Массовая доля цинка | ASTM D6481,-0.014299076257978539,-0.03420287486697537
"Массовая доля кальция, ASTM D6481",Массовая доля серы | ASTM D6481,-0.0142886749742123,-0.03165995598190841
Деэм.время | ASTM D1401,Цвет | ASTM D1500,-0.014161378763911363,-0.020634640597531152
"Температура испытания | ASTM D445 Daimler Oxidation Test (DOT), °C",Общее содержание азота | ASTM D3228,0.014065128983351416,0.01912535045646294
"Испаряемость по NOACK, ASTM D5800",Определение содержания воды методом Карла Фишера | ASTM D 6304,-0.013889804947626474,-0.022100780263062503
"Количество биотоплива | - Daimler Oxidation Test (DOT), % масс",Массовая доля кальция | ASTM D6481,-0.013877817756306046,-0.03647354767270496
"Количество биотоплива | - Daimler Oxidation Test (DOT), % масс","Кинематическая вязкость, при -30⁰С | ASTM D445",-0.013827030920798691,-0.013770688769867999
"Массовая доля серы, ASTM D6481",Цвет | ASTM D1500,-0.01366240614555382,-0.03727502163888338
"Массовая доля сульфатной золы, ГОСТ 12417","Щелочное число, ASTM D2896",-0.013586618835178614,0.06167972013549277
Деэм.масло | ASTM D1401,"Массовая доля сульфатной золы, ГОСТ 12417",-0.013490419576290054,-0.013481540718126893
Деэм.вода | ASTM D1401,"Массовая доля сульфатной золы, ГОСТ 12417",-0.013488970070771992,-0.013481421855492469
Деэм.масло | ASTM D1401,Массовая доля фосфора | ASTM D6481,-0.013487871956771605,-0.014564363104072907
Деэм.вода | ASTM D1401,Массовая доля фосфора | ASTM D6481,-0.01348642272498761,-0.014564234694523625
Деэм.масло | ASTM D1401,Массовая доля цинка | ASTM D6481,-0.013483706129769455,-0.014564363104072907
Деэм.вода | ASTM D1401,Массовая доля цинка | ASTM D6481,-0.013482257345591253,-0.014564234694523625
Деэм.масло | ASTM D1401,Массовая доля серы | ASTM D6481,-0.013473897953972275,-0.013481530326700748
Деэм.вода | ASTM D1401,Массовая доля серы | ASTM D6481,-0.0134724502236533,-0.013481411464157942
"Температура испытания | ASTM D445 Daimler Oxidation Test (DOT), °C",Цвет Сейболт | -,0.013441183724095019,0.013518754447242189
"Динамическая вязкость CCS -30°C, ASTM D5293","Массовая доля сульфатной золы, ГОСТ 12417",-0.013367641024792603,-0.02659955013418836
"Динамическая вязкость CCS -30°C, ASTM D5293",Массовая доля фосфора | ASTM D6481,-0.01336511659158285,-0.028735996475418878
"Динамическая вязкость CCS -30°C, ASTM D5293",Массовая доля цинка | ASTM D6481,-0.013360988678464912,-0.028735996475418878
"Динамическая вязкость CCS -30°C, ASTM D5293",Массовая доля серы | ASTM D6481,-0.013351269768506388,-0.026599529631542076
"Массовая доля серы, ASTM D6481",Последовательность 1 | ASTM D892,-0.01330976735227366,0.20126586991679524
"Испаряемость по NOACK, ASTM D5800",Температура проведения теста | -,-0.013192852491307343,-0.02096285637584873
Деаэрация | ASTM D3427,"Испаряемость по NOACK, ASTM D5800",-0.013192852491307337,-0.02096285637584873
"Дозировка катализатора, категория","Массовая доля сульфатной золы, ГОСТ 12417",-0.013146271908785595,-0.013146271908785579
"Дозировка катализатора, категория",Массовая доля фосфора | ASTM D6481,-0.013143789280375004,-0.014202165876114269
"Дозировка катализатора, категория",Массовая доля цинка | ASTM D6481,-0.013139729725801056,-0.014202165876114269
"Дозировка катализатора, категория",Массовая доля серы | ASTM D6481,-0.013130171761704295,-0.013146261775781017
Деэм.вода | ASTM D1401,"Кинематическая вязкость, при 40°C, ASTM D445",-0.012946582746209261,0.48411472752192575
Деэм.время | ASTM D1401,Определение содержания воды методом Карла Фишера | ASTM D 6304,-0.012854858235745979,-0.017426774030577255
"Массовая доля серы, ASTM D6481",Последовательность 3 | ASTM D892,-0.012723608597861591,0.16045301485539915
"Динамическая вязкость CCS -20°C, ASTM D5293","Массовая доля сульфатной золы, ГОСТ 12417",-0.012675478856912755,-0.02534048823425808
"Динамическая вязкость CCS -20°C, ASTM D5293",Массовая доля фосфора | ASTM D6481,-0.012673085136157083,-0.02737580812124712
"Динамическая вязкость CCS -20°C, ASTM D5293",Массовая доля цинка | ASTM D6481,-0.012669170961969367,-0.02737580812124712
"Динамическая вязкость CCS -20°C, ASTM D5293",Массовая доля серы | ASTM D6481,-0.012659955286783027,-0.025340468702083122
Деэм.масло | ASTM D1401,"Кинематическая вязкость, при 40°C, ASTM D445",-0.01259839086477777,0.48809141669676137
"Кинематическая вязкость, при 100°C, ASTM D445",Цвет Сейболт | -,-0.012551825904360912,-0.00534257297997346
Деэм.эмульсия | ASTM D1401,"Массовая доля серы, ASTM D6481",-0.012214862949621881,0.12171455764678984
Массовая доля фосфора | ASTM D6481,"Массовая доля фосфора, ASTM D6481",-0.012213716329846068,-0.02982099950465954
"Массовая доля фосфора, ASTM D6481",Массовая доля цинка | ASTM D6481,-0.012209944035043238,-0.02982099950465954
Деэм.время | ASTM D1401,Температура проведения теста | -,-0.012209836577283577,-0.016529505146382545
Деаэрация | ASTM D3427,Деэм.время | ASTM D1401,-0.012209836577283565,-0.016529505146382545
Массовая доля серы | ASTM D6481,"Массовая доля фосфора, ASTM D6481",-0.012201062405881561,-0.02760386474312547
"Массовая доля сульфатной золы, ГОСТ 12417","Плотность при 15°С, ASTM D4052",-0.01216670139387335,-0.01216398817178778
"Массовая доля сульфатной золы, ГОСТ 12417","Плотность при 20°С, ASTM D4052",-0.012166621124874683,-0.01216398817178778
Массовая доля фосфора | ASTM D6481,"Плотность при 15°С, ASTM D4052",-0.01216440375399848,-0.013140986199697485
Массовая доля фосфора | ASTM D6481,"Плотность при 20°С, ASTM D4052",-0.012164323500158374,-0.013140986199697485
Массовая доля цинка | ASTM D6481,"Плотность при 15°С, ASTM D4052",-0.012160646689742122,-0.013140986199697485
"Динамическая вязкость CCS -25°C, ASTM D5293","Массовая доля сульфатной золы, ГОСТ 12417",-0.0121606205957086,-0.02521622760306191
Массовая доля цинка | ASTM D6481,"Плотность при 20°С, ASTM D4052",-0.012160566460688953,-0.013140986199697485
"Динамическая вязкость CCS -25°C, ASTM D5293",Массовая доля фосфора | ASTM D6481,-0.012158324104171671,-0.0272415670140828
"Динамическая вязкость CCS -25°C, ASTM D5293",Массовая доля цинка | ASTM D6481,-0.012154568917659175,-0.0272415670140828
Массовая доля серы | ASTM D6481,"Плотность при 15°С, ASTM D4052",-0.012151800919937162,-0.012163978795916927
Массовая доля серы | ASTM D6481,"Плотность при 20°С, ASTM D4052",-0.012151720749243406,-0.012163978795916927
"Динамическая вязкость CCS -25°C, ASTM D5293",Массовая доля серы | ASTM D6481,-0.012145727568883269,-0.02521620816666571
"Индекс вязкости, ГОСТ 25371",Общее содержание азота | ASTM D3228,-0.012085819716540318,-0.016371552163835748
"Динамическая вязкость CCS -15°C, ASTM D5293","Массовая доля сульфатной золы, ГОСТ 12417",-0.012040351824460978,-0.02008487679335825
"Динамическая вязкость CCS -15°C, ASTM D5293",Массовая доля фосфора | ASTM D6481,-0.0120380780452694,-0.021698071803152173
"Динамическая вязкость CCS -15°C, ASTM D5293",Массовая доля цинка | ASTM D6481,-0.012034359997623723,-0.021698071803152173
"Динамическая вязкость CCS -15°C, ASTM D5293",Массовая доля серы | ASTM D6481,-0.01202560608995708,-0.020084861312151894
"Массовая доля серы, ASTM D6481",Последовательность 2 | ASTM D892,-0.011860552283886718,0.11539263198622933
Массовая доля фосфора | ASTM D6481,"Массовая доля цинка, ASTM D6481",-0.011761159408692653,-0.030218025000959922
"Массовая доля серы, ASTM D6481",Температура проведения теста | -,-0.011760195123074624,0.09362265121702219
Деаэрация | ASTM D3427,"Массовая доля серы, ASTM D6481",-0.011760195123074607,0.09362265121702219
Массовая доля цинка | ASTM D6481,"Массовая доля цинка, ASTM D6481",-0.011757526889374651,-0.030218025000959922
Массовая доля серы | ASTM D6481,"Массовая доля цинка, ASTM D6481",-0.011748974352738068,-0.02797137214668301
"Дозировка катализатора, категория","Динамическая вязкость CCS -15°C, ASTM D5293",-0.011697205081831247,-0.022206012348392253
"Массовая доля сульфатной золы, ГОСТ 12417","Массовая доля цинка, ASTM D6481",-0.011175143616259584,0.08895203966414889
Общее содержание азота | ASTM D3228,"Температура застывания, ГОСТ 20287, метод Б",0.011064581938603922,0.015927854725678973
"Массовая доля кальция, ASTM D6481","Массовая доля сульфатной золы, ГОСТ 12417",-0.01099324794088419,0.07729694207728499
"Динамическая вязкость CCS -35°C, ASTM D5293",Цвет | ASTM D1500,-0.010781073383046819,-0.02245352436355792
"Испаряемость по NOACK, ASTM D5800","Массовая доля сульфатной золы, ГОСТ 12417",-0.01076603747776862,-0.017106755156413057
"Испаряемость по NOACK, ASTM D5800",Массовая доля фосфора | ASTM D6481,-0.010764004348475695,-0.018480750742047806
"Испаряемость по NOACK, ASTM D5800",Массовая доля цинка | ASTM D6481,-0.010760679807724584,-0.018480750742047806
"Испаряемость по NOACK, ASTM D5800",Массовая доля серы | ASTM D6481,-0.010752852387115057,-0.01710674197071073
"Кинематическая вязкость, при 100°C, ASTM D445","Щелочное число, ГОСТ 11362",0.010740076699841781,0.16130310242634788
"Температура испытания | ASTM D445 Daimler Oxidation Test (DOT), °C","Массовая доля фосфора, ASTM D6481",-0.010591924423205418,0.08087647155440485
"Температура застывания, ГОСТ 20287, метод Б",Цвет Сейболт | -,0.010573744388914572,0.011258604510174427
"Кинематическая вязкость, при 40°C, ASTM D445",Цвет | ASTM D1500,-0.010347469476134926,-0.04360014512100844
"Время испытания | - Daimler Oxidation Test (DOT), ч",Общее содержание азота | ASTM D3228,-0.010318698140216504,-0.01395055316348049
Деэм.эмульсия | ASTM D1401,"Динамическая вязкость CCS -35°C, ASTM D5293",-0.01028015524236413,-0.019892108536082843
Цвет Сейболт | -,"Щелочное число, ASTM D2896",-0.01013448742880346,-0.014303739808054924
"Дозировка катализатора, категория","Динамическая вязкость CCS -20°C, ASTM D5293",-0.010034363322141783,-0.016245928271116226
Деэм.время | ASTM D1401,"Массовая доля сульфатной золы, ГОСТ 12417",-0.009963846580948095,-0.013488915457227968
Деэм.время | ASTM D1401,Массовая доля фосфора | ASTM D6481,-0.009961964942657688,-0.014572330174032607
Деэм.время | ASTM D1401,Массовая доля цинка | ASTM D6481,-0.00995888811758957,-0.014572330174032607
Деэм.время | ASTM D1401,Массовая доля серы | ASTM D6481,-0.009951643927864342,-0.013488905060117453
"Время испытания | - Daimler Oxidation Test (DOT), ч",Цвет Сейболт | -,-0.009860948851609635,-0.009860948851609659
"Массовая доля, %",Последовательность 1 | ASTM D892,0.009857914832700687,0.060069648514437475
"Динамическая вязкость CCS -35°C, ASTM D5293",Определение содержания воды методом Карла Фишера | ASTM D 6304,-0.009786417853706453,-0.018962893655661794
"Температура испытания | ASTM D445 Daimler Oxidation Test (DOT), °C","Щелочное число, ГОСТ 11362",0.009632045434109759,0.022979119732288524
"Массовая доля серы, ASTM D6481","Массовая доля сульфатной золы, ГОСТ 12417",-0.009612772953140178,-0.024366773590105507
"Массовая доля серы, ASTM D6481",Массовая доля фосфора | ASTM D6481,-0.009610957613901603,-0.026323885797701185
"Массовая доля серы, ASTM D6481",Массовая доля цинка | ASTM D6481,-0.009607989199990674,-0.026323885797701185
Массовая доля серы | ASTM D6481,"Массовая доля серы, ASTM D6481",-0.009601000257468194,-0.024366754808459297
"Время испытания | - Daimler Oxidation Test (DOT), ч","Щелочное число, ГОСТ 11362",-0.009588694317660459,-0.008719733490675109
"Температура испытания | ASTM D445 Daimler Oxidation Test (DOT), °C",Массовая доля кальция | ASTM D6481,0.00953752906914646,0.025314254140168458
Деэм.эмульсия | ASTM D1401,"Испаряемость по NOACK, ASTM D5800",0.009513149150405282,0.034437257155344785
"Температура испытания | ASTM D445 Daimler Oxidation Test (DOT), °C","Кинематическая вязкость, при -30⁰С | ASTM D445",0.009502625820776874,0.009557466642228328
"Дозировка катализатора, категория","Кинематическая вязкость, при 100°C, ASTM D445",-0.009496054751461772,-0.018160280814782204
"Кислотное число, ГОСТ 11362",Последовательность 1 | ASTM D892,-0.009421490050591761,-0.016057415938833076
"Кинематическая вязкость, при 40°C, ASTM D445",Определение содержания воды методом Карла Фишера | ASTM D 6304,-0.009392817989827244,-0.036822055278011356
"Динамическая вязкость CCS -35°C, ASTM D5293",Температура проведения теста | -,-0.009295362148646177,-0.017986533119760877
Деаэрация | ASTM D3427,"Динамическая вязкость CCS -35°C, ASTM D5293",-0.009295362148646175,-0.017986533119760877
"Кинематическая вязкость, при -30⁰С | ASTM D445","Кинематическая вязкость, при 100°C, ASTM D445",-0.009228740463973997,-0.007859756076218059
"Массовая доля, %",Последовательность 3 | ASTM D892,0.009035332991242814,0.03240386195875162
Общее содержание азота | ASTM D3228,"Щелочное число, ГОСТ 11362",0.008921950947125855,0.16588333656056659
"Кислотное число, ГОСТ 11362",Последовательность 3 | ASTM D892,-0.008898221246398242,-0.012871809422053916
"Массовая доля сульфатной золы, ГОСТ 12417","Щелочное число, ГОСТ 11362",0.008812443522183125,0.2644473914192452
Деэм.эмульсия | ASTM D1401,"Кислотное число, ГОСТ 11362",-0.008701526799486162,-0.009530387113722753
"Количество биотоплива | - Daimler Oxidation Test (DOT), % масс","Массовая доля фосфора, ASTM D6481",0.00867683716691669,-0.1197972175684569
"Массовая доля кальция, ASTM D6481",Общее содержание азота | ASTM D3228,-0.00863682031946062,-0.025840855400271895
"Кислотное число, ГОСТ 11362",Последовательность 2 | ASTM D892,-0.008295068367326654,-0.009085211652751186
"Кислотное число, ГОСТ 11362",Определение содержания воды методом Карла Фишера | ASTM D 6304,-0.0082836080990362,-0.009085196624932665
"Массовая доля кальция, ASTM D6481",Цвет Сейболт | -,-0.008253681060676721,-0.018265609284295155
"Индекс вязкости, ГОСТ 25371",Массовая доля кальция | ASTM D6481,-0.008195364365830026,-0.02166933531951648
Деэм.масло | ASTM D1401,Общее содержание азота | ASTM D3228,-0.008144326597198855,-0.011003624766431366
Деэм.вода | ASTM D1401,Общее содержание азота | ASTM D3228,-0.008143451513493879,-0.011003527750826452
"Динамическая вязкость CCS -30°C, ASTM D5293",Общее содержание азота | ASTM D3228,-0.008070203726752018,-0.021710535520539073
"Дозировка катализатора, категория",Общее содержание азота | ASTM D3228,-0.007936560561015086,-0.010729978582288654
"Кислотное число, ГОСТ 11362",Температура проведения теста | -,-0.007867959280814699,-0.008617418467940473
Деаэрация | ASTM D3427,"Кислотное число, ГОСТ 11362",-0.007867959280814681,-0.008617418467940473
Деэм.масло | ASTM D1401,Цвет Сейболт | -,-0.007783034924994632,-0.007777912440642894
Деэм.вода | ASTM D1401,Цвет Сейболт | -,-0.007782198661006825,-0.007777843865160141
"Динамическая вязкость CCS -20°C, ASTM D5293",Общее содержание азота | ASTM D3228,-0.007652337201433097,-0.020682890016645375
"Динамическая вязкость CCS -35°C, ASTM D5293","Массовая доля сульфатной золы, ГОСТ 12417",-0.007585487469650327,-0.014677924261645667
"Дозировка катализатора, категория",Цвет Сейболт | -,-0.007584485628555459,-0.007584485628555378
"Динамическая вязкость CCS -35°C, ASTM D5293",Массовая доля фосфора | ASTM D6481,-0.007584054976329726,-0.01585683884581927
"Динамическая вязкость CCS -35°C, ASTM D5293",Массовая доля цинка | ASTM D6481,-0.007581712585987707,-0.01585683884581927
"Динамическая вязкость CCS -35°C, ASTM D5293",Массовая доля серы | ASTM D6481,-0.007576197576303238,-0.014677912948059993
Массовая доля кальция | ASTM D6481,"Температура застывания, ГОСТ 20287, метод Б",0.007502865562220901,0.02108205877593572
"Массовая доля фосфора, ASTM D6481",Общее содержание азота | ASTM D3228,-0.007374958412610593,-0.022530273817290745
Общее содержание азота | ASTM D3228,"Плотность при 15°С, ASTM D4052",-0.007345182201482648,-0.0099282392349781
Общее содержание азота | ASTM D3228,"Плотность при 20°С, ASTM D4052",-0.007345133742134383,-0.0099282392349781
"Динамическая вязкость CCS -25°C, ASTM D5293",Общее содержание азота | ASTM D3228,-0.007341511151375898,-0.020581468570275818
"Динамическая вязкость CCS -20°C, ASTM D5293",Цвет Сейболт | -,-0.007312870743306668,-0.014619701324210744
"Кинематическая вязкость, при 40°C, ASTM D445","Массовая доля сульфатной золы, ГОСТ 12417",-0.007280406807845039,-0.028501522412293395
"Кинематическая вязкость, при 40°C, ASTM D445",Массовая доля фосфора | ASTM D6481,-0.0072790319279621915,-0.03079073305570873
"Кинематическая вязкость, при 40°C, ASTM D445",Массовая доля цинка | ASTM D6481,-0.00727678374619919,-0.03079073305570873
"Кинематическая вязкость, при 40°C, ASTM D445",Массовая доля серы | ASTM D6481,-0.00727149054464658,-0.028501500443627398
"Динамическая вязкость CCS -15°C, ASTM D5293",Общее содержание азота | ASTM D3228,-0.007268903465088238,-0.016393263376563518
"Кинематическая вязкость, при -30⁰С | ASTM D445","Щелочное число, ASTM D2896",-0.007164863147331661,-0.010112434293270748
"Массовая доля цинка, ASTM D6481",Общее содержание азота | ASTM D3228,-0.00710169281656183,-0.022830233352271988
"Массовая доля фосфора, ASTM D6481",Цвет Сейболт | -,-0.007047796795805461,-0.01592552460978083
"Время испытания | - Daimler Oxidation Test (DOT), ч","Массовая доля сульфатной золы, ГОСТ 12417",0.007047200397438048,0.007047200397437793
Последовательность 1 | ASTM D892,"Щелочное число, ГОСТ 11362",-0.007045056260097224,-0.0183332887990639
"Плотность при 15°С, ASTM D4052",Цвет Сейболт | -,-0.007019341491566742,-0.007017776150909126
"Плотность при 20°С, ASTM D4052",Цвет Сейболт | -,-0.007019295181930751,-0.007017776150909126
"Динамическая вязкость CCS -25°C, ASTM D5293",Цвет Сейболт | -,-0.0070158332934546815,-0.014548011572314412
"Время испытания | - Daimler Oxidation Test (DOT), ч",Массовая доля кальция | ASTM D6481,-0.006997083609012696,-0.018464908602861114
Деэм.время | ASTM D1401,"Кинематическая вязкость, при 40°C, ASTM D445",-0.006994407176667042,0.4868572404652273
"Время испытания | - Daimler Oxidation Test (DOT), ч","Кинематическая вязкость, при -30⁰С | ASTM D445",-0.006971477296801096,-0.006971477296801191
"Динамическая вязкость CCS -15°C, ASTM D5293",Цвет Сейболт | -,-0.0069464465674368165,-0.011587578626662017
"Массовая доля цинка, ASTM D6481",Цвет Сейболт | -,-0.006786653575127339,-0.01613755101456496
Последовательность 3 | ASTM D892,"Щелочное число, ГОСТ 11362",-0.006653774398639921,-0.014696175299932822
Деэм.эмульсия | ASTM D1401,"Щелочное число, ГОСТ 11362",-0.006506693264222436,-0.010881161700507947
"Испаряемость по NOACK, ASTM D5800",Общее содержание азота | ASTM D3228,-0.006499584752036539,-0.01396252243330668
"Кислотное число, ГОСТ 11362","Массовая доля сульфатной золы, ГОСТ 12417",-0.0064206542555236565,-0.007032251004746069
"Кислотное число, ГОСТ 11362",Массовая доля фосфора | ASTM D6481,-0.006419441736964835,-0.007597073599636275
"Кислотное число, ГОСТ 11362",Массовая доля цинка | ASTM D6481,-0.006417459045861895,-0.007597073599636275
"Кислотное число, ГОСТ 11362",Массовая доля серы | ASTM D6481,-0.006412790925251174,-0.0070322455843628605
"Испаряемость по NOACK, ASTM D5800",Цвет Сейболт | -,-0.006211255715170094,-0.00986940933028488
Последовательность 2 | ASTM D892,"Щелочное число, ГОСТ 11362",-0.0062027580579463275,-0.010372889988338468
Деэм.время | ASTM D1401,Общее содержание азота | ASTM D3228,-0.006015292575647275,-0.011009644023689511
"Время испытания | - Daimler Oxidation Test (DOT), ч","Массовая доля фосфора, ASTM D6481",0.0059153878423122965,-0.05390323468062878
Температура проведения теста | -,"Щелочное число, ГОСТ 11362",-0.005883381024428517,-0.009838794864438232
Деаэрация | ASTM D3427,"Щелочное число, ГОСТ 11362",-0.0058833810244285105,-0.009838794864438232
Массовая доля кальция | ASTM D6481,"Массовая доля кальция, ASTM D6481",-0.005856606431363088,-0.034202875512839355
"Кинематическая вязкость, при -30⁰С | ASTM D445","Массовая доля кальция, ASTM D6481",-0.005835173774393244,-0.012913390217708973
"Массовая доля серы, ASTM D6481",Общее содержание азота | ASTM D3228,-0.005803345254931153,-0.019888144757342196
Деэм.время | ASTM D1401,Цвет Сейболт | -,-0.005748447295375653,-0.007782167152785967
"Массовая доля, %",Последовательность 2 | ASTM D892,0.005663619489148045,0.007519604600294056
"Динамическая вязкость CCS -35°C, ASTM D5293","Кинематическая вязкость, при 40°C, ASTM D445",-0.005646564087959794,0.44651718364307236
"Массовая доля серы, ASTM D6481",Определение содержания воды методом Карла Фишера | ASTM D 6304,-0.005622079482683854,0.13076473094401328
"Массовая доля серы, ASTM D6481","Щелочное число, ГОСТ 11362",0.005606743959069577,0.04269093626687986
"Массовая доля серы, ASTM D6481",Цвет Сейболт | -,-0.005545039165779348,0.04052822910563242
Деэм.масло | ASTM D1401,Массовая доля кальция | ASTM D6481,-0.005522647660135023,-0.014564363379096504
Деэм.вода | ASTM D1401,Массовая доля кальция | ASTM D6481,-0.005522054268045707,-0.014564234969544796
Деэм.масло | ASTM D1401,"Кинематическая вязкость, при -30⁰С | ASTM D445",-0.0055024371484245,-0.005498815662916479
Деэм.вода | ASTM D1401,"Кинематическая вязкость, при -30⁰С | ASTM D445",-0.0055018459278946535,-0.005498767181535192
"Динамическая вязкость CCS -30°C, ASTM D5293",Массовая доля кальция | ASTM D6481,-0.005472385125577974,-0.028735997018050026
"Дозировка катализатора, категория",Массовая доля кальция | ASTM D6481,-0.005381762026449803,-0.014202166144298376
"Дозировка катализатора, категория","Кинематическая вязкость, при -30⁰С | ASTM D445",-0.005362067095476217,-0.005362067095476073
"Дозировка катализатора, категория","Динамическая вязкость CCS -25°C, ASTM D5293",-0.005337779211771163,-0.015125111239628395
"Динамическая вязкость CCS -20°C, ASTM D5293",Массовая доля кальция | ASTM D6481,-0.0051890308714527735,-0.027375808638193395
"Динамическая вязкость CCS -20°C, ASTM D5293","Кинематическая вязкость, при -30⁰С | ASTM D445",-0.005170041253492771,-0.010335812242968116
"Динамическая вязкость CCS -20°C, ASTM D5293","Кинематическая вязкость, при 40°C, ASTM D445",0.005168275390767086,0.8502287703663434
"Динамическая вязкость CCS -15°C, ASTM D5293","Кинематическая вязкость, при 40°C, ASTM D445",0.005019078778230485,0.7049807113906471
Массовая доля кальция | ASTM D6481,"Массовая доля фосфора, ASTM D6481",-0.0050009410029069005,-0.029821000067779154
"Кинематическая вязкость, при -30⁰С | ASTM D445","Массовая доля фосфора, ASTM D6481",-0.004982639712851322,-0.011259001027939875
Массовая доля кальция | ASTM D6481,"Плотность при 15°С, ASTM D4052",-0.004980749828013452,-0.013140986447842994
Массовая доля кальция | ASTM D6481,"Плотность при 20°С, ASTM D4052",-0.004980716967849593,-0.013140986447842994
"Динамическая вязкость CCS -25°C, ASTM D5293",Массовая доля кальция | ASTM D6481,-0.0049782604980436705,-0.027241567528494152
"Кинематическая вязкость, при -30⁰С | ASTM D445","Плотность при 15°С, ASTM D4052",-0.004962522428961208,-0.004961415767014107
"Кинематическая вязкость, при -30⁰С | ASTM D445","Плотность при 20°С, ASTM D4052",-0.0049624896890514,-0.004961415767014107
"Динамическая вязкость CCS -25°C, ASTM D5293","Кинематическая вязкость, при -30⁰С | ASTM D445",-0.004960042208866914,-0.01028512914083672
"Динамическая вязкость CCS -15°C, ASTM D5293",Массовая доля кальция | ASTM D6481,-0.004929025406105893,-0.021698072212883907
"Динамическая вязкость CCS -30°C, ASTM D5293","Кинематическая вязкость, при -30⁰С | ASTM D445",-0.00491610199527754,0.025341444314555334
"Динамическая вязкость CCS -15°C, ASTM D5293","Кинематическая вязкость, при -30⁰С | ASTM D445",-0.004910987296158979,-0.008192167157168284
Массовая доля кальция | ASTM D6481,"Массовая доля цинка, ASTM D6481",-0.004815640280176419,-0.030218025571576698
Массовая доля фосфора | ASTM D6481,"Щелочное число, ГОСТ 11362",-0.0048002309563011025,-0.008673833004041714
Массовая доля цинка | ASTM D6481,"Щелочное число, ГОСТ 11362",-0.0047987483701823885,-0.008673833004041714
"Кинематическая вязкость, при -30⁰С | ASTM D445","Массовая доля цинка, ASTM D6481",-0.004798017110952946,-0.011408899104638007
Массовая доля серы | ASTM D6481,"Щелочное число, ГОСТ 11362",-0.004795257715078476,-0.008028949968984572
"Кислотное число, ГОСТ 11362","Щелочное число, ГОСТ 11362",-0.004730139265117418,0.17834362512306895
"Количество биотоплива | - Daimler Oxidation Test (DOT), % масс",Определение содержания воды методом Карла Фишера | ASTM D 6304,-0.004721847908874374,-0.00660603313747146
"Массовая доля, %","Кислотное число, ГОСТ 11362",-0.004615962383668546,0.015449524759843748
"Динамическая вязкость CCS -35°C, ASTM D5293",Общее содержание азота | ASTM D3228,-0.004579448919466529,-0.011980112236584791
Последовательность 1 | ASTM D892,Цвет | ASTM D1500,-0.004553583852711918,-0.007626682932454265
"Испаряемость по NOACK, ASTM D5800",Массовая доля кальция | ASTM D6481,-0.004407352295403973,-0.01848075109102582
"Кинематическая вязкость, при 40°C, ASTM D445",Общее содержание азота | ASTM D3228,-0.004395268098834451,-0.02326292405698302
"Испаряемость по NOACK, ASTM D5800","Кинематическая вязкость, при -30⁰С | ASTM D445",-0.004391223284346175,-0.006977458672010812
"Динамическая вязкость CCS -35°C, ASTM D5293",Цвет Сейболт | -,-0.004376299311191127,-0.008468142633279807
Деэм.эмульсия | ASTM D1401,Последовательность 1 | ASTM D892,-0.004342011899168767,-0.006756658874848953
Последовательность 3 | ASTM D892,Цвет | ASTM D1500,-0.0043006781695759675,-0.006113636814474693
Деэм.эмульсия | ASTM D1401,Цвет | ASTM D1500,-0.004205612033267685,-0.00452658391716255
"Динамическая вязкость CCS -25°C, ASTM D5293","Кинематическая вязкость, при 40°C, ASTM D445",0.0041929262424803436,0.8403426365047056
"Время испытания | - Daimler Oxidation Test (DOT), ч",Цвет | ASTM D1500,-0.004176790350611425,0.005424699156030002
Определение содержания воды методом Карла Фишера | ASTM D 6304,Последовательность 1 | ASTM D892,-0.004133472867794844,-0.006441036830204966
Деэм.эмульсия | ASTM D1401,Последовательность 3 | ASTM D892,-0.004100856905418142,-0.005416215516754266
Деэм.время | ASTM D1401,Массовая доля кальция | ASTM D6481,-0.00407895497208471,-0.014572330449206647
"Количество биотоплива | - Daimler Oxidation Test (DOT), % масс",Цвет | ASTM D1500,-0.004077291443000257,0.018047209885025776
Деэм.время | ASTM D1401,"Кинематическая вязкость, при -30⁰С | ASTM D445",-0.0040640277537823365,-0.0055018236522647885
"Динамическая вязкость CCS -30°C, ASTM D5293",Цвет Сейболт | -,0.004011755624013215,0.04394157321412511
Последовательность 2 | ASTM D892,Цвет | ASTM D1500,-0.004009163006251606,-0.004315141920326161
Определение содержания воды методом Карла Фишера | ASTM D 6304,Цвет | ASTM D1500,-0.004003624042419474,-0.004315134782664196
"Дозировка катализатора, категория","Кислотное число, ГОСТ 11362",0.003960196874671822,-0.00429527783622422
"Температура испытания | ASTM D445 Daimler Oxidation Test (DOT), °C",Деаэрация | ASTM D3427,-0.003938945048256685,-0.0034433986650048353
"Температура испытания | ASTM D445 Daimler Oxidation Test (DOT), °C",Температура проведения теста | -,-0.003938945048256671,-0.0034433986650048353
Массовая доля кальция | ASTM D6481,"Массовая доля серы, ASTM D6481",-0.0039352340197315126,-0.026323886294783667
Деаэрация | ASTM D3427,Последовательность 1 | ASTM D892,-0.003926066494616776,-0.006109401042677423
Последовательность 1 | ASTM D892,Температура проведения теста | -,-0.003926066494616765,-0.006109401042677423
"Кинематическая вязкость, при -30⁰С | ASTM D445","Массовая доля серы, ASTM D6481",-0.003920832758210979,-0.009938656053744275
"Количество биотоплива | - Daimler Oxidation Test (DOT), % масс","Массовая доля сульфатной золы, ГОСТ 12417",0.0039039322871547446,0.0026452570934824477
Определение содержания воды методом Карла Фишера | ASTM D 6304,Последовательность 3 | ASTM D892,-0.003903900115174761,-0.005163209253260063
"Дозировка катализатора, категория","Испаряемость по NOACK, ASTM D5800",-0.003877775827024372,-0.04739879812795744
Деэм.эмульсия | ASTM D1401,Последовательность 2 | ASTM D892,-0.003822886333472091,-0.0038228863334721246
Деэм.эмульсия | ASTM D1401,Определение содержания воды методом Карла Фишера | ASTM D 6304,-0.0038176047250410346,-0.0038228800100484957
Деаэрация | ASTM D3427,Цвет | ASTM D1500,-0.0038027331284675387,-0.004092957335203334
Температура проведения теста | -,Цвет | ASTM D1500,-0.0038027331284675304,-0.004092957335203334
Последовательность 3 | ASTM D892,Температура проведения теста | -,-0.0037080130753815617,-0.004897366189167553
Деаэрация | ASTM D3427,Последовательность 3 | ASTM D892,-0.003708013075381556,-0.004897366189167553
"Кислотное число, ГОСТ 11362",Цвет Сейболт | -,-0.003704271466832955,-0.004057120303912665
Определение содержания воды методом Карла Фишера | ASTM D 6304,Последовательность 2 | ASTM D892,-0.003639279970443173,-0.003644308840755504
Деэм.эмульсия | ASTM D1401,Температура проведения теста | -,-0.0036260477521097793,-0.0036260477521097697
Деаэрация | ASTM D3427,Деэм.эмульсия | ASTM D1401,-0.003626047752109767,-0.0036260477521097697
"Температура испытания | ASTM D445 Daimler Oxidation Test (DOT), °C","Массовая доля цинка, ASTM D6481",-0.0034686292075099463,0.09056570475073036
Деаэрация | ASTM D3427,Последовательность 2 | ASTM D892,-0.0034566708463987872,-0.003456670846398766
Последовательность 2 | ASTM D892,Температура проведения теста | -,-0.0034566708463987794,-0.003456670846398766
Определение содержания воды методом Карла Фишера | ASTM D 6304,Температура проведения теста | -,-0.003451895192535877,-0.003456665128730962
Деаэрация | ASTM D3427,Определение содержания воды методом Карла Фишера | ASTM D 6304,-0.003451895192535867,-0.003456665128730962
"Температура испытания | ASTM D445 Daimler Oxidation Test (DOT), °C","Массовая доля сульфатной золы, ГОСТ 12417",0.0034136533319520787,0.003750560134652574
"Кинематическая вязкость, при 40°C, ASTM D445",Последовательность 3 | ASTM D892,-0.0032883980567526634,0.15410843009179206
Деэм.эмульсия | ASTM D1401,"Кинематическая вязкость, при 40°C, ASTM D445",0.003273892585177745,0.1251896943081092
"Массовая доля сульфатной золы, ГОСТ 12417",Последовательность 1 | ASTM D892,-0.003203869599020079,-0.004985581445371415
Массовая доля фосфора | ASTM D6481,Последовательность 1 | ASTM D892,-0.003203264559222818,-0.005386017813059464
Массовая доля цинка | ASTM D6481,Последовательность 1 | ASTM D892,-0.003202275207749253,-0.005386017813059464
Массовая доля серы | ASTM D6481,Последовательность 1 | ASTM D892,-0.0031999458423740057,-0.004985577602539023
"Кинематическая вязкость, при 40°C, ASTM D445",Последовательность 2 | ASTM D892,-0.0031446687939339552,0.110850913738148
"Динамическая вязкость CCS -35°C, ASTM D5293",Массовая доля кальция | ASTM D6481,-0.003105312951042264,-0.015856839145249102
"Массовая доля сульфатной золы, ГОСТ 12417",Цвет | ASTM D1500,-0.0031032233101983895,-0.0033400609985400178
Массовая доля фосфора | ASTM D6481,Цвет | ASTM D1500,-0.0031026372771079704,-0.0036083309904691623
Массовая доля цинка | ASTM D6481,Цвет | ASTM D1500,-0.0031016790050997474,-0.0036083309904691623
Массовая доля серы | ASTM D6481,Цвет | ASTM D1500,-0.003099422814356943,-0.003340058424057033
"Массовая доля сульфатной золы, ГОСТ 12417",Последовательность 3 | ASTM D892,-0.003025926937629088,-0.003996499465879351
Массовая доля фосфора | ASTM D6481,Последовательность 3 | ASTM D892,-0.0030253555016937963,-0.004317493866857336
Массовая доля цинка | ASTM D6481,Последовательность 3 | ASTM D892,-0.0030244210987219805,-0.004317493866857336
Массовая доля серы | ASTM D6481,Последовательность 3 | ASTM D892,-0.0030222211061134486,-0.003996496385420678
"Массовая доля, %","Температура испытания | ASTM D445 Daimler Oxidation Test (DOT), °C",0.0029960432656680152,0.004525943576480658
"Кинематическая вязкость, при 40°C, ASTM D445",Массовая доля кальция | ASTM D6481,-0.0029804203935096247,-0.03079073363714014
Деэм.эмульсия | ASTM D1401,"Массовая доля сульфатной золы, ГОСТ 12417",-0.0029590390721880946,-0.002959039072188098
Деэм.эмульсия | ASTM D1401,Массовая доля фосфора | ASTM D6481,-0.0029584802677970526,-0.003196705805927665
Деэм.эмульсия | ASTM D1401,Массовая доля цинка | ASTM D6481,-0.0029575665197258544,-0.003196705805927665
Деэм.эмульсия | ASTM D1401,Массовая доля серы | ASTM D6481,-0.002955415157772536,-0.0029590367913927035
"Массовая доля сульфатной золы, ГОСТ 12417",Последовательность 2 | ASTM D892,-0.002820818917300859,-0.0028208189173008474
Массовая доля фосфора | ASTM D6481,Последовательность 2 | ASTM D892,-0.002820286215312498,-0.003047383961624486
Массовая доля цинка | ASTM D6481,Последовательность 2 | ASTM D892,-0.0028194151494759473,-0.003047383961624486
"Кинематическая вязкость, при 100°C, ASTM D445","Массовая доля кальция, ASTM D6481",0.002817697055669706,0.36773684425051156
Массовая доля серы | ASTM D6481,Последовательность 2 | ASTM D892,-0.002817364280140375,-0.002820816743044057
"Массовая доля сульфатной золы, ГОСТ 12417",Определение содержания воды методом Карла Фишера | ASTM D 6304,-0.0028169217412729497,-0.002820814251393614
Массовая доля фосфора | ASTM D6481,Определение содержания воды методом Карла Фишера | ASTM D 6304,-0.002816389775252959,-0.003047378920956763
Массовая доля цинка | ASTM D6481,Определение содержания воды методом Карла Фишера | ASTM D 6304,-0.002815519912860133,-0.003047378920956763
Массовая доля серы | ASTM D6481,Определение содержания воды методом Карла Фишера | ASTM D 6304,-0.0028134718769566255,-0.00282081207714042
Цвет Сейболт | -,"Щелочное число, ГОСТ 11362",-0.0027699228833630222,-0.004632149936671701
"Массовая доля сульфатной золы, ГОСТ 12417",Температура проведения теста | -,-0.002675576305952455,-0.00267557630595245
Деаэрация | ASTM D3427,"Массовая доля сульфатной золы, ГОСТ 12417",-0.002675576305952452,-0.00267557630595245
Массовая доля фосфора | ASTM D6481,Температура проведения теста | -,-0.00267507103253366,-0.0028904756249521395
Деаэрация | ASTM D3427,Массовая доля фосфора | ASTM D6481,-0.0026750710325336557,-0.0028904756249521395
Массовая доля цинка | ASTM D6481,Температура проведения теста | -,-0.0026742448174586855,-0.0028904756249521395
Деаэрация | ASTM D3427,Массовая доля цинка | ASTM D6481,-0.002674244817458674,-0.0028904756249521395
Массовая доля серы | ASTM D6481,Температура проведения теста | -,-0.002672299546400252,-0.0026755742436470977
Деаэрация | ASTM D3427,Массовая доля серы | ASTM D6481,-0.0026722995464002414,-0.0026755742436470977
"Кислотное число, ГОСТ 11362",Массовая доля кальция | ASTM D6481,-0.0026284587369783726,-0.0075970737430942825
"Кинематическая вязкость, при -30⁰С | ASTM D445","Кислотное число, ГОСТ 11362",-0.002618839710135904,-0.0028682961969223996
"Кинематическая вязкость, при -30⁰С | ASTM D445","Кинематическая вязкость, при 40°C, ASTM D445",-0.0025496426884345415,0.022415550933675366
"Массовая доля, %","Количество биотоплива | - Daimler Oxidation Test (DOT), % масс",0.0024374490643003545,0.001640183527245984
"Массовая доля, %","Дозировка катализатора, категория",0.0024225150240845448,0.0029054965914199152
"Количество биотоплива | - Daimler Oxidation Test (DOT), % масс",Температура проведения теста | -,-0.0024222445960606076,-0.002435890290217654
"Количество биотоплива | - Daimler Oxidation Test (DOT), % масс",Деаэрация | ASTM D3427,-0.0024222445960605933,-0.002435890290217654
"Время испытания | - Daimler Oxidation Test (DOT), ч",Определение содержания воды методом Карла Фишера | ASTM D 6304,-0.002383903102675463,-0.0033360556169086462
"Температура испытания | ASTM D445 Daimler Oxidation Test (DOT), °C",Определение содержания воды методом Карла Фишера | ASTM D 6304,-0.002343495304473626,-0.0002953981805514666
"Кинематическая вязкость, при 40°C, ASTM D445",Последовательность 1 | ASTM D892,-0.0023080628518903036,0.21321086742435766
"Кинематическая вязкость, при 40°C, ASTM D445",Цвет Сейболт | -,-0.002303490767095866,0.03984196804591336
"Массовая доля сульфатной золы, ГОСТ 12417",Массовая доля фосфора | ASTM D6481,-0.002182993784772981,-0.0023587748689917884
"Массовая доля сульфатной золы, ГОСТ 12417",Массовая доля цинка | ASTM D6481,-0.002182319551322114,-0.0023587748689917884
Массовая доля серы | ASTM D6481,"Массовая доля сульфатной золы, ГОСТ 12417",-0.0021807321113705824,-0.0021834044305912405
"Массовая доля сульфатной золы, ГОСТ 12417","Массовая доля фосфора, ASTM D6481",-0.0021670504142696956,0.08958956697268937
"Динамическая вязкость CCS -30°C, ASTM D5293","Кинематическая вязкость, при 40°C, ASTM D445",-0.0021567227275278776,0.8161976479658124
"Динамическая вязкость CCS -35°C, ASTM D5293","Кинематическая вязкость, при -30⁰С | ASTM D445",-0.001975466533259969,0.0563675916684764
Массовая доля кальция | ASTM D6481,"Щелочное число, ГОСТ 11362",-0.00196546826244259,-0.008673833167832518
"Кинематическая вязкость, при -30⁰С | ASTM D445","Щелочное число, ГОСТ 11362",-0.0019582754951723786,-0.0032748296948740866
Общее содержание азота | ASTM D3228,Последовательность 1 | ASTM D892,-0.0019342141466908928,-0.004069228333345248
Последовательность 1 | ASTM D892,Цвет Сейболт | -,-0.001848410187932734,-0.00287633414893401
Общее содержание азота | ASTM D3228,Последовательность 3 | ASTM D892,-0.0018267880476175702,-0.003261940264932102
Цвет | ASTM D1500,Цвет Сейболт | -,-0.0017903442711137355,-0.0019269831643293053
Деэм.эмульсия | ASTM D1401,Общее содержание азота | ASTM D3228,-0.0017864070484603348,-0.002415165766312421
Последовательность 3 | ASTM D892,Цвет Сейболт | -,-0.001745749633869121,-0.002305702557637976
"Массовая доля, %","Время испытания | - Daimler Oxidation Test (DOT), ч",-0.001735459870467756,-0.0038178276047183793
Деэм.эмульсия | ASTM D1401,Цвет Сейболт | -,-0.0017071599821654342,-0.001707159982165444
Общее содержание азота | ASTM D3228,Последовательность 2 | ASTM D892,-0.0017029618985633368,-0.0023023505657847588
Общее содержание азота | ASTM D3228,Определение содержания воды методом Карла Фишера | ASTM D 6304,-0.0017006091270873604,-0.0023023467574743092
"Кинематическая вязкость, при 40°C, ASTM D445",Температура проведения теста | -,-0.0016476112260140436,0.10755981562542345
Деаэрация | ASTM D3427,"Кинематическая вязкость, при 40°C, ASTM D445",-0.001647611226014043,0.10755981562542345
Последовательность 2 | ASTM D892,Цвет Сейболт | -,-0.0016274165548582284,-0.0016274165548582347
Определение содержания воды методом Карла Фишера | ASTM D 6304,Цвет Сейболт | -,-0.0016251681550243792,-0.0016274138629538987
Общее содержание азота | ASTM D3228,Температура проведения теста | -,-0.0016152772082568578,-0.0021838036408605545
Деаэрация | ASTM D3427,Общее содержание азота | ASTM D3228,-0.0016152772082568556,-0.0021838036408605545
Температура проведения теста | -,Цвет Сейболт | -,-0.0015436216580183525,-0.001543621658018349
Деаэрация | ASTM D3427,Цвет Сейболт | -,-0.0015436216580183492,-0.001543621658018349
"Массовая доля сульфатной золы, ГОСТ 12417",Общее содержание азота | ASTM D3228,-0.001318148214916914,-0.0017820946498934538
Массовая доля фосфора | ASTM D6481,Общее содержание азота | ASTM D3228,-0.0013178992871425309,-0.0019252305140446963
Массовая доля цинка | ASTM D6481,Общее содержание азота | ASTM D3228,-0.0013174922443967157,-0.0019252305140446963
Массовая доля серы | ASTM D6481,Общее содержание азота | ASTM D3228,-0.001316533888035327,-0.0017820932762741234
Массовая доля кальция | ASTM D6481,Последовательность 1 | ASTM D892,-0.0013115858142398761,-0.005386017914765387
"Кинематическая вязкость, при -30⁰С | ASTM D445",Последовательность 1 | ASTM D892,-0.0013067859750885587,-0.0020335059555687857
Массовая доля кальция | ASTM D6481,Цвет | ASTM D1500,-0.0012703836864395406,-0.003608331058606447
"Кинематическая вязкость, при -30⁰С | ASTM D445",Цвет | ASTM D1500,-0.0012657346293293143,-0.0013623353678836872
"Массовая доля сульфатной золы, ГОСТ 12417",Цвет Сейболт | -,-0.001259673647732425,-0.0012596736477324237
Массовая доля фосфора | ASTM D6481,Цвет Сейболт | -,-0.0012594357626797184,-0.0013608492368783246
Массовая доля цинка | ASTM D6481,Цвет Сейболт | -,-0.0012590467768171236,-0.0013608492368783246
Массовая доля серы | ASTM D6481,Цвет Сейболт | -,-0.001258130934243493,-0.0012596726767895655
Массовая доля кальция | ASTM D6481,Последовательность 3 | ASTM D892,-0.0012387404429738645,-0.004317493948385974
"Количество биотоплива | - Daimler Oxidation Test (DOT), % масс","Массовая доля цинка, ASTM D6481",0.0012366950187149962,-0.1340312701694577
"Кинематическая вязкость, при -30⁰С | ASTM D445",Последовательность 3 | ASTM D892,-0.001234207186505281,-0.0016300817776907655
Деэм.эмульсия | ASTM D1401,Массовая доля кальция | ASTM D6481,-0.001211358187627383,-0.0031967058662920986
Деэм.эмульсия | ASTM D1401,"Кинематическая вязкость, при -30⁰С | ASTM D445",-0.0012069251384192285,-0.001206925138419228
Массовая доля кальция | ASTM D6481,Последовательность 2 | ASTM D892,-0.0011547742385029883,-0.0030473840191692263
Массовая доля кальция | ASTM D6481,Определение содержания воды методом Карла Фишера | ASTM D 6304,-0.0011531788300021648,-0.0030473789785014083
"Кинематическая вязкость, при -30⁰С | ASTM D445",Последовательность 2 | ASTM D892,-0.0011505482621766833,-0.001150548262176677
"Кинематическая вязкость, при -30⁰С | ASTM D445",Определение содержания воды методом Карла Фишера | ASTM D 6304,-0.0011489586921837938,-0.0011505463590586052
Массовая доля кальция | ASTM D6481,Температура проведения теста | -,-0.0010953154675448964,-0.0028904756795339287
Деаэрация | ASTM D3427,Массовая доля кальция | ASTM D6481,-0.0010953154675448962,-0.0028904756795339287
"Кинематическая вязкость, при -30⁰С | ASTM D445",Температура проведения теста | -,-0.0010913070847100971,-0.0010913070847100984
Деаэрация | ASTM D3427,"Кинематическая вязкость, при -30⁰С | ASTM D445",-0.0010913070847100958,-0.0010913070847100984
Массовая доля кальция | ASTM D6481,"Массовая доля сульфатной золы, ГОСТ 12417",-0.0008938330343144379,-0.0023587749135333
"Кинематическая вязкость, при -30⁰С | ASTM D445","Массовая доля сульфатной золы, ГОСТ 12417",-0.0008905619904023591,-0.0008905619904023566
"Кинематическая вязкость, при -30⁰С | ASTM D445",Массовая доля фосфора | ASTM D6481,-0.0008903938108215553,-0.0009620909409460963
"Кинематическая вязкость, при -30⁰С | ASTM D445",Массовая доля цинка | ASTM D6481,-0.0008901188062402859,-0.0009620909409460963
"Кинематическая вязкость, при -30⁰С | ASTM D445",Массовая доля серы | ASTM D6481,-0.0008894713253735223,-0.000890561303966782
"Кинематическая вязкость, при 100°C, ASTM D445",Массовая доля кальция | ASTM D6481,0.0008367091367289948,0.031092246955227196
Общее содержание азота | ASTM D3228,Цвет Сейболт | -,-0.000760479949122456,-0.0010281448120519612
"Время испытания | - Daimler Oxidation Test (DOT), ч","Массовая доля цинка, ASTM D6481",0.0006612586748059061,-0.06035665201445581
Массовая доля кальция | ASTM D6481,Массовая доля серы | ASTM D6481,0.0006478568171727429,0.9253138042774514
Массовая доля кальция | ASTM D6481,Массовая доля фосфора | ASTM D6481,0.0006311711943421058,0.999997941717639
Массовая доля кальция | ASTM D6481,Массовая доля цинка | ASTM D6481,0.0006233207496434243,0.9999971863846625
Цвет | ASTM D1500,"Щелочное число, ASTM D2896",-0.0006139502466366893,0.12050722790151827
Массовая доля кальция | ASTM D6481,Общее содержание азота | ASTM D3228,-0.0005396176237258264,-0.0019252305503994493
"Кинематическая вязкость, при -30⁰С | ASTM D445",Общее содержание азота | ASTM D3228,-0.000537642855648145,-0.0007268761173904833
Массовая доля кальция | ASTM D6481,Цвет Сейболт | -,-0.0005156795668097631,-0.0013608492625756825
"Кинематическая вязкость, при -30⁰С | ASTM D445",Цвет Сейболт | -,-0.0005137924017097486,-0.0005137924017097488
"Массовая доля, %",Цвет | ASTM D1500,0.00046083999620694576,0.01955520037947106
"Кинематическая вязкость, при -30⁰С | ASTM D445",Массовая доля кальция | ASTM D6481,-0.0003645742865659111,-0.000962090959113572
"Температура испытания | ASTM D445 Daimler Oxidation Test (DOT), °C",Цвет | ASTM D1500,-2.715513668772839e-05,-0.01563708158434473
