Компонент,Наименование партии,Наименование показателя,Единица измерения_по_партиям,Значение показателя
Антиоксидант_1,01028.23,"Активный Азот / Кислород, % масс. (N или O)",,4.102564103
Антиоксидант_1,01028.23,"Дипольный момент, Д",,1.66
Антиоксидант_1,01028.23,"Кинематическая вязкость, при 100°C, ASTM D445",,6.8
Антиоксидант_1,01028.23,"Потенциал ионизации,эВ",,7.18
Антиоксидант_1,01028.23,"Стерический фактор, Å3",,62.4
Антиоксидант_1,01028.23,"Температура плавления, °C",,-31.0
Антиоксидант_1,01028.23,"Химический потенциал, Дж/моль",,-2.75
Антиоксидант_1,01028.23,"Щелочное число, ASTM D2896",,0.0
Антиоксидант_1,01028.23,"Щелочное число, ГОСТ 11362",,0.0
Антиоксидант_1,01028.23,"Энергия ВЗМО, эВ",,-5.58
Антиоксидант_1,01028.23,"Энергия НСМО, эВ",,0.035
Антиоксидант_1,01028.23,"Энергия диссоциации связи Х-Н, ккал/моль",,355.19
Антиоксидант_1,02717.22,"Активный Азот / Кислород, % масс. (N или O)",,4.102564103
Антиоксидант_1,02717.22,"Дипольный момент, Д",,1.66
Антиоксидант_1,02717.22,"Кинематическая вязкость, при 100°C, ASTM D445",,6.65
Антиоксидант_1,02717.22,"Потенциал ионизации,эВ",,7.18
Антиоксидант_1,02717.22,"Стерический фактор, Å3",,62.4
Антиоксидант_1,02717.22,"Температура плавления, °C",,-31.0
Антиоксидант_1,02717.22,"Химический потенциал, Дж/моль",,-2.75
Антиоксидант_1,02717.22,"Щелочное число, ASTM D2896",,0.0
Антиоксидант_1,02717.22,"Щелочное число, ГОСТ 11362",,0.0
Антиоксидант_1,02717.22,"Энергия ВЗМО, эВ",,-5.58
Антиоксидант_1,02717.22,"Энергия НСМО, эВ",,0.035
Антиоксидант_1,02717.22,"Энергия диссоциации связи Х-Н, ккал/моль",,355.19
Антиоксидант_1,typical,"Активный Азот / Кислород, % масс. (N или O)",,4.102564103
Антиоксидант_1,typical,"Дипольный момент, Д",,1.66
Антиоксидант_1,typical,"Кинематическая вязкость, при 100°C, ASTM D445",,6.725
Антиоксидант_1,typical,"Потенциал ионизации,эВ",,7.18
Антиоксидант_1,typical,"Стерический фактор, Å3",,62.4
Антиоксидант_1,typical,"Температура плавления, °C",,-31.0
Антиоксидант_1,typical,"Химический потенциал, Дж/моль",,-2.75
Антиоксидант_1,typical,"Щелочное число, ASTM D2896",,0.0
Антиоксидант_1,typical,"Щелочное число, ГОСТ 11362",,0.0
Антиоксидант_1,typical,"Энергия ВЗМО, эВ",,-5.58
Антиоксидант_1,typical,"Энергия НСМО, эВ",,0.035
Антиоксидант_1,typical,"Энергия диссоциации связи Х-Н, ккал/моль",,355.19
Антиоксидант_10,4793.19,"Активный Азот / Кислород, % масс. (N или O)",,4.102564103
Антиоксидант_10,4793.19,"Дипольный момент, Д",,1.66
Антиоксидант_10,4793.19,"Кинематическая вязкость, при 100°C, ASTM D445",,21.67
Антиоксидант_10,4793.19,"Массовая доля кальция, ASTM D6481",,0.253
Антиоксидант_10,4793.19,"Массовая доля сульфатной золы, ГОСТ 12417",,8.64
Антиоксидант_10,4793.19,"Массовая доля фосфора, ASTM D6481",,0.432
Антиоксидант_10,4793.19,"Массовая доля цинка, ASTM D6481",,0.0278
Антиоксидант_10,4793.19,"Потенциал ионизации,эВ",,7.18
Антиоксидант_10,4793.19,"Стерический фактор, Å3",,62.4
Антиоксидант_10,4793.19,"Температура плавления, °C",,-31.0
Антиоксидант_10,4793.19,"Химический потенциал, Дж/моль",,-2.75
Антиоксидант_10,4793.19,"Щелочное число, ASTM D2896",,8.53
Антиоксидант_10,4793.19,"Щелочное число, ГОСТ 11362",,5.26
Антиоксидант_10,4793.19,"Энергия ВЗМО, эВ",,-5.26
Антиоксидант_10,4793.19,"Энергия НСМО, эВ",,-0.22
Антиоксидант_10,4793.19,"Энергия диссоциации связи Х-Н, ккал/моль",,355.19
Антиоксидант_11,typical,"Активный Азот / Кислород, % масс. (N или O)",,4.102564103
Антиоксидант_11,typical,"Дипольный момент, Д",,1.66
Антиоксидант_11,typical,"Кинематическая вязкость, при 100°C, ASTM D445",,8.5
Антиоксидант_11,typical,"Потенциал ионизации,эВ",,7.18
Антиоксидант_11,typical,"Стерический фактор, Å3",,62.4
Антиоксидант_11,typical,"Температура плавления, °C",,-31.0
Антиоксидант_11,typical,"Химический потенциал, Дж/моль",,-2.75
Антиоксидант_11,typical,"Энергия ВЗМО, эВ",,-5.58
Антиоксидант_11,typical,"Энергия НСМО, эВ",,0.035
Антиоксидант_11,typical,"Энергия диссоциации связи Х-Н, ккал/моль",,355.19
Антиоксидант_12,02670.23,"Активный Азот / Кислород, % масс. (N или O)",,4.43
Антиоксидант_12,02670.23,"Дипольный момент, Д",,3.16
Антиоксидант_12,02670.23,"Кинематическая вязкость, при 100°C, ASTM D445",,5.73
Антиоксидант_12,02670.23,Общее содержание азота | ASTM D3228,,8.666
Антиоксидант_12,02670.23,"Потенциал ионизации,эВ",,6.01
Антиоксидант_12,02670.23,"Стерический фактор, Å3",,57.8
Антиоксидант_12,02670.23,"Температура плавления, °C",,-31.0
Антиоксидант_12,02670.23,"Химический потенциал, Дж/моль",,-2.16
Антиоксидант_12,02670.23,"Щелочное число, ASTM D2896",,189.9
Антиоксидант_12,02670.23,"Энергия ВЗМО, эВ",,-4.64
Антиоксидант_12,02670.23,"Энергия НСМО, эВ",,-0.09
Антиоксидант_12,02670.23,"Энергия диссоциации связи Х-Н, ккал/моль",,359.82
Антиоксидант_12,typical,"Активный Азот / Кислород, % масс. (N или O)",,4.43
Антиоксидант_12,typical,"Дипольный момент, Д",,3.16
Антиоксидант_12,typical,"Кинематическая вязкость, при 100°C, ASTM D445",,5.73
Антиоксидант_12,typical,Общее содержание азота | ASTM D3228,,8.666
Антиоксидант_12,typical,"Потенциал ионизации,эВ",,6.01
Антиоксидант_12,typical,"Стерический фактор, Å3",,57.8
Антиоксидант_12,typical,"Температура плавления, °C",,-31.0
Антиоксидант_12,typical,"Химический потенциал, Дж/моль",,-2.16
Антиоксидант_12,typical,"Щелочное число, ASTM D2896",,189.9
Антиоксидант_12,typical,"Энергия ВЗМО, эВ",,-4.64
Антиоксидант_12,typical,"Энергия НСМО, эВ",,-0.09
Антиоксидант_12,typical,"Энергия диссоциации связи Х-Н, ккал/моль",,359.82
Антиоксидант_13,typical,"Активный Азот / Кислород, % масс. (N или O)",,9.4
Антиоксидант_13,typical,"Дипольный момент, Д",,3.99
Антиоксидант_13,typical,"Кинематическая вязкость, при 100°C, ASTM D445",,8.5
Антиоксидант_13,typical,"Потенциал ионизации,эВ",,6.72
Антиоксидант_13,typical,"Стерический фактор, Å3",,64.5
Антиоксидант_13,typical,"Температура плавления, °C",,128.0
Антиоксидант_13,typical,"Химический потенциал, Дж/моль",,-2.78
Антиоксидант_13,typical,"Энергия ВЗМО, эВ",,-5.44
Антиоксидант_13,typical,"Энергия НСМО, эВ",,-0.33
Антиоксидант_13,typical,"Энергия диссоциации связи Х-Н, ккал/моль",,368.87
Антиоксидант_14,19776.19,"Активный Азот / Кислород, % масс. (N или O)",,3.5
Антиоксидант_14,19776.19,"Дипольный момент, Д",,1.36
Антиоксидант_14,19776.19,"Кинематическая вязкость, при 100°C, ASTM D445",,14.06
Антиоксидант_14,19776.19,"Потенциал ионизации,эВ",,6.5
Антиоксидант_14,19776.19,"Стерический фактор, Å3",,72.1
Антиоксидант_14,19776.19,"Температура плавления, °C",,-31.0
Антиоксидант_14,19776.19,"Химический потенциал, Дж/моль",,-2.56
Антиоксидант_14,19776.19,"Щелочное число, ASTM D2896",,0.0
Антиоксидант_14,19776.19,"Энергия ВЗМО, эВ",,-5.15
Антиоксидант_14,19776.19,"Энергия НСМО, эВ",,-0.34
Антиоксидант_14,19776.19,"Энергия диссоциации связи Х-Н, ккал/моль",,372.38
Антиоксидант_14,typical,"Активный Азот / Кислород, % масс. (N или O)",,3.5
Антиоксидант_14,typical,"Дипольный момент, Д",,1.36
Антиоксидант_14,typical,"Кинематическая вязкость, при 100°C, ASTM D445",,14.06
Антиоксидант_14,typical,"Потенциал ионизации,эВ",,6.5
Антиоксидант_14,typical,"Стерический фактор, Å3",,72.1
Антиоксидант_14,typical,"Температура плавления, °C",,-31.0
Антиоксидант_14,typical,"Химический потенциал, Дж/моль",,-2.56
Антиоксидант_14,typical,"Щелочное число, ASTM D2896",,0.0
Антиоксидант_14,typical,"Энергия ВЗМО, эВ",,-5.15
Антиоксидант_14,typical,"Энергия НСМО, эВ",,-0.34
Антиоксидант_14,typical,"Энергия диссоциации связи Х-Н, ккал/моль",,372.38
Антиоксидант_15,typical,"Активный Азот / Кислород, % масс. (N или O)",,7.26
Антиоксидант_15,typical,"Дипольный момент, Д",,1.25
Антиоксидант_15,typical,"Кинематическая вязкость, при 100°C, ASTM D445",,8.5
Антиоксидант_15,typical,"Потенциал ионизации,эВ",,7.06
Антиоксидант_15,typical,"Стерический фактор, Å3",,62.4
Антиоксидант_15,typical,"Температура плавления, °C",,70.0
Антиоксидант_15,typical,"Химический потенциал, Дж/моль",,-2.95
Антиоксидант_15,typical,"Щелочное число, ASTM D2896",,0.0
Антиоксидант_15,typical,"Энергия ВЗМО, эВ",,-6.09
Антиоксидант_15,typical,"Энергия НСМО, эВ",,-0.03
Антиоксидант_15,typical,"Энергия диссоциации связи Х-Н, ккал/моль",,359.56
Антиоксидант_2,01623.24,"Активный Азот / Кислород, % масс. (N или O)",,3.5
Антиоксидант_2,01623.24,"Дипольный момент, Д",,1.36
Антиоксидант_2,01623.24,"Кинематическая вязкость, при 100°C, ASTM D445",,14.54
Антиоксидант_2,01623.24,"Потенциал ионизации,эВ",,6.5
Антиоксидант_2,01623.24,"Стерический фактор, Å3",,72.1
Антиоксидант_2,01623.24,"Температура плавления, °C",,-31.0
Антиоксидант_2,01623.24,"Химический потенциал, Дж/моль",,-2.56
Антиоксидант_2,01623.24,"Щелочное число, ASTM D2896",,138.8
Антиоксидант_2,01623.24,"Энергия ВЗМО, эВ",,-5.15
Антиоксидант_2,01623.24,"Энергия НСМО, эВ",,-0.34
Антиоксидант_2,01623.24,"Энергия диссоциации связи Х-Н, ккал/моль",,372.38
Антиоксидант_2,typical,"Активный Азот / Кислород, % масс. (N или O)",,3.5
Антиоксидант_2,typical,"Дипольный момент, Д",,1.36
Антиоксидант_2,typical,"Кинематическая вязкость, при 100°C, ASTM D445",,14.54
Антиоксидант_2,typical,"Потенциал ионизации,эВ",,6.5
Антиоксидант_2,typical,"Стерический фактор, Å3",,72.1
Антиоксидант_2,typical,"Температура плавления, °C",,-31.0
Антиоксидант_2,typical,"Химический потенциал, Дж/моль",,-2.56
Антиоксидант_2,typical,"Щелочное число, ASTM D2896",,138.8
Антиоксидант_2,typical,"Энергия ВЗМО, эВ",,-5.15
Антиоксидант_2,typical,"Энергия НСМО, эВ",,-0.34
Антиоксидант_2,typical,"Энергия диссоциации связи Х-Н, ккал/моль",,372.38
Антиоксидант_3,01029/23,"Активный Азот / Кислород, % масс. (N или O)",,4.43
Антиоксидант_3,01029/23,"Дипольный момент, Д",,0.54
Антиоксидант_3,01029/23,"Кинематическая вязкость, при 100°C, ASTM D445",,10.51
Антиоксидант_3,01029/23,"Массовая доля кальция, ASTM D6481",,0.0002
Антиоксидант_3,01029/23,"Массовая доля серы, ASTM D6481",,0.0002
Антиоксидант_3,01029/23,"Массовая доля фосфора, ASTM D6481",,0.0002
Антиоксидант_3,01029/23,"Массовая доля цинка, ASTM D6481",,0.0002
Антиоксидант_3,01029/23,"Потенциал ионизации,эВ",,7.18
Антиоксидант_3,01029/23,"Стерический фактор, Å3",,57.7
Антиоксидант_3,01029/23,"Температура плавления, °C",,-31.0
Антиоксидант_3,01029/23,"Химический потенциал, Дж/моль",,-2.75
Антиоксидант_3,01029/23,"Щелочное число, ASTM D2896",,177.1
Антиоксидант_3,01029/23,"Энергия ВЗМО, эВ",,-4.98
Антиоксидант_3,01029/23,"Энергия НСМО, эВ",,-0.22
Антиоксидант_3,01029/23,"Энергия диссоциации связи Х-Н, ккал/моль",,361.94
Антиоксидант_3,01198.23,"Активный Азот / Кислород, % масс. (N или O)",,4.43
Антиоксидант_3,01198.23,"Дипольный момент, Д",,0.54
Антиоксидант_3,01198.23,"Кинематическая вязкость, при 100°C, ASTM D445",,11.04
Антиоксидант_3,01198.23,"Массовая доля кальция, ASTM D6481",,0.0002
Антиоксидант_3,01198.23,"Массовая доля серы, ASTM D6481",,0.0002
Антиоксидант_3,01198.23,"Массовая доля фосфора, ASTM D6481",,0.0002
Антиоксидант_3,01198.23,"Массовая доля цинка, ASTM D6481",,0.0002
Антиоксидант_3,01198.23,"Потенциал ионизации,эВ",,7.18
Антиоксидант_3,01198.23,"Стерический фактор, Å3",,57.7
Антиоксидант_3,01198.23,"Температура плавления, °C",,-31.0
Антиоксидант_3,01198.23,"Химический потенциал, Дж/моль",,-2.75
Антиоксидант_3,01198.23,"Щелочное число, ASTM D2896",,176.3
Антиоксидант_3,01198.23,"Энергия ВЗМО, эВ",,-4.98
Антиоксидант_3,01198.23,"Энергия НСМО, эВ",,-0.22
Антиоксидант_3,01198.23,"Энергия диссоциации связи Х-Н, ккал/моль",,361.94
Антиоксидант_3,02719.22,"Активный Азот / Кислород, % масс. (N или O)",,4.43
Антиоксидант_3,02719.22,"Дипольный момент, Д",,0.54
Антиоксидант_3,02719.22,"Кинематическая вязкость, при 100°C, ASTM D445",,11.7
Антиоксидант_3,02719.22,"Массовая доля кальция, ASTM D6481",,0.0002
Антиоксидант_3,02719.22,"Массовая доля серы, ASTM D6481",,0.0002
Антиоксидант_3,02719.22,"Массовая доля фосфора, ASTM D6481",,0.0002
Антиоксидант_3,02719.22,"Массовая доля цинка, ASTM D6481",,0.0002
Антиоксидант_3,02719.22,"Потенциал ионизации,эВ",,7.18
Антиоксидант_3,02719.22,"Стерический фактор, Å3",,57.7
Антиоксидант_3,02719.22,"Температура плавления, °C",,-31.0
Антиоксидант_3,02719.22,"Химический потенциал, Дж/моль",,-2.75
Антиоксидант_3,02719.22,"Щелочное число, ASTM D2896",,166.7
Антиоксидант_3,02719.22,"Энергия ВЗМО, эВ",,-4.98
Антиоксидант_3,02719.22,"Энергия НСМО, эВ",,-0.22
Антиоксидант_3,02719.22,"Энергия диссоциации связи Х-Н, ккал/моль",,361.94
Антиоксидант_3,typical,"Активный Азот / Кислород, % масс. (N или O)",,4.43
Антиоксидант_3,typical,"Дипольный момент, Д",,0.54
Антиоксидант_3,typical,"Кинематическая вязкость, при 100°C, ASTM D445",,11.083333333333334
Антиоксидант_3,typical,"Массовая доля кальция, ASTM D6481",,0.0002
Антиоксидант_3,typical,"Массовая доля серы, ASTM D6481",,0.0002
Антиоксидант_3,typical,"Массовая доля фосфора, ASTM D6481",,0.0002
Антиоксидант_3,typical,"Массовая доля цинка, ASTM D6481",,0.0002
Антиоксидант_3,typical,"Потенциал ионизации,эВ",,7.18
Антиоксидант_3,typical,"Стерический фактор, Å3",,57.7
Антиоксидант_3,typical,"Температура плавления, °C",,-31.0
Антиоксидант_3,typical,"Химический потенциал, Дж/моль",,-2.75
Антиоксидант_3,typical,"Щелочное число, ASTM D2896",,173.36666666666665
Антиоксидант_3,typical,"Энергия ВЗМО, эВ",,-4.98
Антиоксидант_3,typical,"Энергия НСМО, эВ",,-0.22
Антиоксидант_3,typical,"Энергия диссоциации связи Х-Н, ккал/моль",,361.94
Антиоксидант_4,typical,"Активный Азот / Кислород, % масс. (N или O)",,4.43
Антиоксидант_4,typical,"Дипольный момент, Д",,0.54
Антиоксидант_4,typical,"Потенциал ионизации,эВ",,7.18
Антиоксидант_4,typical,"Стерический фактор, Å3",,57.7
Антиоксидант_4,typical,"Температура плавления, °C",,-31.0
Антиоксидант_4,typical,"Химический потенциал, Дж/моль",,-2.75
Антиоксидант_4,typical,"Щелочное число, ASTM D2896",,0.0
Антиоксидант_4,typical,"Энергия ВЗМО, эВ",,-4.98
Антиоксидант_4,typical,"Энергия НСМО, эВ",,-0.22
Антиоксидант_4,typical,"Энергия диссоциации связи Х-Н, ккал/моль",,361.94
Антиоксидант_6,typical,"Активный Азот / Кислород, % масс. (N или O)",,4.102564103
Антиоксидант_6,typical,"Дипольный момент, Д",,2.58
Антиоксидант_6,typical,"Кинематическая вязкость, при 100°C, ASTM D445",,9.5
Антиоксидант_6,typical,"Потенциал ионизации,эВ",,7.2
Антиоксидант_6,typical,"Стерический фактор, Å3",,62.4
Антиоксидант_6,typical,"Температура плавления, °C",,-31.0
Антиоксидант_6,typical,"Химический потенциал, Дж/моль",,-2.84
Антиоксидант_6,typical,"Щелочное число, ASTM D2896",,0.0
Антиоксидант_6,typical,"Энергия ВЗМО, эВ",,-5.73
Антиоксидант_6,typical,"Энергия НСМО, эВ",,-0.05
Антиоксидант_6,typical,"Энергия диссоциации связи Х-Н, ккал/моль",,362.92
Антиоксидант_7,typical,"Активный Азот / Кислород, % масс. (N или O)",,4.43
Антиоксидант_7,typical,"Дипольный момент, Д",,0.54
Антиоксидант_7,typical,"Кинематическая вязкость, при 100°C, ASTM D445",,10.51
Антиоксидант_7,typical,"Потенциал ионизации,эВ",,7.18
Антиоксидант_7,typical,"Стерический фактор, Å3",,57.7
Антиоксидант_7,typical,"Температура плавления, °C",,-31.0
Антиоксидант_7,typical,"Химический потенциал, Дж/моль",,-2.75
Антиоксидант_7,typical,"Щелочное число, ASTM D2896",,0.0
Антиоксидант_7,typical,"Энергия ВЗМО, эВ",,-4.98
Антиоксидант_7,typical,"Энергия НСМО, эВ",,-0.22
Антиоксидант_7,typical,"Энергия диссоциации связи Х-Н, ккал/моль",,361.94
Антиоксидант_8,typical,"Активный Азот / Кислород, % масс. (N или O)",,4.102564103
Антиоксидант_8,typical,"Дипольный момент, Д",,1.66
Антиоксидант_8,typical,"Потенциал ионизации,эВ",,7.18
Антиоксидант_8,typical,"Стерический фактор, Å3",,62.4
Антиоксидант_8,typical,"Температура плавления, °C",,-31.0
Антиоксидант_8,typical,"Химический потенциал, Дж/моль",,-2.75
Антиоксидант_8,typical,"Щелочное число, ASTM D2896",,0.0
Антиоксидант_8,typical,"Энергия ВЗМО, эВ",,-5.58
Антиоксидант_8,typical,"Энергия НСМО, эВ",,0.035
Антиоксидант_8,typical,"Энергия диссоциации связи Х-Н, ккал/моль",,355.19
Антиоксидант_9,typical,"Активный Азот / Кислород, % масс. (N или O)",,4.43
Антиоксидант_9,typical,"Дипольный момент, Д",,0.54
Антиоксидант_9,typical,"Кинематическая вязкость, при 100°C, ASTM D445",,8.5
Антиоксидант_9,typical,"Потенциал ионизации,эВ",,7.18
Антиоксидант_9,typical,"Стерический фактор, Å3",,57.7
Антиоксидант_9,typical,"Температура плавления, °C",,-31.0
Антиоксидант_9,typical,"Химический потенциал, Дж/моль",,-2.75
Антиоксидант_9,typical,"Щелочное число, ASTM D2896",,0.0
Антиоксидант_9,typical,"Энергия ВЗМО, эВ",,-4.98
Антиоксидант_9,typical,"Энергия НСМО, эВ",,-0.22
Антиоксидант_9,typical,"Энергия диссоциации связи Х-Н, ккал/моль",,361.94
Антипенная_присадка_3,б/н,"Массовая доля кальция, ASTM D6481",,0.0
Антипенная_присадка_3,б/н,"Массовая доля серы, ASTM D6481",,0.0
Антипенная_присадка_3,б/н,"Массовая доля фосфора, ASTM D6481",,0.0
Антипенная_присадка_3,б/н,"Массовая доля цинка, ASTM D6481",,0.0
Базовое_масло_1,01044.23,Анилиновая точка,,68.4
Базовое_масло_1,01044.23,Группа по API,,2.0
Базовое_масло_1,01044.23,Деэм.вода | ASTM D1401,,41.0
Базовое_масло_1,01044.23,Деэм.время | ASTM D1401,,30.0
Базовое_масло_1,01044.23,Деэм.масло | ASTM D1401,,39.0
Базовое_масло_1,01044.23,Деэм.эмульсия | ASTM D1401,,0.0
Базовое_масло_1,01044.23,"Динамическая вязкость CCS -15°C, ASTM D5293",,500.0
Базовое_масло_1,01044.23,"Динамическая вязкость CCS -20°C, ASTM D5293",,777.0
Базовое_масло_1,01044.23,"Динамическая вязкость CCS -25°C, ASTM D5293",,1269.0
Базовое_масло_1,01044.23,"Динамическая вязкость CCS -30°C, ASTM D5293",,2253.0
Базовое_масло_1,01044.23,"Динамическая вязкость CCS -35°C, ASTM D5293",,4187.0
Базовое_масло_1,01044.23,"Индекс вязкости, ГОСТ 25371",,113.0
Базовое_масло_1,01044.23,"Испаряемость по NOACK, ASTM D5800",,14.5
Базовое_масло_1,01044.23,"Кинематическая вязкость, при 100°C, ASTM D445",,4.445
Базовое_масло_1,01044.23,"Кинематическая вязкость, при 40°C, ASTM D445",,22.02
Базовое_масло_1,01044.23,"Массовая доля кальция, ASTM D6481",,0.00092
Базовое_масло_1,01044.23,"Массовая доля серы, ASTM D6481",,0.0078
Базовое_масло_1,01044.23,"Массовая доля фосфора, ASTM D6481",,0.0031
Базовое_масло_1,01044.23,"Массовая доля цинка, ASTM D6481",,1e-05
Базовое_масло_1,01044.23,"Плотность при 15°С, ASTM D4052",,843.475
Базовое_масло_1,01044.23,"Плотность при 20°С, ASTM D4052",,840.2500000000001
Базовое_масло_1,01044.23,Последовательность 1 | ASTM D892,,0.0
Базовое_масло_1,01044.23,Последовательность 2 | ASTM D892,,0.0
Базовое_масло_1,01044.23,Последовательность 3 | ASTM D892,,0.0
Базовое_масло_1,01044.23,"Температура застывания, ГОСТ 20287, метод Б",,-22.0
Базовое_масло_1,01044.23,Цвет Сейболт | -,,30.0
Базовое_масло_1,01509.24,Анилиновая точка,,68.4
Базовое_масло_1,01509.24,Группа по API,,2.0
Базовое_масло_1,01509.24,Деэм.вода | ASTM D1401,,40.16666666666666
Базовое_масло_1,01509.24,Деэм.время | ASTM D1401,,5.0
Базовое_масло_1,01509.24,Деэм.масло | ASTM D1401,,39.833333333333336
Базовое_масло_1,01509.24,Деэм.эмульсия | ASTM D1401,,0.0
Базовое_масло_1,01509.24,"Динамическая вязкость CCS -15°C, ASTM D5293",,517.0
Базовое_масло_1,01509.24,"Динамическая вязкость CCS -20°C, ASTM D5293",,863.0
Базовое_масло_1,01509.24,"Динамическая вязкость CCS -25°C, ASTM D5293",,1407.0
Базовое_масло_1,01509.24,"Динамическая вязкость CCS -30°C, ASTM D5293",,2461.0
Базовое_масло_1,01509.24,"Динамическая вязкость CCS -35°C, ASTM D5293",,4719.0
Базовое_масло_1,01509.24,"Индекс вязкости, ГОСТ 25371",,110.0
Базовое_масло_1,01509.24,"Испаряемость по NOACK, ASTM D5800",,14.2
Базовое_масло_1,01509.24,"Кинематическая вязкость, при 100°C, ASTM D445",,4.5
Базовое_масло_1,01509.24,"Кинематическая вязкость, при 40°C, ASTM D445",,22.76
Базовое_масло_1,01509.24,"Массовая доля кальция, ASTM D6481",,0.0002
Базовое_масло_1,01509.24,"Массовая доля серы, ASTM D6481",,0.0003999999999999
Базовое_масло_1,01509.24,"Массовая доля фосфора, ASTM D6481",,0.0001
Базовое_масло_1,01509.24,"Массовая доля цинка, ASTM D6481",,7.857142857142858e-05
Базовое_масло_1,01509.24,"Плотность при 15°С, ASTM D4052",,843.6
Базовое_масло_1,01509.24,"Плотность при 20°С, ASTM D4052",,840.2
Базовое_масло_1,01509.24,Последовательность 1 | ASTM D892,,0.0
Базовое_масло_1,01509.24,Последовательность 2 | ASTM D892,,0.0
Базовое_масло_1,01509.24,Последовательность 3 | ASTM D892,,0.0
Базовое_масло_1,01509.24,"Температура застывания, ГОСТ 20287, метод Б",,-28.0
Базовое_масло_1,01509.24,Цвет Сейболт | -,,30.0
Базовое_масло_1,01595.25,Анилиновая точка,,68.4
Базовое_масло_1,01595.25,Группа по API,,2.0
Базовое_масло_1,01595.25,Деэм.вода | ASTM D1401,,40.16666666666666
Базовое_масло_1,01595.25,Деэм.время | ASTM D1401,,5.0
Базовое_масло_1,01595.25,Деэм.масло | ASTM D1401,,39.833333333333336
Базовое_масло_1,01595.25,Деэм.эмульсия | ASTM D1401,,0.0
Базовое_масло_1,01595.25,"Динамическая вязкость CCS -15°C, ASTM D5293",,508.54545454545456
Базовое_масло_1,01595.25,"Динамическая вязкость CCS -20°C, ASTM D5293",,790.0
Базовое_масло_1,01595.25,"Динамическая вязкость CCS -25°C, ASTM D5293",,1338.0
Базовое_масло_1,01595.25,"Динамическая вязкость CCS -30°C, ASTM D5293",,2348.0
Базовое_масло_1,01595.25,"Динамическая вязкость CCS -35°C, ASTM D5293",,4420.0
Базовое_масло_1,01595.25,"Индекс вязкости, ГОСТ 25371",,113.3846153846154
Базовое_масло_1,01595.25,"Испаряемость по NOACK, ASTM D5800",,14.2
Базовое_масло_1,01595.25,"Кинематическая вязкость, при 100°C, ASTM D445",,4.48
Базовое_масло_1,01595.25,"Кинематическая вязкость, при 40°C, ASTM D445",,22.35
Базовое_масло_1,01595.25,"Массовая доля кальция, ASTM D6481",,0.0002
Базовое_масло_1,01595.25,"Массовая доля серы, ASTM D6481",,0.0003999999999999
Базовое_масло_1,01595.25,"Массовая доля фосфора, ASTM D6481",,0.0001
Базовое_масло_1,01595.25,"Массовая доля цинка, ASTM D6481",,7.857142857142858e-05
Базовое_масло_1,01595.25,"Плотность при 15°С, ASTM D4052",,843.475
Базовое_масло_1,01595.25,"Плотность при 20°С, ASTM D4052",,840.2500000000001
Базовое_масло_1,01595.25,Последовательность 1 | ASTM D892,,0.0
Базовое_масло_1,01595.25,Последовательность 2 | ASTM D892,,0.0
Базовое_масло_1,01595.25,Последовательность 3 | ASTM D892,,0.0
Базовое_масло_1,01595.25,"Температура застывания, ГОСТ 20287, метод Б",,-24.454545454545453
Базовое_масло_1,01595.25,Цвет Сейболт | -,,30.0
Базовое_масло_1,01941.23,Анилиновая точка,,68.4
Базовое_масло_1,01941.23,Группа по API,,2.0
Базовое_масло_1,01941.23,Деэм.вода | ASTM D1401,,41.0
Базовое_масло_1,01941.23,Деэм.время | ASTM D1401,,5.0
Базовое_масло_1,01941.23,Деэм.масло | ASTM D1401,,39.0
Базовое_масло_1,01941.23,Деэм.эмульсия | ASTM D1401,,0.0
Базовое_масло_1,01941.23,"Динамическая вязкость CCS -15°C, ASTM D5293",,524.0
Базовое_масло_1,01941.23,"Динамическая вязкость CCS -20°C, ASTM D5293",,818.0
Базовое_масло_1,01941.23,"Динамическая вязкость CCS -25°C, ASTM D5293",,1235.0
Базовое_масло_1,01941.23,"Динамическая вязкость CCS -30°C, ASTM D5293",,2332.0
Базовое_масло_1,01941.23,"Динамическая вязкость CCS -35°C, ASTM D5293",,4335.0
Базовое_масло_1,01941.23,"Индекс вязкости, ГОСТ 25371",,112.0
Базовое_масло_1,01941.23,"Испаряемость по NOACK, ASTM D5800",,13.5
Базовое_масло_1,01941.23,"Кинематическая вязкость, при 100°C, ASTM D445",,4.5
Базовое_масло_1,01941.23,"Кинематическая вязкость, при 40°C, ASTM D445",,22.52
Базовое_масло_1,01941.23,"Массовая доля кальция, ASTM D6481",,0.0042
Базовое_масло_1,01941.23,"Массовая доля серы, ASTM D6481",,0.0049
Базовое_масло_1,01941.23,"Массовая доля фосфора, ASTM D6481",,0.0055
Базовое_масло_1,01941.23,"Массовая доля цинка, ASTM D6481",,0.0001
Базовое_масло_1,01941.23,"Плотность при 15°С, ASTM D4052",,843.475
Базовое_масло_1,01941.23,"Плотность при 20°С, ASTM D4052",,840.2500000000001
Базовое_масло_1,01941.23,Последовательность 1 | ASTM D892,,0.0
Базовое_масло_1,01941.23,Последовательность 2 | ASTM D892,,0.0
Базовое_масло_1,01941.23,Последовательность 3 | ASTM D892,,0.0
Базовое_масло_1,01941.23,"Температура застывания, ГОСТ 20287, метод Б",,-25.0
Базовое_масло_1,01941.23,Цвет Сейболт | -,,30.0
Базовое_масло_1,01987.25,Анилиновая точка,,68.4
Базовое_масло_1,01987.25,Группа по API,,2.0
Базовое_масло_1,01987.25,Деэм.вода | ASTM D1401,,40.16666666666666
Базовое_масло_1,01987.25,Деэм.время | ASTM D1401,,5.0
Базовое_масло_1,01987.25,Деэм.масло | ASTM D1401,,39.833333333333336
Базовое_масло_1,01987.25,Деэм.эмульсия | ASTM D1401,,0.0
Базовое_масло_1,01987.25,"Динамическая вязкость CCS -15°C, ASTM D5293",,507.0
Базовое_масло_1,01987.25,"Динамическая вязкость CCS -20°C, ASTM D5293",,809.0
Базовое_масло_1,01987.25,"Динамическая вязкость CCS -25°C, ASTM D5293",,1338.0
Базовое_масло_1,01987.25,"Динамическая вязкость CCS -30°C, ASTM D5293",,2338.0
Базовое_масло_1,01987.25,"Динамическая вязкость CCS -35°C, ASTM D5293",,4319.375
Базовое_масло_1,01987.25,"Индекс вязкости, ГОСТ 25371",,115.0
Базовое_масло_1,01987.25,"Испаряемость по NOACK, ASTM D5800",,14.2
Базовое_масло_1,01987.25,"Кинематическая вязкость, при 100°C, ASTM D445",,4.51
Базовое_масло_1,01987.25,"Кинематическая вязкость, при 40°C, ASTM D445",,22.35
Базовое_масло_1,01987.25,"Массовая доля кальция, ASTM D6481",,0.0002
Базовое_масло_1,01987.25,"Массовая доля серы, ASTM D6481",,0.0003999999999999
Базовое_масло_1,01987.25,"Массовая доля фосфора, ASTM D6481",,0.0001
Базовое_масло_1,01987.25,"Массовая доля цинка, ASTM D6481",,7.857142857142858e-05
Базовое_масло_1,01987.25,"Плотность при 15°С, ASTM D4052",,843.7
Базовое_масло_1,01987.25,"Плотность при 20°С, ASTM D4052",,840.6
Базовое_масло_1,01987.25,Последовательность 1 | ASTM D892,,0.0
Базовое_масло_1,01987.25,Последовательность 2 | ASTM D892,,0.0
Базовое_масло_1,01987.25,Последовательность 3 | ASTM D892,,0.0
Базовое_масло_1,01987.25,"Температура застывания, ГОСТ 20287, метод Б",,-24.454545454545453
Базовое_масло_1,01987.25,Цвет Сейболт | -,,30.0
Базовое_масло_1,02228.25,Анилиновая точка,,68.4
Базовое_масло_1,02228.25,Группа по API,,2.0
Базовое_масло_1,02228.25,Деэм.вода | ASTM D1401,,40.16666666666666
Базовое_масло_1,02228.25,Деэм.время | ASTM D1401,,5.0
Базовое_масло_1,02228.25,Деэм.масло | ASTM D1401,,39.833333333333336
Базовое_масло_1,02228.25,Деэм.эмульсия | ASTM D1401,,0.0
Базовое_масло_1,02228.25,"Динамическая вязкость CCS -15°C, ASTM D5293",,508.54545454545456
Базовое_масло_1,02228.25,"Динамическая вязкость CCS -20°C, ASTM D5293",,800.2666666666667
Базовое_масло_1,02228.25,"Динамическая вязкость CCS -25°C, ASTM D5293",,1311.8
Базовое_масло_1,02228.25,"Динамическая вязкость CCS -30°C, ASTM D5293",,2310.6875
Базовое_масло_1,02228.25,"Динамическая вязкость CCS -35°C, ASTM D5293",,4319.375
Базовое_масло_1,02228.25,"Индекс вязкости, ГОСТ 25371",,113.3846153846154
Базовое_масло_1,02228.25,"Испаряемость по NOACK, ASTM D5800",,14.2
Базовое_масло_1,02228.25,"Кинематическая вязкость, при 100°C, ASTM D445",,4.444
Базовое_масло_1,02228.25,"Кинематическая вязкость, при 40°C, ASTM D445",,21.75
Базовое_масло_1,02228.25,"Массовая доля кальция, ASTM D6481",,0.0002
Базовое_масло_1,02228.25,"Массовая доля серы, ASTM D6481",,0.0003999999999999
Базовое_масло_1,02228.25,"Массовая доля фосфора, ASTM D6481",,0.0001
Базовое_масло_1,02228.25,"Массовая доля цинка, ASTM D6481",,7.857142857142858e-05
Базовое_масло_1,02228.25,"Плотность при 15°С, ASTM D4052",,843.475
Базовое_масло_1,02228.25,"Плотность при 20°С, ASTM D4052",,840.2500000000001
Базовое_масло_1,02228.25,Последовательность 1 | ASTM D892,,0.0
Базовое_масло_1,02228.25,Последовательность 2 | ASTM D892,,0.0
Базовое_масло_1,02228.25,Последовательность 3 | ASTM D892,,0.0
Базовое_масло_1,02228.25,"Температура застывания, ГОСТ 20287, метод Б",,-24.454545454545453
Базовое_масло_1,02228.25,Цвет Сейболт | -,,30.0
Базовое_масло_1,02375.24,Анилиновая точка,,68.4
Базовое_масло_1,02375.24,Группа по API,,2.0
Базовое_масло_1,02375.24,Деэм.вода | ASTM D1401,,40.16666666666666
Базовое_масло_1,02375.24,Деэм.время | ASTM D1401,,5.0
Базовое_масло_1,02375.24,Деэм.масло | ASTM D1401,,39.833333333333336
Базовое_масло_1,02375.24,Деэм.эмульсия | ASTM D1401,,0.0
Базовое_масло_1,02375.24,"Динамическая вязкость CCS -15°C, ASTM D5293",,491.0
Базовое_масло_1,02375.24,"Динамическая вязкость CCS -20°C, ASTM D5293",,777.0
Базовое_масло_1,02375.24,"Динамическая вязкость CCS -25°C, ASTM D5293",,1321.0
Базовое_масло_1,02375.24,"Динамическая вязкость CCS -30°C, ASTM D5293",,2359.0
Базовое_масло_1,02375.24,"Динамическая вязкость CCS -35°C, ASTM D5293",,4319.375
Базовое_масло_1,02375.24,"Индекс вязкости, ГОСТ 25371",,112.0
Базовое_масло_1,02375.24,"Испаряемость по NOACK, ASTM D5800",,14.2
Базовое_масло_1,02375.24,"Кинематическая вязкость, при 100°C, ASTM D445",,4.52
Базовое_масло_1,02375.24,"Кинематическая вязкость, при 40°C, ASTM D445",,22.72
Базовое_масло_1,02375.24,"Массовая доля кальция, ASTM D6481",,0.0002
Базовое_масло_1,02375.24,"Массовая доля серы, ASTM D6481",,0.0003999999999999
Базовое_масло_1,02375.24,"Массовая доля фосфора, ASTM D6481",,0.0001
Базовое_масло_1,02375.24,"Массовая доля цинка, ASTM D6481",,7.857142857142858e-05
Базовое_масло_1,02375.24,"Плотность при 15°С, ASTM D4052",,843.475
Базовое_масло_1,02375.24,"Плотность при 20°С, ASTM D4052",,840.2500000000001
Базовое_масло_1,02375.24,Последовательность 1 | ASTM D892,,0.0
Базовое_масло_1,02375.24,Последовательность 2 | ASTM D892,,0.0
Базовое_масло_1,02375.24,Последовательность 3 | ASTM D892,,0.0
Базовое_масло_1,02375.24,"Температура застывания, ГОСТ 20287, метод Б",,-26.0
Базовое_масло_1,02375.24,Цвет Сейболт | -,,30.0
Базовое_масло_1,0248.24,Анилиновая точка,,68.4
Базовое_масло_1,0248.24,Группа по API,,2.0
Базовое_масло_1,0248.24,Деэм.вода | ASTM D1401,,40.0
Базовое_масло_1,0248.24,Деэм.время | ASTM D1401,,5.0
Базовое_масло_1,0248.24,Деэм.масло | ASTM D1401,,40.0
Базовое_масло_1,0248.24,Деэм.эмульсия | ASTM D1401,,0.0
Базовое_масло_1,0248.24,"Динамическая вязкость CCS -15°C, ASTM D5293",,530.0
Базовое_масло_1,0248.24,"Динамическая вязкость CCS -20°C, ASTM D5293",,829.0
Базовое_масло_1,0248.24,"Динамическая вязкость CCS -25°C, ASTM D5293",,1373.0
Базовое_масло_1,0248.24,"Динамическая вязкость CCS -30°C, ASTM D5293",,2418.0
Базовое_масло_1,0248.24,"Динамическая вязкость CCS -35°C, ASTM D5293",,4530.0
Базовое_масло_1,0248.24,"Индекс вязкости, ГОСТ 25371",,112.0
Базовое_масло_1,0248.24,"Испаряемость по NOACK, ASTM D5800",,14.2
Базовое_масло_1,0248.24,"Кинематическая вязкость, при 100°C, ASTM D445",,4.51
Базовое_масло_1,0248.24,"Кинематическая вязкость, при 40°C, ASTM D445",,22.64
Базовое_масло_1,0248.24,"Массовая доля кальция, ASTM D6481",,0.0002
Базовое_масло_1,0248.24,"Массовая доля серы, ASTM D6481",,0.0009
Базовое_масло_1,0248.24,"Массовая доля фосфора, ASTM D6481",,0.0001
Базовое_масло_1,0248.24,"Массовая доля цинка, ASTM D6481",,0.0001
Базовое_масло_1,0248.24,"Плотность при 15°С, ASTM D4052",,843.475
Базовое_масло_1,0248.24,"Плотность при 20°С, ASTM D4052",,840.2500000000001
Базовое_масло_1,0248.24,Последовательность 1 | ASTM D892,,0.0
Базовое_масло_1,0248.24,Последовательность 2 | ASTM D892,,0.0
Базовое_масло_1,0248.24,Последовательность 3 | ASTM D892,,0.0
Базовое_масло_1,0248.24,"Температура застывания, ГОСТ 20287, метод Б",,-24.0
Базовое_масло_1,0248.24,Цвет Сейболт | -,,30.0
Базовое_масло_1,02509.25,Анилиновая точка,,68.4
Базовое_масло_1,02509.25,Группа по API,,2.0
Базовое_масло_1,02509.25,Деэм.вода | ASTM D1401,,40.16666666666666
Базовое_масло_1,02509.25,Деэм.время | ASTM D1401,,5.0
Базовое_масло_1,02509.25,Деэм.масло | ASTM D1401,,39.833333333333336
Базовое_масло_1,02509.25,Деэм.эмульсия | ASTM D1401,,0.0
Базовое_масло_1,02509.25,"Динамическая вязкость CCS -15°C, ASTM D5293",,477.0
Базовое_масло_1,02509.25,"Динамическая вязкость CCS -20°C, ASTM D5293",,746.0
Базовое_масло_1,02509.25,"Динамическая вязкость CCS -25°C, ASTM D5293",,1233.0
Базовое_масло_1,02509.25,"Динамическая вязкость CCS -30°C, ASTM D5293",,2112.0
Базовое_масло_1,02509.25,"Динамическая вязкость CCS -35°C, ASTM D5293",,4319.375
Базовое_масло_1,02509.25,"Индекс вязкости, ГОСТ 25371",,113.3846153846154
Базовое_масло_1,02509.25,"Испаряемость по NOACK, ASTM D5800",,14.2
Базовое_масло_1,02509.25,"Кинематическая вязкость, при 100°C, ASTM D445",,4.428
Базовое_масло_1,02509.25,"Кинематическая вязкость, при 40°C, ASTM D445",,21.61
Базовое_масло_1,02509.25,"Массовая доля кальция, ASTM D6481",,0.0002
Базовое_масло_1,02509.25,"Массовая доля серы, ASTM D6481",,0.0003999999999999
Базовое_масло_1,02509.25,"Массовая доля фосфора, ASTM D6481",,0.0001
Базовое_масло_1,02509.25,"Массовая доля цинка, ASTM D6481",,7.857142857142858e-05
Базовое_масло_1,02509.25,"Плотность при 15°С, ASTM D4052",,843.475
Базовое_масло_1,02509.25,"Плотность при 20°С, ASTM D4052",,840.2500000000001
Базовое_масло_1,02509.25,Последовательность 1 | ASTM D892,,0.0
Базовое_масло_1,02509.25,Последовательность 2 | ASTM D892,,0.0
Базовое_масло_1,02509.25,Последовательность 3 | ASTM D892,,0.0
Базовое_масло_1,02509.25,"Температура застывания, ГОСТ 20287, метод Б",,-24.454545454545453
Базовое_масло_1,02509.25,Цвет Сейболт | -,,30.0
Базовое_масло_1,02593.23,Анилиновая точка,,68.4
Базовое_масло_1,02593.23,Группа по API,,2.0
Базовое_масло_1,02593.23,Деэм.вода | ASTM D1401,,40.16666666666666
Базовое_масло_1,02593.23,Деэм.время | ASTM D1401,,5.0
Базовое_масло_1,02593.23,Деэм.масло | ASTM D1401,,39.833333333333336
Базовое_масло_1,02593.23,Деэм.эмульсия | ASTM D1401,,0.0
Базовое_масло_1,02593.23,"Динамическая вязкость CCS -15°C, ASTM D5293",,508.54545454545456
Базовое_масло_1,02593.23,"Динамическая вязкость CCS -20°C, ASTM D5293",,800.2666666666667
Базовое_масло_1,02593.23,"Динамическая вязкость CCS -25°C, ASTM D5293",,1311.8
Базовое_масло_1,02593.23,"Динамическая вязкость CCS -30°C, ASTM D5293",,2303.0
Базовое_масло_1,02593.23,"Динамическая вязкость CCS -35°C, ASTM D5293",,4319.375
Базовое_масло_1,02593.23,"Индекс вязкости, ГОСТ 25371",,112.0
Базовое_масло_1,02593.23,"Испаряемость по NOACK, ASTM D5800",,14.2
Базовое_масло_1,02593.23,"Кинематическая вязкость, при 100°C, ASTM D445",,4.48
Базовое_масло_1,02593.23,"Кинематическая вязкость, при 40°C, ASTM D445",,22.36
Базовое_масло_1,02593.23,"Массовая доля кальция, ASTM D6481",,0.0002
Базовое_масло_1,02593.23,"Массовая доля серы, ASTM D6481",,0.0001
Базовое_масло_1,02593.23,"Массовая доля фосфора, ASTM D6481",,0.0001
Базовое_масло_1,02593.23,"Массовая доля цинка, ASTM D6481",,7.857142857142858e-05
Базовое_масло_1,02593.23,"Плотность при 15°С, ASTM D4052",,843.475
Базовое_масло_1,02593.23,"Плотность при 20°С, ASTM D4052",,840.2500000000001
Базовое_масло_1,02593.23,Последовательность 1 | ASTM D892,,0.0
Базовое_масло_1,02593.23,Последовательность 2 | ASTM D892,,0.0
Базовое_масло_1,02593.23,Последовательность 3 | ASTM D892,,0.0
Базовое_масло_1,02593.23,"Температура застывания, ГОСТ 20287, метод Б",,-24.454545454545453
Базовое_масло_1,02593.23,Цвет Сейболт | -,,30.0
Базовое_масло_1,03004.23,Анилиновая точка,,68.4
Базовое_масло_1,03004.23,Группа по API,,2.0
Базовое_масло_1,03004.23,Деэм.вода | ASTM D1401,,40.0
Базовое_масло_1,03004.23,Деэм.время | ASTM D1401,,5.0
Базовое_масло_1,03004.23,Деэм.масло | ASTM D1401,,40.0
Базовое_масло_1,03004.23,Деэм.эмульсия | ASTM D1401,,0.0
Базовое_масло_1,03004.23,"Динамическая вязкость CCS -15°C, ASTM D5293",,518.0
Базовое_масло_1,03004.23,"Динамическая вязкость CCS -20°C, ASTM D5293",,800.0
Базовое_масло_1,03004.23,"Динамическая вязкость CCS -25°C, ASTM D5293",,1321.0
Базовое_масло_1,03004.23,"Динамическая вязкость CCS -30°C, ASTM D5293",,2309.0
Базовое_масло_1,03004.23,"Динамическая вязкость CCS -35°C, ASTM D5293",,4319.375
Базовое_масло_1,03004.23,"Индекс вязкости, ГОСТ 25371",,112.0
Базовое_масло_1,03004.23,"Испаряемость по NOACK, ASTM D5800",,14.0
Базовое_масло_1,03004.23,"Кинематическая вязкость, при 100°C, ASTM D445",,4.46
Базовое_масло_1,03004.23,"Кинематическая вязкость, при 40°C, ASTM D445",,22.26
Базовое_масло_1,03004.23,"Массовая доля кальция, ASTM D6481",,0.0003
Базовое_масло_1,03004.23,"Массовая доля серы, ASTM D6481",,0.0002
Базовое_масло_1,03004.23,"Массовая доля фосфора, ASTM D6481",,0.0001
Базовое_масло_1,03004.23,"Массовая доля цинка, ASTM D6481",,0.0001
Базовое_масло_1,03004.23,"Плотность при 15°С, ASTM D4052",,843.475
Базовое_масло_1,03004.23,"Плотность при 20°С, ASTM D4052",,840.2500000000001
Базовое_масло_1,03004.23,Последовательность 1 | ASTM D892,,0.0
Базовое_масло_1,03004.23,Последовательность 2 | ASTM D892,,0.0
Базовое_масло_1,03004.23,Последовательность 3 | ASTM D892,,50.0
Базовое_масло_1,03004.23,"Температура застывания, ГОСТ 20287, метод Б",,-24.0
Базовое_масло_1,03004.23,Цвет Сейболт | -,,30.0
Базовое_масло_1,0318.25,Анилиновая точка,,68.4
Базовое_масло_1,0318.25,Группа по API,,2.0
Базовое_масло_1,0318.25,Деэм.вода | ASTM D1401,,40.16666666666666
Базовое_масло_1,0318.25,Деэм.время | ASTM D1401,,5.0
Базовое_масло_1,0318.25,Деэм.масло | ASTM D1401,,39.833333333333336
Базовое_масло_1,0318.25,Деэм.эмульсия | ASTM D1401,,0.0
Базовое_масло_1,0318.25,"Динамическая вязкость CCS -15°C, ASTM D5293",,508.54545454545456
Базовое_масло_1,0318.25,"Динамическая вязкость CCS -20°C, ASTM D5293",,784.0
Базовое_масло_1,0318.25,"Динамическая вязкость CCS -25°C, ASTM D5293",,1294.0
Базовое_масло_1,0318.25,"Динамическая вязкость CCS -30°C, ASTM D5293",,2234.0
Базовое_масло_1,0318.25,"Динамическая вязкость CCS -35°C, ASTM D5293",,4319.375
Базовое_масло_1,0318.25,"Индекс вязкости, ГОСТ 25371",,113.3846153846154
Базовое_масло_1,0318.25,"Испаряемость по NOACK, ASTM D5800",,14.2
Базовое_масло_1,0318.25,"Кинематическая вязкость, при 100°C, ASTM D445",,4.44
Базовое_масло_1,0318.25,"Кинематическая вязкость, при 40°C, ASTM D445",,21.8
Базовое_масло_1,0318.25,"Массовая доля кальция, ASTM D6481",,0.0002
Базовое_масло_1,0318.25,"Массовая доля серы, ASTM D6481",,0.0003999999999999
Базовое_масло_1,0318.25,"Массовая доля фосфора, ASTM D6481",,0.0001
Базовое_масло_1,0318.25,"Массовая доля цинка, ASTM D6481",,7.857142857142858e-05
Базовое_масло_1,0318.25,"Плотность при 15°С, ASTM D4052",,843.475
Базовое_масло_1,0318.25,"Плотность при 20°С, ASTM D4052",,840.2500000000001
Базовое_масло_1,0318.25,Последовательность 1 | ASTM D892,,0.0
Базовое_масло_1,0318.25,Последовательность 2 | ASTM D892,,0.0
Базовое_масло_1,0318.25,Последовательность 3 | ASTM D892,,0.0
Базовое_масло_1,0318.25,"Температура застывания, ГОСТ 20287, метод Б",,-24.454545454545453
Базовое_масло_1,0318.25,Цвет Сейболт | -,,30.0
Базовое_масло_1,03616.23,Анилиновая точка,,68.4
Базовое_масло_1,03616.23,Группа по API,,2.0
Базовое_масло_1,03616.23,Деэм.вода | ASTM D1401,,39.0
Базовое_масло_1,03616.23,Деэм.время | ASTM D1401,,5.0
Базовое_масло_1,03616.23,Деэм.масло | ASTM D1401,,41.0
Базовое_масло_1,03616.23,Деэм.эмульсия | ASTM D1401,,0.0
Базовое_масло_1,03616.23,"Динамическая вязкость CCS -15°C, ASTM D5293",,527.0
Базовое_масло_1,03616.23,"Динамическая вязкость CCS -20°C, ASTM D5293",,827.0
Базовое_масло_1,03616.23,"Динамическая вязкость CCS -25°C, ASTM D5293",,1350.0
Базовое_масло_1,03616.23,"Динамическая вязкость CCS -30°C, ASTM D5293",,2365.0
Базовое_масло_1,03616.23,"Динамическая вязкость CCS -35°C, ASTM D5293",,4319.375
Базовое_масло_1,03616.23,"Индекс вязкости, ГОСТ 25371",,111.0
Базовое_масло_1,03616.23,"Испаряемость по NOACK, ASTM D5800",,15.1
Базовое_масло_1,03616.23,"Кинематическая вязкость, при 100°C, ASTM D445",,4.47
Базовое_масло_1,03616.23,"Кинематическая вязкость, при 40°C, ASTM D445",,22.4
Базовое_масло_1,03616.23,"Массовая доля кальция, ASTM D6481",,0.0002
Базовое_масло_1,03616.23,"Массовая доля серы, ASTM D6481",,0.0006
Базовое_масло_1,03616.23,"Массовая доля фосфора, ASTM D6481",,0.0001
Базовое_масло_1,03616.23,"Массовая доля цинка, ASTM D6481",,0.0001
Базовое_масло_1,03616.23,"Плотность при 15°С, ASTM D4052",,843.475
Базовое_масло_1,03616.23,"Плотность при 20°С, ASTM D4052",,840.2500000000001
Базовое_масло_1,03616.23,Последовательность 1 | ASTM D892,,0.0
Базовое_масло_1,03616.23,Последовательность 2 | ASTM D892,,0.0
Базовое_масло_1,03616.23,Последовательность 3 | ASTM D892,,0.0
Базовое_масло_1,03616.23,"Температура застывания, ГОСТ 20287, метод Б",,-24.0
Базовое_масло_1,03616.23,Цвет Сейболт | -,,30.0
Базовое_масло_1,069.23,Анилиновая точка,,68.4
Базовое_масло_1,069.23,Группа по API,,2.0
Базовое_масло_1,069.23,Деэм.вода | ASTM D1401,,40.0
Базовое_масло_1,069.23,Деэм.время | ASTM D1401,,5.0
Базовое_масло_1,069.23,Деэм.масло | ASTM D1401,,40.0
Базовое_масло_1,069.23,Деэм.эмульсия | ASTM D1401,,0.0
Базовое_масло_1,069.23,"Динамическая вязкость CCS -15°C, ASTM D5293",,468.0
Базовое_масло_1,069.23,"Динамическая вязкость CCS -20°C, ASTM D5293",,777.0
Базовое_масло_1,069.23,"Динамическая вязкость CCS -25°C, ASTM D5293",,1273.0
Базовое_масло_1,069.23,"Динамическая вязкость CCS -30°C, ASTM D5293",,2243.0
Базовое_масло_1,069.23,"Динамическая вязкость CCS -35°C, ASTM D5293",,4211.0
Базовое_масло_1,069.23,"Индекс вязкости, ГОСТ 25371",,111.0
Базовое_масло_1,069.23,"Испаряемость по NOACK, ASTM D5800",,14.0
Базовое_масло_1,069.23,"Кинематическая вязкость, при 100°C, ASTM D445",,4.49
Базовое_масло_1,069.23,"Кинематическая вязкость, при 40°C, ASTM D445",,22.54
Базовое_масло_1,069.23,"Массовая доля кальция, ASTM D6481",,0.0001
Базовое_масло_1,069.23,"Массовая доля серы, ASTM D6481",,0.0001
Базовое_масло_1,069.23,"Массовая доля фосфора, ASTM D6481",,0.0001
Базовое_масло_1,069.23,"Массовая доля цинка, ASTM D6481",,0.0001
Базовое_масло_1,069.23,"Плотность при 15°С, ASTM D4052",,843.475
Базовое_масло_1,069.23,"Плотность при 20°С, ASTM D4052",,840.2500000000001
Базовое_масло_1,069.23,Последовательность 1 | ASTM D892,,0.0
Базовое_масло_1,069.23,Последовательность 2 | ASTM D892,,0.0
Базовое_масло_1,069.23,Последовательность 3 | ASTM D892,,0.0
Базовое_масло_1,069.23,"Температура застывания, ГОСТ 20287, метод Б",,-23.0
Базовое_масло_1,069.23,Цвет Сейболт | -,,30.0
Базовое_масло_1,0760.25,Анилиновая точка,,68.4
Базовое_масло_1,0760.25,Группа по API,,2.0
Базовое_масло_1,0760.25,Деэм.вода | ASTM D1401,,40.16666666666666
Базовое_масло_1,0760.25,Деэм.время | ASTM D1401,,5.0
Базовое_масло_1,0760.25,Деэм.масло | ASTM D1401,,39.833333333333336
Базовое_масло_1,0760.25,Деэм.эмульсия | ASTM D1401,,0.0
Базовое_масло_1,0760.25,"Динамическая вязкость CCS -15°C, ASTM D5293",,508.54545454545456
Базовое_масло_1,0760.25,"Динамическая вязкость CCS -20°C, ASTM D5293",,781.0
Базовое_масло_1,0760.25,"Динамическая вязкость CCS -25°C, ASTM D5293",,1258.0
Базовое_масло_1,0760.25,"Динамическая вязкость CCS -30°C, ASTM D5293",,2198.0
Базовое_масло_1,0760.25,"Динамическая вязкость CCS -35°C, ASTM D5293",,4047.0
Базовое_масло_1,0760.25,"Индекс вязкости, ГОСТ 25371",,113.0
Базовое_масло_1,0760.25,"Испаряемость по NOACK, ASTM D5800",,14.2
Базовое_масло_1,0760.25,"Кинематическая вязкость, при 100°C, ASTM D445",,4.43
Базовое_масло_1,0760.25,"Кинематическая вязкость, при 40°C, ASTM D445",,21.84
Базовое_масло_1,0760.25,"Массовая доля кальция, ASTM D6481",,0.0002
Базовое_масло_1,0760.25,"Массовая доля серы, ASTM D6481",,0.0003999999999999
Базовое_масло_1,0760.25,"Массовая доля фосфора, ASTM D6481",,0.0001
Базовое_масло_1,0760.25,"Массовая доля цинка, ASTM D6481",,7.857142857142858e-05
Базовое_масло_1,0760.25,"Плотность при 15°С, ASTM D4052",,843.5
Базовое_масло_1,0760.25,"Плотность при 20°С, ASTM D4052",,840.3
Базовое_масло_1,0760.25,Последовательность 1 | ASTM D892,,0.0
Базовое_масло_1,0760.25,Последовательность 2 | ASTM D892,,0.0
Базовое_масло_1,0760.25,Последовательность 3 | ASTM D892,,0.0
Базовое_масло_1,0760.25,"Температура застывания, ГОСТ 20287, метод Б",,-23.0
Базовое_масло_1,0760.25,Цвет Сейболт | -,,30.0
Базовое_масло_1,0766.24,Анилиновая точка,,68.4
Базовое_масло_1,0766.24,Группа по API,,2.0
Базовое_масло_1,0766.24,Деэм.вода | ASTM D1401,,40.16666666666666
Базовое_масло_1,0766.24,Деэм.время | ASTM D1401,,5.0
Базовое_масло_1,0766.24,Деэм.масло | ASTM D1401,,39.833333333333336
Базовое_масло_1,0766.24,Деэм.эмульсия | ASTM D1401,,0.0
Базовое_масло_1,0766.24,"Динамическая вязкость CCS -15°C, ASTM D5293",,535.0
Базовое_масло_1,0766.24,"Динамическая вязкость CCS -20°C, ASTM D5293",,842.0
Базовое_масло_1,0766.24,"Динамическая вязкость CCS -25°C, ASTM D5293",,1398.0
Базовое_масло_1,0766.24,"Динамическая вязкость CCS -30°C, ASTM D5293",,2472.0
Базовое_масло_1,0766.24,"Динамическая вязкость CCS -35°C, ASTM D5293",,4319.375
Базовое_масло_1,0766.24,"Индекс вязкости, ГОСТ 25371",,113.0
Базовое_масло_1,0766.24,"Испаряемость по NOACK, ASTM D5800",,13.3
Базовое_масло_1,0766.24,"Кинематическая вязкость, при 100°C, ASTM D445",,4.56
Базовое_масло_1,0766.24,"Кинематическая вязкость, при 40°C, ASTM D445",,22.94
Базовое_масло_1,0766.24,"Массовая доля кальция, ASTM D6481",,0.0002
Базовое_масло_1,0766.24,"Массовая доля серы, ASTM D6481",,7e-05
Базовое_масло_1,0766.24,"Массовая доля фосфора, ASTM D6481",,2e-05
Базовое_масло_1,0766.24,"Массовая доля цинка, ASTM D6481",,4e-05
Базовое_масло_1,0766.24,"Плотность при 15°С, ASTM D4052",,843.475
Базовое_масло_1,0766.24,"Плотность при 20°С, ASTM D4052",,840.2500000000001
Базовое_масло_1,0766.24,Последовательность 1 | ASTM D892,,0.0
Базовое_масло_1,0766.24,Последовательность 2 | ASTM D892,,0.0
Базовое_масло_1,0766.24,Последовательность 3 | ASTM D892,,0.0
Базовое_масло_1,0766.24,"Температура застывания, ГОСТ 20287, метод Б",,-26.0
Базовое_масло_1,0766.24,Цвет Сейболт | -,,30.0
Базовое_масло_1,090.25,Анилиновая точка,,68.4
Базовое_масло_1,090.25,Группа по API,,2.0
Базовое_масло_1,090.25,Деэм.вода | ASTM D1401,,40.16666666666666
Базовое_масло_1,090.25,Деэм.время | ASTM D1401,,5.0
Базовое_масло_1,090.25,Деэм.масло | ASTM D1401,,39.833333333333336
Базовое_масло_1,090.25,Деэм.эмульсия | ASTM D1401,,0.0
Базовое_масло_1,090.25,"Динамическая вязкость CCS -15°C, ASTM D5293",,508.54545454545456
Базовое_масло_1,090.25,"Динамическая вязкость CCS -20°C, ASTM D5293",,784.0
Базовое_масло_1,090.25,"Динамическая вязкость CCS -25°C, ASTM D5293",,1269.0
Базовое_масло_1,090.25,"Динамическая вязкость CCS -30°C, ASTM D5293",,2226.0
Базовое_масло_1,090.25,"Динамическая вязкость CCS -35°C, ASTM D5293",,4106.0
Базовое_масло_1,090.25,"Индекс вязкости, ГОСТ 25371",,113.3846153846154
Базовое_масло_1,090.25,"Испаряемость по NOACK, ASTM D5800",,14.2
Базовое_масло_1,090.25,"Кинематическая вязкость, при 100°C, ASTM D445",,4.36
Базовое_масло_1,090.25,"Кинематическая вязкость, при 40°C, ASTM D445",,21.29
Базовое_масло_1,090.25,"Массовая доля кальция, ASTM D6481",,0.0002
Базовое_масло_1,090.25,"Массовая доля серы, ASTM D6481",,0.0003999999999999
Базовое_масло_1,090.25,"Массовая доля фосфора, ASTM D6481",,0.0001
Базовое_масло_1,090.25,"Массовая доля цинка, ASTM D6481",,7.857142857142858e-05
Базовое_масло_1,090.25,"Плотность при 15°С, ASTM D4052",,843.1
Базовое_масло_1,090.25,"Плотность при 20°С, ASTM D4052",,839.9
Базовое_масло_1,090.25,Последовательность 1 | ASTM D892,,0.0
Базовое_масло_1,090.25,Последовательность 2 | ASTM D892,,0.0
Базовое_масло_1,090.25,Последовательность 3 | ASTM D892,,0.0
Базовое_масло_1,090.25,"Температура застывания, ГОСТ 20287, метод Б",,-24.454545454545453
Базовое_масло_1,090.25,Цвет Сейболт | -,,30.0
Базовое_масло_1,typical,Анилиновая точка,,68.4
Базовое_масло_1,typical,Группа по API,,2.0
Базовое_масло_1,typical,Деэм.вода | ASTM D1401,,40.16666666666666
Базовое_масло_1,typical,Деэм.время | ASTM D1401,,5.0
Базовое_масло_1,typical,Деэм.масло | ASTM D1401,,39.833333333333336
Базовое_масло_1,typical,Деэм.эмульсия | ASTM D1401,,0.0
Базовое_масло_1,typical,"Динамическая вязкость CCS -15°C, ASTM D5293",,508.54545454545456
Базовое_масло_1,typical,"Динамическая вязкость CCS -20°C, ASTM D5293",,800.2666666666667
Базовое_масло_1,typical,"Динамическая вязкость CCS -25°C, ASTM D5293",,1311.8
Базовое_масло_1,typical,"Динамическая вязкость CCS -30°C, ASTM D5293",,2310.6875
Базовое_масло_1,typical,"Динамическая вязкость CCS -35°C, ASTM D5293",,4319.375
Базовое_масло_1,typical,"Индекс вязкости, ГОСТ 25371",,128.0
Базовое_масло_1,typical,"Испаряемость по NOACK, ASTM D5800",,15.0
Базовое_масло_1,typical,"Кинематическая вязкость, при 100°C, ASTM D445",,4.39
Базовое_масло_1,typical,"Кинематическая вязкость, при 40°C, ASTM D445",,20.28
Базовое_масло_1,typical,"Массовая доля кальция, ASTM D6481",,0.0002
Базовое_масло_1,typical,"Массовая доля серы, ASTM D6481",,0.0003999999999999
Базовое_масло_1,typical,"Массовая доля фосфора, ASTM D6481",,0.0001
Базовое_масло_1,typical,"Массовая доля цинка, ASTM D6481",,7.857142857142858e-05
Базовое_масло_1,typical,"Плотность при 15°С, ASTM D4052",,843.475
Базовое_масло_1,typical,"Плотность при 20°С, ASTM D4052",,840.2500000000001
Базовое_масло_1,typical,Последовательность 1 | ASTM D892,,0.0
Базовое_масло_1,typical,Последовательность 2 | ASTM D892,,0.0
Базовое_масло_1,typical,Последовательность 3 | ASTM D892,,0.0
Базовое_масло_1,typical,"Температура застывания, ГОСТ 20287, метод Б",,-24.0
Базовое_масло_1,typical,Цвет Сейболт | -,,30.0
Базовое_масло_10,01667.22,Анилиновая точка,,68.4
Базовое_масло_10,01667.22,Группа по API,,3.0
Базовое_масло_10,01667.22,Деэм.вода | ASTM D1401,,40.0
Базовое_масло_10,01667.22,Деэм.время | ASTM D1401,,5.0
Базовое_масло_10,01667.22,Деэм.масло | ASTM D1401,,40.0
Базовое_масло_10,01667.22,Деэм.эмульсия | ASTM D1401,,0.0
Базовое_масло_10,01667.22,"Динамическая вязкость CCS -15°C, ASTM D5293",,496.0
Базовое_масло_10,01667.22,"Динамическая вязкость CCS -20°C, ASTM D5293",,808.0
Базовое_масло_10,01667.22,"Динамическая вязкость CCS -25°C, ASTM D5293",,1348.0
Базовое_масло_10,01667.22,"Динамическая вязкость CCS -30°C, ASTM D5293",,2348.0
Базовое_масло_10,01667.22,"Динамическая вязкость CCS -35°C, ASTM D5293",,4359.0
Базовое_масло_10,01667.22,"Индекс вязкости, ГОСТ 25371",,113.0
Базовое_масло_10,01667.22,"Испаряемость по NOACK, ASTM D5800",,13.4
Базовое_масло_10,01667.22,"Кинематическая вязкость, при 100°C, ASTM D445",,4.55
Базовое_масло_10,01667.22,"Кинематическая вязкость, при 40°C, ASTM D445",,22.88
Базовое_масло_10,01667.22,"Массовая доля кальция, ASTM D6481",,0.0012
Базовое_масло_10,01667.22,"Массовая доля серы, ASTM D6481",,0.0001
Базовое_масло_10,01667.22,"Массовая доля фосфора, ASTM D6481",,0.0001
Базовое_масло_10,01667.22,"Массовая доля цинка, ASTM D6481",,0.0001
Базовое_масло_10,01667.22,"Плотность при 15°С, ASTM D4052",,843.5
Базовое_масло_10,01667.22,"Плотность при 20°С, ASTM D4052",,840.25
Базовое_масло_10,01667.22,Последовательность 1 | ASTM D892,,0.0
Базовое_масло_10,01667.22,Последовательность 2 | ASTM D892,,0.0
Базовое_масло_10,01667.22,Последовательность 3 | ASTM D892,,0.0
Базовое_масло_10,01667.22,"Содержание серы, мг/кг",,0.2
Базовое_масло_10,01667.22,"Температура застывания, ГОСТ 20287, метод Б",,-24.0
Базовое_масло_10,01667.22,Цвет Сейболт | -,,30.0
Базовое_масло_10,01936.22 (CCS 2700),Анилиновая точка,,68.4
Базовое_масло_10,01936.22 (CCS 2700),Группа по API,,3.0
Базовое_масло_10,01936.22 (CCS 2700),Деэм.вода | ASTM D1401,,40.0
Базовое_масло_10,01936.22 (CCS 2700),Деэм.время | ASTM D1401,,5.0
Базовое_масло_10,01936.22 (CCS 2700),Деэм.масло | ASTM D1401,,40.0
Базовое_масло_10,01936.22 (CCS 2700),Деэм.эмульсия | ASTM D1401,,0.0
Базовое_масло_10,01936.22 (CCS 2700),"Динамическая вязкость CCS -15°C, ASTM D5293",,531.0
Базовое_масло_10,01936.22 (CCS 2700),"Динамическая вязкость CCS -20°C, ASTM D5293",,865.0
Базовое_масло_10,01936.22 (CCS 2700),"Динамическая вязкость CCS -25°C, ASTM D5293",,1493.0
Базовое_масло_10,01936.22 (CCS 2700),"Динамическая вязкость CCS -30°C, ASTM D5293",,2674.0
Базовое_масло_10,01936.22 (CCS 2700),"Динамическая вязкость CCS -35°C, ASTM D5293",,4481.5
Базовое_масло_10,01936.22 (CCS 2700),"Индекс вязкости, ГОСТ 25371",,112.0
Базовое_масло_10,01936.22 (CCS 2700),"Испаряемость по NOACK, ASTM D5800",,13.4
Базовое_масло_10,01936.22 (CCS 2700),"Кинематическая вязкость, при 100°C, ASTM D445",,4.66
Базовое_масло_10,01936.22 (CCS 2700),"Кинематическая вязкость, при 40°C, ASTM D445",,23.95
Базовое_масло_10,01936.22 (CCS 2700),"Массовая доля кальция, ASTM D6481",,0.0002
Базовое_масло_10,01936.22 (CCS 2700),"Массовая доля серы, ASTM D6481",,0.0006
Базовое_масло_10,01936.22 (CCS 2700),"Массовая доля фосфора, ASTM D6481",,0.0001
Базовое_масло_10,01936.22 (CCS 2700),"Массовая доля цинка, ASTM D6481",,0.0001
Базовое_масло_10,01936.22 (CCS 2700),"Плотность при 15°С, ASTM D4052",,843.5
Базовое_масло_10,01936.22 (CCS 2700),"Плотность при 20°С, ASTM D4052",,840.25
Базовое_масло_10,01936.22 (CCS 2700),Последовательность 1 | ASTM D892,,0.0
Базовое_масло_10,01936.22 (CCS 2700),Последовательность 2 | ASTM D892,,0.0
Базовое_масло_10,01936.22 (CCS 2700),Последовательность 3 | ASTM D892,,0.0
Базовое_масло_10,01936.22 (CCS 2700),"Содержание серы, мг/кг",,0.2
Базовое_масло_10,01936.22 (CCS 2700),"Температура застывания, ГОСТ 20287, метод Б",,-24.0
Базовое_масло_10,01936.22 (CCS 2700),Цвет Сейболт | -,,30.0
Базовое_масло_10,02597.22,Анилиновая точка,,68.4
Базовое_масло_10,02597.22,Группа по API,,3.0
Базовое_масло_10,02597.22,Деэм.вода | ASTM D1401,,40.0
Базовое_масло_10,02597.22,Деэм.время | ASTM D1401,,5.0
Базовое_масло_10,02597.22,Деэм.масло | ASTM D1401,,40.0
Базовое_масло_10,02597.22,Деэм.эмульсия | ASTM D1401,,0.0
Базовое_масло_10,02597.22,"Динамическая вязкость CCS -15°C, ASTM D5293",,463.0
Базовое_масло_10,02597.22,"Динамическая вязкость CCS -20°C, ASTM D5293",,757.0
Базовое_масло_10,02597.22,"Динамическая вязкость CCS -25°C, ASTM D5293",,1182.0
Базовое_масло_10,02597.22,"Динамическая вязкость CCS -30°C, ASTM D5293",,2063.0
Базовое_масло_10,02597.22,"Динамическая вязкость CCS -35°C, ASTM D5293",,3819.0
Базовое_масло_10,02597.22,"Индекс вязкости, ГОСТ 25371",,113.0
Базовое_масло_10,02597.22,"Испаряемость по NOACK, ASTM D5800",,14.7
Базовое_масло_10,02597.22,"Кинематическая вязкость, при 100°C, ASTM D445",,4.38
Базовое_масло_10,02597.22,"Кинематическая вязкость, при 40°C, ASTM D445",,21.53
Базовое_масло_10,02597.22,"Массовая доля кальция, ASTM D6481",,3e-05
Базовое_масло_10,02597.22,"Массовая доля серы, ASTM D6481",,2e-05
Базовое_масло_10,02597.22,"Массовая доля фосфора, ASTM D6481",,7e-05
Базовое_масло_10,02597.22,"Массовая доля цинка, ASTM D6481",,5e-05
Базовое_масло_10,02597.22,"Плотность при 15°С, ASTM D4052",,843.5
Базовое_масло_10,02597.22,"Плотность при 20°С, ASTM D4052",,840.25
Базовое_масло_10,02597.22,Последовательность 1 | ASTM D892,,0.0
Базовое_масло_10,02597.22,Последовательность 2 | ASTM D892,,0.0
Базовое_масло_10,02597.22,Последовательность 3 | ASTM D892,,0.0
Базовое_масло_10,02597.22,"Содержание серы, мг/кг",,0.2
Базовое_масло_10,02597.22,"Температура застывания, ГОСТ 20287, метод Б",,-26.0
Базовое_масло_10,02597.22,Цвет Сейболт | -,,30.0
Базовое_масло_10,0285.21,Анилиновая точка,,68.4
Базовое_масло_10,0285.21,Группа по API,,3.0
Базовое_масло_10,0285.21,Деэм.вода | ASTM D1401,,40.0
Базовое_масло_10,0285.21,Деэм.время | ASTM D1401,,5.0
Базовое_масло_10,0285.21,Деэм.масло | ASTM D1401,,40.0
Базовое_масло_10,0285.21,Деэм.эмульсия | ASTM D1401,,0.0
Базовое_масло_10,0285.21,"Динамическая вязкость CCS -15°C, ASTM D5293",,506.2
Базовое_масло_10,0285.21,"Динамическая вязкость CCS -20°C, ASTM D5293",,823.4
Базовое_масло_10,0285.21,"Динамическая вязкость CCS -25°C, ASTM D5293",,1376.6
Базовое_масло_10,0285.21,"Динамическая вязкость CCS -30°C, ASTM D5293",,2579.0
Базовое_масло_10,0285.21,"Динамическая вязкость CCS -35°C, ASTM D5293",,4481.5
Базовое_масло_10,0285.21,"Индекс вязкости, ГОСТ 25371",,112.33333333333331
Базовое_масло_10,0285.21,"Испаряемость по NOACK, ASTM D5800",,14.2
Базовое_масло_10,0285.21,"Кинематическая вязкость, при 100°C, ASTM D445",,4.54
Базовое_масло_10,0285.21,"Кинематическая вязкость, при 40°C, ASTM D445",,22.7415
Базовое_масло_10,0285.21,"Массовая доля кальция, ASTM D6481",,0.00015
Базовое_масло_10,0285.21,"Массовая доля серы, ASTM D6481",,0.0001
Базовое_масло_10,0285.21,"Массовая доля фосфора, ASTM D6481",,7.6e-05
Базовое_масло_10,0285.21,"Массовая доля цинка, ASTM D6481",,5e-05
Базовое_масло_10,0285.21,"Плотность при 15°С, ASTM D4052",,843.5
Базовое_масло_10,0285.21,"Плотность при 20°С, ASTM D4052",,840.25
Базовое_масло_10,0285.21,Последовательность 1 | ASTM D892,,0.0
Базовое_масло_10,0285.21,Последовательность 2 | ASTM D892,,0.0
Базовое_масло_10,0285.21,Последовательность 3 | ASTM D892,,0.0
Базовое_масло_10,0285.21,"Содержание серы, мг/кг",,0.2
Базовое_масло_10,0285.21,"Температура застывания, ГОСТ 20287, метод Б",,-20.5
Базовое_масло_10,0285.21,Цвет Сейболт | -,,30.0
Базовое_масло_10,0285.22,Анилиновая точка,,68.4
Базовое_масло_10,0285.22,Группа по API,,3.0
Базовое_масло_10,0285.22,Деэм.вода | ASTM D1401,,40.0
Базовое_масло_10,0285.22,Деэм.время | ASTM D1401,,5.0
Базовое_масло_10,0285.22,Деэм.масло | ASTM D1401,,40.0
Базовое_масло_10,0285.22,Деэм.эмульсия | ASTM D1401,,0.0
Базовое_масло_10,0285.22,"Динамическая вязкость CCS -15°C, ASTM D5293",,524.0
Базовое_масло_10,0285.22,"Динамическая вязкость CCS -20°C, ASTM D5293",,849.0
Базовое_масло_10,0285.22,"Динамическая вязкость CCS -25°C, ASTM D5293",,1463.0
Базовое_масло_10,0285.22,"Динамическая вязкость CCS -30°C, ASTM D5293",,2633.0
Базовое_масло_10,0285.22,"Динамическая вязкость CCS -35°C, ASTM D5293",,15217.0
Базовое_масло_10,0285.22,"Индекс вязкости, ГОСТ 25371",,111.0
Базовое_масло_10,0285.22,"Испаряемость по NOACK, ASTM D5800",,14.7
Базовое_масло_10,0285.22,"Кинематическая вязкость, при 100°C, ASTM D445",,4.61
Базовое_масло_10,0285.22,"Кинематическая вязкость, при 40°C, ASTM D445",,23.58
Базовое_масло_10,0285.22,"Массовая доля кальция, ASTM D6481",,3.8e-05
Базовое_масло_10,0285.22,"Массовая доля серы, ASTM D6481",,2e-05
Базовое_масло_10,0285.22,"Массовая доля фосфора, ASTM D6481",,9e-05
Базовое_масло_10,0285.22,"Массовая доля цинка, ASTM D6481",,1e-05
Базовое_масло_10,0285.22,"Плотность при 15°С, ASTM D4052",,843.5
Базовое_масло_10,0285.22,"Плотность при 20°С, ASTM D4052",,840.25
Базовое_масло_10,0285.22,Последовательность 1 | ASTM D892,,0.0
Базовое_масло_10,0285.22,Последовательность 2 | ASTM D892,,0.0
Базовое_масло_10,0285.22,Последовательность 3 | ASTM D892,,0.0
Базовое_масло_10,0285.22,"Содержание серы, мг/кг",,0.2
Базовое_масло_10,0285.22,"Температура застывания, ГОСТ 20287, метод Б",,0.0
Базовое_масло_10,0285.22,Цвет Сейболт | -,,30.0
Базовое_масло_10,0771.22,Анилиновая точка,,68.4
Базовое_масло_10,0771.22,Группа по API,,3.0
Базовое_масло_10,0771.22,Деэм.вода | ASTM D1401,,40.0
Базовое_масло_10,0771.22,Деэм.время | ASTM D1401,,5.0
Базовое_масло_10,0771.22,Деэм.масло | ASTM D1401,,40.0
Базовое_масло_10,0771.22,Деэм.эмульсия | ASTM D1401,,0.0
Базовое_масло_10,0771.22,"Динамическая вязкость CCS -15°C, ASTM D5293",,517.0
Базовое_масло_10,0771.22,"Динамическая вязкость CCS -20°C, ASTM D5293",,838.0
Базовое_масло_10,0771.22,"Динамическая вязкость CCS -25°C, ASTM D5293",,1397.0
Базовое_масло_10,0771.22,"Динамическая вязкость CCS -30°C, ASTM D5293",,2488.0
Базовое_масло_10,0771.22,"Динамическая вязкость CCS -35°C, ASTM D5293",,4604.0
Базовое_масло_10,0771.22,"Индекс вязкости, ГОСТ 25371",,112.0
Базовое_масло_10,0771.22,"Испаряемость по NOACK, ASTM D5800",,14.3
Базовое_масло_10,0771.22,"Кинематическая вязкость, при 100°C, ASTM D445",,4.544
Базовое_масло_10,0771.22,"Кинематическая вязкость, при 40°C, ASTM D445",,22.979
Базовое_масло_10,0771.22,"Массовая доля кальция, ASTM D6481",,0.00015
Базовое_масло_10,0771.22,"Массовая доля серы, ASTM D6481",,0.00023
Базовое_масло_10,0771.22,"Массовая доля фосфора, ASTM D6481",,2e-05
Базовое_масло_10,0771.22,"Массовая доля цинка, ASTM D6481",,2e-05
Базовое_масло_10,0771.22,"Плотность при 15°С, ASTM D4052",,843.5
Базовое_масло_10,0771.22,"Плотность при 20°С, ASTM D4052",,840.25
Базовое_масло_10,0771.22,Последовательность 1 | ASTM D892,,0.0
Базовое_масло_10,0771.22,Последовательность 2 | ASTM D892,,0.0
Базовое_масло_10,0771.22,Последовательность 3 | ASTM D892,,0.0
Базовое_масло_10,0771.22,"Содержание серы, мг/кг",,0.2
Базовое_масло_10,0771.22,"Температура застывания, ГОСТ 20287, метод Б",,-23.0
Базовое_масло_10,0771.22,Цвет Сейболт | -,,30.0
Базовое_масло_10,typical,Анилиновая точка,,68.4
Базовое_масло_10,typical,Группа по API,,3.0
Базовое_масло_10,typical,Деэм.вода | ASTM D1401,,40.0
Базовое_масло_10,typical,Деэм.время | ASTM D1401,,5.0
Базовое_масло_10,typical,Деэм.масло | ASTM D1401,,40.0
Базовое_масло_10,typical,Деэм.эмульсия | ASTM D1401,,0.0
Базовое_масло_10,typical,"Динамическая вязкость CCS -15°C, ASTM D5293",,506.2
Базовое_масло_10,typical,"Динамическая вязкость CCS -20°C, ASTM D5293",,823.4
Базовое_масло_10,typical,"Динамическая вязкость CCS -25°C, ASTM D5293",,1376.6
Базовое_масло_10,typical,"Динамическая вязкость CCS -30°C, ASTM D5293",,2464.1666666666665
Базовое_масло_10,typical,"Динамическая вязкость CCS -35°C, ASTM D5293",,4481.5
Базовое_масло_10,typical,"Индекс вязкости, ГОСТ 25371",,113.0
Базовое_масло_10,typical,"Испаряемость по NOACK, ASTM D5800",,14.7
Базовое_масло_10,typical,"Кинематическая вязкость, при 100°C, ASTM D445",,4.547333333333333
Базовое_масло_10,typical,"Кинематическая вязкость, при 40°C, ASTM D445",,21.53
Базовое_масло_10,typical,"Массовая доля кальция, ASTM D6481",,0.00015
Базовое_масло_10,typical,"Массовая доля серы, ASTM D6481",,0.0001
Базовое_масло_10,typical,"Массовая доля фосфора, ASTM D6481",,7.6e-05
Базовое_масло_10,typical,"Массовая доля цинка, ASTM D6481",,5e-05
Базовое_масло_10,typical,"Плотность при 15°С, ASTM D4052",,843.5
Базовое_масло_10,typical,"Плотность при 20°С, ASTM D4052",,840.25
Базовое_масло_10,typical,Последовательность 1 | ASTM D892,,0.0
Базовое_масло_10,typical,Последовательность 2 | ASTM D892,,0.0
Базовое_масло_10,typical,Последовательность 3 | ASTM D892,,0.0
Базовое_масло_10,typical,"Содержание серы, мг/кг",,0.2
Базовое_масло_10,typical,"Температура застывания, ГОСТ 20287, метод Б",,-26.0
Базовое_масло_10,typical,Цвет Сейболт | -,,30.0
Базовое_масло_11,0879.23,Анилиновая точка,,68.4
Базовое_масло_11,0879.23,Группа по API,,1.0
Базовое_масло_11,0879.23,Деэм.вода | ASTM D1401,,37.0
Базовое_масло_11,0879.23,Деэм.время | ASTM D1401,,5.0
Базовое_масло_11,0879.23,Деэм.масло | ASTM D1401,,43.0
Базовое_масло_11,0879.23,Деэм.эмульсия | ASTM D1401,,0.0
Базовое_масло_11,0879.23,"Динамическая вязкость CCS -15°C, ASTM D5293",,1184.0
Базовое_масло_11,0879.23,"Динамическая вязкость CCS -20°C, ASTM D5293",,2242.0
Базовое_масло_11,0879.23,"Динамическая вязкость CCS -25°C, ASTM D5293",,4648.0
Базовое_масло_11,0879.23,"Динамическая вязкость CCS -30°C, ASTM D5293",,10120.0
Базовое_масло_11,0879.23,"Динамическая вязкость CCS -35°C, ASTM D5293",,4319.375
Базовое_масло_11,0879.23,"Индекс вязкости, ГОСТ 25371",,100.0
Базовое_масло_11,0879.23,"Испаряемость по NOACK, ASTM D5800",,14.1
Базовое_масло_11,0879.23,"Кинематическая вязкость, при 100°C, ASTM D445",,5.38
Базовое_масло_11,0879.23,"Кинематическая вязкость, при 40°C, ASTM D445",,32.25
Базовое_масло_11,0879.23,"Массовая доля кальция, ASTM D6481",,0.0004
Базовое_масло_11,0879.23,"Массовая доля серы, ASTM D6481",,0.024
Базовое_масло_11,0879.23,"Массовая доля фосфора, ASTM D6481",,0.0001
Базовое_масло_11,0879.23,"Массовая доля цинка, ASTM D6481",,0.0001
Базовое_масло_11,0879.23,"Плотность при 15°С, ASTM D4052",,843.5
Базовое_масло_11,0879.23,"Плотность при 20°С, ASTM D4052",,840.25
Базовое_масло_11,0879.23,Последовательность 1 | ASTM D892,,0.0
Базовое_масло_11,0879.23,Последовательность 2 | ASTM D892,,0.0
Базовое_масло_11,0879.23,Последовательность 3 | ASTM D892,,0.0
Базовое_масло_11,0879.23,"Температура застывания, ГОСТ 20287, метод Б",,-17.0
Базовое_масло_11,0879.23,Цвет Сейболт | -,,30.0
Базовое_масло_11,typical,Анилиновая точка,,68.4
Базовое_масло_11,typical,Группа по API,,1.0
Базовое_масло_11,typical,Деэм.вода | ASTM D1401,,37.0
Базовое_масло_11,typical,Деэм.время | ASTM D1401,,5.0
Базовое_масло_11,typical,Деэм.масло | ASTM D1401,,43.0
Базовое_масло_11,typical,Деэм.эмульсия | ASTM D1401,,0.0
Базовое_масло_11,typical,"Динамическая вязкость CCS -15°C, ASTM D5293",,1184.0
Базовое_масло_11,typical,"Динамическая вязкость CCS -20°C, ASTM D5293",,2242.0
Базовое_масло_11,typical,"Динамическая вязкость CCS -25°C, ASTM D5293",,4648.0
Базовое_масло_11,typical,"Динамическая вязкость CCS -30°C, ASTM D5293",,10120.0
Базовое_масло_11,typical,"Динамическая вязкость CCS -35°C, ASTM D5293",,4319.375
Базовое_масло_11,typical,"Индекс вязкости, ГОСТ 25371",,100.0
Базовое_масло_11,typical,"Испаряемость по NOACK, ASTM D5800",,14.1
Базовое_масло_11,typical,"Кинематическая вязкость, при 100°C, ASTM D445",,5.38
Базовое_масло_11,typical,"Кинематическая вязкость, при 40°C, ASTM D445",,32.25
Базовое_масло_11,typical,"Массовая доля кальция, ASTM D6481",,0.0004
Базовое_масло_11,typical,"Массовая доля серы, ASTM D6481",,0.024
Базовое_масло_11,typical,"Массовая доля фосфора, ASTM D6481",,0.0001
Базовое_масло_11,typical,"Массовая доля цинка, ASTM D6481",,0.0001
Базовое_масло_11,typical,"Плотность при 15°С, ASTM D4052",,843.5
Базовое_масло_11,typical,"Плотность при 20°С, ASTM D4052",,840.25
Базовое_масло_11,typical,Последовательность 1 | ASTM D892,,0.0
Базовое_масло_11,typical,Последовательность 2 | ASTM D892,,0.0
Базовое_масло_11,typical,Последовательность 3 | ASTM D892,,0.0
Базовое_масло_11,typical,"Температура застывания, ГОСТ 20287, метод Б",,-17.0
Базовое_масло_11,typical,Цвет Сейболт | -,,30.0
Базовое_масло_12,02907.23,Анилиновая точка,,68.4
Базовое_масло_12,02907.23,Группа по API,,4.0
Базовое_масло_12,02907.23,Деэм.вода | ASTM D1401,,40.0
Базовое_масло_12,02907.23,Деэм.время | ASTM D1401,,5.0
Базовое_масло_12,02907.23,Деэм.масло | ASTM D1401,,39.833333333333336
Базовое_масло_12,02907.23,Деэм.эмульсия | ASTM D1401,,0.0
Базовое_масло_12,02907.23,"Динамическая вязкость CCS -15°C, ASTM D5293",,508.54545454545456
Базовое_масло_12,02907.23,"Динамическая вязкость CCS -25°C, ASTM D5293",,498.0
Базовое_масло_12,02907.23,"Динамическая вязкость CCS -30°C, ASTM D5293",,766.0
Базовое_масло_12,02907.23,"Динамическая вязкость CCS -35°C, ASTM D5293",,1259.0
Базовое_масло_12,02907.23,"Индекс вязкости, ГОСТ 25371",,129.0
Базовое_масло_12,02907.23,"Испаряемость по NOACK, ASTM D5800",,14.2
Базовое_масло_12,02907.23,"Кинематическая вязкость, при 100°C, ASTM D445",,3.81
Базовое_масло_12,02907.23,"Кинематическая вязкость, при 40°C, ASTM D445",,16.85
Базовое_масло_12,02907.23,"Массовая доля кальция, ASTM D6481",,0.0002
Базовое_масло_12,02907.23,"Массовая доля серы, ASTM D6481",,0.0003999999999999
Базовое_масло_12,02907.23,"Массовая доля фосфора, ASTM D6481",,0.0001
Базовое_масло_12,02907.23,"Массовая доля цинка, ASTM D6481",,0.0001
Базовое_масло_12,02907.23,"Плотность при 15°С, ASTM D4052",,843.5
Базовое_масло_12,02907.23,"Плотность при 20°С, ASTM D4052",,840.25
Базовое_масло_12,02907.23,Последовательность 1 | ASTM D892,,0.0
Базовое_масло_12,02907.23,Последовательность 2 | ASTM D892,,0.0
Базовое_масло_12,02907.23,Последовательность 3 | ASTM D892,,0.0
Базовое_масло_12,02907.23,"Температура застывания, ГОСТ 20287, метод Б",,-71.0
Базовое_масло_12,02907.23,Цвет Сейболт | -,,30.0
Базовое_масло_12,typical,Анилиновая точка,,68.4
Базовое_масло_12,typical,Группа по API,,4.0
Базовое_масло_12,typical,Деэм.вода | ASTM D1401,,40.0
Базовое_масло_12,typical,Деэм.время | ASTM D1401,,5.0
Базовое_масло_12,typical,Деэм.масло | ASTM D1401,,39.833333333333336
Базовое_масло_12,typical,Деэм.эмульсия | ASTM D1401,,0.0
Базовое_масло_12,typical,"Динамическая вязкость CCS -15°C, ASTM D5293",,508.54545454545456
Базовое_масло_12,typical,"Динамическая вязкость CCS -25°C, ASTM D5293",,498.0
Базовое_масло_12,typical,"Динамическая вязкость CCS -30°C, ASTM D5293",,766.0
Базовое_масло_12,typical,"Динамическая вязкость CCS -35°C, ASTM D5293",,1259.0
Базовое_масло_12,typical,"Индекс вязкости, ГОСТ 25371",,129.0
Базовое_масло_12,typical,"Испаряемость по NOACK, ASTM D5800",,14.2
Базовое_масло_12,typical,"Кинематическая вязкость, при 100°C, ASTM D445",,3.81
Базовое_масло_12,typical,"Кинематическая вязкость, при 40°C, ASTM D445",,16.85
Базовое_масло_12,typical,"Массовая доля кальция, ASTM D6481",,0.0002
Базовое_масло_12,typical,"Массовая доля серы, ASTM D6481",,0.0004
Базовое_масло_12,typical,"Массовая доля фосфора, ASTM D6481",,0.0001
Базовое_масло_12,typical,"Массовая доля цинка, ASTM D6481",,0.0001
Базовое_масло_12,typical,"Плотность при 15°С, ASTM D4052",,843.5
Базовое_масло_12,typical,"Плотность при 20°С, ASTM D4052",,840.25
Базовое_масло_12,typical,Последовательность 1 | ASTM D892,,0.0
Базовое_масло_12,typical,Последовательность 2 | ASTM D892,,0.0
Базовое_масло_12,typical,Последовательность 3 | ASTM D892,,0.0
Базовое_масло_12,typical,"Температура застывания, ГОСТ 20287, метод Б",,-71.0
Базовое_масло_12,typical,Цвет Сейболт | -,,30.0
Базовое_масло_13,0934.22,Анилиновая точка,,68.4
Базовое_масло_13,0934.22,Группа по API,,3.0
Базовое_масло_13,0934.22,Деэм.вода | ASTM D1401,,40.0
Базовое_масло_13,0934.22,Деэм.время | ASTM D1401,,5.0
Базовое_масло_13,0934.22,Деэм.масло | ASTM D1401,,40.0
Базовое_масло_13,0934.22,Деэм.эмульсия | ASTM D1401,,0.0
Базовое_масло_13,0934.22,"Динамическая вязкость CCS -15°C, ASTM D5293",,1181.0
Базовое_масло_13,0934.22,"Динамическая вязкость CCS -20°C, ASTM D5293",,2011.0
Базовое_масло_13,0934.22,"Динамическая вязкость CCS -25°C, ASTM D5293",,4345.0
Базовое_масло_13,0934.22,"Динамическая вязкость CCS -30°C, ASTM D5293",,6680.0
Базовое_масло_13,0934.22,"Динамическая вязкость CCS -35°C, ASTM D5293",,4319.375
Базовое_масло_13,0934.22,"Индекс вязкости, ГОСТ 25371",,116.0
Базовое_масло_13,0934.22,"Испаряемость по NOACK, ASTM D5800",,4.6
Базовое_масло_13,0934.22,"Кинематическая вязкость, при 100°C, ASTM D445",,6.39
Базовое_масло_13,0934.22,"Кинематическая вязкость, при 40°C, ASTM D445",,38.55
Базовое_масло_13,0934.22,"Массовая доля кальция, ASTM D6481",,0.00071
Базовое_масло_13,0934.22,"Массовая доля серы, ASTM D6481",,0.00082
Базовое_масло_13,0934.22,"Массовая доля фосфора, ASTM D6481",,0.00016
Базовое_масло_13,0934.22,"Массовая доля цинка, ASTM D6481",,4e-05
Базовое_масло_13,0934.22,"Плотность при 15°С, ASTM D4052",,843.5
Базовое_масло_13,0934.22,"Плотность при 20°С, ASTM D4052",,840.25
Базовое_масло_13,0934.22,Последовательность 1 | ASTM D892,,0.0
Базовое_масло_13,0934.22,Последовательность 2 | ASTM D892,,0.0
Базовое_масло_13,0934.22,Последовательность 3 | ASTM D892,,0.0
Базовое_масло_13,0934.22,"Содержание серы, мг/кг",,0.2
Базовое_масло_13,0934.22,"Температура застывания, ГОСТ 20287, метод Б",,-16.0
Базовое_масло_13,0934.22,Цвет Сейболт | -,,30.0
Базовое_масло_13,typical,Анилиновая точка,,68.4
Базовое_масло_13,typical,Группа по API,,3.0
Базовое_масло_13,typical,Деэм.вода | ASTM D1401,,40.0
Базовое_масло_13,typical,Деэм.время | ASTM D1401,,5.0
Базовое_масло_13,typical,Деэм.масло | ASTM D1401,,40.0
Базовое_масло_13,typical,Деэм.эмульсия | ASTM D1401,,0.0
Базовое_масло_13,typical,"Динамическая вязкость CCS -15°C, ASTM D5293",,1181.0
Базовое_масло_13,typical,"Динамическая вязкость CCS -20°C, ASTM D5293",,2011.0
Базовое_масло_13,typical,"Динамическая вязкость CCS -25°C, ASTM D5293",,4345.0
Базовое_масло_13,typical,"Динамическая вязкость CCS -30°C, ASTM D5293",,6680.0
Базовое_масло_13,typical,"Динамическая вязкость CCS -35°C, ASTM D5293",,4319.375
Базовое_масло_13,typical,"Индекс вязкости, ГОСТ 25371",,116.0
Базовое_масло_13,typical,"Испаряемость по NOACK, ASTM D5800",,4.6
Базовое_масло_13,typical,"Кинематическая вязкость, при 100°C, ASTM D445",,6.39
Базовое_масло_13,typical,"Кинематическая вязкость, при 40°C, ASTM D445",,38.55
Базовое_масло_13,typical,"Массовая доля кальция, ASTM D6481",,0.00071
Базовое_масло_13,typical,"Массовая доля серы, ASTM D6481",,0.00082
Базовое_масло_13,typical,"Массовая доля фосфора, ASTM D6481",,0.00016
Базовое_масло_13,typical,"Массовая доля цинка, ASTM D6481",,4e-05
Базовое_масло_13,typical,"Плотность при 15°С, ASTM D4052",,843.5
Базовое_масло_13,typical,"Плотность при 20°С, ASTM D4052",,840.25
Базовое_масло_13,typical,Последовательность 1 | ASTM D892,,0.0
Базовое_масло_13,typical,Последовательность 2 | ASTM D892,,0.0
Базовое_масло_13,typical,Последовательность 3 | ASTM D892,,0.0
Базовое_масло_13,typical,"Содержание серы, мг/кг",,0.2
Базовое_масло_13,typical,"Температура застывания, ГОСТ 20287, метод Б",,-16.0
Базовое_масло_13,typical,Цвет Сейболт | -,,30.0
Базовое_масло_14,_22.04.2025,Анилиновая точка,,68.4
Базовое_масло_14,_22.04.2025,Группа по API,,2.0
Базовое_масло_14,_22.04.2025,Деэм.вода | ASTM D1401,,40.0
Базовое_масло_14,_22.04.2025,Деэм.время | ASTM D1401,,5.0
Базовое_масло_14,_22.04.2025,Деэм.масло | ASTM D1401,,39.833333333333336
Базовое_масло_14,_22.04.2025,Деэм.эмульсия | ASTM D1401,,0.0
Базовое_масло_14,_22.04.2025,"Динамическая вязкость CCS -15°C, ASTM D5293",,13.0
Базовое_масло_14,_22.04.2025,"Динамическая вязкость CCS -20°C, ASTM D5293",,25.0
Базовое_масло_14,_22.04.2025,"Динамическая вязкость CCS -25°C, ASTM D5293",,50.0
Базовое_масло_14,_22.04.2025,"Динамическая вязкость CCS -30°C, ASTM D5293",,100.0
Базовое_масло_14,_22.04.2025,"Динамическая вязкость CCS -35°C, ASTM D5293",,200.0
Базовое_масло_14,_22.04.2025,"Индекс вязкости, ГОСТ 25371",,113.0
Базовое_масло_14,_22.04.2025,"Испаряемость по NOACK, ASTM D5800",,90.0
Базовое_масло_14,_22.04.2025,"Кинематическая вязкость, при 100°C, ASTM D445",,1.02
Базовое_масло_14,_22.04.2025,"Кинематическая вязкость, при 40°C, ASTM D445",,2.54
Базовое_масло_14,_22.04.2025,"Массовая доля кальция, ASTM D6481",,0.0002
Базовое_масло_14,_22.04.2025,"Массовая доля серы, ASTM D6481",,0.0004
Базовое_масло_14,_22.04.2025,"Массовая доля фосфора, ASTM D6481",,0.0001
Базовое_масло_14,_22.04.2025,"Массовая доля цинка, ASTM D6481",,0.0001
Базовое_масло_14,_22.04.2025,"Плотность при 15°С, ASTM D4052",,801.4
Базовое_масло_14,_22.04.2025,"Плотность при 20°С, ASTM D4052",,798.0
Базовое_масло_14,_22.04.2025,Последовательность 1 | ASTM D892,,0.0
Базовое_масло_14,_22.04.2025,Последовательность 2 | ASTM D892,,0.0
Базовое_масло_14,_22.04.2025,Последовательность 3 | ASTM D892,,0.0
Базовое_масло_14,_22.04.2025,"Температура застывания, ГОСТ 20287, метод Б",,-68.0
Базовое_масло_14,_22.04.2025,Цвет Сейболт | -,,30.0
Базовое_масло_14,typical,Анилиновая точка,,68.4
Базовое_масло_14,typical,Группа по API,,2.0
Базовое_масло_14,typical,Деэм.вода | ASTM D1401,,40.0
Базовое_масло_14,typical,Деэм.время | ASTM D1401,,5.0
Базовое_масло_14,typical,Деэм.масло | ASTM D1401,,39.833333333333336
Базовое_масло_14,typical,Деэм.эмульсия | ASTM D1401,,0.0
Базовое_масло_14,typical,"Динамическая вязкость CCS -15°C, ASTM D5293",,13.0
Базовое_масло_14,typical,"Динамическая вязкость CCS -20°C, ASTM D5293",,25.0
Базовое_масло_14,typical,"Динамическая вязкость CCS -25°C, ASTM D5293",,50.0
Базовое_масло_14,typical,"Динамическая вязкость CCS -30°C, ASTM D5293",,100.0
Базовое_масло_14,typical,"Динамическая вязкость CCS -35°C, ASTM D5293",,200.0
Базовое_масло_14,typical,"Индекс вязкости, ГОСТ 25371",,113.0
Базовое_масло_14,typical,"Испаряемость по NOACK, ASTM D5800",,90.0
Базовое_масло_14,typical,"Кинематическая вязкость, при 100°C, ASTM D445",,1.5
Базовое_масло_14,typical,"Кинематическая вязкость, при 40°C, ASTM D445",,2.69
Базовое_масло_14,typical,"Массовая доля кальция, ASTM D6481",,0.0002
Базовое_масло_14,typical,"Массовая доля серы, ASTM D6481",,0.0004
Базовое_масло_14,typical,"Массовая доля фосфора, ASTM D6481",,0.0001
Базовое_масло_14,typical,"Массовая доля цинка, ASTM D6481",,0.0001
Базовое_масло_14,typical,"Плотность при 15°С, ASTM D4052",,801.4
Базовое_масло_14,typical,"Плотность при 20°С, ASTM D4052",,798.0
Базовое_масло_14,typical,Последовательность 1 | ASTM D892,,0.0
Базовое_масло_14,typical,Последовательность 2 | ASTM D892,,0.0
Базовое_масло_14,typical,Последовательность 3 | ASTM D892,,0.0
Базовое_масло_14,typical,"Температура застывания, ГОСТ 20287, метод Б",,-68.0
Базовое_масло_14,typical,Цвет Сейболт | -,,30.0
Базовое_масло_14,Р-10 от 13.05.2024,Анилиновая точка,,68.4
Базовое_масло_14,Р-10 от 13.05.2024,Группа по API,,2.0
Базовое_масло_14,Р-10 от 13.05.2024,Деэм.вода | ASTM D1401,,40.0
Базовое_масло_14,Р-10 от 13.05.2024,Деэм.время | ASTM D1401,,5.0
Базовое_масло_14,Р-10 от 13.05.2024,Деэм.масло | ASTM D1401,,39.833333333333336
Базовое_масло_14,Р-10 от 13.05.2024,Деэм.эмульсия | ASTM D1401,,0.0
Базовое_масло_14,Р-10 от 13.05.2024,"Динамическая вязкость CCS -15°C, ASTM D5293",,13.0
Базовое_масло_14,Р-10 от 13.05.2024,"Динамическая вязкость CCS -20°C, ASTM D5293",,4.0
Базовое_масло_14,Р-10 от 13.05.2024,"Динамическая вязкость CCS -25°C, ASTM D5293",,2.0
Базовое_масло_14,Р-10 от 13.05.2024,"Динамическая вязкость CCS -30°C, ASTM D5293",,4.0
Базовое_масло_14,Р-10 от 13.05.2024,"Динамическая вязкость CCS -35°C, ASTM D5293",,200.0
Базовое_масло_14,Р-10 от 13.05.2024,"Индекс вязкости, ГОСТ 25371",,113.0
Базовое_масло_14,Р-10 от 13.05.2024,"Испаряемость по NOACK, ASTM D5800",,90.0
Базовое_масло_14,Р-10 от 13.05.2024,"Кинематическая вязкость, при 100°C, ASTM D445",,1.02
Базовое_масло_14,Р-10 от 13.05.2024,"Кинематическая вязкость, при 40°C, ASTM D445",,5.01
Базовое_масло_14,Р-10 от 13.05.2024,"Массовая доля кальция, ASTM D6481",,0.0002
Базовое_масло_14,Р-10 от 13.05.2024,"Массовая доля серы, ASTM D6481",,0.0004
Базовое_масло_14,Р-10 от 13.05.2024,"Массовая доля фосфора, ASTM D6481",,0.0001
Базовое_масло_14,Р-10 от 13.05.2024,"Массовая доля цинка, ASTM D6481",,0.0001
Базовое_масло_14,Р-10 от 13.05.2024,"Плотность при 15°С, ASTM D4052",,801.4
Базовое_масло_14,Р-10 от 13.05.2024,"Плотность при 20°С, ASTM D4052",,798.0
Базовое_масло_14,Р-10 от 13.05.2024,Последовательность 1 | ASTM D892,,0.0
Базовое_масло_14,Р-10 от 13.05.2024,Последовательность 2 | ASTM D892,,0.0
Базовое_масло_14,Р-10 от 13.05.2024,Последовательность 3 | ASTM D892,,0.0
Базовое_масло_14,Р-10 от 13.05.2024,"Температура застывания, ГОСТ 20287, метод Б",,-68.0
Базовое_масло_14,Р-10 от 13.05.2024,Цвет Сейболт | -,,30.0
Базовое_масло_14,из ЦП 19.09.23г,Анилиновая точка,,68.4
Базовое_масло_14,из ЦП 19.09.23г,Группа по API,,2.0
Базовое_масло_14,из ЦП 19.09.23г,Деэм.вода | ASTM D1401,,40.0
Базовое_масло_14,из ЦП 19.09.23г,Деэм.время | ASTM D1401,,5.0
Базовое_масло_14,из ЦП 19.09.23г,Деэм.масло | ASTM D1401,,39.833333333333336
Базовое_масло_14,из ЦП 19.09.23г,Деэм.эмульсия | ASTM D1401,,0.0
Базовое_масло_14,из ЦП 19.09.23г,"Динамическая вязкость CCS -15°C, ASTM D5293",,13.0
Базовое_масло_14,из ЦП 19.09.23г,"Динамическая вязкость CCS -20°C, ASTM D5293",,25.0
Базовое_масло_14,из ЦП 19.09.23г,"Динамическая вязкость CCS -25°C, ASTM D5293",,50.0
Базовое_масло_14,из ЦП 19.09.23г,"Динамическая вязкость CCS -30°C, ASTM D5293",,100.0
Базовое_масло_14,из ЦП 19.09.23г,"Динамическая вязкость CCS -35°C, ASTM D5293",,200.0
Базовое_масло_14,из ЦП 19.09.23г,"Индекс вязкости, ГОСТ 25371",,113.0
Базовое_масло_14,из ЦП 19.09.23г,"Испаряемость по NOACK, ASTM D5800",,90.0
Базовое_масло_14,из ЦП 19.09.23г,"Кинематическая вязкость, при 100°C, ASTM D445",,1.0
Базовое_масло_14,из ЦП 19.09.23г,"Кинематическая вязкость, при 40°C, ASTM D445",,2.0
Базовое_масло_14,из ЦП 19.09.23г,"Массовая доля кальция, ASTM D6481",,0.0002
Базовое_масло_14,из ЦП 19.09.23г,"Массовая доля серы, ASTM D6481",,0.0004
Базовое_масло_14,из ЦП 19.09.23г,"Массовая доля фосфора, ASTM D6481",,0.0001
Базовое_масло_14,из ЦП 19.09.23г,"Массовая доля цинка, ASTM D6481",,0.0001
Базовое_масло_14,из ЦП 19.09.23г,"Плотность при 15°С, ASTM D4052",,801.4
Базовое_масло_14,из ЦП 19.09.23г,"Плотность при 20°С, ASTM D4052",,798.0
Базовое_масло_14,из ЦП 19.09.23г,Последовательность 1 | ASTM D892,,0.0
Базовое_масло_14,из ЦП 19.09.23г,Последовательность 2 | ASTM D892,,0.0
Базовое_масло_14,из ЦП 19.09.23г,Последовательность 3 | ASTM D892,,0.0
Базовое_масло_14,из ЦП 19.09.23г,"Температура застывания, ГОСТ 20287, метод Б",,-68.0
Базовое_масло_14,из ЦП 19.09.23г,Цвет Сейболт | -,,30.0
Базовое_масло_15,02602.23,Анилиновая точка,,68.4
Базовое_масло_15,02602.23,Группа по API,,4.0
Базовое_масло_15,02602.23,Деэм.вода | ASTM D1401,,40.0
Базовое_масло_15,02602.23,Деэм.время | ASTM D1401,,5.0
Базовое_масло_15,02602.23,Деэм.масло | ASTM D1401,,39.833333333333336
Базовое_масло_15,02602.23,Деэм.эмульсия | ASTM D1401,,0.0
Базовое_масло_15,02602.23,"Динамическая вязкость CCS -15°C, ASTM D5293",,508.54545454545456
Базовое_масло_15,02602.23,"Динамическая вязкость CCS -20°C, ASTM D5293",,800.3
Базовое_масло_15,02602.23,"Динамическая вязкость CCS -25°C, ASTM D5293",,1311.8
Базовое_масло_15,02602.23,"Динамическая вязкость CCS -30°C, ASTM D5293",,149.0
Базовое_масло_15,02602.23,"Динамическая вязкость CCS -35°C, ASTM D5293",,286.0
Базовое_масло_15,02602.23,"Индекс вязкости, ГОСТ 25371",,98.0
Базовое_масло_15,02602.23,"Испаряемость по NOACK, ASTM D5800",,14.2
Базовое_масло_15,02602.23,"Кинематическая вязкость, при -30⁰С | ASTM D445",,248.0
Базовое_масло_15,02602.23,"Кинематическая вязкость, при 100°C, ASTM D445",,2.05
Базовое_масло_15,02602.23,"Кинематическая вязкость, при 40°C, ASTM D445",,7.001
Базовое_масло_15,02602.23,"Массовая доля кальция, ASTM D6481",,0.0002
Базовое_масло_15,02602.23,"Массовая доля серы, ASTM D6481",,0.0004
Базовое_масло_15,02602.23,"Массовая доля фосфора, ASTM D6481",,0.0001
Базовое_масло_15,02602.23,"Массовая доля цинка, ASTM D6481",,0.0001
Базовое_масло_15,02602.23,"Плотность при 15°С, ASTM D4052",,843.5
Базовое_масло_15,02602.23,"Плотность при 20°С, ASTM D4052",,840.25
Базовое_масло_15,02602.23,Последовательность 1 | ASTM D892,,0.0
Базовое_масло_15,02602.23,Последовательность 2 | ASTM D892,,0.0
Базовое_масло_15,02602.23,Последовательность 3 | ASTM D892,,0.0
Базовое_масло_15,02602.23,"Температура застывания, ГОСТ 20287, метод Б",,-58.0
Базовое_масло_15,02602.23,Цвет Сейболт | -,,30.0
Базовое_масло_15,typical,Анилиновая точка,,68.4
Базовое_масло_15,typical,Группа по API,,4.0
Базовое_масло_15,typical,Деэм.вода | ASTM D1401,,40.0
Базовое_масло_15,typical,Деэм.время | ASTM D1401,,5.0
Базовое_масло_15,typical,Деэм.масло | ASTM D1401,,39.833333333333336
Базовое_масло_15,typical,Деэм.эмульсия | ASTM D1401,,0.0
Базовое_масло_15,typical,"Динамическая вязкость CCS -15°C, ASTM D5293",,508.54545454545456
Базовое_масло_15,typical,"Динамическая вязкость CCS -20°C, ASTM D5293",,800.3
Базовое_масло_15,typical,"Динамическая вязкость CCS -25°C, ASTM D5293",,1311.8
Базовое_масло_15,typical,"Динамическая вязкость CCS -30°C, ASTM D5293",,149.0
Базовое_масло_15,typical,"Динамическая вязкость CCS -35°C, ASTM D5293",,286.0
Базовое_масло_15,typical,"Индекс вязкости, ГОСТ 25371",,98.0
Базовое_масло_15,typical,"Испаряемость по NOACK, ASTM D5800",,14.2
Базовое_масло_15,typical,"Кинематическая вязкость, при -30⁰С | ASTM D445",,248.0
Базовое_масло_15,typical,"Кинематическая вязкость, при 100°C, ASTM D445",,2.05
Базовое_масло_15,typical,"Кинематическая вязкость, при 40°C, ASTM D445",,7.001
Базовое_масло_15,typical,"Массовая доля кальция, ASTM D6481",,0.0002
Базовое_масло_15,typical,"Массовая доля серы, ASTM D6481",,0.0004
Базовое_масло_15,typical,"Массовая доля фосфора, ASTM D6481",,0.0001
Базовое_масло_15,typical,"Массовая доля цинка, ASTM D6481",,0.0001
Базовое_масло_15,typical,"Плотность при 15°С, ASTM D4052",,843.5
Базовое_масло_15,typical,"Плотность при 20°С, ASTM D4052",,840.25
Базовое_масло_15,typical,Последовательность 1 | ASTM D892,,0.0
Базовое_масло_15,typical,Последовательность 2 | ASTM D892,,0.0
Базовое_масло_15,typical,Последовательность 3 | ASTM D892,,0.0
Базовое_масло_15,typical,"Температура застывания, ГОСТ 20287, метод Б",,-58.0
Базовое_масло_15,typical,Цвет Сейболт | -,,30.0
Базовое_масло_16,02959.22,Анилиновая точка,,68.4
Базовое_масло_16,02959.22,Группа по API,,2.0
Базовое_масло_16,02959.22,Деэм.вода | ASTM D1401,,40.0
Базовое_масло_16,02959.22,Деэм.время | ASTM D1401,,5.0
Базовое_масло_16,02959.22,Деэм.масло | ASTM D1401,,39.833333333333336
Базовое_масло_16,02959.22,Деэм.эмульсия | ASTM D1401,,0.0
Базовое_масло_16,02959.22,"Динамическая вязкость CCS -15°C, ASTM D5293",,13.0
Базовое_масло_16,02959.22,"Динамическая вязкость CCS -20°C, ASTM D5293",,25.0
Базовое_масло_16,02959.22,"Динамическая вязкость CCS -25°C, ASTM D5293",,50.0
Базовое_масло_16,02959.22,"Динамическая вязкость CCS -30°C, ASTM D5293",,99.5
Базовое_масло_16,02959.22,"Динамическая вязкость CCS -35°C, ASTM D5293",,200.0
Базовое_масло_16,02959.22,"Индекс вязкости, ГОСТ 25371",,113.0
Базовое_масло_16,02959.22,"Испаряемость по NOACK, ASTM D5800",,90.0
Базовое_масло_16,02959.22,"Кинематическая вязкость, при 100°C, ASTM D445",,1.18
Базовое_масло_16,02959.22,"Кинематическая вязкость, при 40°C, ASTM D445",,2.82
Базовое_масло_16,02959.22,"Массовая доля кальция, ASTM D6481",,0.0002
Базовое_масло_16,02959.22,"Массовая доля серы, ASTM D6481",,0.0004
Базовое_масло_16,02959.22,"Массовая доля фосфора, ASTM D6481",,0.0001
Базовое_масло_16,02959.22,"Массовая доля цинка, ASTM D6481",,0.0001
Базовое_масло_16,02959.22,"Плотность при 15°С, ASTM D4052",,843.5
Базовое_масло_16,02959.22,"Плотность при 20°С, ASTM D4052",,840.25
Базовое_масло_16,02959.22,Последовательность 1 | ASTM D892,,0.0
Базовое_масло_16,02959.22,Последовательность 2 | ASTM D892,,0.0
Базовое_масло_16,02959.22,Последовательность 3 | ASTM D892,,0.0
Базовое_масло_16,02959.22,"Температура застывания, ГОСТ 20287, метод Б",,-40.0
Базовое_масло_16,02959.22,Цвет Сейболт | -,,30.0
Базовое_масло_16,067.23,Анилиновая точка,,68.4
Базовое_масло_16,067.23,Группа по API,,2.0
Базовое_масло_16,067.23,Деэм.вода | ASTM D1401,,40.0
Базовое_масло_16,067.23,Деэм.время | ASTM D1401,,5.0
Базовое_масло_16,067.23,Деэм.масло | ASTM D1401,,39.833333333333336
Базовое_масло_16,067.23,Деэм.эмульсия | ASTM D1401,,0.0
Базовое_масло_16,067.23,"Динамическая вязкость CCS -15°C, ASTM D5293",,13.0
Базовое_масло_16,067.23,"Динамическая вязкость CCS -20°C, ASTM D5293",,25.0
Базовое_масло_16,067.23,"Динамическая вязкость CCS -25°C, ASTM D5293",,50.0
Базовое_масло_16,067.23,"Динамическая вязкость CCS -30°C, ASTM D5293",,100.0
Базовое_масло_16,067.23,"Динамическая вязкость CCS -35°C, ASTM D5293",,200.0
Базовое_масло_16,067.23,"Индекс вязкости, ГОСТ 25371",,113.0
Базовое_масло_16,067.23,"Испаряемость по NOACK, ASTM D5800",,90.0
Базовое_масло_16,067.23,"Кинематическая вязкость, при 100°C, ASTM D445",,1.5
Базовое_масло_16,067.23,"Кинематическая вязкость, при 40°C, ASTM D445",,2.69
Базовое_масло_16,067.23,"Массовая доля кальция, ASTM D6481",,0.0002
Базовое_масло_16,067.23,"Массовая доля серы, ASTM D6481",,0.0004
Базовое_масло_16,067.23,"Массовая доля фосфора, ASTM D6481",,0.0001
Базовое_масло_16,067.23,"Массовая доля цинка, ASTM D6481",,0.0001
Базовое_масло_16,067.23,"Плотность при 15°С, ASTM D4052",,843.5
Базовое_масло_16,067.23,"Плотность при 20°С, ASTM D4052",,840.25
Базовое_масло_16,067.23,Последовательность 1 | ASTM D892,,0.0
Базовое_масло_16,067.23,Последовательность 2 | ASTM D892,,0.0
Базовое_масло_16,067.23,Последовательность 3 | ASTM D892,,0.0
Базовое_масло_16,067.23,"Температура застывания, ГОСТ 20287, метод Б",,-54.0
Базовое_масло_16,067.23,Цвет Сейболт | -,,30.0
Базовое_масло_16,25721.17,Анилиновая точка,,68.4
Базовое_масло_16,25721.17,Группа по API,,2.0
Базовое_масло_16,25721.17,Деэм.вода | ASTM D1401,,40.0
Базовое_масло_16,25721.17,Деэм.время | ASTM D1401,,5.0
Базовое_масло_16,25721.17,Деэм.масло | ASTM D1401,,39.833333333333336
Базовое_масло_16,25721.17,Деэм.эмульсия | ASTM D1401,,0.0
Базовое_масло_16,25721.17,"Динамическая вязкость CCS -15°C, ASTM D5293",,13.0
Базовое_масло_16,25721.17,"Динамическая вязкость CCS -20°C, ASTM D5293",,25.0
Базовое_масло_16,25721.17,"Динамическая вязкость CCS -25°C, ASTM D5293",,50.0
Базовое_масло_16,25721.17,"Динамическая вязкость CCS -30°C, ASTM D5293",,99.0
Базовое_масло_16,25721.17,"Динамическая вязкость CCS -35°C, ASTM D5293",,200.0
Базовое_масло_16,25721.17,"Индекс вязкости, ГОСТ 25371",,113.0
Базовое_масло_16,25721.17,"Испаряемость по NOACK, ASTM D5800",,90.0
Базовое_масло_16,25721.17,"Кинематическая вязкость, при 100°C, ASTM D445",,1.17
Базовое_масло_16,25721.17,"Кинематическая вязкость, при 40°C, ASTM D445",,2.84
Базовое_масло_16,25721.17,"Массовая доля кальция, ASTM D6481",,0.0002
Базовое_масло_16,25721.17,"Массовая доля серы, ASTM D6481",,0.0004
Базовое_масло_16,25721.17,"Массовая доля фосфора, ASTM D6481",,0.0001
Базовое_масло_16,25721.17,"Массовая доля цинка, ASTM D6481",,0.0001
Базовое_масло_16,25721.17,"Плотность при 15°С, ASTM D4052",,843.5
Базовое_масло_16,25721.17,"Плотность при 20°С, ASTM D4052",,840.25
Базовое_масло_16,25721.17,Последовательность 1 | ASTM D892,,0.0
Базовое_масло_16,25721.17,Последовательность 2 | ASTM D892,,0.0
Базовое_масло_16,25721.17,Последовательность 3 | ASTM D892,,0.0
Базовое_масло_16,25721.17,"Температура застывания, ГОСТ 20287, метод Б",,-54.0
Базовое_масло_16,25721.17,Цвет Сейболт | -,,30.0
Базовое_масло_16,typical,Анилиновая точка,,68.4
Базовое_масло_16,typical,Группа по API,,2.0
Базовое_масло_16,typical,Деэм.вода | ASTM D1401,,40.0
Базовое_масло_16,typical,Деэм.время | ASTM D1401,,5.0
Базовое_масло_16,typical,Деэм.масло | ASTM D1401,,39.833333333333336
Базовое_масло_16,typical,Деэм.эмульсия | ASTM D1401,,0.0
Базовое_масло_16,typical,"Динамическая вязкость CCS -15°C, ASTM D5293",,13.0
Базовое_масло_16,typical,"Динамическая вязкость CCS -20°C, ASTM D5293",,25.0
Базовое_масло_16,typical,"Динамическая вязкость CCS -25°C, ASTM D5293",,50.0
Базовое_масло_16,typical,"Динамическая вязкость CCS -30°C, ASTM D5293",,99.5
Базовое_масло_16,typical,"Динамическая вязкость CCS -35°C, ASTM D5293",,200.0
Базовое_масло_16,typical,"Индекс вязкости, ГОСТ 25371",,113.0
Базовое_масло_16,typical,"Испаряемость по NOACK, ASTM D5800",,90.0
Базовое_масло_16,typical,"Кинематическая вязкость, при 100°C, ASTM D445",,1.2833333333333332
Базовое_масло_16,typical,"Кинематическая вязкость, при 40°C, ASTM D445",,2.783333333333333
Базовое_масло_16,typical,"Массовая доля кальция, ASTM D6481",,0.0002
Базовое_масло_16,typical,"Массовая доля серы, ASTM D6481",,0.0004
Базовое_масло_16,typical,"Массовая доля фосфора, ASTM D6481",,0.0001
Базовое_масло_16,typical,"Массовая доля цинка, ASTM D6481",,0.0001
Базовое_масло_16,typical,"Плотность при 15°С, ASTM D4052",,843.5
Базовое_масло_16,typical,"Плотность при 20°С, ASTM D4052",,840.25
Базовое_масло_16,typical,Последовательность 1 | ASTM D892,,0.0
Базовое_масло_16,typical,Последовательность 2 | ASTM D892,,0.0
Базовое_масло_16,typical,Последовательность 3 | ASTM D892,,0.0
Базовое_масло_16,typical,"Температура застывания, ГОСТ 20287, метод Б",,-68.0
Базовое_масло_16,typical,Цвет Сейболт | -,,30.0
Базовое_масло_17,typical,Анилиновая точка,,68.4
Базовое_масло_17,typical,Группа по API,,5.0
Базовое_масло_17,typical,Деэм.вода | ASTM D1401,,40.0
Базовое_масло_17,typical,Деэм.время | ASTM D1401,,5.0
Базовое_масло_17,typical,Деэм.масло | ASTM D1401,,39.833333333333336
Базовое_масло_17,typical,Деэм.эмульсия | ASTM D1401,,0.0
Базовое_масло_17,typical,"Динамическая вязкость CCS -15°C, ASTM D5293",,13.0
Базовое_масло_17,typical,"Динамическая вязкость CCS -20°C, ASTM D5293",,25.0
Базовое_масло_17,typical,"Динамическая вязкость CCS -25°C, ASTM D5293",,50.0
Базовое_масло_17,typical,"Динамическая вязкость CCS -30°C, ASTM D5293",,99.0
Базовое_масло_17,typical,"Динамическая вязкость CCS -35°C, ASTM D5293",,200.0
Базовое_масло_17,typical,"Индекс вязкости, ГОСТ 25371",,113.0
Базовое_масло_17,typical,"Испаряемость по NOACK, ASTM D5800",,90.0
Базовое_масло_17,typical,"Кинематическая вязкость, при 100°C, ASTM D445",,1.45
Базовое_масло_17,typical,"Кинематическая вязкость, при 40°C, ASTM D445",,3.88
Базовое_масло_17,typical,"Массовая доля кальция, ASTM D6481",,0.0002
Базовое_масло_17,typical,"Массовая доля серы, ASTM D6481",,0.0004
Базовое_масло_17,typical,"Массовая доля фосфора, ASTM D6481",,0.0001
Базовое_масло_17,typical,"Массовая доля цинка, ASTM D6481",,0.0001
Базовое_масло_17,typical,"Плотность при 15°С, ASTM D4052",,843.5
Базовое_масло_17,typical,"Плотность при 20°С, ASTM D4052",,840.25
Базовое_масло_17,typical,Последовательность 1 | ASTM D892,,0.0
Базовое_масло_17,typical,Последовательность 2 | ASTM D892,,0.0
Базовое_масло_17,typical,Последовательность 3 | ASTM D892,,0.0
Базовое_масло_17,typical,"Температура застывания, ГОСТ 20287, метод Б",,-73.0
Базовое_масло_17,typical,Цвет Сейболт | -,,30.0
Базовое_масло_17,без номера,Анилиновая точка,,68.4
Базовое_масло_17,без номера,Группа по API,,5.0
Базовое_масло_17,без номера,Деэм.вода | ASTM D1401,,40.0
Базовое_масло_17,без номера,Деэм.время | ASTM D1401,,5.0
Базовое_масло_17,без номера,Деэм.масло | ASTM D1401,,39.833333333333336
Базовое_масло_17,без номера,Деэм.эмульсия | ASTM D1401,,0.0
Базовое_масло_17,без номера,"Динамическая вязкость CCS -15°C, ASTM D5293",,13.0
Базовое_масло_17,без номера,"Динамическая вязкость CCS -20°C, ASTM D5293",,25.0
Базовое_масло_17,без номера,"Динамическая вязкость CCS -25°C, ASTM D5293",,50.0
Базовое_масло_17,без номера,"Динамическая вязкость CCS -30°C, ASTM D5293",,99.0
Базовое_масло_17,без номера,"Динамическая вязкость CCS -35°C, ASTM D5293",,200.0
Базовое_масло_17,без номера,"Индекс вязкости, ГОСТ 25371",,113.0
Базовое_масло_17,без номера,"Испаряемость по NOACK, ASTM D5800",,90.0
Базовое_масло_17,без номера,"Кинематическая вязкость, при 100°C, ASTM D445",,1.45
Базовое_масло_17,без номера,"Кинематическая вязкость, при 40°C, ASTM D445",,3.88
Базовое_масло_17,без номера,"Массовая доля кальция, ASTM D6481",,0.0002
Базовое_масло_17,без номера,"Массовая доля серы, ASTM D6481",,0.0004
Базовое_масло_17,без номера,"Массовая доля фосфора, ASTM D6481",,0.0001
Базовое_масло_17,без номера,"Массовая доля цинка, ASTM D6481",,0.0001
Базовое_масло_17,без номера,"Плотность при 15°С, ASTM D4052",,843.5
Базовое_масло_17,без номера,"Плотность при 20°С, ASTM D4052",,840.25
Базовое_масло_17,без номера,Последовательность 1 | ASTM D892,,0.0
Базовое_масло_17,без номера,Последовательность 2 | ASTM D892,,0.0
Базовое_масло_17,без номера,Последовательность 3 | ASTM D892,,0.0
Базовое_масло_17,без номера,"Температура застывания, ГОСТ 20287, метод Б",,-73.0
Базовое_масло_17,без номера,Цвет Сейболт | -,,30.0
Базовое_масло_2,01009.22,Анилиновая точка,,68.4
Базовое_масло_2,01009.22,Группа по API,,1.0
Базовое_масло_2,01009.22,Деэм.вода | ASTM D1401,,38.63636363636363
Базовое_масло_2,01009.22,Деэм.время | ASTM D1401,,5.0
Базовое_масло_2,01009.22,Деэм.масло | ASTM D1401,,40.90909090909091
Базовое_масло_2,01009.22,Деэм.эмульсия | ASTM D1401,,0.0
Базовое_масло_2,01009.22,"Динамическая вязкость CCS -15°C, ASTM D5293",,1220.0
Базовое_масло_2,01009.22,"Динамическая вязкость CCS -20°C, ASTM D5293",,2317.0
Базовое_масло_2,01009.22,"Динамическая вязкость CCS -25°C, ASTM D5293",,4827.0
Базовое_масло_2,01009.22,"Динамическая вязкость CCS -30°C, ASTM D5293",,10684.0
Базовое_масло_2,01009.22,"Динамическая вязкость CCS -35°C, ASTM D5293",,21400.0
Базовое_масло_2,01009.22,"Индекс вязкости, ГОСТ 25371",,95.0
Базовое_масло_2,01009.22,"Испаряемость по NOACK, ASTM D5800",,14.7
Базовое_масло_2,01009.22,"Кинематическая вязкость, при 100°C, ASTM D445",,5.39
Базовое_масло_2,01009.22,"Кинематическая вязкость, при 40°C, ASTM D445",,33.01
Базовое_масло_2,01009.22,"Массовая доля кальция, ASTM D6481",,3e-05
Базовое_масло_2,01009.22,"Массовая доля серы, ASTM D6481",,0.0236
Базовое_масло_2,01009.22,"Массовая доля фосфора, ASTM D6481",,4e-05
Базовое_масло_2,01009.22,"Массовая доля цинка, ASTM D6481",,5e-05
Базовое_масло_2,01009.22,"Плотность при 15°С, ASTM D4052",,870.7
Базовое_масло_2,01009.22,"Плотность при 20°С, ASTM D4052",,867.2
Базовое_масло_2,01009.22,Последовательность 1 | ASTM D892,,0.0
Базовое_масло_2,01009.22,Последовательность 2 | ASTM D892,,0.0
Базовое_масло_2,01009.22,Последовательность 3 | ASTM D892,,0.0
Базовое_масло_2,01009.22,"Температура застывания, ГОСТ 20287, метод Б",,-18.0
Базовое_масло_2,01009.22,Цвет Сейболт | -,,30.0
Базовое_масло_2,01302.22,Анилиновая точка,,68.4
Базовое_масло_2,01302.22,Группа по API,,1.0
Базовое_масло_2,01302.22,Деэм.вода | ASTM D1401,,40.0
Базовое_масло_2,01302.22,Деэм.время | ASTM D1401,,5.0
Базовое_масло_2,01302.22,Деэм.масло | ASTM D1401,,40.0
Базовое_масло_2,01302.22,Деэм.эмульсия | ASTM D1401,,0.0
Базовое_масло_2,01302.22,"Динамическая вязкость CCS -15°C, ASTM D5293",,1286.0
Базовое_масло_2,01302.22,"Динамическая вязкость CCS -20°C, ASTM D5293",,2351.0
Базовое_масло_2,01302.22,"Динамическая вязкость CCS -25°C, ASTM D5293",,4925.0
Базовое_масло_2,01302.22,"Динамическая вязкость CCS -30°C, ASTM D5293",,10923.0
Базовое_масло_2,01302.22,"Динамическая вязкость CCS -35°C, ASTM D5293",,22000.0
Базовое_масло_2,01302.22,"Индекс вязкости, ГОСТ 25371",,94.0
Базовое_масло_2,01302.22,"Испаряемость по NOACK, ASTM D5800",,15.6
Базовое_масло_2,01302.22,"Кинематическая вязкость, при 100°C, ASTM D445",,5.37
Базовое_масло_2,01302.22,"Кинематическая вязкость, при 40°C, ASTM D445",,32.96
Базовое_масло_2,01302.22,"Массовая доля кальция, ASTM D6481",,3e-05
Базовое_масло_2,01302.22,"Массовая доля серы, ASTM D6481",,0.0289
Базовое_масло_2,01302.22,"Массовая доля фосфора, ASTM D6481",,3e-05
Базовое_масло_2,01302.22,"Массовая доля цинка, ASTM D6481",,1.2e-05
Базовое_масло_2,01302.22,"Плотность при 15°С, ASTM D4052",,870.7
Базовое_масло_2,01302.22,"Плотность при 20°С, ASTM D4052",,867.2
Базовое_масло_2,01302.22,Последовательность 1 | ASTM D892,,430.0
Базовое_масло_2,01302.22,Последовательность 2 | ASTM D892,,30.0
Базовое_масло_2,01302.22,Последовательность 3 | ASTM D892,,460.0
Базовое_масло_2,01302.22,"Температура застывания, ГОСТ 20287, метод Б",,-18.0
Базовое_масло_2,01302.22,Цвет Сейболт | -,,30.0
Базовое_масло_2,01510.24,Анилиновая точка,,68.4
Базовое_масло_2,01510.24,Группа по API,,1.0
Базовое_масло_2,01510.24,Деэм.вода | ASTM D1401,,38.63636363636363
Базовое_масло_2,01510.24,Деэм.время | ASTM D1401,,5.0
Базовое_масло_2,01510.24,Деэм.масло | ASTM D1401,,40.90909090909091
Базовое_масло_2,01510.24,Деэм.эмульсия | ASTM D1401,,0.0
Базовое_масло_2,01510.24,"Динамическая вязкость CCS -15°C, ASTM D5293",,1165.0
Базовое_масло_2,01510.24,"Динамическая вязкость CCS -20°C, ASTM D5293",,2161.0
Базовое_масло_2,01510.24,"Динамическая вязкость CCS -25°C, ASTM D5293",,4323.0
Базовое_масло_2,01510.24,"Динамическая вязкость CCS -30°C, ASTM D5293",,10238.0
Базовое_масло_2,01510.24,"Динамическая вязкость CCS -35°C, ASTM D5293",,21400.0
Базовое_масло_2,01510.24,"Индекс вязкости, ГОСТ 25371",,98.0
Базовое_масло_2,01510.24,"Испаряемость по NOACK, ASTM D5800",,14.292307692307691
Базовое_масло_2,01510.24,"Кинематическая вязкость, при 100°C, ASTM D445",,5.31
Базовое_масло_2,01510.24,"Кинематическая вязкость, при 40°C, ASTM D445",,31.81
Базовое_масло_2,01510.24,"Массовая доля кальция, ASTM D6481",,0.00017
Базовое_масло_2,01510.24,"Массовая доля серы, ASTM D6481",,0.02574
Базовое_масло_2,01510.24,"Массовая доля фосфора, ASTM D6481",,4e-05
Базовое_масло_2,01510.24,"Массовая доля цинка, ASTM D6481",,5e-05
Базовое_масло_2,01510.24,"Плотность при 15°С, ASTM D4052",,870.7
Базовое_масло_2,01510.24,"Плотность при 20°С, ASTM D4052",,867.2
Базовое_масло_2,01510.24,Последовательность 1 | ASTM D892,,0.0
Базовое_масло_2,01510.24,Последовательность 2 | ASTM D892,,0.0
Базовое_масло_2,01510.24,Последовательность 3 | ASTM D892,,0.0
Базовое_масло_2,01510.24,"Температура застывания, ГОСТ 20287, метод Б",,-17.0
Базовое_масло_2,01510.24,Цвет Сейболт | -,,30.0
Базовое_масло_2,01767.22,Анилиновая точка,,68.4
Базовое_масло_2,01767.22,Группа по API,,1.0
Базовое_масло_2,01767.22,Деэм.вода | ASTM D1401,,35.0
Базовое_масло_2,01767.22,Деэм.время | ASTM D1401,,30.0
Базовое_масло_2,01767.22,Деэм.масло | ASTM D1401,,40.0
Базовое_масло_2,01767.22,Деэм.эмульсия | ASTM D1401,,5.0
Базовое_масло_2,01767.22,"Динамическая вязкость CCS -15°C, ASTM D5293",,1150.0
Базовое_масло_2,01767.22,"Динамическая вязкость CCS -20°C, ASTM D5293",,2199.0
Базовое_масло_2,01767.22,"Динамическая вязкость CCS -25°C, ASTM D5293",,4564.0
Базовое_масло_2,01767.22,"Динамическая вязкость CCS -30°C, ASTM D5293",,10045.0
Базовое_масло_2,01767.22,"Динамическая вязкость CCS -35°C, ASTM D5293",,21400.0
Базовое_масло_2,01767.22,"Индекс вязкости, ГОСТ 25371",,96.0
Базовое_масло_2,01767.22,"Испаряемость по NOACK, ASTM D5800",,15.3
Базовое_масло_2,01767.22,"Кинематическая вязкость, при 100°C, ASTM D445",,5.31
Базовое_масло_2,01767.22,"Кинематическая вязкость, при 40°C, ASTM D445",,32.06
Базовое_масло_2,01767.22,"Массовая доля кальция, ASTM D6481",,0.00056
Базовое_масло_2,01767.22,"Массовая доля серы, ASTM D6481",,0.02433
Базовое_масло_2,01767.22,"Массовая доля фосфора, ASTM D6481",,3e-05
Базовое_масло_2,01767.22,"Массовая доля цинка, ASTM D6481",,5e-05
Базовое_масло_2,01767.22,"Плотность при 15°С, ASTM D4052",,870.7
Базовое_масло_2,01767.22,"Плотность при 20°С, ASTM D4052",,867.2
Базовое_масло_2,01767.22,Последовательность 1 | ASTM D892,,0.0
Базовое_масло_2,01767.22,Последовательность 2 | ASTM D892,,0.0
Базовое_масло_2,01767.22,Последовательность 3 | ASTM D892,,0.0
Базовое_масло_2,01767.22,"Температура застывания, ГОСТ 20287, метод Б",,-17.0
Базовое_масло_2,01767.22,Цвет Сейболт | -,,30.0
Базовое_масло_2,01940.22,Анилиновая точка,,68.4
Базовое_масло_2,01940.22,Группа по API,,1.0
Базовое_масло_2,01940.22,Деэм.вода | ASTM D1401,,39.0
Базовое_масло_2,01940.22,Деэм.время | ASTM D1401,,5.0
Базовое_масло_2,01940.22,Деэм.масло | ASTM D1401,,41.0
Базовое_масло_2,01940.22,Деэм.эмульсия | ASTM D1401,,0.0
Базовое_масло_2,01940.22,"Динамическая вязкость CCS -15°C, ASTM D5293",,1067.0
Базовое_масло_2,01940.22,"Динамическая вязкость CCS -20°C, ASTM D5293",,2049.0
Базовое_масло_2,01940.22,"Динамическая вязкость CCS -25°C, ASTM D5293",,4252.0
Базовое_масло_2,01940.22,"Динамическая вязкость CCS -30°C, ASTM D5293",,9446.0
Базовое_масло_2,01940.22,"Динамическая вязкость CCS -35°C, ASTM D5293",,21400.0
Базовое_масло_2,01940.22,"Индекс вязкости, ГОСТ 25371",,99.0
Базовое_масло_2,01940.22,"Испаряемость по NOACK, ASTM D5800",,15.0
Базовое_масло_2,01940.22,"Кинематическая вязкость, при 100°C, ASTM D445",,5.25
Базовое_масло_2,01940.22,"Кинематическая вязкость, при 40°C, ASTM D445",,31.12
Базовое_масло_2,01940.22,"Массовая доля кальция, ASTM D6481",,0.00014
Базовое_масло_2,01940.22,"Массовая доля серы, ASTM D6481",,0.032
Базовое_масло_2,01940.22,"Массовая доля фосфора, ASTM D6481",,3e-05
Базовое_масло_2,01940.22,"Массовая доля цинка, ASTM D6481",,5e-05
Базовое_масло_2,01940.22,"Плотность при 15°С, ASTM D4052",,870.7
Базовое_масло_2,01940.22,"Плотность при 20°С, ASTM D4052",,867.2
Базовое_масло_2,01940.22,Последовательность 1 | ASTM D892,,0.0
Базовое_масло_2,01940.22,Последовательность 2 | ASTM D892,,0.0
Базовое_масло_2,01940.22,Последовательность 3 | ASTM D892,,0.0
Базовое_масло_2,01940.22,"Температура застывания, ГОСТ 20287, метод Б",,-16.0
Базовое_масло_2,01940.22,Цвет Сейболт | -,,30.0
Базовое_масло_2,01943.23,Анилиновая точка,,68.4
Базовое_масло_2,01943.23,Группа по API,,1.0
Базовое_масло_2,01943.23,Деэм.вода | ASTM D1401,,39.0
Базовое_масло_2,01943.23,Деэм.время | ASTM D1401,,5.0
Базовое_масло_2,01943.23,Деэм.масло | ASTM D1401,,41.0
Базовое_масло_2,01943.23,Деэм.эмульсия | ASTM D1401,,0.0
Базовое_масло_2,01943.23,"Динамическая вязкость CCS -15°C, ASTM D5293",,1250.0
Базовое_масло_2,01943.23,"Динамическая вязкость CCS -20°C, ASTM D5293",,2382.0
Базовое_масло_2,01943.23,"Динамическая вязкость CCS -25°C, ASTM D5293",,4932.0
Базовое_масло_2,01943.23,"Динамическая вязкость CCS -30°C, ASTM D5293",,10861.0
Базовое_масло_2,01943.23,"Динамическая вязкость CCS -35°C, ASTM D5293",,21400.0
Базовое_масло_2,01943.23,"Индекс вязкости, ГОСТ 25371",,97.0
Базовое_масло_2,01943.23,"Испаряемость по NOACK, ASTM D5800",,13.7
Базовое_масло_2,01943.23,"Кинематическая вязкость, при 100°C, ASTM D445",,5.45
Базовое_масло_2,01943.23,"Кинематическая вязкость, при 40°C, ASTM D445",,33.25
Базовое_масло_2,01943.23,"Массовая доля кальция, ASTM D6481",,0.0002
Базовое_масло_2,01943.23,"Массовая доля серы, ASTM D6481",,0.021
Базовое_масло_2,01943.23,"Массовая доля фосфора, ASTM D6481",,0.0001
Базовое_масло_2,01943.23,"Массовая доля цинка, ASTM D6481",,0.0001
Базовое_масло_2,01943.23,"Плотность при 15°С, ASTM D4052",,870.7
Базовое_масло_2,01943.23,"Плотность при 20°С, ASTM D4052",,867.2
Базовое_масло_2,01943.23,Последовательность 1 | ASTM D892,,0.0
Базовое_масло_2,01943.23,Последовательность 2 | ASTM D892,,0.0
Базовое_масло_2,01943.23,Последовательность 3 | ASTM D892,,0.0
Базовое_масло_2,01943.23,"Температура застывания, ГОСТ 20287, метод Б",,-16.0
Базовое_масло_2,01943.23,Цвет Сейболт | -,,30.0
Базовое_масло_2,01993.25,Анилиновая точка,,68.4
Базовое_масло_2,01993.25,Группа по API,,1.0
Базовое_масло_2,01993.25,Деэм.вода | ASTM D1401,,38.63636363636363
Базовое_масло_2,01993.25,Деэм.время | ASTM D1401,,5.0
Базовое_масло_2,01993.25,Деэм.масло | ASTM D1401,,40.90909090909091
Базовое_масло_2,01993.25,Деэм.эмульсия | ASTM D1401,,0.0
Базовое_масло_2,01993.25,"Динамическая вязкость CCS -15°C, ASTM D5293",,1172.0
Базовое_масло_2,01993.25,"Динамическая вязкость CCS -20°C, ASTM D5293",,2254.0
Базовое_масло_2,01993.25,"Динамическая вязкость CCS -25°C, ASTM D5293",,4576.0
Базовое_масло_2,01993.25,"Динамическая вязкость CCS -30°C, ASTM D5293",,9992.0
Базовое_масло_2,01993.25,"Динамическая вязкость CCS -35°C, ASTM D5293",,21400.0
Базовое_масло_2,01993.25,"Индекс вязкости, ГОСТ 25371",,100.0
Базовое_масло_2,01993.25,"Испаряемость по NOACK, ASTM D5800",,14.292307692307691
Базовое_масло_2,01993.25,"Кинематическая вязкость, при 100°C, ASTM D445",,5.38
Базовое_масло_2,01993.25,"Кинематическая вязкость, при 40°C, ASTM D445",,32.16
Базовое_масло_2,01993.25,"Массовая доля кальция, ASTM D6481",,0.00017
Базовое_масло_2,01993.25,"Массовая доля серы, ASTM D6481",,0.02574
Базовое_масло_2,01993.25,"Массовая доля фосфора, ASTM D6481",,4e-05
Базовое_масло_2,01993.25,"Массовая доля цинка, ASTM D6481",,5e-05
Базовое_масло_2,01993.25,"Плотность при 15°С, ASTM D4052",,870.7
Базовое_масло_2,01993.25,"Плотность при 20°С, ASTM D4052",,867.2
Базовое_масло_2,01993.25,Последовательность 1 | ASTM D892,,0.0
Базовое_масло_2,01993.25,Последовательность 2 | ASTM D892,,0.0
Базовое_масло_2,01993.25,Последовательность 3 | ASTM D892,,0.0
Базовое_масло_2,01993.25,"Температура застывания, ГОСТ 20287, метод Б",,-15.0
Базовое_масло_2,01993.25,Цвет Сейболт | -,,30.0
Базовое_масло_2,0204.22,Анилиновая точка,,68.4
Базовое_масло_2,0204.22,Группа по API,,1.0
Базовое_масло_2,0204.22,Деэм.вода | ASTM D1401,,38.0
Базовое_масло_2,0204.22,Деэм.время | ASTM D1401,,30.0
Базовое_масло_2,0204.22,Деэм.масло | ASTM D1401,,42.0
Базовое_масло_2,0204.22,Деэм.эмульсия | ASTM D1401,,0.0
Базовое_масло_2,0204.22,"Динамическая вязкость CCS -15°C, ASTM D5293",,1224.0
Базовое_масло_2,0204.22,"Динамическая вязкость CCS -20°C, ASTM D5293",,2308.0
Базовое_масло_2,0204.22,"Динамическая вязкость CCS -25°C, ASTM D5293",,4797.0
Базовое_масло_2,0204.22,"Динамическая вязкость CCS -30°C, ASTM D5293",,10565.0
Базовое_масло_2,0204.22,"Динамическая вязкость CCS -35°C, ASTM D5293",,21400.0
Базовое_масло_2,0204.22,"Индекс вязкости, ГОСТ 25371",,96.0
Базовое_масло_2,0204.22,"Испаряемость по NOACK, ASTM D5800",,12.8
Базовое_масло_2,0204.22,"Кинематическая вязкость, при 100°C, ASTM D445",,5.4
Базовое_масло_2,0204.22,"Кинематическая вязкость, при 40°C, ASTM D445",,33.0
Базовое_масло_2,0204.22,"Массовая доля кальция, ASTM D6481",,0.00089
Базовое_масло_2,0204.22,"Массовая доля серы, ASTM D6481",,0.02478
Базовое_масло_2,0204.22,"Массовая доля фосфора, ASTM D6481",,0.00054
Базовое_масло_2,0204.22,"Массовая доля цинка, ASTM D6481",,0.00014
Базовое_масло_2,0204.22,"Плотность при 15°С, ASTM D4052",,870.7
Базовое_масло_2,0204.22,"Плотность при 20°С, ASTM D4052",,867.2
Базовое_масло_2,0204.22,Последовательность 1 | ASTM D892,,0.0
Базовое_масло_2,0204.22,Последовательность 2 | ASTM D892,,0.0
Базовое_масло_2,0204.22,Последовательность 3 | ASTM D892,,0.0
Базовое_масло_2,0204.22,"Температура застывания, ГОСТ 20287, метод Б",,0.0
Базовое_масло_2,0204.22,Цвет Сейболт | -,,30.0
Базовое_масло_2,02360.23,Анилиновая точка,,68.4
Базовое_масло_2,02360.23,Группа по API,,1.0
Базовое_масло_2,02360.23,Деэм.вода | ASTM D1401,,40.0
Базовое_масло_2,02360.23,Деэм.время | ASTM D1401,,5.0
Базовое_масло_2,02360.23,Деэм.масло | ASTM D1401,,40.0
Базовое_масло_2,02360.23,Деэм.эмульсия | ASTM D1401,,0.0
Базовое_масло_2,02360.23,"Динамическая вязкость CCS -15°C, ASTM D5293",,1169.0
Базовое_масло_2,02360.23,"Динамическая вязкость CCS -20°C, ASTM D5293",,2205.0
Базовое_масло_2,02360.23,"Динамическая вязкость CCS -25°C, ASTM D5293",,4520.0
Базовое_масло_2,02360.23,"Динамическая вязкость CCS -30°C, ASTM D5293",,9777.0
Базовое_масло_2,02360.23,"Динамическая вязкость CCS -35°C, ASTM D5293",,21400.0
Базовое_масло_2,02360.23,"Индекс вязкости, ГОСТ 25371",,98.0
Базовое_масло_2,02360.23,"Испаряемость по NOACK, ASTM D5800",,14.0
Базовое_масло_2,02360.23,"Кинематическая вязкость, при 100°C, ASTM D445",,5.36
Базовое_масло_2,02360.23,"Кинематическая вязкость, при 40°C, ASTM D445",,32.22
Базовое_масло_2,02360.23,"Массовая доля кальция, ASTM D6481",,2.1e-05
Базовое_масло_2,02360.23,"Массовая доля серы, ASTM D6481",,0.032
Базовое_масло_2,02360.23,"Массовая доля фосфора, ASTM D6481",,3e-05
Базовое_масло_2,02360.23,"Массовая доля цинка, ASTM D6481",,4e-05
Базовое_масло_2,02360.23,"Плотность при 15°С, ASTM D4052",,870.7
Базовое_масло_2,02360.23,"Плотность при 20°С, ASTM D4052",,867.2
Базовое_масло_2,02360.23,Последовательность 1 | ASTM D892,,0.0
Базовое_масло_2,02360.23,Последовательность 2 | ASTM D892,,0.0
Базовое_масло_2,02360.23,Последовательность 3 | ASTM D892,,0.0
Базовое_масло_2,02360.23,"Температура застывания, ГОСТ 20287, метод Б",,-16.0
Базовое_масло_2,02360.23,Цвет Сейболт | -,,30.0
Базовое_масло_2,02425.24,Анилиновая точка,,68.4
Базовое_масло_2,02425.24,Группа по API,,1.0
Базовое_масло_2,02425.24,Деэм.вода | ASTM D1401,,38.63636363636363
Базовое_масло_2,02425.24,Деэм.время | ASTM D1401,,5.0
Базовое_масло_2,02425.24,Деэм.масло | ASTM D1401,,40.90909090909091
Базовое_масло_2,02425.24,Деэм.эмульсия | ASTM D1401,,0.0
Базовое_масло_2,02425.24,"Динамическая вязкость CCS -15°C, ASTM D5293",,1194.571428571429
Базовое_масло_2,02425.24,"Динамическая вязкость CCS -20°C, ASTM D5293",,2241.6666666666665
Базовое_масло_2,02425.24,"Динамическая вязкость CCS -25°C, ASTM D5293",,4638.0
Базовое_масло_2,02425.24,"Динамическая вязкость CCS -30°C, ASTM D5293",,10238.0
Базовое_масло_2,02425.24,"Динамическая вязкость CCS -35°C, ASTM D5293",,21400.0
Базовое_масло_2,02425.24,"Индекс вязкости, ГОСТ 25371",,95.0
Базовое_масло_2,02425.24,"Испаряемость по NOACK, ASTM D5800",,14.292307692307691
Базовое_масло_2,02425.24,"Кинематическая вязкость, при 100°C, ASTM D445",,5.35
Базовое_масло_2,02425.24,"Кинематическая вязкость, при 40°C, ASTM D445",,32.57
Базовое_масло_2,02425.24,"Массовая доля кальция, ASTM D6481",,0.00017
Базовое_масло_2,02425.24,"Массовая доля серы, ASTM D6481",,0.02574
Базовое_масло_2,02425.24,"Массовая доля фосфора, ASTM D6481",,4e-05
Базовое_масло_2,02425.24,"Массовая доля цинка, ASTM D6481",,5e-05
Базовое_масло_2,02425.24,"Плотность при 15°С, ASTM D4052",,870.7
Базовое_масло_2,02425.24,"Плотность при 20°С, ASTM D4052",,867.2
Базовое_масло_2,02425.24,Последовательность 1 | ASTM D892,,0.0
Базовое_масло_2,02425.24,Последовательность 2 | ASTM D892,,0.0
Базовое_масло_2,02425.24,Последовательность 3 | ASTM D892,,0.0
Базовое_масло_2,02425.24,"Температура застывания, ГОСТ 20287, метод Б",,-15.733333333333333
Базовое_масло_2,02425.24,Цвет Сейболт | -,,30.0
Базовое_масло_2,02596.22,Анилиновая точка,,68.4
Базовое_масло_2,02596.22,Группа по API,,1.0
Базовое_масло_2,02596.22,Деэм.вода | ASTM D1401,,38.0
Базовое_масло_2,02596.22,Деэм.время | ASTM D1401,,5.0
Базовое_масло_2,02596.22,Деэм.масло | ASTM D1401,,42.0
Базовое_масло_2,02596.22,Деэм.эмульсия | ASTM D1401,,0.0
Базовое_масло_2,02596.22,"Динамическая вязкость CCS -15°C, ASTM D5293",,1220.0
Базовое_масло_2,02596.22,"Динамическая вязкость CCS -20°C, ASTM D5293",,2250.0
Базовое_масло_2,02596.22,"Динамическая вязкость CCS -25°C, ASTM D5293",,4642.0
Базовое_масло_2,02596.22,"Динамическая вязкость CCS -30°C, ASTM D5293",,10272.0
Базовое_масло_2,02596.22,"Динамическая вязкость CCS -35°C, ASTM D5293",,21000.0
Базовое_масло_2,02596.22,"Индекс вязкости, ГОСТ 25371",,96.0
Базовое_масло_2,02596.22,"Испаряемость по NOACK, ASTM D5800",,14.0
Базовое_масло_2,02596.22,"Кинематическая вязкость, при 100°C, ASTM D445",,5.37
Базовое_масло_2,02596.22,"Кинематическая вязкость, при 40°C, ASTM D445",,32.61
Базовое_масло_2,02596.22,"Массовая доля кальция, ASTM D6481",,3e-05
Базовое_масло_2,02596.22,"Массовая доля серы, ASTM D6481",,0.028
Базовое_масло_2,02596.22,"Массовая доля фосфора, ASTM D6481",,5e-05
Базовое_масло_2,02596.22,"Массовая доля цинка, ASTM D6481",,1e-05
Базовое_масло_2,02596.22,"Плотность при 15°С, ASTM D4052",,870.7
Базовое_масло_2,02596.22,"Плотность при 20°С, ASTM D4052",,867.2
Базовое_масло_2,02596.22,Последовательность 1 | ASTM D892,,0.0
Базовое_масло_2,02596.22,Последовательность 2 | ASTM D892,,0.0
Базовое_масло_2,02596.22,Последовательность 3 | ASTM D892,,0.0
Базовое_масло_2,02596.22,"Температура застывания, ГОСТ 20287, метод Б",,-18.0
Базовое_масло_2,02596.22,Цвет Сейболт | -,,30.0
Базовое_масло_2,03275.23,Анилиновая точка,,68.4
Базовое_масло_2,03275.23,Группа по API,,1.0
Базовое_масло_2,03275.23,Деэм.вода | ASTM D1401,,39.0
Базовое_масло_2,03275.23,Деэм.время | ASTM D1401,,2.0
Базовое_масло_2,03275.23,Деэм.масло | ASTM D1401,,41.0
Базовое_масло_2,03275.23,Деэм.эмульсия | ASTM D1401,,0.0
Базовое_масло_2,03275.23,"Динамическая вязкость CCS -15°C, ASTM D5293",,1225.0
Базовое_масло_2,03275.23,"Динамическая вязкость CCS -20°C, ASTM D5293",,2273.0
Базовое_масло_2,03275.23,"Динамическая вязкость CCS -25°C, ASTM D5293",,4718.0
Базовое_масло_2,03275.23,"Динамическая вязкость CCS -30°C, ASTM D5293",,10407.0
Базовое_масло_2,03275.23,"Динамическая вязкость CCS -35°C, ASTM D5293",,21400.0
Базовое_масло_2,03275.23,"Индекс вязкости, ГОСТ 25371",,97.0
Базовое_масло_2,03275.23,"Испаряемость по NOACK, ASTM D5800",,12.5
Базовое_масло_2,03275.23,"Кинематическая вязкость, при 100°C, ASTM D445",,5.42
Базовое_масло_2,03275.23,"Кинематическая вязкость, при 40°C, ASTM D445",,32.97
Базовое_масло_2,03275.23,"Массовая доля кальция, ASTM D6481",,0.0002
Базовое_масло_2,03275.23,"Массовая доля серы, ASTM D6481",,0.099
Базовое_масло_2,03275.23,"Массовая доля фосфора, ASTM D6481",,0.0001
Базовое_масло_2,03275.23,"Массовая доля цинка, ASTM D6481",,0.0001
Базовое_масло_2,03275.23,"Плотность при 15°С, ASTM D4052",,870.7
Базовое_масло_2,03275.23,"Плотность при 20°С, ASTM D4052",,867.2
Базовое_масло_2,03275.23,Последовательность 1 | ASTM D892,,0.0
Базовое_масло_2,03275.23,Последовательность 2 | ASTM D892,,0.0
Базовое_масло_2,03275.23,Последовательность 3 | ASTM D892,,0.0
Базовое_масло_2,03275.23,"Температура застывания, ГОСТ 20287, метод Б",,-18.0
Базовое_масло_2,03275.23,Цвет Сейболт | -,,30.0
Базовое_масло_2,0407.24,Анилиновая точка,,68.4
Базовое_масло_2,0407.24,Группа по API,,1.0
Базовое_масло_2,0407.24,Деэм.вода | ASTM D1401,,39.0
Базовое_масло_2,0407.24,Деэм.время | ASTM D1401,,5.0
Базовое_масло_2,0407.24,Деэм.масло | ASTM D1401,,41.0
Базовое_масло_2,0407.24,Деэм.эмульсия | ASTM D1401,,0.0
Базовое_масло_2,0407.24,"Динамическая вязкость CCS -15°C, ASTM D5293",,1206.0
Базовое_масло_2,0407.24,"Динамическая вязкость CCS -20°C, ASTM D5293",,2249.0
Базовое_масло_2,0407.24,"Динамическая вязкость CCS -25°C, ASTM D5293",,4651.0
Базовое_масло_2,0407.24,"Динамическая вязкость CCS -30°C, ASTM D5293",,10139.0
Базовое_масло_2,0407.24,"Динамическая вязкость CCS -35°C, ASTM D5293",,21400.0
Базовое_масло_2,0407.24,"Индекс вязкости, ГОСТ 25371",,98.0
Базовое_масло_2,0407.24,"Испаряемость по NOACK, ASTM D5800",,13.7
Базовое_масло_2,0407.24,"Кинематическая вязкость, при 100°C, ASTM D445",,5.38
Базовое_масло_2,0407.24,"Кинематическая вязкость, при 40°C, ASTM D445",,32.45
Базовое_масло_2,0407.24,"Массовая доля кальция, ASTM D6481",,0.0003
Базовое_масло_2,0407.24,"Массовая доля серы, ASTM D6481",,0.0267
Базовое_масло_2,0407.24,"Массовая доля фосфора, ASTM D6481",,4e-05
Базовое_масло_2,0407.24,"Массовая доля цинка, ASTM D6481",,5e-05
Базовое_масло_2,0407.24,"Плотность при 15°С, ASTM D4052",,870.7
Базовое_масло_2,0407.24,"Плотность при 20°С, ASTM D4052",,867.2
Базовое_масло_2,0407.24,Последовательность 1 | ASTM D892,,0.0
Базовое_масло_2,0407.24,Последовательность 2 | ASTM D892,,0.0
Базовое_масло_2,0407.24,Последовательность 3 | ASTM D892,,0.0
Базовое_масло_2,0407.24,"Температура застывания, ГОСТ 20287, метод Б",,-18.0
Базовое_масло_2,0407.24,Цвет Сейболт | -,,30.0
Базовое_масло_2,071.23,Анилиновая точка,,68.4
Базовое_масло_2,071.23,Группа по API,,1.0
Базовое_масло_2,071.23,Деэм.вода | ASTM D1401,,40.0
Базовое_масло_2,071.23,Деэм.время | ASTM D1401,,5.0
Базовое_масло_2,071.23,Деэм.масло | ASTM D1401,,40.0
Базовое_масло_2,071.23,Деэм.эмульсия | ASTM D1401,,0.0
Базовое_масло_2,071.23,"Динамическая вязкость CCS -15°C, ASTM D5293",,1133.0
Базовое_масло_2,071.23,"Динамическая вязкость CCS -20°C, ASTM D5293",,2137.0
Базовое_масло_2,071.23,"Динамическая вязкость CCS -25°C, ASTM D5293",,4429.0
Базовое_масло_2,071.23,"Динамическая вязкость CCS -30°C, ASTM D5293",,9680.0
Базовое_масло_2,071.23,"Динамическая вязкость CCS -35°C, ASTM D5293",,21400.0
Базовое_масло_2,071.23,"Индекс вязкости, ГОСТ 25371",,99.0
Базовое_масло_2,071.23,"Испаряемость по NOACK, ASTM D5800",,14.0
Базовое_масло_2,071.23,"Кинематическая вязкость, при 100°C, ASTM D445",,5.36
Базовое_масло_2,071.23,"Кинематическая вязкость, при 40°C, ASTM D445",,32.12
Базовое_масло_2,071.23,"Массовая доля кальция, ASTM D6481",,0.0004
Базовое_масло_2,071.23,"Массовая доля серы, ASTM D6481",,0.017
Базовое_масло_2,071.23,"Массовая доля фосфора, ASTM D6481",,0.0006
Базовое_масло_2,071.23,"Массовая доля цинка, ASTM D6481",,0.0001
Базовое_масло_2,071.23,"Плотность при 15°С, ASTM D4052",,870.7
Базовое_масло_2,071.23,"Плотность при 20°С, ASTM D4052",,867.2
Базовое_масло_2,071.23,Последовательность 1 | ASTM D892,,0.0
Базовое_масло_2,071.23,Последовательность 2 | ASTM D892,,0.0
Базовое_масло_2,071.23,Последовательность 3 | ASTM D892,,0.0
Базовое_масло_2,071.23,"Температура застывания, ГОСТ 20287, метод Б",,-17.0
Базовое_масло_2,071.23,Цвет Сейболт | -,,30.0
Базовое_масло_2,0769.22,Анилиновая точка,,68.4
Базовое_масло_2,0769.22,Группа по API,,1.0
Базовое_масло_2,0769.22,Деэм.вода | ASTM D1401,,38.0
Базовое_масло_2,0769.22,Деэм.время | ASTM D1401,,10.0
Базовое_масло_2,0769.22,Деэм.масло | ASTM D1401,,42.0
Базовое_масло_2,0769.22,Деэм.эмульсия | ASTM D1401,,0.0
Базовое_масло_2,0769.22,"Динамическая вязкость CCS -15°C, ASTM D5293",,1237.0
Базовое_масло_2,0769.22,"Динамическая вязкость CCS -20°C, ASTM D5293",,2273.0
Базовое_масло_2,0769.22,"Динамическая вязкость CCS -25°C, ASTM D5293",,4785.0
Базовое_масло_2,0769.22,"Динамическая вязкость CCS -30°C, ASTM D5293",,10513.0
Базовое_масло_2,0769.22,"Динамическая вязкость CCS -35°C, ASTM D5293",,21200.0
Базовое_масло_2,0769.22,"Индекс вязкости, ГОСТ 25371",,96.0
Базовое_масло_2,0769.22,"Испаряемость по NOACK, ASTM D5800",,15.5
Базовое_масло_2,0769.22,"Кинематическая вязкость, при 100°C, ASTM D445",,5.335
Базовое_масло_2,0769.22,"Кинематическая вязкость, при 40°C, ASTM D445",,32.39
Базовое_масло_2,0769.22,"Массовая доля кальция, ASTM D6481",,0.00014
Базовое_масло_2,0769.22,"Массовая доля серы, ASTM D6481",,0.0247
Базовое_масло_2,0769.22,"Массовая доля фосфора, ASTM D6481",,3e-05
Базовое_масло_2,0769.22,"Массовая доля цинка, ASTM D6481",,3e-05
Базовое_масло_2,0769.22,"Плотность при 15°С, ASTM D4052",,870.7
Базовое_масло_2,0769.22,"Плотность при 20°С, ASTM D4052",,867.2
Базовое_масло_2,0769.22,Последовательность 1 | ASTM D892,,0.0
Базовое_масло_2,0769.22,Последовательность 2 | ASTM D892,,0.0
Базовое_масло_2,0769.22,Последовательность 3 | ASTM D892,,0.0
Базовое_масло_2,0769.22,"Температура застывания, ГОСТ 20287, метод Б",,-17.0
Базовое_масло_2,0769.22,Цвет Сейболт | -,,30.0
Базовое_масло_2,0858.25,Анилиновая точка,,68.4
Базовое_масло_2,0858.25,Группа по API,,1.0
Базовое_масло_2,0858.25,Деэм.вода | ASTM D1401,,38.63636363636363
Базовое_масло_2,0858.25,Деэм.время | ASTM D1401,,5.0
Базовое_масло_2,0858.25,Деэм.масло | ASTM D1401,,40.90909090909091
Базовое_масло_2,0858.25,Деэм.эмульсия | ASTM D1401,,0.0
Базовое_масло_2,0858.25,"Динамическая вязкость CCS -15°C, ASTM D5293",,1194.571428571429
Базовое_масло_2,0858.25,"Динамическая вязкость CCS -20°C, ASTM D5293",,2241.6666666666665
Базовое_масло_2,0858.25,"Динамическая вязкость CCS -25°C, ASTM D5293",,4638.0
Базовое_масло_2,0858.25,"Динамическая вязкость CCS -30°C, ASTM D5293",,10238.0
Базовое_масло_2,0858.25,"Динамическая вязкость CCS -35°C, ASTM D5293",,21400.0
Базовое_масло_2,0858.25,"Индекс вязкости, ГОСТ 25371",,101.0
Базовое_масло_2,0858.25,"Испаряемость по NOACK, ASTM D5800",,14.292307692307691
Базовое_масло_2,0858.25,"Кинематическая вязкость, при 100°C, ASTM D445",,5.393
Базовое_масло_2,0858.25,"Кинематическая вязкость, при 40°C, ASTM D445",,32.12
Базовое_масло_2,0858.25,"Массовая доля кальция, ASTM D6481",,0.00017
Базовое_масло_2,0858.25,"Массовая доля серы, ASTM D6481",,0.02574
Базовое_масло_2,0858.25,"Массовая доля фосфора, ASTM D6481",,4e-05
Базовое_масло_2,0858.25,"Массовая доля цинка, ASTM D6481",,5e-05
Базовое_масло_2,0858.25,"Плотность при 15°С, ASTM D4052",,870.7
Базовое_масло_2,0858.25,"Плотность при 20°С, ASTM D4052",,867.2
Базовое_масло_2,0858.25,Последовательность 1 | ASTM D892,,0.0
Базовое_масло_2,0858.25,Последовательность 2 | ASTM D892,,0.0
Базовое_масло_2,0858.25,Последовательность 3 | ASTM D892,,0.0
Базовое_масло_2,0858.25,"Температура застывания, ГОСТ 20287, метод Б",,-15.733333333333333
Базовое_масло_2,0858.25,Цвет Сейболт | -,,30.0
Базовое_масло_2,094.25,Анилиновая точка,,68.4
Базовое_масло_2,094.25,Группа по API,,1.0
Базовое_масло_2,094.25,Деэм.вода | ASTM D1401,,38.63636363636363
Базовое_масло_2,094.25,Деэм.время | ASTM D1401,,5.0
Базовое_масло_2,094.25,Деэм.масло | ASTM D1401,,40.90909090909091
Базовое_масло_2,094.25,Деэм.эмульсия | ASTM D1401,,0.0
Базовое_масло_2,094.25,"Динамическая вязкость CCS -15°C, ASTM D5293",,1194.571428571429
Базовое_масло_2,094.25,"Динамическая вязкость CCS -20°C, ASTM D5293",,2217.0
Базовое_масло_2,094.25,"Динамическая вязкость CCS -25°C, ASTM D5293",,4629.0
Базовое_масло_2,094.25,"Динамическая вязкость CCS -30°C, ASTM D5293",,10028.0
Базовое_масло_2,094.25,"Динамическая вязкость CCS -35°C, ASTM D5293",,21400.0
Базовое_масло_2,094.25,"Индекс вязкости, ГОСТ 25371",,97.23529411764706
Базовое_масло_2,094.25,"Испаряемость по NOACK, ASTM D5800",,14.292307692307691
Базовое_масло_2,094.25,"Кинематическая вязкость, при 100°C, ASTM D445",,5.35
Базовое_масло_2,094.25,"Кинематическая вязкость, при 40°C, ASTM D445",,32.19
Базовое_масло_2,094.25,"Массовая доля кальция, ASTM D6481",,0.00017
Базовое_масло_2,094.25,"Массовая доля серы, ASTM D6481",,0.02574
Базовое_масло_2,094.25,"Массовая доля фосфора, ASTM D6481",,4e-05
Базовое_масло_2,094.25,"Массовая доля цинка, ASTM D6481",,5e-05
Базовое_масло_2,094.25,"Плотность при 15°С, ASTM D4052",,870.7
Базовое_масло_2,094.25,"Плотность при 20°С, ASTM D4052",,867.2
Базовое_масло_2,094.25,Последовательность 1 | ASTM D892,,0.0
Базовое_масло_2,094.25,Последовательность 2 | ASTM D892,,0.0
Базовое_масло_2,094.25,Последовательность 3 | ASTM D892,,0.0
Базовое_масло_2,094.25,"Температура застывания, ГОСТ 20287, метод Б",,-15.733333333333333
Базовое_масло_2,094.25,Цвет Сейболт | -,,30.0
Базовое_масло_2,typical,Анилиновая точка,,68.4
Базовое_масло_2,typical,Группа по API,,1.0
Базовое_масло_2,typical,Деэм.вода | ASTM D1401,,38.63636363636363
Базовое_масло_2,typical,Деэм.время | ASTM D1401,,5.0
Базовое_масло_2,typical,Деэм.масло | ASTM D1401,,40.90909090909091
Базовое_масло_2,typical,Деэм.эмульсия | ASTM D1401,,0.0
Базовое_масло_2,typical,"Динамическая вязкость CCS -15°C, ASTM D5293",,1194.571428571429
Базовое_масло_2,typical,"Динамическая вязкость CCS -20°C, ASTM D5293",,2241.6666666666665
Базовое_масло_2,typical,"Динамическая вязкость CCS -25°C, ASTM D5293",,4638.0
Базовое_масло_2,typical,"Динамическая вязкость CCS -30°C, ASTM D5293",,10238.0
Базовое_масло_2,typical,"Динамическая вязкость CCS -35°C, ASTM D5293",,21400.0
Базовое_масло_2,typical,"Индекс вязкости, ГОСТ 25371",,98.0
Базовое_масло_2,typical,"Испаряемость по NOACK, ASTM D5800",,15.0
Базовое_масло_2,typical,"Кинематическая вязкость, при 100°C, ASTM D445",,5.363411764705881
Базовое_масло_2,typical,"Кинематическая вязкость, при 40°C, ASTM D445",,32.41235294117647
Базовое_масло_2,typical,"Массовая доля кальция, ASTM D6481",,0.00017
Базовое_масло_2,typical,"Массовая доля серы, ASTM D6481",,0.02574
Базовое_масло_2,typical,"Массовая доля фосфора, ASTM D6481",,4e-05
Базовое_масло_2,typical,"Массовая доля цинка, ASTM D6481",,5e-05
Базовое_масло_2,typical,"Плотность при 15°С, ASTM D4052",,870.7
Базовое_масло_2,typical,"Плотность при 20°С, ASTM D4052",,867.2
Базовое_масло_2,typical,Последовательность 1 | ASTM D892,,0.0
Базовое_масло_2,typical,Последовательность 2 | ASTM D892,,0.0
Базовое_масло_2,typical,Последовательность 3 | ASTM D892,,0.0
Базовое_масло_2,typical,"Температура застывания, ГОСТ 20287, метод Б",,-15.0
Базовое_масло_2,typical,Цвет Сейболт | -,,30.0
Базовое_масло_3,01278.24,Анилиновая точка,,68.4
Базовое_масло_3,01278.24,Группа по API,,3.0
Базовое_масло_3,01278.24,Деэм.вода | ASTM D1401,,40.0
Базовое_масло_3,01278.24,Деэм.время | ASTM D1401,,5.625
Базовое_масло_3,01278.24,Деэм.масло | ASTM D1401,,40.0
Базовое_масло_3,01278.24,Деэм.эмульсия | ASTM D1401,,0.0
Базовое_масло_3,01278.24,"Динамическая вязкость CCS -15°C, ASTM D5293",,372.1818181818182
Базовое_масло_3,01278.24,"Динамическая вязкость CCS -20°C, ASTM D5293",,585.5
Базовое_масло_3,01278.24,"Динамическая вязкость CCS -25°C, ASTM D5293",,963.0
Базовое_масло_3,01278.24,"Динамическая вязкость CCS -30°C, ASTM D5293",,1708.0
Базовое_масло_3,01278.24,"Динамическая вязкость CCS -35°C, ASTM D5293",,2996.8571428571427
Базовое_масло_3,01278.24,"Индекс вязкости, ГОСТ 25371",,126.42857142857144
Базовое_масло_3,01278.24,"Испаряемость по NOACK, ASTM D5800",,13.463636363636365
Базовое_масло_3,01278.24,"Кинематическая вязкость, при 100°C, ASTM D445",,4.5
Базовое_масло_3,01278.24,"Кинематическая вязкость, при 40°C, ASTM D445",,20.933571428571437
Базовое_масло_3,01278.24,"Массовая доля кальция, ASTM D6481",,0.0002
Базовое_масло_3,01278.24,"Массовая доля серы, ASTM D6481",,0.000475
Базовое_масло_3,01278.24,"Массовая доля фосфора, ASTM D6481",,0.0001
Базовое_масло_3,01278.24,"Массовая доля цинка, ASTM D6481",,8.5e-05
Базовое_масло_3,01278.24,"Плотность при 15°С, ASTM D4052",,843.5
Базовое_масло_3,01278.24,"Плотность при 20°С, ASTM D4052",,840.25
Базовое_масло_3,01278.24,Последовательность 1 | ASTM D892,,0.0
Базовое_масло_3,01278.24,Последовательность 2 | ASTM D892,,0.0
Базовое_масло_3,01278.24,Последовательность 3 | ASTM D892,,0.0
Базовое_масло_3,01278.24,"Температура застывания, ГОСТ 20287, метод Б",,-20.666666666666668
Базовое_масло_3,01278.24,Цвет Сейболт | -,,30.0
Базовое_масло_3,01487.23,Анилиновая точка,,68.4
Базовое_масло_3,01487.23,Группа по API,,3.0
Базовое_масло_3,01487.23,Деэм.вода | ASTM D1401,,40.0
Базовое_масло_3,01487.23,Деэм.время | ASTM D1401,,10.0
Базовое_масло_3,01487.23,Деэм.масло | ASTM D1401,,40.0
Базовое_масло_3,01487.23,Деэм.эмульсия | ASTM D1401,,0.0
Базовое_масло_3,01487.23,"Динамическая вязкость CCS -15°C, ASTM D5293",,388.0
Базовое_масло_3,01487.23,"Динамическая вязкость CCS -20°C, ASTM D5293",,591.0
Базовое_масло_3,01487.23,"Динамическая вязкость CCS -25°C, ASTM D5293",,966.0
Базовое_масло_3,01487.23,"Динамическая вязкость CCS -30°C, ASTM D5293",,1647.0
Базовое_масло_3,01487.23,"Динамическая вязкость CCS -35°C, ASTM D5293",,2993.0
Базовое_масло_3,01487.23,"Индекс вязкости, ГОСТ 25371",,124.0
Базовое_масло_3,01487.23,"Испаряемость по NOACK, ASTM D5800",,9.1
Базовое_масло_3,01487.23,"Кинематическая вязкость, при 100°C, ASTM D445",,4.46
Базовое_масло_3,01487.23,"Кинематическая вязкость, при 40°C, ASTM D445",,21.19
Базовое_масло_3,01487.23,"Массовая доля кальция, ASTM D6481",,0.0003
Базовое_масло_3,01487.23,"Массовая доля серы, ASTM D6481",,0.001
Базовое_масло_3,01487.23,"Массовая доля фосфора, ASTM D6481",,0.0002
Базовое_масло_3,01487.23,"Массовая доля цинка, ASTM D6481",,0.0002
Базовое_масло_3,01487.23,"Плотность при 15°С, ASTM D4052",,843.5
Базовое_масло_3,01487.23,"Плотность при 20°С, ASTM D4052",,840.25
Базовое_масло_3,01487.23,Последовательность 1 | ASTM D892,,0.0
Базовое_масло_3,01487.23,Последовательность 2 | ASTM D892,,0.0
Базовое_масло_3,01487.23,Последовательность 3 | ASTM D892,,0.0
Базовое_масло_3,01487.23,"Температура застывания, ГОСТ 20287, метод Б",,-25.0
Базовое_масло_3,01487.23,Цвет Сейболт | -,,30.0
Базовое_масло_3,01508.24,Анилиновая точка,,68.4
Базовое_масло_3,01508.24,Группа по API,,3.0
Базовое_масло_3,01508.24,Деэм.вода | ASTM D1401,,40.0
Базовое_масло_3,01508.24,Деэм.время | ASTM D1401,,5.625
Базовое_масло_3,01508.24,Деэм.масло | ASTM D1401,,40.0
Базовое_масло_3,01508.24,Деэм.эмульсия | ASTM D1401,,0.0
Базовое_масло_3,01508.24,"Динамическая вязкость CCS -15°C, ASTM D5293",,386.0
Базовое_масло_3,01508.24,"Динамическая вязкость CCS -20°C, ASTM D5293",,642.0
Базовое_масло_3,01508.24,"Динамическая вязкость CCS -25°C, ASTM D5293",,1046.0
Базовое_масло_3,01508.24,"Динамическая вязкость CCS -30°C, ASTM D5293",,1765.0
Базовое_масло_3,01508.24,"Динамическая вязкость CCS -35°C, ASTM D5293",,3204.0
Базовое_масло_3,01508.24,"Индекс вязкости, ГОСТ 25371",,126.0
Базовое_масло_3,01508.24,"Испаряемость по NOACK, ASTM D5800",,13.463636363636365
Базовое_масло_3,01508.24,"Кинематическая вязкость, при 100°C, ASTM D445",,4.49
Базовое_масло_3,01508.24,"Кинематическая вязкость, при 40°C, ASTM D445",,21.2
Базовое_масло_3,01508.24,"Массовая доля кальция, ASTM D6481",,0.0002
Базовое_масло_3,01508.24,"Массовая доля серы, ASTM D6481",,0.000475
Базовое_масло_3,01508.24,"Массовая доля фосфора, ASTM D6481",,0.0001
Базовое_масло_3,01508.24,"Массовая доля цинка, ASTM D6481",,8.5e-05
Базовое_масло_3,01508.24,"Плотность при 15°С, ASTM D4052",,843.5
Базовое_масло_3,01508.24,"Плотность при 20°С, ASTM D4052",,840.25
Базовое_масло_3,01508.24,Последовательность 1 | ASTM D892,,0.0
Базовое_масло_3,01508.24,Последовательность 2 | ASTM D892,,0.0
Базовое_масло_3,01508.24,Последовательность 3 | ASTM D892,,0.0
Базовое_масло_3,01508.24,"Температура застывания, ГОСТ 20287, метод Б",,-20.0
Базовое_масло_3,01508.24,Цвет Сейболт | -,,30.0
Базовое_масло_3,01600.22,Анилиновая точка,,68.4
Базовое_масло_3,01600.22,Группа по API,,3.0
Базовое_масло_3,01600.22,Деэм.вода | ASTM D1401,,40.0
Базовое_масло_3,01600.22,Деэм.время | ASTM D1401,,5.625
Базовое_масло_3,01600.22,Деэм.масло | ASTM D1401,,40.0
Базовое_масло_3,01600.22,Деэм.эмульсия | ASTM D1401,,0.0
Базовое_масло_3,01600.22,"Динамическая вязкость CCS -15°C, ASTM D5293",,311.0
Базовое_масло_3,01600.22,"Динамическая вязкость CCS -20°C, ASTM D5293",,581.0
Базовое_масло_3,01600.22,"Динамическая вязкость CCS -25°C, ASTM D5293",,999.0
Базовое_масло_3,01600.22,"Динамическая вязкость CCS -30°C, ASTM D5293",,1737.0
Базовое_масло_3,01600.22,"Динамическая вязкость CCS -35°C, ASTM D5293",,3224.0
Базовое_масло_3,01600.22,"Индекс вязкости, ГОСТ 25371",,130.0
Базовое_масло_3,01600.22,"Испаряемость по NOACK, ASTM D5800",,13.1
Базовое_масло_3,01600.22,"Кинематическая вязкость, при 100°C, ASTM D445",,4.611
Базовое_масло_3,01600.22,"Кинематическая вязкость, при 40°C, ASTM D445",,21.84
Базовое_масло_3,01600.22,"Массовая доля кальция, ASTM D6481",,0.00021
Базовое_масло_3,01600.22,"Массовая доля серы, ASTM D6481",,0.00025
Базовое_масло_3,01600.22,"Массовая доля фосфора, ASTM D6481",,3e-05
Базовое_масло_3,01600.22,"Массовая доля цинка, ASTM D6481",,5e-05
Базовое_масло_3,01600.22,"Плотность при 15°С, ASTM D4052",,843.5
Базовое_масло_3,01600.22,"Плотность при 20°С, ASTM D4052",,840.25
Базовое_масло_3,01600.22,Последовательность 1 | ASTM D892,,0.0
Базовое_масло_3,01600.22,Последовательность 2 | ASTM D892,,0.0
Базовое_масло_3,01600.22,Последовательность 3 | ASTM D892,,0.0
Базовое_масло_3,01600.22,"Температура застывания, ГОСТ 20287, метод Б",,-18.0
Базовое_масло_3,01600.22,Цвет Сейболт | -,,30.0
Базовое_масло_3,01939.22,Анилиновая точка,,68.4
Базовое_масло_3,01939.22,Группа по API,,3.0
Базовое_масло_3,01939.22,Деэм.вода | ASTM D1401,,40.0
Базовое_масло_3,01939.22,Деэм.время | ASTM D1401,,5.0
Базовое_масло_3,01939.22,Деэм.масло | ASTM D1401,,40.0
Базовое_масло_3,01939.22,Деэм.эмульсия | ASTM D1401,,0.0
Базовое_масло_3,01939.22,"Динамическая вязкость CCS -15°C, ASTM D5293",,317.0
Базовое_масло_3,01939.22,"Динамическая вязкость CCS -20°C, ASTM D5293",,497.0
Базовое_масло_3,01939.22,"Динамическая вязкость CCS -25°C, ASTM D5293",,876.0
Базовое_масло_3,01939.22,"Динамическая вязкость CCS -30°C, ASTM D5293",,1515.0
Базовое_масло_3,01939.22,"Динамическая вязкость CCS -35°C, ASTM D5293",,3030.0
Базовое_масло_3,01939.22,"Индекс вязкости, ГОСТ 25371",,127.0
Базовое_масло_3,01939.22,"Испаряемость по NOACK, ASTM D5800",,13.2
Базовое_масло_3,01939.22,"Кинематическая вязкость, при 100°C, ASTM D445",,4.33
Базовое_масло_3,01939.22,"Кинематическая вязкость, при 40°C, ASTM D445",,19.91
Базовое_масло_3,01939.22,"Массовая доля кальция, ASTM D6481",,0.0002
Базовое_масло_3,01939.22,"Массовая доля серы, ASTM D6481",,0.0011
Базовое_масло_3,01939.22,"Массовая доля фосфора, ASTM D6481",,0.0001
Базовое_масло_3,01939.22,"Массовая доля цинка, ASTM D6481",,0.0002
Базовое_масло_3,01939.22,"Плотность при 15°С, ASTM D4052",,843.5
Базовое_масло_3,01939.22,"Плотность при 20°С, ASTM D4052",,840.25
Базовое_масло_3,01939.22,Последовательность 1 | ASTM D892,,0.0
Базовое_масло_3,01939.22,Последовательность 2 | ASTM D892,,0.0
Базовое_масло_3,01939.22,Последовательность 3 | ASTM D892,,0.0
Базовое_масло_3,01939.22,"Температура застывания, ГОСТ 20287, метод Б",,-18.0
Базовое_масло_3,01939.22,Цвет Сейболт | -,,30.0
Базовое_масло_3,02110.23,Анилиновая точка,,68.4
Базовое_масло_3,02110.23,Группа по API,,3.0
Базовое_масло_3,02110.23,Деэм.вода | ASTM D1401,,40.0
Базовое_масло_3,02110.23,Деэм.время | ASTM D1401,,5.0
Базовое_масло_3,02110.23,Деэм.масло | ASTM D1401,,40.0
Базовое_масло_3,02110.23,Деэм.эмульсия | ASTM D1401,,0.0
Базовое_масло_3,02110.23,"Динамическая вязкость CCS -15°C, ASTM D5293",,419.0
Базовое_масло_3,02110.23,"Динамическая вязкость CCS -20°C, ASTM D5293",,641.0
Базовое_масло_3,02110.23,"Динамическая вязкость CCS -25°C, ASTM D5293",,1019.0
Базовое_масло_3,02110.23,"Динамическая вязкость CCS -30°C, ASTM D5293",,1717.0
Базовое_масло_3,02110.23,"Динамическая вязкость CCS -35°C, ASTM D5293",,3121.0
Базовое_масло_3,02110.23,"Индекс вязкости, ГОСТ 25371",,120.0
Базовое_масло_3,02110.23,"Испаряемость по NOACK, ASTM D5800",,13.7
Базовое_масло_3,02110.23,"Кинематическая вязкость, при 100°C, ASTM D445",,4.42
Базовое_масло_3,02110.23,"Кинематическая вязкость, при 40°C, ASTM D445",,21.2
Базовое_масло_3,02110.23,"Массовая доля кальция, ASTM D6481",,0.0002
Базовое_масло_3,02110.23,"Массовая доля серы, ASTM D6481",,0.000475
Базовое_масло_3,02110.23,"Массовая доля фосфора, ASTM D6481",,0.0001
Базовое_масло_3,02110.23,"Массовая доля цинка, ASTM D6481",,8.5e-05
Базовое_масло_3,02110.23,"Плотность при 15°С, ASTM D4052",,843.5
Базовое_масло_3,02110.23,"Плотность при 20°С, ASTM D4052",,840.25
Базовое_масло_3,02110.23,Последовательность 1 | ASTM D892,,0.0
Базовое_масло_3,02110.23,Последовательность 2 | ASTM D892,,0.0
Базовое_масло_3,02110.23,Последовательность 3 | ASTM D892,,0.0
Базовое_масло_3,02110.23,"Температура застывания, ГОСТ 20287, метод Б",,-24.0
Базовое_масло_3,02110.23,Цвет Сейболт | -,,30.0
Базовое_масло_3,02502.24,Анилиновая точка,,68.4
Базовое_масло_3,02502.24,Группа по API,,3.0
Базовое_масло_3,02502.24,Деэм.вода | ASTM D1401,,40.0
Базовое_масло_3,02502.24,Деэм.время | ASTM D1401,,5.625
Базовое_масло_3,02502.24,Деэм.масло | ASTM D1401,,40.0
Базовое_масло_3,02502.24,Деэм.эмульсия | ASTM D1401,,0.0
Базовое_масло_3,02502.24,"Динамическая вязкость CCS -15°C, ASTM D5293",,372.1818181818182
Базовое_масло_3,02502.24,"Динамическая вязкость CCS -20°C, ASTM D5293",,585.5
Базовое_масло_3,02502.24,"Динамическая вязкость CCS -25°C, ASTM D5293",,963.0
Базовое_масло_3,02502.24,"Динамическая вязкость CCS -30°C, ASTM D5293",,1544.0
Базовое_масло_3,02502.24,"Динамическая вязкость CCS -35°C, ASTM D5293",,2800.0
Базовое_масло_3,02502.24,"Индекс вязкости, ГОСТ 25371",,126.42857142857144
Базовое_масло_3,02502.24,"Испаряемость по NOACK, ASTM D5800",,13.463636363636365
Базовое_масло_3,02502.24,"Кинематическая вязкость, при 100°C, ASTM D445",,4.321
Базовое_масло_3,02502.24,"Кинематическая вязкость, при 40°C, ASTM D445",,20.933571428571437
Базовое_масло_3,02502.24,"Массовая доля кальция, ASTM D6481",,0.0002
Базовое_масло_3,02502.24,"Массовая доля серы, ASTM D6481",,0.000475
Базовое_масло_3,02502.24,"Массовая доля фосфора, ASTM D6481",,0.0001
Базовое_масло_3,02502.24,"Массовая доля цинка, ASTM D6481",,8.5e-05
Базовое_масло_3,02502.24,"Плотность при 15°С, ASTM D4052",,843.5
Базовое_масло_3,02502.24,"Плотность при 20°С, ASTM D4052",,840.25
Базовое_масло_3,02502.24,Последовательность 1 | ASTM D892,,0.0
Базовое_масло_3,02502.24,Последовательность 2 | ASTM D892,,0.0
Базовое_масло_3,02502.24,Последовательность 3 | ASTM D892,,0.0
Базовое_масло_3,02502.24,"Температура застывания, ГОСТ 20287, метод Б",,-19.0
Базовое_масло_3,02502.24,Цвет Сейболт | -,,30.0
Базовое_масло_3,02598.22,Анилиновая точка,,68.4
Базовое_масло_3,02598.22,Группа по API,,3.0
Базовое_масло_3,02598.22,Деэм.вода | ASTM D1401,,40.0
Базовое_масло_3,02598.22,Деэм.время | ASTM D1401,,5.0
Базовое_масло_3,02598.22,Деэм.масло | ASTM D1401,,40.0
Базовое_масло_3,02598.22,Деэм.эмульсия | ASTM D1401,,0.0
Базовое_масло_3,02598.22,"Динамическая вязкость CCS -15°C, ASTM D5293",,357.0
Базовое_масло_3,02598.22,"Динамическая вязкость CCS -20°C, ASTM D5293",,561.0
Базовое_масло_3,02598.22,"Динамическая вязкость CCS -25°C, ASTM D5293",,966.0
Базовое_масло_3,02598.22,"Динамическая вязкость CCS -30°C, ASTM D5293",,1671.0
Базовое_масло_3,02598.22,"Динамическая вязкость CCS -35°C, ASTM D5293",,3064.0
Базовое_масло_3,02598.22,"Индекс вязкости, ГОСТ 25371",,129.0
Базовое_масло_3,02598.22,"Испаряемость по NOACK, ASTM D5800",,14.0
Базовое_масло_3,02598.22,"Кинематическая вязкость, при 100°C, ASTM D445",,4.57
Базовое_масло_3,02598.22,"Кинематическая вязкость, при 40°C, ASTM D445",,21.55
Базовое_масло_3,02598.22,"Массовая доля кальция, ASTM D6481",,3e-05
Базовое_масло_3,02598.22,"Массовая доля серы, ASTM D6481",,2e-05
Базовое_масло_3,02598.22,"Массовая доля фосфора, ASTM D6481",,7e-05
Базовое_масло_3,02598.22,"Массовая доля цинка, ASTM D6481",,5e-05
Базовое_масло_3,02598.22,"Плотность при 15°С, ASTM D4052",,843.5
Базовое_масло_3,02598.22,"Плотность при 20°С, ASTM D4052",,840.25
Базовое_масло_3,02598.22,Последовательность 1 | ASTM D892,,0.0
Базовое_масло_3,02598.22,Последовательность 2 | ASTM D892,,0.0
Базовое_масло_3,02598.22,Последовательность 3 | ASTM D892,,0.0
Базовое_масло_3,02598.22,"Температура застывания, ГОСТ 20287, метод Б",,-21.0
Базовое_масло_3,02598.22,Цвет Сейболт | -,,30.0
Базовое_масло_3,02868.23 200л,Анилиновая точка,,68.4
Базовое_масло_3,02868.23 200л,Группа по API,,3.0
Базовое_масло_3,02868.23 200л,Деэм.вода | ASTM D1401,,40.0
Базовое_масло_3,02868.23 200л,Деэм.время | ASTM D1401,,5.625
Базовое_масло_3,02868.23 200л,Деэм.масло | ASTM D1401,,40.0
Базовое_масло_3,02868.23 200л,Деэм.эмульсия | ASTM D1401,,0.0
Базовое_масло_3,02868.23 200л,"Динамическая вязкость CCS -15°C, ASTM D5293",,372.1818181818182
Базовое_масло_3,02868.23 200л,"Динамическая вязкость CCS -20°C, ASTM D5293",,585.5
Базовое_масло_3,02868.23 200л,"Динамическая вязкость CCS -25°C, ASTM D5293",,938.0
Базовое_масло_3,02868.23 200л,"Динамическая вязкость CCS -30°C, ASTM D5293",,1586.0
Базовое_масло_3,02868.23 200л,"Динамическая вязкость CCS -35°C, ASTM D5293",,2875.0
Базовое_масло_3,02868.23 200л,"Индекс вязкости, ГОСТ 25371",,127.0
Базовое_масло_3,02868.23 200л,"Испаряемость по NOACK, ASTM D5800",,13.463636363636365
Базовое_масло_3,02868.23 200л,"Кинематическая вязкость, при 100°C, ASTM D445",,4.47
Базовое_масло_3,02868.23 200л,"Кинематическая вязкость, при 40°C, ASTM D445",,20.96
Базовое_масло_3,02868.23 200л,"Массовая доля кальция, ASTM D6481",,0.0002
Базовое_масло_3,02868.23 200л,"Массовая доля серы, ASTM D6481",,0.000475
Базовое_масло_3,02868.23 200л,"Массовая доля фосфора, ASTM D6481",,0.0001
Базовое_масло_3,02868.23 200л,"Массовая доля цинка, ASTM D6481",,8.5e-05
Базовое_масло_3,02868.23 200л,"Плотность при 15°С, ASTM D4052",,843.5
Базовое_масло_3,02868.23 200л,"Плотность при 20°С, ASTM D4052",,840.25
Базовое_масло_3,02868.23 200л,Последовательность 1 | ASTM D892,,0.0
Базовое_масло_3,02868.23 200л,Последовательность 2 | ASTM D892,,0.0
Базовое_масло_3,02868.23 200л,Последовательность 3 | ASTM D892,,0.0
Базовое_масло_3,02868.23 200л,"Температура застывания, ГОСТ 20287, метод Б",,-21.0
Базовое_масло_3,02868.23 200л,Цвет Сейболт | -,,30.0
Базовое_масло_3,03003.23,Анилиновая точка,,68.4
Базовое_масло_3,03003.23,Группа по API,,3.0
Базовое_масло_3,03003.23,Деэм.вода | ASTM D1401,,40.0
Базовое_масло_3,03003.23,Деэм.время | ASTM D1401,,5.0
Базовое_масло_3,03003.23,Деэм.масло | ASTM D1401,,40.0
Базовое_масло_3,03003.23,Деэм.эмульсия | ASTM D1401,,0.0
Базовое_масло_3,03003.23,"Динамическая вязкость CCS -15°C, ASTM D5293",,403.0
Базовое_масло_3,03003.23,"Динамическая вязкость CCS -20°C, ASTM D5293",,625.0
Базовое_масло_3,03003.23,"Динамическая вязкость CCS -25°C, ASTM D5293",,1001.0
Базовое_масло_3,03003.23,"Динамическая вязкость CCS -30°C, ASTM D5293",,1694.0
Базовое_масло_3,03003.23,"Динамическая вязкость CCS -35°C, ASTM D5293",,3075.0
Базовое_масло_3,03003.23,"Индекс вязкости, ГОСТ 25371",,125.0
Базовое_масло_3,03003.23,"Испаряемость по NOACK, ASTM D5800",,13.7
Базовое_масло_3,03003.23,"Кинематическая вязкость, при 100°C, ASTM D445",,4.47
Базовое_масло_3,03003.23,"Кинематическая вязкость, при 40°C, ASTM D445",,21.0
Базовое_масло_3,03003.23,"Массовая доля кальция, ASTM D6481",,0.0002
Базовое_масло_3,03003.23,"Массовая доля серы, ASTM D6481",,0.0001
Базовое_масло_3,03003.23,"Массовая доля фосфора, ASTM D6481",,0.0001
Базовое_масло_3,03003.23,"Массовая доля цинка, ASTM D6481",,0.0001
Базовое_масло_3,03003.23,"Плотность при 15°С, ASTM D4052",,843.5
Базовое_масло_3,03003.23,"Плотность при 20°С, ASTM D4052",,840.25
Базовое_масло_3,03003.23,Последовательность 1 | ASTM D892,,0.0
Базовое_масло_3,03003.23,Последовательность 2 | ASTM D892,,0.0
Базовое_масло_3,03003.23,Последовательность 3 | ASTM D892,,0.0
Базовое_масло_3,03003.23,"Температура застывания, ГОСТ 20287, метод Б",,-25.0
Базовое_масло_3,03003.23,Цвет Сейболт | -,,30.0
Базовое_масло_3,03601.23,Анилиновая точка,,68.4
Базовое_масло_3,03601.23,Группа по API,,3.0
Базовое_масло_3,03601.23,Деэм.вода | ASTM D1401,,40.0
Базовое_масло_3,03601.23,Деэм.время | ASTM D1401,,5.625
Базовое_масло_3,03601.23,Деэм.масло | ASTM D1401,,40.0
Базовое_масло_3,03601.23,Деэм.эмульсия | ASTM D1401,,0.0
Базовое_масло_3,03601.23,"Динамическая вязкость CCS -15°C, ASTM D5293",,410.0
Базовое_масло_3,03601.23,"Динамическая вязкость CCS -20°C, ASTM D5293",,620.0
Базовое_масло_3,03601.23,"Динамическая вязкость CCS -25°C, ASTM D5293",,984.0
Базовое_масло_3,03601.23,"Динамическая вязкость CCS -30°C, ASTM D5293",,1668.0
Базовое_масло_3,03601.23,"Динамическая вязкость CCS -35°C, ASTM D5293",,3021.0
Базовое_масло_3,03601.23,"Индекс вязкости, ГОСТ 25371",,127.0
Базовое_масло_3,03601.23,"Испаряемость по NOACK, ASTM D5800",,13.463636363636365
Базовое_масло_3,03601.23,"Кинематическая вязкость, при 100°C, ASTM D445",,4.5
Базовое_масло_3,03601.23,"Кинематическая вязкость, при 40°C, ASTM D445",,21.25
Базовое_масло_3,03601.23,"Массовая доля кальция, ASTM D6481",,0.0002
Базовое_масло_3,03601.23,"Массовая доля серы, ASTM D6481",,0.000475
Базовое_масло_3,03601.23,"Массовая доля фосфора, ASTM D6481",,0.0001
Базовое_масло_3,03601.23,"Массовая доля цинка, ASTM D6481",,8.5e-05
Базовое_масло_3,03601.23,"Плотность при 15°С, ASTM D4052",,843.5
Базовое_масло_3,03601.23,"Плотность при 20°С, ASTM D4052",,840.25
Базовое_масло_3,03601.23,Последовательность 1 | ASTM D892,,0.0
Базовое_масло_3,03601.23,Последовательность 2 | ASTM D892,,0.0
Базовое_масло_3,03601.23,Последовательность 3 | ASTM D892,,0.0
Базовое_масло_3,03601.23,"Температура застывания, ГОСТ 20287, метод Б",,-21.0
Базовое_масло_3,03601.23,Цвет Сейболт | -,,30.0
Базовое_масло_3,0415.22,Анилиновая точка,,68.4
Базовое_масло_3,0415.22,Группа по API,,3.0
Базовое_масло_3,0415.22,Деэм.вода | ASTM D1401,,40.0
Базовое_масло_3,0415.22,Деэм.время | ASTM D1401,,5.0
Базовое_масло_3,0415.22,Деэм.масло | ASTM D1401,,40.0
Базовое_масло_3,0415.22,Деэм.эмульсия | ASTM D1401,,0.0
Базовое_масло_3,0415.22,"Динамическая вязкость CCS -15°C, ASTM D5293",,357.0
Базовое_масло_3,0415.22,"Динамическая вязкость CCS -20°C, ASTM D5293",,581.0
Базовое_масло_3,0415.22,"Динамическая вязкость CCS -25°C, ASTM D5293",,928.0
Базовое_масло_3,0415.22,"Динамическая вязкость CCS -30°C, ASTM D5293",,1574.0
Базовое_масло_3,0415.22,"Динамическая вязкость CCS -35°C, ASTM D5293",,2866.0
Базовое_масло_3,0415.22,"Индекс вязкости, ГОСТ 25371",,132.0
Базовое_масло_3,0415.22,"Испаряемость по NOACK, ASTM D5800",,12.9
Базовое_масло_3,0415.22,"Кинематическая вязкость, при 100°C, ASTM D445",,4.501
Базовое_масло_3,0415.22,"Кинематическая вязкость, при 40°C, ASTM D445",,20.84
Базовое_масло_3,0415.22,"Массовая доля кальция, ASTM D6481",,0.00015
Базовое_масло_3,0415.22,"Массовая доля серы, ASTM D6481",,0.00105
Базовое_масло_3,0415.22,"Массовая доля фосфора, ASTM D6481",,0.00019
Базовое_масло_3,0415.22,"Массовая доля цинка, ASTM D6481",,1e-05
Базовое_масло_3,0415.22,"Плотность при 15°С, ASTM D4052",,843.5
Базовое_масло_3,0415.22,"Плотность при 20°С, ASTM D4052",,840.25
Базовое_масло_3,0415.22,Последовательность 1 | ASTM D892,,0.0
Базовое_масло_3,0415.22,Последовательность 2 | ASTM D892,,0.0
Базовое_масло_3,0415.22,Последовательность 3 | ASTM D892,,0.0
Базовое_масло_3,0415.22,"Температура застывания, ГОСТ 20287, метод Б",,-14.0
Базовое_масло_3,0415.22,Цвет Сейболт | -,,30.0
Базовое_масло_3,0444.23,Анилиновая точка,,68.4
Базовое_масло_3,0444.23,Группа по API,,3.0
Базовое_масло_3,0444.23,Деэм.вода | ASTM D1401,,40.0
Базовое_масло_3,0444.23,Деэм.время | ASTM D1401,,5.0
Базовое_масло_3,0444.23,Деэм.масло | ASTM D1401,,40.0
Базовое_масло_3,0444.23,Деэм.эмульсия | ASTM D1401,,0.0
Базовое_масло_3,0444.23,"Динамическая вязкость CCS -15°C, ASTM D5293",,372.1818181818182
Базовое_масло_3,0444.23,"Динамическая вязкость CCS -20°C, ASTM D5293",,542.0
Базовое_масло_3,0444.23,"Динамическая вязкость CCS -25°C, ASTM D5293",,930.0
Базовое_масло_3,0444.23,"Динамическая вязкость CCS -30°C, ASTM D5293",,1584.0
Базовое_масло_3,0444.23,"Динамическая вязкость CCS -35°C, ASTM D5293",,2869.0
Базовое_масло_3,0444.23,"Индекс вязкости, ГОСТ 25371",,127.0
Базовое_масло_3,0444.23,"Испаряемость по NOACK, ASTM D5800",,14.2
Базовое_масло_3,0444.23,"Кинематическая вязкость, при 100°C, ASTM D445",,4.42
Базовое_масло_3,0444.23,"Кинематическая вязкость, при 40°C, ASTM D445",,20.6
Базовое_масло_3,0444.23,"Массовая доля кальция, ASTM D6481",,0.0002
Базовое_масло_3,0444.23,"Массовая доля серы, ASTM D6481",,0.000475
Базовое_масло_3,0444.23,"Массовая доля фосфора, ASTM D6481",,0.0001
Базовое_масло_3,0444.23,"Массовая доля цинка, ASTM D6481",,8.5e-05
Базовое_масло_3,0444.23,"Плотность при 15°С, ASTM D4052",,843.5
Базовое_масло_3,0444.23,"Плотность при 20°С, ASTM D4052",,840.25
Базовое_масло_3,0444.23,Последовательность 1 | ASTM D892,,0.0
Базовое_масло_3,0444.23,Последовательность 2 | ASTM D892,,0.0
Базовое_масло_3,0444.23,Последовательность 3 | ASTM D892,,0.0
Базовое_масло_3,0444.23,"Температура застывания, ГОСТ 20287, метод Б",,-19.0
Базовое_масло_3,0444.23,Цвет Сейболт | -,,30.0
Базовое_масло_3,0754/23,Анилиновая точка,,68.4
Базовое_масло_3,0754/23,Группа по API,,3.0
Базовое_масло_3,0754/23,Деэм.вода | ASTM D1401,,40.0
Базовое_масло_3,0754/23,Деэм.время | ASTM D1401,,5.0
Базовое_масло_3,0754/23,Деэм.масло | ASTM D1401,,40.0
Базовое_масло_3,0754/23,Деэм.эмульсия | ASTM D1401,,0.0
Базовое_масло_3,0754/23,"Динамическая вязкость CCS -15°C, ASTM D5293",,335.0
Базовое_масло_3,0754/23,"Динамическая вязкость CCS -20°C, ASTM D5293",,519.0
Базовое_масло_3,0754/23,"Динамическая вязкость CCS -25°C, ASTM D5293",,862.0
Базовое_масло_3,0754/23,"Динамическая вязкость CCS -30°C, ASTM D5293",,1466.0
Базовое_масло_3,0754/23,"Динамическая вязкость CCS -35°C, ASTM D5293",,2743.0
Базовое_масло_3,0754/23,"Индекс вязкости, ГОСТ 25371",,127.0
Базовое_масло_3,0754/23,"Испаряемость по NOACK, ASTM D5800",,14.2
Базовое_масло_3,0754/23,"Кинематическая вязкость, при 100°C, ASTM D445",,4.34
Базовое_масло_3,0754/23,"Кинематическая вязкость, при 40°C, ASTM D445",,20.02
Базовое_масло_3,0754/23,"Массовая доля кальция, ASTM D6481",,0.0012
Базовое_масло_3,0754/23,"Массовая доля серы, ASTM D6481",,0.0002
Базовое_масло_3,0754/23,"Массовая доля фосфора, ASTM D6481",,0.0002
Базовое_масло_3,0754/23,"Массовая доля цинка, ASTM D6481",,0.0002
Базовое_масло_3,0754/23,"Плотность при 15°С, ASTM D4052",,843.5
Базовое_масло_3,0754/23,"Плотность при 20°С, ASTM D4052",,840.25
Базовое_масло_3,0754/23,Последовательность 1 | ASTM D892,,0.0
Базовое_масло_3,0754/23,Последовательность 2 | ASTM D892,,0.0
Базовое_масло_3,0754/23,Последовательность 3 | ASTM D892,,0.0
Базовое_масло_3,0754/23,"Температура застывания, ГОСТ 20287, метод Б",,-19.0
Базовое_масло_3,0754/23,Цвет Сейболт | -,,30.0
Базовое_масло_3,0886.24,Анилиновая точка,,68.4
Базовое_масло_3,0886.24,Группа по API,,3.0
Базовое_масло_3,0886.24,Деэм.вода | ASTM D1401,,40.0
Базовое_масло_3,0886.24,Деэм.время | ASTM D1401,,5.625
Базовое_масло_3,0886.24,Деэм.масло | ASTM D1401,,40.0
Базовое_масло_3,0886.24,Деэм.эмульсия | ASTM D1401,,0.0
Базовое_масло_3,0886.24,"Динамическая вязкость CCS -15°C, ASTM D5293",,411.0
Базовое_масло_3,0886.24,"Динамическая вязкость CCS -20°C, ASTM D5293",,626.0
Базовое_масло_3,0886.24,"Динамическая вязкость CCS -25°C, ASTM D5293",,1004.0
Базовое_масло_3,0886.24,"Динамическая вязкость CCS -30°C, ASTM D5293",,1695.0
Базовое_масло_3,0886.24,"Динамическая вязкость CCS -35°C, ASTM D5293",,3071.0
Базовое_масло_3,0886.24,"Индекс вязкости, ГОСТ 25371",,126.0
Базовое_масло_3,0886.24,"Испаряемость по NOACK, ASTM D5800",,15.0
Базовое_масло_3,0886.24,"Кинематическая вязкость, при 100°C, ASTM D445",,4.48
Базовое_масло_3,0886.24,"Кинематическая вязкость, при 40°C, ASTM D445",,21.19
Базовое_масло_3,0886.24,"Массовая доля кальция, ASTM D6481",,0.0001
Базовое_масло_3,0886.24,"Массовая доля серы, ASTM D6481",,0.0007
Базовое_масло_3,0886.24,"Массовая доля фосфора, ASTM D6481",,2e-05
Базовое_масло_3,0886.24,"Массовая доля цинка, ASTM D6481",,7e-05
Базовое_масло_3,0886.24,"Плотность при 15°С, ASTM D4052",,843.5
Базовое_масло_3,0886.24,"Плотность при 20°С, ASTM D4052",,840.25
Базовое_масло_3,0886.24,Последовательность 1 | ASTM D892,,0.0
Базовое_масло_3,0886.24,Последовательность 2 | ASTM D892,,0.0
Базовое_масло_3,0886.24,Последовательность 3 | ASTM D892,,0.0
Базовое_масло_3,0886.24,"Температура застывания, ГОСТ 20287, метод Б",,-21.0
Базовое_масло_3,0886.24,Цвет Сейболт | -,,30.0
Базовое_масло_3,typical,Анилиновая точка,,68.4
Базовое_масло_3,typical,Группа по API,,3.0
Базовое_масло_3,typical,Деэм.вода | ASTM D1401,,40.0
Базовое_масло_3,typical,Деэм.время | ASTM D1401,,5.625
Базовое_масло_3,typical,Деэм.масло | ASTM D1401,,40.0
Базовое_масло_3,typical,Деэм.эмульсия | ASTM D1401,,0.0
Базовое_масло_3,typical,"Динамическая вязкость CCS -15°C, ASTM D5293",,372.1818181818182
Базовое_масло_3,typical,"Динамическая вязкость CCS -20°C, ASTM D5293",,585.5
Базовое_масло_3,typical,"Динамическая вязкость CCS -25°C, ASTM D5293",,963.0
Базовое_масло_3,typical,"Динамическая вязкость CCS -30°C, ASTM D5293",,1638.0666666666666
Базовое_масло_3,typical,"Динамическая вязкость CCS -35°C, ASTM D5293",,2996.8571428571427
Базовое_масло_3,typical,"Индекс вязкости, ГОСТ 25371",,123.0
Базовое_масло_3,typical,"Испаряемость по NOACK, ASTM D5800",,15.0
Базовое_масло_3,typical,"Кинематическая вязкость, при 100°C, ASTM D445",,4.34
Базовое_масло_3,typical,"Кинематическая вязкость, при 40°C, ASTM D445",,20.32
Базовое_масло_3,typical,"Массовая доля кальция, ASTM D6481",,0.0002
Базовое_масло_3,typical,"Массовая доля серы, ASTM D6481",,0.000475
Базовое_масло_3,typical,"Массовая доля фосфора, ASTM D6481",,0.0001
Базовое_масло_3,typical,"Массовая доля цинка, ASTM D6481",,8.5e-05
Базовое_масло_3,typical,"Плотность при 15°С, ASTM D4052",,843.5
Базовое_масло_3,typical,"Плотность при 20°С, ASTM D4052",,840.25
Базовое_масло_3,typical,Последовательность 1 | ASTM D892,,0.0
Базовое_масло_3,typical,Последовательность 2 | ASTM D892,,0.0
Базовое_масло_3,typical,Последовательность 3 | ASTM D892,,0.0
Базовое_масло_3,typical,"Температура застывания, ГОСТ 20287, метод Б",,-25.0
Базовое_масло_3,typical,Цвет Сейболт | -,,30.0
Базовое_масло_4,01209.25 для SL,Анилиновая точка,,68.4
Базовое_масло_4,01209.25 для SL,Группа по API,,2.0
Базовое_масло_4,01209.25 для SL,Деэм.вода | ASTM D1401,,40.0
Базовое_масло_4,01209.25 для SL,Деэм.время | ASTM D1401,,5.0
Базовое_масло_4,01209.25 для SL,Деэм.масло | ASTM D1401,,39.833333333333336
Базовое_масло_4,01209.25 для SL,Деэм.эмульсия | ASTM D1401,,0.0
Базовое_масло_4,01209.25 для SL,"Динамическая вязкость CCS -25°C, ASTM D5293",,1311.8
Базовое_масло_4,01209.25 для SL,"Динамическая вязкость CCS -30°C, ASTM D5293",,12688.0
Базовое_масло_4,01209.25 для SL,"Индекс вязкости, ГОСТ 25371",,115.0
Базовое_масло_4,01209.25 для SL,"Испаряемость по NOACK, ASTM D5800",,4.0
Базовое_масло_4,01209.25 для SL,"Кинематическая вязкость, при 100°C, ASTM D445",,8.42
Базовое_масло_4,01209.25 для SL,"Кинематическая вязкость, при 40°C, ASTM D445",,54.13
Базовое_масло_4,01209.25 для SL,"Массовая доля кальция, ASTM D6481",,0.0002
Базовое_масло_4,01209.25 для SL,"Массовая доля серы, ASTM D6481",,0.0004
Базовое_масло_4,01209.25 для SL,"Массовая доля фосфора, ASTM D6481",,0.0001
Базовое_масло_4,01209.25 для SL,"Массовая доля цинка, ASTM D6481",,0.0001
Базовое_масло_4,01209.25 для SL,"Плотность при 15°С, ASTM D4052",,843.5
Базовое_масло_4,01209.25 для SL,"Плотность при 20°С, ASTM D4052",,840.25
Базовое_масло_4,01209.25 для SL,Последовательность 1 | ASTM D892,,0.0
Базовое_масло_4,01209.25 для SL,Последовательность 2 | ASTM D892,,0.0
Базовое_масло_4,01209.25 для SL,Последовательность 3 | ASTM D892,,0.0
Базовое_масло_4,01209.25 для SL,"Температура застывания, ГОСТ 20287, метод Б",,-23.0
Базовое_масло_4,01209.25 для SL,Цвет Сейболт | -,,30.0
Базовое_масло_4,typical,Анилиновая точка,,68.4
Базовое_масло_4,typical,Группа по API,,2.0
Базовое_масло_4,typical,Деэм.вода | ASTM D1401,,40.0
Базовое_масло_4,typical,Деэм.время | ASTM D1401,,5.0
Базовое_масло_4,typical,Деэм.масло | ASTM D1401,,39.833333333333336
Базовое_масло_4,typical,Деэм.эмульсия | ASTM D1401,,0.0
Базовое_масло_4,typical,"Динамическая вязкость CCS -25°C, ASTM D5293",,1311.8
Базовое_масло_4,typical,"Динамическая вязкость CCS -30°C, ASTM D5293",,12688.0
Базовое_масло_4,typical,"Индекс вязкости, ГОСТ 25371",,115.0
Базовое_масло_4,typical,"Испаряемость по NOACK, ASTM D5800",,4.0
Базовое_масло_4,typical,"Кинематическая вязкость, при 100°C, ASTM D445",,8.42
Базовое_масло_4,typical,"Кинематическая вязкость, при 40°C, ASTM D445",,54.13
Базовое_масло_4,typical,"Массовая доля кальция, ASTM D6481",,0.0002
Базовое_масло_4,typical,"Массовая доля серы, ASTM D6481",,0.0004
Базовое_масло_4,typical,"Массовая доля фосфора, ASTM D6481",,0.0001
Базовое_масло_4,typical,"Массовая доля цинка, ASTM D6481",,0.0001
Базовое_масло_4,typical,"Плотность при 15°С, ASTM D4052",,843.5
Базовое_масло_4,typical,"Плотность при 20°С, ASTM D4052",,840.25
Базовое_масло_4,typical,Последовательность 1 | ASTM D892,,0.0
Базовое_масло_4,typical,Последовательность 2 | ASTM D892,,0.0
Базовое_масло_4,typical,Последовательность 3 | ASTM D892,,0.0
Базовое_масло_4,typical,"Температура застывания, ГОСТ 20287, метод Б",,-23.0
Базовое_масло_4,typical,Цвет Сейболт | -,,30.0
Базовое_масло_5,01056.25,Анилиновая точка,,68.4
Базовое_масло_5,01056.25,Группа по API,,2.0
Базовое_масло_5,01056.25,Деэм.вода | ASTM D1401,,39.0
Базовое_масло_5,01056.25,Деэм.время | ASTM D1401,,5.0
Базовое_масло_5,01056.25,Деэм.масло | ASTM D1401,,41.0
Базовое_масло_5,01056.25,Деэм.эмульсия | ASTM D1401,,0.0
Базовое_масло_5,01056.25,"Динамическая вязкость CCS -15°C, ASTM D5293",,2226.5714285714284
Базовое_масло_5,01056.25,"Динамическая вязкость CCS -20°C, ASTM D5293",,3534.0
Базовое_масло_5,01056.25,"Динамическая вязкость CCS -25°C, ASTM D5293",,6400.0
Базовое_масло_5,01056.25,"Динамическая вязкость CCS -30°C, ASTM D5293",,12688.0
Базовое_масло_5,01056.25,"Динамическая вязкость CCS -35°C, ASTM D5293",,25376.0
Базовое_масло_5,01056.25,"Индекс вязкости, ГОСТ 25371",,118.27272727272728
Базовое_масло_5,01056.25,"Испаряемость по NOACK, ASTM D5800",,3.18
Базовое_масло_5,01056.25,"Кинематическая вязкость, при 100°C, ASTM D445",,8.09
Базовое_масло_5,01056.25,"Кинематическая вязкость, при 40°C, ASTM D445",,54.13
Базовое_масло_5,01056.25,"Массовая доля кальция, ASTM D6481",,0.0002025
Базовое_масло_5,01056.25,"Массовая доля серы, ASTM D6481",,0.00054
Базовое_масло_5,01056.25,"Массовая доля фосфора, ASTM D6481",,0.000115
Базовое_масло_5,01056.25,"Массовая доля цинка, ASTM D6481",,0.0001
Базовое_масло_5,01056.25,"Плотность при 15°С, ASTM D4052",,843.5
Базовое_масло_5,01056.25,"Плотность при 20°С, ASTM D4052",,840.25
Базовое_масло_5,01056.25,Последовательность 1 | ASTM D892,,0.0
Базовое_масло_5,01056.25,Последовательность 2 | ASTM D892,,0.0
Базовое_масло_5,01056.25,Последовательность 3 | ASTM D892,,0.0
Базовое_масло_5,01056.25,"Температура застывания, ГОСТ 20287, метод Б",,0.0
Базовое_масло_5,01056.25,Цвет Сейболт | -,,30.0
Базовое_масло_5,01085.25,Анилиновая точка,,68.4
Базовое_масло_5,01085.25,Группа по API,,2.0
Базовое_масло_5,01085.25,Деэм.вода | ASTM D1401,,39.0
Базовое_масло_5,01085.25,Деэм.время | ASTM D1401,,5.0
Базовое_масло_5,01085.25,Деэм.масло | ASTM D1401,,41.0
Базовое_масло_5,01085.25,Деэм.эмульсия | ASTM D1401,,0.0
Базовое_масло_5,01085.25,"Динамическая вязкость CCS -15°C, ASTM D5293",,2226.5714285714284
Базовое_масло_5,01085.25,"Динамическая вязкость CCS -20°C, ASTM D5293",,3743.090909090909
Базовое_масло_5,01085.25,"Динамическая вязкость CCS -25°C, ASTM D5293",,7075.916666666667
Базовое_масло_5,01085.25,"Динамическая вязкость CCS -30°C, ASTM D5293",,13859.916666666666
Базовое_масло_5,01085.25,"Динамическая вязкость CCS -35°C, ASTM D5293",,25376.0
Базовое_масло_5,01085.25,"Индекс вязкости, ГОСТ 25371",,118.27272727272728
Базовое_масло_5,01085.25,"Испаряемость по NOACK, ASTM D5800",,3.18
Базовое_масло_5,01085.25,"Кинематическая вязкость, при 100°C, ASTM D445",,8.62
Базовое_масло_5,01085.25,"Кинематическая вязкость, при 40°C, ASTM D445",,55.99875
Базовое_масло_5,01085.25,"Массовая доля кальция, ASTM D6481",,0.0002025
Базовое_масло_5,01085.25,"Массовая доля серы, ASTM D6481",,0.00054
Базовое_масло_5,01085.25,"Массовая доля фосфора, ASTM D6481",,0.000115
Базовое_масло_5,01085.25,"Массовая доля цинка, ASTM D6481",,0.0001
Базовое_масло_5,01085.25,"Плотность при 15°С, ASTM D4052",,843.5
Базовое_масло_5,01085.25,"Плотность при 20°С, ASTM D4052",,840.25
Базовое_масло_5,01085.25,Последовательность 1 | ASTM D892,,0.0
Базовое_масло_5,01085.25,Последовательность 2 | ASTM D892,,0.0
Базовое_масло_5,01085.25,Последовательность 3 | ASTM D892,,0.0
Базовое_масло_5,01085.25,"Температура застывания, ГОСТ 20287, метод Б",,0.0
Базовое_масло_5,01085.25,Цвет Сейболт | -,,30.0
Базовое_масло_5,01624.25,Анилиновая точка,,68.4
Базовое_масло_5,01624.25,Группа по API,,2.0
Базовое_масло_5,01624.25,Деэм.вода | ASTM D1401,,39.0
Базовое_масло_5,01624.25,Деэм.время | ASTM D1401,,5.0
Базовое_масло_5,01624.25,Деэм.масло | ASTM D1401,,41.0
Базовое_масло_5,01624.25,Деэм.эмульсия | ASTM D1401,,0.0
Базовое_масло_5,01624.25,"Динамическая вязкость CCS -15°C, ASTM D5293",,2226.5714285714284
Базовое_масло_5,01624.25,"Динамическая вязкость CCS -20°C, ASTM D5293",,3207.0
Базовое_масло_5,01624.25,"Динамическая вязкость CCS -25°C, ASTM D5293",,5855.0
Базовое_масло_5,01624.25,"Динамическая вязкость CCS -30°C, ASTM D5293",,11386.0
Базовое_масло_5,01624.25,"Динамическая вязкость CCS -35°C, ASTM D5293",,25376.0
Базовое_масло_5,01624.25,"Индекс вязкости, ГОСТ 25371",,120.0
Базовое_масло_5,01624.25,"Испаряемость по NOACK, ASTM D5800",,3.18
Базовое_масло_5,01624.25,"Кинематическая вязкость, при 100°C, ASTM D445",,7.72
Базовое_масло_5,01624.25,"Кинематическая вязкость, при 40°C, ASTM D445",,50.14
Базовое_масло_5,01624.25,"Массовая доля кальция, ASTM D6481",,0.0002025
Базовое_масло_5,01624.25,"Массовая доля серы, ASTM D6481",,0.00054
Базовое_масло_5,01624.25,"Массовая доля фосфора, ASTM D6481",,0.000115
Базовое_масло_5,01624.25,"Массовая доля цинка, ASTM D6481",,0.0001
Базовое_масло_5,01624.25,"Плотность при 15°С, ASTM D4052",,843.5
Базовое_масло_5,01624.25,"Плотность при 20°С, ASTM D4052",,840.25
Базовое_масло_5,01624.25,Последовательность 1 | ASTM D892,,0.0
Базовое_масло_5,01624.25,Последовательность 2 | ASTM D892,,0.0
Базовое_масло_5,01624.25,Последовательность 3 | ASTM D892,,0.0
Базовое_масло_5,01624.25,"Температура застывания, ГОСТ 20287, метод Б",,-15.0
Базовое_масло_5,01624.25,Цвет Сейболт | -,,30.0
Базовое_масло_5,01942.23,Анилиновая точка,,68.4
Базовое_масло_5,01942.23,Группа по API,,2.0
Базовое_масло_5,01942.23,Деэм.вода | ASTM D1401,,39.0
Базовое_масло_5,01942.23,Деэм.время | ASTM D1401,,5.0
Базовое_масло_5,01942.23,Деэм.масло | ASTM D1401,,41.0
Базовое_масло_5,01942.23,Деэм.эмульсия | ASTM D1401,,0.0
Базовое_масло_5,01942.23,"Динамическая вязкость CCS -15°C, ASTM D5293",,2322.0
Базовое_масло_5,01942.23,"Динамическая вязкость CCS -20°C, ASTM D5293",,4054.0
Базовое_масло_5,01942.23,"Динамическая вязкость CCS -25°C, ASTM D5293",,7450.0
Базовое_масло_5,01942.23,"Динамическая вязкость CCS -30°C, ASTM D5293",,14903.0
Базовое_масло_5,01942.23,"Динамическая вязкость CCS -35°C, ASTM D5293",,25376.0
Базовое_масло_5,01942.23,"Индекс вязкости, ГОСТ 25371",,117.0
Базовое_масло_5,01942.23,"Испаряемость по NOACK, ASTM D5800",,2.8
Базовое_масло_5,01942.23,"Кинематическая вязкость, при 100°C, ASTM D445",,8.49
Базовое_масло_5,01942.23,"Кинематическая вязкость, при 40°C, ASTM D445",,58.73
Базовое_масло_5,01942.23,"Массовая доля кальция, ASTM D6481",,0.0002
Базовое_масло_5,01942.23,"Массовая доля серы, ASTM D6481",,0.0041
Базовое_масло_5,01942.23,"Массовая доля фосфора, ASTM D6481",,0.0039
Базовое_масло_5,01942.23,"Массовая доля цинка, ASTM D6481",,0.0001
Базовое_масло_5,01942.23,"Плотность при 15°С, ASTM D4052",,843.5
Базовое_масло_5,01942.23,"Плотность при 20°С, ASTM D4052",,840.25
Базовое_масло_5,01942.23,Последовательность 1 | ASTM D892,,0.0
Базовое_масло_5,01942.23,Последовательность 2 | ASTM D892,,0.0
Базовое_масло_5,01942.23,Последовательность 3 | ASTM D892,,0.0
Базовое_масло_5,01942.23,"Температура застывания, ГОСТ 20287, метод Б",,-20.0
Базовое_масло_5,01942.23,Цвет Сейболт | -,,30.0
Базовое_масло_5,01992.25,Анилиновая точка,,68.4
Базовое_масло_5,01992.25,Группа по API,,2.0
Базовое_масло_5,01992.25,Деэм.вода | ASTM D1401,,39.0
Базовое_масло_5,01992.25,Деэм.время | ASTM D1401,,5.0
Базовое_масло_5,01992.25,Деэм.масло | ASTM D1401,,41.0
Базовое_масло_5,01992.25,Деэм.эмульсия | ASTM D1401,,0.0
Базовое_масло_5,01992.25,"Динамическая вязкость CCS -15°C, ASTM D5293",,2256.0
Базовое_масло_5,01992.25,"Динамическая вязкость CCS -20°C, ASTM D5293",,3907.0
Базовое_масло_5,01992.25,"Динамическая вязкость CCS -25°C, ASTM D5293",,7178.0
Базовое_масло_5,01992.25,"Динамическая вязкость CCS -30°C, ASTM D5293",,14088.0
Базовое_масло_5,01992.25,"Динамическая вязкость CCS -35°C, ASTM D5293",,25376.0
Базовое_масло_5,01992.25,"Индекс вязкости, ГОСТ 25371",,118.0
Базовое_масло_5,01992.25,"Испаряемость по NOACK, ASTM D5800",,3.18
Базовое_масло_5,01992.25,"Кинематическая вязкость, при 100°C, ASTM D445",,8.34
Базовое_масло_5,01992.25,"Кинематическая вязкость, при 40°C, ASTM D445",,56.87
Базовое_масло_5,01992.25,"Массовая доля кальция, ASTM D6481",,0.0002025
Базовое_масло_5,01992.25,"Массовая доля серы, ASTM D6481",,0.00054
Базовое_масло_5,01992.25,"Массовая доля фосфора, ASTM D6481",,0.000115
Базовое_масло_5,01992.25,"Массовая доля цинка, ASTM D6481",,0.0001
Базовое_масло_5,01992.25,"Плотность при 15°С, ASTM D4052",,843.5
Базовое_масло_5,01992.25,"Плотность при 20°С, ASTM D4052",,840.25
Базовое_масло_5,01992.25,Последовательность 1 | ASTM D892,,0.0
Базовое_масло_5,01992.25,Последовательность 2 | ASTM D892,,0.0
Базовое_масло_5,01992.25,Последовательность 3 | ASTM D892,,0.0
Базовое_масло_5,01992.25,"Температура застывания, ГОСТ 20287, метод Б",,-17.0
Базовое_масло_5,01992.25,Цвет Сейболт | -,,30.0
Базовое_масло_5,02229.25,Анилиновая точка,,68.4
Базовое_масло_5,02229.25,Группа по API,,2.0
Базовое_масло_5,02229.25,Деэм.вода | ASTM D1401,,39.0
Базовое_масло_5,02229.25,Деэм.время | ASTM D1401,,5.0
Базовое_масло_5,02229.25,Деэм.масло | ASTM D1401,,41.0
Базовое_масло_5,02229.25,Деэм.эмульсия | ASTM D1401,,0.0
Базовое_масло_5,02229.25,"Динамическая вязкость CCS -15°C, ASTM D5293",,2226.5714285714284
Базовое_масло_5,02229.25,"Динамическая вязкость CCS -20°C, ASTM D5293",,3743.090909090909
Базовое_масло_5,02229.25,"Динамическая вязкость CCS -25°C, ASTM D5293",,7075.916666666667
Базовое_масло_5,02229.25,"Динамическая вязкость CCS -30°C, ASTM D5293",,13859.916666666666
Базовое_масло_5,02229.25,"Динамическая вязкость CCS -35°C, ASTM D5293",,25376.0
Базовое_масло_5,02229.25,"Индекс вязкости, ГОСТ 25371",,118.27272727272728
Базовое_масло_5,02229.25,"Испаряемость по NOACK, ASTM D5800",,3.18
Базовое_масло_5,02229.25,"Кинематическая вязкость, при 100°C, ASTM D445",,8.25
Базовое_масло_5,02229.25,"Кинематическая вязкость, при 40°C, ASTM D445",,55.51
Базовое_масло_5,02229.25,"Массовая доля кальция, ASTM D6481",,0.0002025
Базовое_масло_5,02229.25,"Массовая доля серы, ASTM D6481",,0.00054
Базовое_масло_5,02229.25,"Массовая доля фосфора, ASTM D6481",,0.000115
Базовое_масло_5,02229.25,"Массовая доля цинка, ASTM D6481",,0.0001
Базовое_масло_5,02229.25,"Плотность при 15°С, ASTM D4052",,843.5
Базовое_масло_5,02229.25,"Плотность при 20°С, ASTM D4052",,840.25
Базовое_масло_5,02229.25,Последовательность 1 | ASTM D892,,0.0
Базовое_масло_5,02229.25,Последовательность 2 | ASTM D892,,0.0
Базовое_масло_5,02229.25,Последовательность 3 | ASTM D892,,0.0
Базовое_масло_5,02229.25,"Температура застывания, ГОСТ 20287, метод Б",,-15.461538461538462
Базовое_масло_5,02229.25,Цвет Сейболт | -,,30.0
Базовое_масло_5,02510.25,Анилиновая точка,,68.4
Базовое_масло_5,02510.25,Группа по API,,2.0
Базовое_масло_5,02510.25,Деэм.вода | ASTM D1401,,39.0
Базовое_масло_5,02510.25,Деэм.время | ASTM D1401,,5.0
Базовое_масло_5,02510.25,Деэм.масло | ASTM D1401,,41.0
Базовое_масло_5,02510.25,Деэм.эмульсия | ASTM D1401,,0.0
Базовое_масло_5,02510.25,"Динамическая вязкость CCS -15°C, ASTM D5293",,1816.0
Базовое_масло_5,02510.25,"Динамическая вязкость CCS -20°C, ASTM D5293",,3063.0
Базовое_масло_5,02510.25,"Динамическая вязкость CCS -25°C, ASTM D5293",,5503.0
Базовое_масло_5,02510.25,"Динамическая вязкость CCS -30°C, ASTM D5293",,10694.0
Базовое_масло_5,02510.25,"Динамическая вязкость CCS -35°C, ASTM D5293",,25376.0
Базовое_масло_5,02510.25,"Индекс вязкости, ГОСТ 25371",,118.27272727272728
Базовое_масло_5,02510.25,"Испаряемость по NOACK, ASTM D5800",,3.18
Базовое_масло_5,02510.25,"Кинематическая вязкость, при 100°C, ASTM D445",,8.716
Базовое_масло_5,02510.25,"Кинематическая вязкость, при 40°C, ASTM D445",,59.86
Базовое_масло_5,02510.25,"Массовая доля кальция, ASTM D6481",,0.0002025
Базовое_масло_5,02510.25,"Массовая доля серы, ASTM D6481",,0.00054
Базовое_масло_5,02510.25,"Массовая доля фосфора, ASTM D6481",,0.000115
Базовое_масло_5,02510.25,"Массовая доля цинка, ASTM D6481",,0.0001
Базовое_масло_5,02510.25,"Плотность при 15°С, ASTM D4052",,843.5
Базовое_масло_5,02510.25,"Плотность при 20°С, ASTM D4052",,840.25
Базовое_масло_5,02510.25,Последовательность 1 | ASTM D892,,0.0
Базовое_масло_5,02510.25,Последовательность 2 | ASTM D892,,0.0
Базовое_масло_5,02510.25,Последовательность 3 | ASTM D892,,0.0
Базовое_масло_5,02510.25,"Температура застывания, ГОСТ 20287, метод Б",,-15.461538461538462
Базовое_масло_5,02510.25,Цвет Сейболт | -,,30.0
Базовое_масло_5,02724.23,Анилиновая точка,,68.4
Базовое_масло_5,02724.23,Группа по API,,2.0
Базовое_масло_5,02724.23,Деэм.вода | ASTM D1401,,39.0
Базовое_масло_5,02724.23,Деэм.время | ASTM D1401,,5.0
Базовое_масло_5,02724.23,Деэм.масло | ASTM D1401,,41.0
Базовое_масло_5,02724.23,Деэм.эмульсия | ASTM D1401,,0.0
Базовое_масло_5,02724.23,"Динамическая вязкость CCS -15°C, ASTM D5293",,2192.0
Базовое_масло_5,02724.23,"Динамическая вязкость CCS -20°C, ASTM D5293",,3849.0
Базовое_масло_5,02724.23,"Динамическая вязкость CCS -25°C, ASTM D5293",,7087.0
Базовое_масло_5,02724.23,"Динамическая вязкость CCS -30°C, ASTM D5293",,14001.0
Базовое_масло_5,02724.23,"Динамическая вязкость CCS -35°C, ASTM D5293",,25376.0
Базовое_масло_5,02724.23,"Индекс вязкости, ГОСТ 25371",,117.0
Базовое_масло_5,02724.23,"Испаряемость по NOACK, ASTM D5800",,2.8
Базовое_масло_5,02724.23,"Кинематическая вязкость, при 100°C, ASTM D445",,8.3
Базовое_масло_5,02724.23,"Кинематическая вязкость, при 40°C, ASTM D445",,56.73
Базовое_масло_5,02724.23,"Массовая доля кальция, ASTM D6481",,0.0002
Базовое_масло_5,02724.23,"Массовая доля серы, ASTM D6481",,0.0007
Базовое_масло_5,02724.23,"Массовая доля фосфора, ASTM D6481",,3e-05
Базовое_масло_5,02724.23,"Массовая доля цинка, ASTM D6481",,0.0001
Базовое_масло_5,02724.23,"Плотность при 15°С, ASTM D4052",,843.5
Базовое_масло_5,02724.23,"Плотность при 20°С, ASTM D4052",,840.25
Базовое_масло_5,02724.23,Последовательность 1 | ASTM D892,,0.0
Базовое_масло_5,02724.23,Последовательность 2 | ASTM D892,,0.0
Базовое_масло_5,02724.23,Последовательность 3 | ASTM D892,,0.0
Базовое_масло_5,02724.23,"Температура застывания, ГОСТ 20287, метод Б",,-19.0
Базовое_масло_5,02724.23,Цвет Сейболт | -,,30.0
Базовое_масло_5,02896.24,Анилиновая точка,,68.4
Базовое_масло_5,02896.24,Группа по API,,2.0
Базовое_масло_5,02896.24,Деэм.вода | ASTM D1401,,39.0
Базовое_масло_5,02896.24,Деэм.время | ASTM D1401,,5.0
Базовое_масло_5,02896.24,Деэм.масло | ASTM D1401,,41.0
Базовое_масло_5,02896.24,Деэм.эмульсия | ASTM D1401,,0.0
Базовое_масло_5,02896.24,"Динамическая вязкость CCS -15°C, ASTM D5293",,2226.5714285714284
Базовое_масло_5,02896.24,"Динамическая вязкость CCS -20°C, ASTM D5293",,3743.090909090909
Базовое_масло_5,02896.24,"Динамическая вязкость CCS -25°C, ASTM D5293",,7741.0
Базовое_масло_5,02896.24,"Динамическая вязкость CCS -30°C, ASTM D5293",,14916.0
Базовое_масло_5,02896.24,"Динамическая вязкость CCS -35°C, ASTM D5293",,25376.0
Базовое_масло_5,02896.24,"Индекс вязкости, ГОСТ 25371",,114.0
Базовое_масло_5,02896.24,"Испаряемость по NOACK, ASTM D5800",,3.18
Базовое_масло_5,02896.24,"Кинематическая вязкость, при 100°C, ASTM D445",,8.53
Базовое_масло_5,02896.24,"Кинематическая вязкость, при 40°C, ASTM D445",,59.97
Базовое_масло_5,02896.24,"Массовая доля кальция, ASTM D6481",,0.0002025
Базовое_масло_5,02896.24,"Массовая доля серы, ASTM D6481",,0.00054
Базовое_масло_5,02896.24,"Массовая доля фосфора, ASTM D6481",,0.000115
Базовое_масло_5,02896.24,"Массовая доля цинка, ASTM D6481",,0.0001
Базовое_масло_5,02896.24,"Плотность при 15°С, ASTM D4052",,843.5
Базовое_масло_5,02896.24,"Плотность при 20°С, ASTM D4052",,840.25
Базовое_масло_5,02896.24,Последовательность 1 | ASTM D892,,0.0
Базовое_масло_5,02896.24,Последовательность 2 | ASTM D892,,0.0
Базовое_масло_5,02896.24,Последовательность 3 | ASTM D892,,0.0
Базовое_масло_5,02896.24,"Температура застывания, ГОСТ 20287, метод Б",,-15.461538461538462
Базовое_масло_5,02896.24,Цвет Сейболт | -,,30.0
Базовое_масло_5,0312.25,Анилиновая точка,,68.4
Базовое_масло_5,0312.25,Группа по API,,2.0
Базовое_масло_5,0312.25,Деэм.вода | ASTM D1401,,39.0
Базовое_масло_5,0312.25,Деэм.время | ASTM D1401,,5.0
Базовое_масло_5,0312.25,Деэм.масло | ASTM D1401,,41.0
Базовое_масло_5,0312.25,Деэм.эмульсия | ASTM D1401,,0.0
Базовое_масло_5,0312.25,"Динамическая вязкость CCS -15°C, ASTM D5293",,2226.5714285714284
Базовое_масло_5,0312.25,"Динамическая вязкость CCS -20°C, ASTM D5293",,3821.0
Базовое_масло_5,0312.25,"Динамическая вязкость CCS -25°C, ASTM D5293",,6926.0
Базовое_масло_5,0312.25,"Динамическая вязкость CCS -30°C, ASTM D5293",,13682.0
Базовое_масло_5,0312.25,"Динамическая вязкость CCS -35°C, ASTM D5293",,25376.0
Базовое_масло_5,0312.25,"Индекс вязкости, ГОСТ 25371",,119.0
Базовое_масло_5,0312.25,"Испаряемость по NOACK, ASTM D5800",,3.18
Базовое_масло_5,0312.25,"Кинематическая вязкость, при 100°C, ASTM D445",,8.276
Базовое_масло_5,0312.25,"Кинематическая вязкость, при 40°C, ASTM D445",,55.69
Базовое_масло_5,0312.25,"Массовая доля кальция, ASTM D6481",,0.0002025
Базовое_масло_5,0312.25,"Массовая доля серы, ASTM D6481",,0.00054
Базовое_масло_5,0312.25,"Массовая доля фосфора, ASTM D6481",,0.000115
Базовое_масло_5,0312.25,"Массовая доля цинка, ASTM D6481",,0.0001
Базовое_масло_5,0312.25,"Плотность при 15°С, ASTM D4052",,843.5
Базовое_масло_5,0312.25,"Плотность при 20°С, ASTM D4052",,840.25
Базовое_масло_5,0312.25,Последовательность 1 | ASTM D892,,0.0
Базовое_масло_5,0312.25,Последовательность 2 | ASTM D892,,0.0
Базовое_масло_5,0312.25,Последовательность 3 | ASTM D892,,0.0
Базовое_масло_5,0312.25,"Температура застывания, ГОСТ 20287, метод Б",,-18.0
Базовое_масло_5,0312.25,Цвет Сейболт | -,,30.0
Базовое_масло_5,03159.24,Анилиновая точка,,68.4
Базовое_масло_5,03159.24,Группа по API,,2.0
Базовое_масло_5,03159.24,Деэм.вода | ASTM D1401,,39.0
Базовое_масло_5,03159.24,Деэм.время | ASTM D1401,,5.0
Базовое_масло_5,03159.24,Деэм.масло | ASTM D1401,,41.0
Базовое_масло_5,03159.24,Деэм.эмульсия | ASTM D1401,,0.0
Базовое_масло_5,03159.24,"Динамическая вязкость CCS -15°C, ASTM D5293",,2226.5714285714284
Базовое_масло_5,03159.24,"Динамическая вязкость CCS -20°C, ASTM D5293",,3500.0
Базовое_масло_5,03159.24,"Динамическая вязкость CCS -25°C, ASTM D5293",,7036.0
Базовое_масло_5,03159.24,"Динамическая вязкость CCS -30°C, ASTM D5293",,14173.0
Базовое_масло_5,03159.24,"Динамическая вязкость CCS -35°C, ASTM D5293",,25376.0
Базовое_масло_5,03159.24,"Индекс вязкости, ГОСТ 25371",,118.27272727272728
Базовое_масло_5,03159.24,"Испаряемость по NOACK, ASTM D5800",,3.18
Базовое_масло_5,03159.24,"Кинематическая вязкость, при 100°C, ASTM D445",,8.303
Базовое_масло_5,03159.24,"Кинематическая вязкость, при 40°C, ASTM D445",,56.57
Базовое_масло_5,03159.24,"Массовая доля кальция, ASTM D6481",,0.0002025
Базовое_масло_5,03159.24,"Массовая доля серы, ASTM D6481",,0.00054
Базовое_масло_5,03159.24,"Массовая доля фосфора, ASTM D6481",,0.000115
Базовое_масло_5,03159.24,"Массовая доля цинка, ASTM D6481",,0.0001
Базовое_масло_5,03159.24,"Плотность при 15°С, ASTM D4052",,843.5
Базовое_масло_5,03159.24,"Плотность при 20°С, ASTM D4052",,840.25
Базовое_масло_5,03159.24,Последовательность 1 | ASTM D892,,0.0
Базовое_масло_5,03159.24,Последовательность 2 | ASTM D892,,0.0
Базовое_масло_5,03159.24,Последовательность 3 | ASTM D892,,0.0
Базовое_масло_5,03159.24,"Температура застывания, ГОСТ 20287, метод Б",,-15.461538461538462
Базовое_масло_5,03159.24,Цвет Сейболт | -,,30.0
Базовое_масло_5,03602.23,Анилиновая точка,,68.4
Базовое_масло_5,03602.23,Группа по API,,2.0
Базовое_масло_5,03602.23,Деэм.вода | ASTM D1401,,39.0
Базовое_масло_5,03602.23,Деэм.время | ASTM D1401,,5.0
Базовое_масло_5,03602.23,Деэм.масло | ASTM D1401,,41.0
Базовое_масло_5,03602.23,Деэм.эмульсия | ASTM D1401,,0.0
Базовое_масло_5,03602.23,"Динамическая вязкость CCS -15°C, ASTM D5293",,2467.0
Базовое_масло_5,03602.23,"Динамическая вязкость CCS -20°C, ASTM D5293",,4307.0
Базовое_масло_5,03602.23,"Динамическая вязкость CCS -25°C, ASTM D5293",,9021.0
Базовое_масло_5,03602.23,"Динамическая вязкость CCS -30°C, ASTM D5293",,17000.0
Базовое_масло_5,03602.23,"Динамическая вязкость CCS -35°C, ASTM D5293",,25376.0
Базовое_масло_5,03602.23,"Индекс вязкости, ГОСТ 25371",,115.0
Базовое_масло_5,03602.23,"Испаряемость по NOACK, ASTM D5800",,3.18
Базовое_масло_5,03602.23,"Кинематическая вязкость, при 100°C, ASTM D445",,8.57
Базовое_масло_5,03602.23,"Кинематическая вязкость, при 40°C, ASTM D445",,60.05
Базовое_масло_5,03602.23,"Массовая доля кальция, ASTM D6481",,0.0002025
Базовое_масло_5,03602.23,"Массовая доля серы, ASTM D6481",,0.00054
Базовое_масло_5,03602.23,"Массовая доля фосфора, ASTM D6481",,0.000115
Базовое_масло_5,03602.23,"Массовая доля цинка, ASTM D6481",,0.0001
Базовое_масло_5,03602.23,"Плотность при 15°С, ASTM D4052",,843.5
Базовое_масло_5,03602.23,"Плотность при 20°С, ASTM D4052",,840.25
Базовое_масло_5,03602.23,Последовательность 1 | ASTM D892,,0.0
Базовое_масло_5,03602.23,Последовательность 2 | ASTM D892,,0.0
Базовое_масло_5,03602.23,Последовательность 3 | ASTM D892,,0.0
Базовое_масло_5,03602.23,"Температура застывания, ГОСТ 20287, метод Б",,-18.0
Базовое_масло_5,03602.23,Цвет Сейболт | -,,30.0
Базовое_масло_5,0752.23,Анилиновая точка,,68.4
Базовое_масло_5,0752.23,Группа по API,,2.0
Базовое_масло_5,0752.23,Деэм.вода | ASTM D1401,,39.0
Базовое_масло_5,0752.23,Деэм.время | ASTM D1401,,5.0
Базовое_масло_5,0752.23,Деэм.масло | ASTM D1401,,41.0
Базовое_масло_5,0752.23,Деэм.эмульсия | ASTM D1401,,0.0
Базовое_масло_5,0752.23,"Динамическая вязкость CCS -15°C, ASTM D5293",,2189.0
Базовое_масло_5,0752.23,"Динамическая вязкость CCS -20°C, ASTM D5293",,3849.0
Базовое_масло_5,0752.23,"Динамическая вязкость CCS -25°C, ASTM D5293",,7200.0
Базовое_масло_5,0752.23,"Динамическая вязкость CCS -30°C, ASTM D5293",,14123.0
Базовое_масло_5,0752.23,"Динамическая вязкость CCS -35°C, ASTM D5293",,25376.0
Базовое_масло_5,0752.23,"Индекс вязкости, ГОСТ 25371",,117.0
Базовое_масло_5,0752.23,"Испаряемость по NOACK, ASTM D5800",,3.2
Базовое_масло_5,0752.23,"Кинематическая вязкость, при 100°C, ASTM D445",,8.22
Базовое_масло_5,0752.23,"Кинематическая вязкость, при 40°C, ASTM D445",,56.03
Базовое_масло_5,0752.23,"Массовая доля кальция, ASTM D6481",,0.0002
Базовое_масло_5,0752.23,"Массовая доля серы, ASTM D6481",,0.0002
Базовое_масло_5,0752.23,"Массовая доля фосфора, ASTM D6481",,0.0002
Базовое_масло_5,0752.23,"Массовая доля цинка, ASTM D6481",,0.0002
Базовое_масло_5,0752.23,"Плотность при 15°С, ASTM D4052",,843.5
Базовое_масло_5,0752.23,"Плотность при 20°С, ASTM D4052",,840.25
Базовое_масло_5,0752.23,Последовательность 1 | ASTM D892,,0.0
Базовое_масло_5,0752.23,Последовательность 2 | ASTM D892,,0.0
Базовое_масло_5,0752.23,Последовательность 3 | ASTM D892,,0.0
Базовое_масло_5,0752.23,"Температура застывания, ГОСТ 20287, метод Б",,-14.0
Базовое_масло_5,0752.23,Цвет Сейболт | -,,30.0
Базовое_масло_5,0767.24,Анилиновая точка,,68.4
Базовое_масло_5,0767.24,Группа по API,,2.0
Базовое_масло_5,0767.24,Деэм.вода | ASTM D1401,,39.0
Базовое_масло_5,0767.24,Деэм.время | ASTM D1401,,5.0
Базовое_масло_5,0767.24,Деэм.масло | ASTM D1401,,41.0
Базовое_масло_5,0767.24,Деэм.эмульсия | ASTM D1401,,0.0
Базовое_масло_5,0767.24,"Динамическая вязкость CCS -15°C, ASTM D5293",,2344.0
Базовое_масло_5,0767.24,"Динамическая вязкость CCS -20°C, ASTM D5293",,4083.0
Базовое_масло_5,0767.24,"Динамическая вязкость CCS -25°C, ASTM D5293",,7514.0
Базовое_масло_5,0767.24,"Динамическая вязкость CCS -30°C, ASTM D5293",,14665.0
Базовое_масло_5,0767.24,"Динамическая вязкость CCS -35°C, ASTM D5293",,25376.0
Базовое_масло_5,0767.24,"Индекс вязкости, ГОСТ 25371",,116.0
Базовое_масло_5,0767.24,"Испаряемость по NOACK, ASTM D5800",,3.1
Базовое_масло_5,0767.24,"Кинематическая вязкость, при 100°C, ASTM D445",,8.35
Базовое_масло_5,0767.24,"Кинематическая вязкость, при 40°C, ASTM D445",,57.8
Базовое_масло_5,0767.24,"Массовая доля кальция, ASTM D6481",,0.00021
Базовое_масло_5,0767.24,"Массовая доля серы, ASTM D6481",,0.00038
Базовое_масло_5,0767.24,"Массовая доля фосфора, ASTM D6481",,2e-05
Базовое_масло_5,0767.24,"Массовая доля цинка, ASTM D6481",,2e-05
Базовое_масло_5,0767.24,"Плотность при 15°С, ASTM D4052",,843.5
Базовое_масло_5,0767.24,"Плотность при 20°С, ASTM D4052",,840.25
Базовое_масло_5,0767.24,Последовательность 1 | ASTM D892,,0.0
Базовое_масло_5,0767.24,Последовательность 2 | ASTM D892,,0.0
Базовое_масло_5,0767.24,Последовательность 3 | ASTM D892,,0.0
Базовое_масло_5,0767.24,"Температура застывания, ГОСТ 20287, метод Б",,-22.0
Базовое_масло_5,0767.24,Цвет Сейболт | -,,30.0
Базовое_масло_5,0962.25,Анилиновая точка,,68.4
Базовое_масло_5,0962.25,Группа по API,,2.0
Базовое_масло_5,0962.25,Деэм.вода | ASTM D1401,,39.0
Базовое_масло_5,0962.25,Деэм.время | ASTM D1401,,5.0
Базовое_масло_5,0962.25,Деэм.масло | ASTM D1401,,41.0
Базовое_масло_5,0962.25,Деэм.эмульсия | ASTM D1401,,0.0
Базовое_масло_5,0962.25,"Динамическая вязкость CCS -15°C, ASTM D5293",,2226.5714285714284
Базовое_масло_5,0962.25,"Динамическая вязкость CCS -20°C, ASTM D5293",,3743.090909090909
Базовое_масло_5,0962.25,"Динамическая вязкость CCS -25°C, ASTM D5293",,7075.916666666667
Базовое_масло_5,0962.25,"Динамическая вязкость CCS -30°C, ASTM D5293",,13859.916666666666
Базовое_масло_5,0962.25,"Динамическая вязкость CCS -35°C, ASTM D5293",,25376.0
Базовое_масло_5,0962.25,"Индекс вязкости, ГОСТ 25371",,120.0
Базовое_масло_5,0962.25,"Испаряемость по NOACK, ASTM D5800",,3.18
Базовое_масло_5,0962.25,"Кинематическая вязкость, при 100°C, ASTM D445",,8.06
Базовое_масло_5,0962.25,"Кинематическая вязкость, при 40°C, ASTM D445",,53.5
Базовое_масло_5,0962.25,"Массовая доля кальция, ASTM D6481",,0.0002025
Базовое_масло_5,0962.25,"Массовая доля серы, ASTM D6481",,0.00054
Базовое_масло_5,0962.25,"Массовая доля фосфора, ASTM D6481",,0.000115
Базовое_масло_5,0962.25,"Массовая доля цинка, ASTM D6481",,0.0001
Базовое_масло_5,0962.25,"Плотность при 15°С, ASTM D4052",,843.5
Базовое_масло_5,0962.25,"Плотность при 20°С, ASTM D4052",,840.25
Базовое_масло_5,0962.25,Последовательность 1 | ASTM D892,,0.0
Базовое_масло_5,0962.25,Последовательность 2 | ASTM D892,,0.0
Базовое_масло_5,0962.25,Последовательность 3 | ASTM D892,,0.0
Базовое_масло_5,0962.25,"Температура застывания, ГОСТ 20287, метод Б",,-11.0
Базовое_масло_5,0962.25,Цвет Сейболт | -,,30.0
Базовое_масло_5,0973/25,Анилиновая точка,,68.4
Базовое_масло_5,0973/25,Группа по API,,2.0
Базовое_масло_5,0973/25,Деэм.вода | ASTM D1401,,39.0
Базовое_масло_5,0973/25,Деэм.время | ASTM D1401,,5.0
Базовое_масло_5,0973/25,Деэм.масло | ASTM D1401,,41.0
Базовое_масло_5,0973/25,Деэм.эмульсия | ASTM D1401,,0.0
Базовое_масло_5,0973/25,"Динамическая вязкость CCS -15°C, ASTM D5293",,2226.5714285714284
Базовое_масло_5,0973/25,"Динамическая вязкость CCS -20°C, ASTM D5293",,3743.090909090909
Базовое_масло_5,0973/25,"Динамическая вязкость CCS -25°C, ASTM D5293",,7075.916666666667
Базовое_масло_5,0973/25,"Динамическая вязкость CCS -30°C, ASTM D5293",,13859.916666666666
Базовое_масло_5,0973/25,"Динамическая вязкость CCS -35°C, ASTM D5293",,25376.0
Базовое_масло_5,0973/25,"Индекс вязкости, ГОСТ 25371",,118.27272727272728
Базовое_масло_5,0973/25,"Испаряемость по NOACK, ASTM D5800",,3.18
Базовое_масло_5,0973/25,"Кинематическая вязкость, при 100°C, ASTM D445",,8.023
Базовое_масло_5,0973/25,"Кинематическая вязкость, при 40°C, ASTM D445",,51.43
Базовое_масло_5,0973/25,"Массовая доля кальция, ASTM D6481",,0.0002025
Базовое_масло_5,0973/25,"Массовая доля серы, ASTM D6481",,0.00054
Базовое_масло_5,0973/25,"Массовая доля фосфора, ASTM D6481",,0.000115
Базовое_масло_5,0973/25,"Массовая доля цинка, ASTM D6481",,0.0001
Базовое_масло_5,0973/25,"Плотность при 15°С, ASTM D4052",,843.5
Базовое_масло_5,0973/25,"Плотность при 20°С, ASTM D4052",,840.25
Базовое_масло_5,0973/25,Последовательность 1 | ASTM D892,,0.0
Базовое_масло_5,0973/25,Последовательность 2 | ASTM D892,,0.0
Базовое_масло_5,0973/25,Последовательность 3 | ASTM D892,,0.0
Базовое_масло_5,0973/25,"Температура застывания, ГОСТ 20287, метод Б",,-28.0
Базовое_масло_5,0973/25,Цвет Сейболт | -,,30.0
Базовое_масло_5,typical,Анилиновая точка,,68.4
Базовое_масло_5,typical,Группа по API,,2.0
Базовое_масло_5,typical,Деэм.вода | ASTM D1401,,39.0
Базовое_масло_5,typical,Деэм.время | ASTM D1401,,5.0
Базовое_масло_5,typical,Деэм.масло | ASTM D1401,,41.0
Базовое_масло_5,typical,Деэм.эмульсия | ASTM D1401,,0.0
Базовое_масло_5,typical,"Динамическая вязкость CCS -15°C, ASTM D5293",,2226.5714285714284
Базовое_масло_5,typical,"Динамическая вязкость CCS -20°C, ASTM D5293",,3743.090909090909
Базовое_масло_5,typical,"Динамическая вязкость CCS -25°C, ASTM D5293",,7075.916666666667
Базовое_масло_5,typical,"Динамическая вязкость CCS -30°C, ASTM D5293",,13859.916666666666
Базовое_масло_5,typical,"Динамическая вязкость CCS -35°C, ASTM D5293",,25376.0
Базовое_масло_5,typical,"Индекс вязкости, ГОСТ 25371",,128.0
Базовое_масло_5,typical,"Испаряемость по NOACK, ASTM D5800",,4.0
Базовое_масло_5,typical,"Кинематическая вязкость, при 100°C, ASTM D445",,8.303625
Базовое_масло_5,typical,"Кинематическая вязкость, при 40°C, ASTM D445",,52.97
Базовое_масло_5,typical,"Массовая доля кальция, ASTM D6481",,0.0002025
Базовое_масло_5,typical,"Массовая доля серы, ASTM D6481",,0.00054
Базовое_масло_5,typical,"Массовая доля фосфора, ASTM D6481",,0.000115
Базовое_масло_5,typical,"Массовая доля цинка, ASTM D6481",,0.0001
Базовое_масло_5,typical,"Плотность при 15°С, ASTM D4052",,843.5
Базовое_масло_5,typical,"Плотность при 20°С, ASTM D4052",,840.25
Базовое_масло_5,typical,Последовательность 1 | ASTM D892,,0.0
Базовое_масло_5,typical,Последовательность 2 | ASTM D892,,0.0
Базовое_масло_5,typical,Последовательность 3 | ASTM D892,,0.0
Базовое_масло_5,typical,"Температура застывания, ГОСТ 20287, метод Б",,-19.0
Базовое_масло_5,typical,Цвет Сейболт | -,,30.0
Базовое_масло_6,01302.25,Анилиновая точка,,68.4
Базовое_масло_6,01302.25,Группа по API,,3.0
Базовое_масло_6,01302.25,Деэм.вода | ASTM D1401,,40.0
Базовое_масло_6,01302.25,Деэм.время | ASTM D1401,,5.0
Базовое_масло_6,01302.25,Деэм.масло | ASTM D1401,,39.833333333333336
Базовое_масло_6,01302.25,Деэм.эмульсия | ASTM D1401,,0.0
Базовое_масло_6,01302.25,"Динамическая вязкость CCS -15°C, ASTM D5293",,508.54545454545456
Базовое_масло_6,01302.25,"Динамическая вязкость CCS -20°C, ASTM D5293",,640.0
Базовое_масло_6,01302.25,"Динамическая вязкость CCS -25°C, ASTM D5293",,1000.0
Базовое_масло_6,01302.25,"Динамическая вязкость CCS -30°C, ASTM D5293",,1682.0
Базовое_масло_6,01302.25,"Динамическая вязкость CCS -35°C, ASTM D5293",,3017.0
Базовое_масло_6,01302.25,"Индекс вязкости, ГОСТ 25371",,126.0
Базовое_масло_6,01302.25,"Испаряемость по NOACK, ASTM D5800",,15.0
Базовое_масло_6,01302.25,"Кинематическая вязкость, при 100°C, ASTM D445",,4.446
Базовое_масло_6,01302.25,"Кинематическая вязкость, при 40°C, ASTM D445",,20.92
Базовое_масло_6,01302.25,"Массовая доля кальция, ASTM D6481",,0.0002
Базовое_масло_6,01302.25,"Массовая доля серы, ASTM D6481",,0.00054
Базовое_масло_6,01302.25,"Массовая доля фосфора, ASTM D6481",,0.0001
Базовое_масло_6,01302.25,"Массовая доля цинка, ASTM D6481",,0.0001
Базовое_масло_6,01302.25,"Плотность при 15°С, ASTM D4052",,835.5
Базовое_масло_6,01302.25,"Плотность при 20°С, ASTM D4052",,832.2
Базовое_масло_6,01302.25,Последовательность 1 | ASTM D892,,0.0
Базовое_масло_6,01302.25,Последовательность 2 | ASTM D892,,0.0
Базовое_масло_6,01302.25,Последовательность 3 | ASTM D892,,0.0
Базовое_масло_6,01302.25,"Температура застывания, ГОСТ 20287, метод Б",,-20.0
Базовое_масло_6,01302.25,Цвет Сейболт | -,,30.0
Базовое_масло_6,03164.24,Анилиновая точка,,68.4
Базовое_масло_6,03164.24,Группа по API,,3.0
Базовое_масло_6,03164.24,Деэм.вода | ASTM D1401,,40.0
Базовое_масло_6,03164.24,Деэм.время | ASTM D1401,,5.0
Базовое_масло_6,03164.24,Деэм.масло | ASTM D1401,,39.833333333333336
Базовое_масло_6,03164.24,Деэм.эмульсия | ASTM D1401,,0.0
Базовое_масло_6,03164.24,"Динамическая вязкость CCS -15°C, ASTM D5293",,508.54545454545456
Базовое_масло_6,03164.24,"Динамическая вязкость CCS -20°C, ASTM D5293",,614.5
Базовое_масло_6,03164.24,"Динамическая вязкость CCS -25°C, ASTM D5293",,982.0
Базовое_масло_6,03164.24,"Динамическая вязкость CCS -30°C, ASTM D5293",,1667.0
Базовое_масло_6,03164.24,"Динамическая вязкость CCS -35°C, ASTM D5293",,2990.0
Базовое_масло_6,03164.24,"Индекс вязкости, ГОСТ 25371",,125.33333333333331
Базовое_масло_6,03164.24,"Испаряемость по NOACK, ASTM D5800",,15.0
Базовое_масло_6,03164.24,"Кинематическая вязкость, при 100°C, ASTM D445",,4.223
Базовое_масло_6,03164.24,"Кинематическая вязкость, при 40°C, ASTM D445",,20.24666666666667
Базовое_масло_6,03164.24,"Массовая доля кальция, ASTM D6481",,0.0002
Базовое_масло_6,03164.24,"Массовая доля серы, ASTM D6481",,0.00054
Базовое_масло_6,03164.24,"Массовая доля фосфора, ASTM D6481",,0.0001
Базовое_масло_6,03164.24,"Массовая доля цинка, ASTM D6481",,0.0001
Базовое_масло_6,03164.24,"Плотность при 15°С, ASTM D4052",,835.5
Базовое_масло_6,03164.24,"Плотность при 20°С, ASTM D4052",,832.2
Базовое_масло_6,03164.24,Последовательность 1 | ASTM D892,,0.0
Базовое_масло_6,03164.24,Последовательность 2 | ASTM D892,,0.0
Базовое_масло_6,03164.24,Последовательность 3 | ASTM D892,,0.0
Базовое_масло_6,03164.24,"Температура застывания, ГОСТ 20287, метод Б",,-20.0
Базовое_масло_6,03164.24,Цвет Сейболт | -,,30.0
Базовое_масло_6,0861.25,Анилиновая точка,,68.4
Базовое_масло_6,0861.25,Группа по API,,3.0
Базовое_масло_6,0861.25,Деэм.вода | ASTM D1401,,40.0
Базовое_масло_6,0861.25,Деэм.время | ASTM D1401,,5.0
Базовое_масло_6,0861.25,Деэм.масло | ASTM D1401,,39.833333333333336
Базовое_масло_6,0861.25,Деэм.эмульсия | ASTM D1401,,0.0
Базовое_масло_6,0861.25,"Динамическая вязкость CCS -15°C, ASTM D5293",,508.54545454545456
Базовое_масло_6,0861.25,"Динамическая вязкость CCS -20°C, ASTM D5293",,614.5
Базовое_масло_6,0861.25,"Динамическая вязкость CCS -25°C, ASTM D5293",,982.0
Базовое_масло_6,0861.25,"Динамическая вязкость CCS -30°C, ASTM D5293",,1627.0
Базовое_масло_6,0861.25,"Динамическая вязкость CCS -35°C, ASTM D5293",,2990.0
Базовое_масло_6,0861.25,"Индекс вязкости, ГОСТ 25371",,125.33333333333331
Базовое_масло_6,0861.25,"Испаряемость по NOACK, ASTM D5800",,15.0
Базовое_масло_6,0861.25,"Кинематическая вязкость, при 100°C, ASTM D445",,4.32
Базовое_масло_6,0861.25,"Кинематическая вязкость, при 40°C, ASTM D445",,20.24666666666667
Базовое_масло_6,0861.25,"Массовая доля кальция, ASTM D6481",,0.0002
Базовое_масло_6,0861.25,"Массовая доля серы, ASTM D6481",,0.00054
Базовое_масло_6,0861.25,"Массовая доля фосфора, ASTM D6481",,0.0001
Базовое_масло_6,0861.25,"Массовая доля цинка, ASTM D6481",,0.0001
Базовое_масло_6,0861.25,"Плотность при 15°С, ASTM D4052",,835.5
Базовое_масло_6,0861.25,"Плотность при 20°С, ASTM D4052",,832.2
Базовое_масло_6,0861.25,Последовательность 1 | ASTM D892,,0.0
Базовое_масло_6,0861.25,Последовательность 2 | ASTM D892,,0.0
Базовое_масло_6,0861.25,Последовательность 3 | ASTM D892,,0.0
Базовое_масло_6,0861.25,"Температура застывания, ГОСТ 20287, метод Б",,-20.0
Базовое_масло_6,0861.25,Цвет Сейболт | -,,30.0
Базовое_масло_6,093.25,Анилиновая точка,,68.4
Базовое_масло_6,093.25,Группа по API,,3.0
Базовое_масло_6,093.25,Деэм.вода | ASTM D1401,,40.0
Базовое_масло_6,093.25,Деэм.время | ASTM D1401,,5.0
Базовое_масло_6,093.25,Деэм.масло | ASTM D1401,,39.833333333333336
Базовое_масло_6,093.25,Деэм.эмульсия | ASTM D1401,,0.0
Базовое_масло_6,093.25,"Динамическая вязкость CCS -15°C, ASTM D5293",,508.54545454545456
Базовое_масло_6,093.25,"Динамическая вязкость CCS -20°C, ASTM D5293",,589.0
Базовое_масло_6,093.25,"Динамическая вязкость CCS -25°C, ASTM D5293",,964.0
Базовое_масло_6,093.25,"Динамическая вязкость CCS -30°C, ASTM D5293",,1627.0
Базовое_масло_6,093.25,"Динамическая вязкость CCS -35°C, ASTM D5293",,2963.0
Базовое_масло_6,093.25,"Индекс вязкости, ГОСТ 25371",,122.0
Базовое_масло_6,093.25,"Испаряемость по NOACK, ASTM D5800",,15.0
Базовое_масло_6,093.25,"Кинематическая вязкость, при 100°C, ASTM D445",,4.3
Базовое_масло_6,093.25,"Кинематическая вязкость, при 40°C, ASTM D445",,20.09
Базовое_масло_6,093.25,"Массовая доля кальция, ASTM D6481",,0.0002
Базовое_масло_6,093.25,"Массовая доля серы, ASTM D6481",,0.00054
Базовое_масло_6,093.25,"Массовая доля фосфора, ASTM D6481",,0.0001
Базовое_масло_6,093.25,"Массовая доля цинка, ASTM D6481",,0.0001
Базовое_масло_6,093.25,"Плотность при 15°С, ASTM D4052",,835.5
Базовое_масло_6,093.25,"Плотность при 20°С, ASTM D4052",,832.2
Базовое_масло_6,093.25,Последовательность 1 | ASTM D892,,0.0
Базовое_масло_6,093.25,Последовательность 2 | ASTM D892,,0.0
Базовое_масло_6,093.25,Последовательность 3 | ASTM D892,,0.0
Базовое_масло_6,093.25,"Температура застывания, ГОСТ 20287, метод Б",,-20.0
Базовое_масло_6,093.25,Цвет Сейболт | -,,30.0
Базовое_масло_6,typical,Анилиновая точка,,68.4
Базовое_масло_6,typical,Группа по API,,3.0
Базовое_масло_6,typical,Деэм.вода | ASTM D1401,,40.0
Базовое_масло_6,typical,Деэм.время | ASTM D1401,,5.0
Базовое_масло_6,typical,Деэм.масло | ASTM D1401,,39.833333333333336
Базовое_масло_6,typical,Деэм.эмульсия | ASTM D1401,,0.0
Базовое_масло_6,typical,"Динамическая вязкость CCS -15°C, ASTM D5293",,508.54545454545456
Базовое_масло_6,typical,"Динамическая вязкость CCS -20°C, ASTM D5293",,614.5
Базовое_масло_6,typical,"Динамическая вязкость CCS -25°C, ASTM D5293",,982.0
Базовое_масло_6,typical,"Динамическая вязкость CCS -30°C, ASTM D5293",,1667.0
Базовое_масло_6,typical,"Динамическая вязкость CCS -35°C, ASTM D5293",,2990.0
Базовое_масло_6,typical,"Индекс вязкости, ГОСТ 25371",,128.0
Базовое_масло_6,typical,"Испаряемость по NOACK, ASTM D5800",,15.0
Базовое_масло_6,typical,"Кинематическая вязкость, при 100°C, ASTM D445",,4.3478
Базовое_масло_6,typical,"Кинематическая вязкость, при 40°C, ASTM D445",,19.73
Базовое_масло_6,typical,"Массовая доля кальция, ASTM D6481",,0.0002
Базовое_масло_6,typical,"Массовая доля серы, ASTM D6481",,0.00054
Базовое_масло_6,typical,"Массовая доля фосфора, ASTM D6481",,0.0001
Базовое_масло_6,typical,"Массовая доля цинка, ASTM D6481",,0.0001
Базовое_масло_6,typical,"Плотность при 15°С, ASTM D4052",,835.5
Базовое_масло_6,typical,"Плотность при 20°С, ASTM D4052",,832.2
Базовое_масло_6,typical,Последовательность 1 | ASTM D892,,0.0
Базовое_масло_6,typical,Последовательность 2 | ASTM D892,,0.0
Базовое_масло_6,typical,Последовательность 3 | ASTM D892,,0.0
Базовое_масло_6,typical,"Температура застывания, ГОСТ 20287, метод Б",,-20.0
Базовое_масло_6,typical,Цвет Сейболт | -,,30.0
Базовое_масло_6,для С3 01342.25,Анилиновая точка,,68.4
Базовое_масло_6,для С3 01342.25,Группа по API,,3.0
Базовое_масло_6,для С3 01342.25,Деэм.вода | ASTM D1401,,40.0
Базовое_масло_6,для С3 01342.25,Деэм.время | ASTM D1401,,5.0
Базовое_масло_6,для С3 01342.25,Деэм.масло | ASTM D1401,,39.833333333333336
Базовое_масло_6,для С3 01342.25,Деэм.эмульсия | ASTM D1401,,0.0
Базовое_масло_6,для С3 01342.25,"Динамическая вязкость CCS -15°C, ASTM D5293",,508.54545454545456
Базовое_масло_6,для С3 01342.25,"Динамическая вязкость CCS -20°C, ASTM D5293",,614.5
Базовое_масло_6,для С3 01342.25,"Динамическая вязкость CCS -25°C, ASTM D5293",,982.0
Базовое_масло_6,для С3 01342.25,"Динамическая вязкость CCS -30°C, ASTM D5293",,1732.0
Базовое_масло_6,для С3 01342.25,"Динамическая вязкость CCS -35°C, ASTM D5293",,2990.0
Базовое_масло_6,для С3 01342.25,"Индекс вязкости, ГОСТ 25371",,125.33333333333331
Базовое_масло_6,для С3 01342.25,"Испаряемость по NOACK, ASTM D5800",,15.0
Базовое_масло_6,для С3 01342.25,"Кинематическая вязкость, при 100°C, ASTM D445",,4.45
Базовое_масло_6,для С3 01342.25,"Кинематическая вязкость, при 40°C, ASTM D445",,20.24666666666667
Базовое_масло_6,для С3 01342.25,"Массовая доля кальция, ASTM D6481",,0.0002
Базовое_масло_6,для С3 01342.25,"Массовая доля серы, ASTM D6481",,0.00054
Базовое_масло_6,для С3 01342.25,"Массовая доля фосфора, ASTM D6481",,0.0001
Базовое_масло_6,для С3 01342.25,"Массовая доля цинка, ASTM D6481",,0.0001
Базовое_масло_6,для С3 01342.25,"Плотность при 15°С, ASTM D4052",,835.5
Базовое_масло_6,для С3 01342.25,"Плотность при 20°С, ASTM D4052",,832.2
Базовое_масло_6,для С3 01342.25,Последовательность 1 | ASTM D892,,0.0
Базовое_масло_6,для С3 01342.25,Последовательность 2 | ASTM D892,,0.0
Базовое_масло_6,для С3 01342.25,Последовательность 3 | ASTM D892,,0.0
Базовое_масло_6,для С3 01342.25,"Температура застывания, ГОСТ 20287, метод Б",,-20.0
Базовое_масло_6,для С3 01342.25,Цвет Сейболт | -,,30.0
Базовое_масло_7,01045.23,Анилиновая точка,,68.4
Базовое_масло_7,01045.23,Группа по API,,1.0
Базовое_масло_7,01045.23,Деэм.вода | ASTM D1401,,40.0
Базовое_масло_7,01045.23,Деэм.время | ASTM D1401,,5.0
Базовое_масло_7,01045.23,Деэм.масло | ASTM D1401,,40.0
Базовое_масло_7,01045.23,Деэм.эмульсия | ASTM D1401,,0.0
Базовое_масло_7,01045.23,"Динамическая вязкость CCS -15°C, ASTM D5293",,5413.0
Базовое_масло_7,01045.23,"Динамическая вязкость CCS -20°C, ASTM D5293",,11573.0
Базовое_масло_7,01045.23,"Динамическая вязкость CCS -25°C, ASTM D5293",,24677.30769230769
Базовое_масло_7,01045.23,"Динамическая вязкость CCS -30°C, ASTM D5293",,53520.71428571428
Базовое_масло_7,01045.23,"Динамическая вязкость CCS -35°C, ASTM D5293",,99200.0
Базовое_масло_7,01045.23,"Индекс вязкости, ГОСТ 25371",,93.0
Базовое_масло_7,01045.23,"Испаряемость по NOACK, ASTM D5800",,5.4
Базовое_масло_7,01045.23,"Кинематическая вязкость, при 100°C, ASTM D445",,9.214
Базовое_масло_7,01045.23,"Кинематическая вязкость, при 40°C, ASTM D445",,77.6
Базовое_масло_7,01045.23,"Массовая доля кальция, ASTM D6481",,0.00041
Базовое_масло_7,01045.23,"Массовая доля серы, ASTM D6481",,0.094
Базовое_масло_7,01045.23,"Массовая доля фосфора, ASTM D6481",,0.00063
Базовое_масло_7,01045.23,"Массовая доля цинка, ASTM D6481",,3e-05
Базовое_масло_7,01045.23,"Плотность при 15°С, ASTM D4052",,878.2
Базовое_масло_7,01045.23,"Плотность при 20°С, ASTM D4052",,874.7
Базовое_масло_7,01045.23,Последовательность 1 | ASTM D892,,10.0
Базовое_масло_7,01045.23,Последовательность 2 | ASTM D892,,0.0
Базовое_масло_7,01045.23,Последовательность 3 | ASTM D892,,0.0
Базовое_масло_7,01045.23,"Температура застывания, ГОСТ 20287, метод Б",,-16.0
Базовое_масло_7,01045.23,Цвет Сейболт | -,,30.0
Базовое_масло_7,01301.22,Анилиновая точка,,68.4
Базовое_масло_7,01301.22,Группа по API,,1.0
Базовое_масло_7,01301.22,Деэм.вода | ASTM D1401,,37.0
Базовое_масло_7,01301.22,Деэм.время | ASTM D1401,,10.0
Базовое_масло_7,01301.22,Деэм.масло | ASTM D1401,,43.0
Базовое_масло_7,01301.22,Деэм.эмульсия | ASTM D1401,,0.0
Базовое_масло_7,01301.22,"Динамическая вязкость CCS -15°C, ASTM D5293",,6028.0
Базовое_масло_7,01301.22,"Динамическая вязкость CCS -20°C, ASTM D5293",,12491.0
Базовое_масло_7,01301.22,"Динамическая вязкость CCS -25°C, ASTM D5293",,25600.0
Базовое_масло_7,01301.22,"Динамическая вязкость CCS -30°C, ASTM D5293",,53520.71428571428
Базовое_масло_7,01301.22,"Динамическая вязкость CCS -35°C, ASTM D5293",,99200.0
Базовое_масло_7,01301.22,"Индекс вязкости, ГОСТ 25371",,89.0
Базовое_масло_7,01301.22,"Испаряемость по NOACK, ASTM D5800",,6.4
Базовое_масло_7,01301.22,"Кинематическая вязкость, при 100°C, ASTM D445",,9.26
Базовое_масло_7,01301.22,"Кинематическая вязкость, при 40°C, ASTM D445",,80.34
Базовое_масло_7,01301.22,"Массовая доля кальция, ASTM D6481",,3.8e-05
Базовое_масло_7,01301.22,"Массовая доля серы, ASTM D6481",,0.0991
Базовое_масло_7,01301.22,"Массовая доля фосфора, ASTM D6481",,3e-05
Базовое_масло_7,01301.22,"Массовая доля цинка, ASTM D6481",,2e-05
Базовое_масло_7,01301.22,"Плотность при 15°С, ASTM D4052",,878.2
Базовое_масло_7,01301.22,"Плотность при 20°С, ASTM D4052",,874.7
Базовое_масло_7,01301.22,Последовательность 1 | ASTM D892,,70.0
Базовое_масло_7,01301.22,Последовательность 2 | ASTM D892,,0.0
Базовое_масло_7,01301.22,Последовательность 3 | ASTM D892,,20.0
Базовое_масло_7,01301.22,"Температура застывания, ГОСТ 20287, метод Б",,-19.0
Базовое_масло_7,01301.22,Цвет Сейболт | -,,30.0
Базовое_масло_7,01408.25,Анилиновая точка,,68.4
Базовое_масло_7,01408.25,Группа по API,,1.0
Базовое_масло_7,01408.25,Деэм.вода | ASTM D1401,,38.44444444444444
Базовое_масло_7,01408.25,Деэм.время | ASTM D1401,,10.0
Базовое_масло_7,01408.25,Деэм.масло | ASTM D1401,,41.55555555555556
Базовое_масло_7,01408.25,Деэм.эмульсия | ASTM D1401,,0.0
Базовое_масло_7,01408.25,"Динамическая вязкость CCS -15°C, ASTM D5293",,5740.0
Базовое_масло_7,01408.25,"Динамическая вязкость CCS -20°C, ASTM D5293",,12398.0
Базовое_масло_7,01408.25,"Динамическая вязкость CCS -25°C, ASTM D5293",,24800.0
Базовое_масло_7,01408.25,"Динамическая вязкость CCS -30°C, ASTM D5293",,49600.0
Базовое_масло_7,01408.25,"Динамическая вязкость CCS -35°C, ASTM D5293",,99200.0
Базовое_масло_7,01408.25,"Индекс вязкости, ГОСТ 25371",,92.0
Базовое_масло_7,01408.25,"Испаряемость по NOACK, ASTM D5800",,6.12
Базовое_масло_7,01408.25,"Кинематическая вязкость, при 100°C, ASTM D445",,9.298
Базовое_масло_7,01408.25,"Кинематическая вязкость, при 40°C, ASTM D445",,78.85
Базовое_масло_7,01408.25,"Массовая доля кальция, ASTM D6481",,0.000125
Базовое_масло_7,01408.25,"Массовая доля серы, ASTM D6481",,0.0815766666666666
Базовое_масло_7,01408.25,"Массовая доля фосфора, ASTM D6481",,9e-05
Базовое_масло_7,01408.25,"Массовая доля цинка, ASTM D6481",,4.5e-05
Базовое_масло_7,01408.25,"Плотность при 15°С, ASTM D4052",,878.2
Базовое_масло_7,01408.25,"Плотность при 20°С, ASTM D4052",,874.7
Базовое_масло_7,01408.25,Последовательность 1 | ASTM D892,,10.0
Базовое_масло_7,01408.25,Последовательность 2 | ASTM D892,,0.0
Базовое_масло_7,01408.25,Последовательность 3 | ASTM D892,,0.0
Базовое_масло_7,01408.25,"Температура застывания, ГОСТ 20287, метод Б",,-17.142857142857142
Базовое_масло_7,01408.25,Цвет Сейболт | -,,30.0
Базовое_масло_7,01511.24,Анилиновая точка,,68.4
Базовое_масло_7,01511.24,Группа по API,,1.0
Базовое_масло_7,01511.24,Деэм.вода | ASTM D1401,,38.44444444444444
Базовое_масло_7,01511.24,Деэм.время | ASTM D1401,,10.0
Базовое_масло_7,01511.24,Деэм.масло | ASTM D1401,,41.55555555555556
Базовое_масло_7,01511.24,Деэм.эмульсия | ASTM D1401,,0.0
Базовое_масло_7,01511.24,"Динамическая вязкость CCS -15°C, ASTM D5293",,5632.0
Базовое_масло_7,01511.24,"Динамическая вязкость CCS -20°C, ASTM D5293",,11264.0
Базовое_масло_7,01511.24,"Динамическая вязкость CCS -25°C, ASTM D5293",,24000.0
Базовое_масло_7,01511.24,"Динамическая вязкость CCS -30°C, ASTM D5293",,53520.71428571428
Базовое_масло_7,01511.24,"Динамическая вязкость CCS -35°C, ASTM D5293",,99200.0
Базовое_масло_7,01511.24,"Индекс вязкости, ГОСТ 25371",,91.0
Базовое_масло_7,01511.24,"Испаряемость по NOACK, ASTM D5800",,6.12
Базовое_масло_7,01511.24,"Кинематическая вязкость, при 100°C, ASTM D445",,9.14
Базовое_масло_7,01511.24,"Кинематическая вязкость, при 40°C, ASTM D445",,77.38
Базовое_масло_7,01511.24,"Массовая доля кальция, ASTM D6481",,0.000125
Базовое_масло_7,01511.24,"Массовая доля серы, ASTM D6481",,0.0815766666666666
Базовое_масло_7,01511.24,"Массовая доля фосфора, ASTM D6481",,9e-05
Базовое_масло_7,01511.24,"Массовая доля цинка, ASTM D6481",,4.5e-05
Базовое_масло_7,01511.24,"Плотность при 15°С, ASTM D4052",,878.2
Базовое_масло_7,01511.24,"Плотность при 20°С, ASTM D4052",,874.7
Базовое_масло_7,01511.24,Последовательность 1 | ASTM D892,,10.0
Базовое_масло_7,01511.24,Последовательность 2 | ASTM D892,,0.0
Базовое_масло_7,01511.24,Последовательность 3 | ASTM D892,,0.0
Базовое_масло_7,01511.24,"Температура застывания, ГОСТ 20287, метод Б",,-15.0
Базовое_масло_7,01511.24,Цвет Сейболт | -,,30.0
Базовое_масло_7,01768.22,Анилиновая точка,,68.4
Базовое_масло_7,01768.22,Группа по API,,1.0
Базовое_масло_7,01768.22,Деэм.вода | ASTM D1401,,38.44444444444444
Базовое_масло_7,01768.22,Деэм.время | ASTM D1401,,10.0
Базовое_масло_7,01768.22,Деэм.масло | ASTM D1401,,41.55555555555556
Базовое_масло_7,01768.22,Деэм.эмульсия | ASTM D1401,,0.0
Базовое_масло_7,01768.22,"Динамическая вязкость CCS -15°C, ASTM D5293",,5667.0
Базовое_масло_7,01768.22,"Динамическая вязкость CCS -20°C, ASTM D5293",,12160.0
Базовое_масло_7,01768.22,"Динамическая вязкость CCS -25°C, ASTM D5293",,25000.0
Базовое_масло_7,01768.22,"Динамическая вязкость CCS -30°C, ASTM D5293",,50000.0
Базовое_масло_7,01768.22,"Динамическая вязкость CCS -35°C, ASTM D5293",,99200.0
Базовое_масло_7,01768.22,"Индекс вязкости, ГОСТ 25371",,90.0
Базовое_масло_7,01768.22,"Испаряемость по NOACK, ASTM D5800",,6.5
Базовое_масло_7,01768.22,"Кинематическая вязкость, при 100°C, ASTM D445",,9.146
Базовое_масло_7,01768.22,"Кинематическая вязкость, при 40°C, ASTM D445",,78.02
Базовое_масло_7,01768.22,"Массовая доля кальция, ASTM D6481",,0.00015
Базовое_масло_7,01768.22,"Массовая доля серы, ASTM D6481",,0.07599
Базовое_масло_7,01768.22,"Массовая доля фосфора, ASTM D6481",,4e-05
Базовое_масло_7,01768.22,"Массовая доля цинка, ASTM D6481",,2.4e-05
Базовое_масло_7,01768.22,"Плотность при 15°С, ASTM D4052",,878.2
Базовое_масло_7,01768.22,"Плотность при 20°С, ASTM D4052",,874.7
Базовое_масло_7,01768.22,Последовательность 1 | ASTM D892,,20.0
Базовое_масло_7,01768.22,Последовательность 2 | ASTM D892,,0.0
Базовое_масло_7,01768.22,Последовательность 3 | ASTM D892,,0.0
Базовое_масло_7,01768.22,"Температура застывания, ГОСТ 20287, метод Б",,-19.0
Базовое_масло_7,01768.22,Цвет Сейболт | -,,30.0
Базовое_масло_7,0186.21,Анилиновая точка,,68.4
Базовое_масло_7,0186.21,Группа по API,,1.0
Базовое_масло_7,0186.21,Деэм.вода | ASTM D1401,,39.0
Базовое_масло_7,0186.21,Деэм.время | ASTM D1401,,40.0
Базовое_масло_7,0186.21,Деэм.масло | ASTM D1401,,41.0
Базовое_масло_7,0186.21,Деэм.эмульсия | ASTM D1401,,0.0
Базовое_масло_7,0186.21,"Динамическая вязкость CCS -15°C, ASTM D5293",,6022.0
Базовое_масло_7,0186.21,"Динамическая вязкость CCS -20°C, ASTM D5293",,12857.0
Базовое_масло_7,0186.21,"Динамическая вязкость CCS -25°C, ASTM D5293",,25800.0
Базовое_масло_7,0186.21,"Динамическая вязкость CCS -30°C, ASTM D5293",,53520.71428571428
Базовое_масло_7,0186.21,"Динамическая вязкость CCS -35°C, ASTM D5293",,99200.0
Базовое_масло_7,0186.21,"Индекс вязкости, ГОСТ 25371",,89.0
Базовое_масло_7,0186.21,"Испаряемость по NOACK, ASTM D5800",,5.4
Базовое_масло_7,0186.21,"Кинематическая вязкость, при 100°C, ASTM D445",,9.34
Базовое_масло_7,0186.21,"Кинематическая вязкость, при 40°C, ASTM D445",,81.15
Базовое_масло_7,0186.21,"Массовая доля кальция, ASTM D6481",,0.000125
Базовое_масло_7,0186.21,"Массовая доля серы, ASTM D6481",,0.0815766666666666
Базовое_масло_7,0186.21,"Массовая доля фосфора, ASTM D6481",,9e-05
Базовое_масло_7,0186.21,"Массовая доля цинка, ASTM D6481",,4.5e-05
Базовое_масло_7,0186.21,"Плотность при 15°С, ASTM D4052",,878.2
Базовое_масло_7,0186.21,"Плотность при 20°С, ASTM D4052",,874.7
Базовое_масло_7,0186.21,Последовательность 1 | ASTM D892,,10.0
Базовое_масло_7,0186.21,Последовательность 2 | ASTM D892,,0.0
Базовое_масло_7,0186.21,Последовательность 3 | ASTM D892,,0.0
Базовое_масло_7,0186.21,"Температура застывания, ГОСТ 20287, метод Б",,-17.142857142857142
Базовое_масло_7,0186.21,Цвет Сейболт | -,,30.0
Базовое_масло_7,02595.22,Анилиновая точка,,68.4
Базовое_масло_7,02595.22,Группа по API,,1.0
Базовое_масло_7,02595.22,Деэм.вода | ASTM D1401,,39.0
Базовое_масло_7,02595.22,Деэм.время | ASTM D1401,,5.0
Базовое_масло_7,02595.22,Деэм.масло | ASTM D1401,,41.0
Базовое_масло_7,02595.22,Деэм.эмульсия | ASTM D1401,,5.0
Базовое_масло_7,02595.22,"Динамическая вязкость CCS -15°C, ASTM D5293",,5596.0
Базовое_масло_7,02595.22,"Динамическая вязкость CCS -20°C, ASTM D5293",,11861.0
Базовое_масло_7,02595.22,"Динамическая вязкость CCS -25°C, ASTM D5293",,24000.0
Базовое_масло_7,02595.22,"Динамическая вязкость CCS -30°C, ASTM D5293",,53520.71428571428
Базовое_масло_7,02595.22,"Динамическая вязкость CCS -35°C, ASTM D5293",,99200.0
Базовое_масло_7,02595.22,"Индекс вязкости, ГОСТ 25371",,92.0
Базовое_масло_7,02595.22,"Испаряемость по NOACK, ASTM D5800",,6.12
Базовое_масло_7,02595.22,"Кинематическая вязкость, при 100°C, ASTM D445",,9.25
Базовое_масло_7,02595.22,"Кинематическая вязкость, при 40°C, ASTM D445",,78.65
Базовое_масло_7,02595.22,"Массовая доля кальция, ASTM D6481",,3e-05
Базовое_масло_7,02595.22,"Массовая доля серы, ASTM D6481",,0.046
Базовое_масло_7,02595.22,"Массовая доля фосфора, ASTM D6481",,8e-05
Базовое_масло_7,02595.22,"Массовая доля цинка, ASTM D6481",,5e-05
Базовое_масло_7,02595.22,"Плотность при 15°С, ASTM D4052",,878.2
Базовое_масло_7,02595.22,"Плотность при 20°С, ASTM D4052",,874.7
Базовое_масло_7,02595.22,Последовательность 1 | ASTM D892,,0.0
Базовое_масло_7,02595.22,Последовательность 2 | ASTM D892,,0.0
Базовое_масло_7,02595.22,Последовательность 3 | ASTM D892,,0.0
Базовое_масло_7,02595.22,"Температура застывания, ГОСТ 20287, метод Б",,-18.0
Базовое_масло_7,02595.22,Цвет Сейболт | -,,30.0
Базовое_масло_7,02787.24,Анилиновая точка,,68.4
Базовое_масло_7,02787.24,Группа по API,,1.0
Базовое_масло_7,02787.24,Деэм.вода | ASTM D1401,,38.44444444444444
Базовое_масло_7,02787.24,Деэм.время | ASTM D1401,,10.0
Базовое_масло_7,02787.24,Деэм.масло | ASTM D1401,,41.55555555555556
Базовое_масло_7,02787.24,Деэм.эмульсия | ASTM D1401,,0.0
Базовое_масло_7,02787.24,"Динамическая вязкость CCS -15°C, ASTM D5293",,6016.0
Базовое_масло_7,02787.24,"Динамическая вязкость CCS -20°C, ASTM D5293",,13575.0
Базовое_масло_7,02787.24,"Динамическая вязкость CCS -25°C, ASTM D5293",,24677.30769230769
Базовое_масло_7,02787.24,"Динамическая вязкость CCS -30°C, ASTM D5293",,53520.71428571428
Базовое_масло_7,02787.24,"Динамическая вязкость CCS -35°C, ASTM D5293",,99200.0
Базовое_масло_7,02787.24,"Индекс вязкости, ГОСТ 25371",,91.0
Базовое_масло_7,02787.24,"Испаряемость по NOACK, ASTM D5800",,6.12
Базовое_масло_7,02787.24,"Кинематическая вязкость, при 100°C, ASTM D445",,9.316
Базовое_масло_7,02787.24,"Кинематическая вязкость, при 40°C, ASTM D445",,79.97
Базовое_масло_7,02787.24,"Массовая доля кальция, ASTM D6481",,0.000125
Базовое_масло_7,02787.24,"Массовая доля серы, ASTM D6481",,0.0815766666666666
Базовое_масло_7,02787.24,"Массовая доля фосфора, ASTM D6481",,9e-05
Базовое_масло_7,02787.24,"Массовая доля цинка, ASTM D6481",,4.5e-05
Базовое_масло_7,02787.24,"Плотность при 15°С, ASTM D4052",,878.2
Базовое_масло_7,02787.24,"Плотность при 20°С, ASTM D4052",,874.7
Базовое_масло_7,02787.24,Последовательность 1 | ASTM D892,,10.0
Базовое_масло_7,02787.24,Последовательность 2 | ASTM D892,,0.0
Базовое_масло_7,02787.24,Последовательность 3 | ASTM D892,,0.0
Базовое_масло_7,02787.24,"Температура застывания, ГОСТ 20287, метод Б",,-15.0
Базовое_масло_7,02787.24,Цвет Сейболт | -,,30.0
Базовое_масло_7,03276.23,Анилиновая точка,,68.4
Базовое_масло_7,03276.23,Группа по API,,1.0
Базовое_масло_7,03276.23,Деэм.вода | ASTM D1401,,39.0
Базовое_масло_7,03276.23,Деэм.время | ASTM D1401,,5.0
Базовое_масло_7,03276.23,Деэм.масло | ASTM D1401,,41.0
Базовое_масло_7,03276.23,Деэм.эмульсия | ASTM D1401,,0.0
Базовое_масло_7,03276.23,"Динамическая вязкость CCS -15°C, ASTM D5293",,5521.0
Базовое_масло_7,03276.23,"Динамическая вязкость CCS -20°C, ASTM D5293",,11811.0
Базовое_масло_7,03276.23,"Динамическая вязкость CCS -25°C, ASTM D5293",,24000.0
Базовое_масло_7,03276.23,"Динамическая вязкость CCS -30°C, ASTM D5293",,53520.71428571428
Базовое_масло_7,03276.23,"Динамическая вязкость CCS -35°C, ASTM D5293",,99200.0
Базовое_масло_7,03276.23,"Индекс вязкости, ГОСТ 25371",,92.0
Базовое_масло_7,03276.23,"Испаряемость по NOACK, ASTM D5800",,5.8
Базовое_масло_7,03276.23,"Кинематическая вязкость, при 100°C, ASTM D445",,9.1
Базовое_масло_7,03276.23,"Кинематическая вязкость, при 40°C, ASTM D445",,76.89
Базовое_масло_7,03276.23,"Массовая доля кальция, ASTM D6481",,0.0002
Базовое_масло_7,03276.23,"Массовая доля серы, ASTM D6481",,0.099
Базовое_масло_7,03276.23,"Массовая доля фосфора, ASTM D6481",,0.0001
Базовое_масло_7,03276.23,"Массовая доля цинка, ASTM D6481",,0.0001
Базовое_масло_7,03276.23,"Плотность при 15°С, ASTM D4052",,878.2
Базовое_масло_7,03276.23,"Плотность при 20°С, ASTM D4052",,874.7
Базовое_масло_7,03276.23,Последовательность 1 | ASTM D892,,0.0
Базовое_масло_7,03276.23,Последовательность 2 | ASTM D892,,0.0
Базовое_масло_7,03276.23,Последовательность 3 | ASTM D892,,0.0
Базовое_масло_7,03276.23,"Температура застывания, ГОСТ 20287, метод Б",,-16.0
Базовое_масло_7,03276.23,Цвет Сейболт | -,,30.0
Базовое_масло_7,03527.22,Анилиновая точка,,68.4
Базовое_масло_7,03527.22,Группа по API,,1.0
Базовое_масло_7,03527.22,Деэм.вода | ASTM D1401,,38.0
Базовое_масло_7,03527.22,Деэм.время | ASTM D1401,,10.0
Базовое_масло_7,03527.22,Деэм.масло | ASTM D1401,,42.0
Базовое_масло_7,03527.22,Деэм.эмульсия | ASTM D1401,,0.0
Базовое_масло_7,03527.22,"Динамическая вязкость CCS -15°C, ASTM D5293",,5597.0
Базовое_масло_7,03527.22,"Динамическая вязкость CCS -20°C, ASTM D5293",,11915.0
Базовое_масло_7,03527.22,"Динамическая вязкость CCS -25°C, ASTM D5293",,28157.0
Базовое_масло_7,03527.22,"Динамическая вязкость CCS -30°C, ASTM D5293",,60000.0
Базовое_масло_7,03527.22,"Динамическая вязкость CCS -35°C, ASTM D5293",,99200.0
Базовое_масло_7,03527.22,"Индекс вязкости, ГОСТ 25371",,91.0
Базовое_масло_7,03527.22,"Испаряемость по NOACK, ASTM D5800",,5.5
Базовое_масло_7,03527.22,"Кинематическая вязкость, при 100°C, ASTM D445",,9.22
Базовое_масло_7,03527.22,"Кинематическая вязкость, при 40°C, ASTM D445",,78.57
Базовое_масло_7,03527.22,"Массовая доля кальция, ASTM D6481",,0.0001
Базовое_масло_7,03527.22,"Массовая доля серы, ASTM D6481",,0.0788
Базовое_масло_7,03527.22,"Массовая доля фосфора, ASTM D6481",,0.0001
Базовое_масло_7,03527.22,"Массовая доля цинка, ASTM D6481",,0.0001
Базовое_масло_7,03527.22,"Плотность при 15°С, ASTM D4052",,878.2
Базовое_масло_7,03527.22,"Плотность при 20°С, ASTM D4052",,874.7
Базовое_масло_7,03527.22,Последовательность 1 | ASTM D892,,10.0
Базовое_масло_7,03527.22,Последовательность 2 | ASTM D892,,0.0
Базовое_масло_7,03527.22,Последовательность 3 | ASTM D892,,0.0
Базовое_масло_7,03527.22,"Температура застывания, ГОСТ 20287, метод Б",,-19.0
Базовое_масло_7,03527.22,Цвет Сейболт | -,,30.0
Базовое_масло_7,0566.25,Анилиновая точка,,68.4
Базовое_масло_7,0566.25,Группа по API,,1.0
Базовое_масло_7,0566.25,Деэм.вода | ASTM D1401,,38.44444444444444
Базовое_масло_7,0566.25,Деэм.время | ASTM D1401,,10.0
Базовое_масло_7,0566.25,Деэм.масло | ASTM D1401,,41.55555555555556
Базовое_масло_7,0566.25,Деэм.эмульсия | ASTM D1401,,0.0
Базовое_масло_7,0566.25,"Динамическая вязкость CCS -15°C, ASTM D5293",,5711.466666666666
Базовое_масло_7,0566.25,"Динамическая вязкость CCS -20°C, ASTM D5293",,12103.0
Базовое_масло_7,0566.25,"Динамическая вязкость CCS -25°C, ASTM D5293",,24200.0
Базовое_масло_7,0566.25,"Динамическая вязкость CCS -30°C, ASTM D5293",,48400.0
Базовое_масло_7,0566.25,"Динамическая вязкость CCS -35°C, ASTM D5293",,99200.0
Базовое_масло_7,0566.25,"Индекс вязкости, ГОСТ 25371",,92.0
Базовое_масло_7,0566.25,"Испаряемость по NOACK, ASTM D5800",,6.12
Базовое_масло_7,0566.25,"Кинематическая вязкость, при 100°C, ASTM D445",,9.15
Базовое_масло_7,0566.25,"Кинематическая вязкость, при 40°C, ASTM D445",,77.39
Базовое_масло_7,0566.25,"Массовая доля кальция, ASTM D6481",,0.000125
Базовое_масло_7,0566.25,"Массовая доля серы, ASTM D6481",,0.0815766666666666
Базовое_масло_7,0566.25,"Массовая доля фосфора, ASTM D6481",,9e-05
Базовое_масло_7,0566.25,"Массовая доля цинка, ASTM D6481",,4.5e-05
Базовое_масло_7,0566.25,"Плотность при 15°С, ASTM D4052",,878.2
Базовое_масло_7,0566.25,"Плотность при 20°С, ASTM D4052",,874.7
Базовое_масло_7,0566.25,Последовательность 1 | ASTM D892,,10.0
Базовое_масло_7,0566.25,Последовательность 2 | ASTM D892,,0.0
Базовое_масло_7,0566.25,Последовательность 3 | ASTM D892,,0.0
Базовое_масло_7,0566.25,"Температура застывания, ГОСТ 20287, метод Б",,-15.0
Базовое_масло_7,0566.25,Цвет Сейболт | -,,30.0
Базовое_масло_7,0575.23,Анилиновая точка,,68.4
Базовое_масло_7,0575.23,Группа по API,,1.0
Базовое_масло_7,0575.23,Деэм.вода | ASTM D1401,,38.0
Базовое_масло_7,0575.23,Деэм.время | ASTM D1401,,10.0
Базовое_масло_7,0575.23,Деэм.масло | ASTM D1401,,42.0
Базовое_масло_7,0575.23,Деэм.эмульсия | ASTM D1401,,0.0
Базовое_масло_7,0575.23,"Динамическая вязкость CCS -15°C, ASTM D5293",,5273.0
Базовое_масло_7,0575.23,"Динамическая вязкость CCS -20°C, ASTM D5293",,11062.0
Базовое_масло_7,0575.23,"Динамическая вязкость CCS -25°C, ASTM D5293",,26044.0
Базовое_масло_7,0575.23,"Динамическая вязкость CCS -30°C, ASTM D5293",,67645.0
Базовое_масло_7,0575.23,"Динамическая вязкость CCS -35°C, ASTM D5293",,99200.0
Базовое_масло_7,0575.23,"Индекс вязкости, ГОСТ 25371",,92.0
Базовое_масло_7,0575.23,"Испаряемость по NOACK, ASTM D5800",,6.1
Базовое_масло_7,0575.23,"Кинематическая вязкость, при 100°C, ASTM D445",,9.16
Базовое_масло_7,0575.23,"Кинематическая вязкость, при 40°C, ASTM D445",,77.46
Базовое_масло_7,0575.23,"Массовая доля кальция, ASTM D6481",,0.0002
Базовое_масло_7,0575.23,"Массовая доля серы, ASTM D6481",,0.0686
Базовое_масло_7,0575.23,"Массовая доля фосфора, ASTM D6481",,0.0002
Базовое_масло_7,0575.23,"Массовая доля цинка, ASTM D6481",,0.0002
Базовое_масло_7,0575.23,"Плотность при 15°С, ASTM D4052",,878.2
Базовое_масло_7,0575.23,"Плотность при 20°С, ASTM D4052",,874.7
Базовое_масло_7,0575.23,Последовательность 1 | ASTM D892,,20.0
Базовое_масло_7,0575.23,Последовательность 2 | ASTM D892,,0.0
Базовое_масло_7,0575.23,Последовательность 3 | ASTM D892,,0.0
Базовое_масло_7,0575.23,"Температура застывания, ГОСТ 20287, метод Б",,-19.0
Базовое_масло_7,0575.23,Цвет Сейболт | -,,30.0
Базовое_масло_7,0763.24,Анилиновая точка,,68.4
Базовое_масло_7,0763.24,Группа по API,,1.0
Базовое_масло_7,0763.24,Деэм.вода | ASTM D1401,,38.44444444444444
Базовое_масло_7,0763.24,Деэм.время | ASTM D1401,,10.0
Базовое_масло_7,0763.24,Деэм.масло | ASTM D1401,,41.55555555555556
Базовое_масло_7,0763.24,Деэм.эмульсия | ASTM D1401,,0.0
Базовое_масло_7,0763.24,"Динамическая вязкость CCS -15°C, ASTM D5293",,5585.0
Базовое_масло_7,0763.24,"Динамическая вязкость CCS -20°C, ASTM D5293",,12049.0
Базовое_масло_7,0763.24,"Динамическая вязкость CCS -25°C, ASTM D5293",,24000.0
Базовое_масло_7,0763.24,"Динамическая вязкость CCS -30°C, ASTM D5293",,48000.0
Базовое_масло_7,0763.24,"Динамическая вязкость CCS -35°C, ASTM D5293",,99200.0
Базовое_масло_7,0763.24,"Индекс вязкости, ГОСТ 25371",,94.0
Базовое_масло_7,0763.24,"Испаряемость по NOACK, ASTM D5800",,6.12
Базовое_масло_7,0763.24,"Кинематическая вязкость, при 100°C, ASTM D445",,9.2
Базовое_масло_7,0763.24,"Кинематическая вязкость, при 40°C, ASTM D445",,76.92
Базовое_масло_7,0763.24,"Массовая доля кальция, ASTM D6481",,0.0005
Базовое_масло_7,0763.24,"Массовая доля серы, ASTM D6481",,0.0815766666666666
Базовое_масло_7,0763.24,"Массовая доля фосфора, ASTM D6481",,0.0001
Базовое_масло_7,0763.24,"Массовая доля цинка, ASTM D6481",,0.0001
Базовое_масло_7,0763.24,"Плотность при 15°С, ASTM D4052",,878.2
Базовое_масло_7,0763.24,"Плотность при 20°С, ASTM D4052",,874.7
Базовое_масло_7,0763.24,Последовательность 1 | ASTM D892,,0.0
Базовое_масло_7,0763.24,Последовательность 2 | ASTM D892,,0.0
Базовое_масло_7,0763.24,Последовательность 3 | ASTM D892,,0.0
Базовое_масло_7,0763.24,"Температура застывания, ГОСТ 20287, метод Б",,-15.0
Базовое_масло_7,0763.24,Цвет Сейболт | -,,30.0
Базовое_масло_7,0770.22,Анилиновая точка,,68.4
Базовое_масло_7,0770.22,Группа по API,,1.0
Базовое_масло_7,0770.22,Деэм.вода | ASTM D1401,,38.0
Базовое_масло_7,0770.22,Деэм.время | ASTM D1401,,10.0
Базовое_масло_7,0770.22,Деэм.масло | ASTM D1401,,42.0
Базовое_масло_7,0770.22,Деэм.эмульсия | ASTM D1401,,0.0
Базовое_масло_7,0770.22,"Динамическая вязкость CCS -15°C, ASTM D5293",,5977.0
Базовое_масло_7,0770.22,"Динамическая вязкость CCS -20°C, ASTM D5293",,12602.0
Базовое_масло_7,0770.22,"Динамическая вязкость CCS -25°C, ASTM D5293",,25204.0
Базовое_масло_7,0770.22,"Динамическая вязкость CCS -30°C, ASTM D5293",,51000.0
Базовое_масло_7,0770.22,"Динамическая вязкость CCS -35°C, ASTM D5293",,99200.0
Базовое_масло_7,0770.22,"Индекс вязкости, ГОСТ 25371",,91.0
Базовое_масло_7,0770.22,"Испаряемость по NOACK, ASTM D5800",,6.5
Базовое_масло_7,0770.22,"Кинематическая вязкость, при 100°C, ASTM D445",,9.3
Базовое_масло_7,0770.22,"Кинематическая вязкость, при 40°C, ASTM D445",,79.45
Базовое_масло_7,0770.22,"Массовая доля кальция, ASTM D6481",,9e-05
Базовое_масло_7,0770.22,"Массовая доля серы, ASTM D6481",,0.0917
Базовое_масло_7,0770.22,"Массовая доля фосфора, ASTM D6481",,4e-05
Базовое_масло_7,0770.22,"Массовая доля цинка, ASTM D6481",,4e-05
Базовое_масло_7,0770.22,"Плотность при 15°С, ASTM D4052",,878.2
Базовое_масло_7,0770.22,"Плотность при 20°С, ASTM D4052",,874.7
Базовое_масло_7,0770.22,Последовательность 1 | ASTM D892,,20.0
Базовое_масло_7,0770.22,Последовательность 2 | ASTM D892,,0.0
Базовое_масло_7,0770.22,Последовательность 3 | ASTM D892,,0.0
Базовое_масло_7,0770.22,"Температура застывания, ГОСТ 20287, метод Б",,-18.0
Базовое_масло_7,0770.22,Цвет Сейболт | -,,30.0
Базовое_масло_7,094.22 (D-2022-0022),Анилиновая точка,,68.4
Базовое_масло_7,094.22 (D-2022-0022),Группа по API,,1.0
Базовое_масло_7,094.22 (D-2022-0022),Деэм.вода | ASTM D1401,,38.0
Базовое_масло_7,094.22 (D-2022-0022),Деэм.время | ASTM D1401,,10.0
Базовое_масло_7,094.22 (D-2022-0022),Деэм.масло | ASTM D1401,,42.0
Базовое_масло_7,094.22 (D-2022-0022),Деэм.эмульсия | ASTM D1401,,0.0
Базовое_масло_7,094.22 (D-2022-0022),"Динамическая вязкость CCS -15°C, ASTM D5293",,6005.0
Базовое_масло_7,094.22 (D-2022-0022),"Динамическая вязкость CCS -20°C, ASTM D5293",,12582.0
Базовое_масло_7,094.22 (D-2022-0022),"Динамическая вязкость CCS -25°C, ASTM D5293",,24677.30769230769
Базовое_масло_7,094.22 (D-2022-0022),"Динамическая вязкость CCS -30°C, ASTM D5293",,53520.71428571428
Базовое_масло_7,094.22 (D-2022-0022),"Динамическая вязкость CCS -35°C, ASTM D5293",,99200.0
Базовое_масло_7,094.22 (D-2022-0022),"Индекс вязкости, ГОСТ 25371",,90.0
Базовое_масло_7,094.22 (D-2022-0022),"Испаряемость по NOACK, ASTM D5800",,5.6
Базовое_масло_7,094.22 (D-2022-0022),"Кинематическая вязкость, при 100°C, ASTM D445",,9.39
Базовое_масло_7,094.22 (D-2022-0022),"Кинематическая вязкость, при 40°C, ASTM D445",,81.32
Базовое_масло_7,094.22 (D-2022-0022),"Массовая доля кальция, ASTM D6481",,8e-05
Базовое_масло_7,094.22 (D-2022-0022),"Массовая доля серы, ASTM D6481",,0.081
Базовое_масло_7,094.22 (D-2022-0022),"Массовая доля фосфора, ASTM D6481",,3e-05
Базовое_масло_7,094.22 (D-2022-0022),"Массовая доля цинка, ASTM D6481",,1e-05
Базовое_масло_7,094.22 (D-2022-0022),"Плотность при 15°С, ASTM D4052",,878.2
Базовое_масло_7,094.22 (D-2022-0022),"Плотность при 20°С, ASTM D4052",,874.7
Базовое_масло_7,094.22 (D-2022-0022),Последовательность 1 | ASTM D892,,0.0
Базовое_масло_7,094.22 (D-2022-0022),Последовательность 2 | ASTM D892,,0.0
Базовое_масло_7,094.22 (D-2022-0022),Последовательность 3 | ASTM D892,,0.0
Базовое_масло_7,094.22 (D-2022-0022),"Температура застывания, ГОСТ 20287, метод Б",,-21.0
Базовое_масло_7,094.22 (D-2022-0022),Цвет Сейболт | -,,30.0
Базовое_масло_7,095.25,Анилиновая точка,,68.4
Базовое_масло_7,095.25,Группа по API,,1.0
Базовое_масло_7,095.25,Деэм.вода | ASTM D1401,,38.44444444444444
Базовое_масло_7,095.25,Деэм.время | ASTM D1401,,10.0
Базовое_масло_7,095.25,Деэм.масло | ASTM D1401,,41.55555555555556
Базовое_масло_7,095.25,Деэм.эмульсия | ASTM D1401,,0.0
Базовое_масло_7,095.25,"Динамическая вязкость CCS -15°C, ASTM D5293",,5600.0
Базовое_масло_7,095.25,"Динамическая вязкость CCS -20°C, ASTM D5293",,11925.0
Базовое_масло_7,095.25,"Динамическая вязкость CCS -25°C, ASTM D5293",,20000.0
Базовое_масло_7,095.25,"Динамическая вязкость CCS -30°C, ASTM D5293",,53520.71428571428
Базовое_масло_7,095.25,"Динамическая вязкость CCS -35°C, ASTM D5293",,99200.0
Базовое_масло_7,095.25,"Индекс вязкости, ГОСТ 25371",,91.25
Базовое_масло_7,095.25,"Испаряемость по NOACK, ASTM D5800",,6.12
Базовое_масло_7,095.25,"Кинематическая вязкость, при 100°C, ASTM D445",,9.13
Базовое_масло_7,095.25,"Кинематическая вязкость, при 40°C, ASTM D445",,76.92
Базовое_масло_7,095.25,"Массовая доля кальция, ASTM D6481",,0.000125
Базовое_масло_7,095.25,"Массовая доля серы, ASTM D6481",,0.0815766666666666
Базовое_масло_7,095.25,"Массовая доля фосфора, ASTM D6481",,9e-05
Базовое_масло_7,095.25,"Массовая доля цинка, ASTM D6481",,4.5e-05
Базовое_масло_7,095.25,"Плотность при 15°С, ASTM D4052",,878.2
Базовое_масло_7,095.25,"Плотность при 20°С, ASTM D4052",,874.7
Базовое_масло_7,095.25,Последовательность 1 | ASTM D892,,10.0
Базовое_масло_7,095.25,Последовательность 2 | ASTM D892,,0.0
Базовое_масло_7,095.25,Последовательность 3 | ASTM D892,,0.0
Базовое_масло_7,095.25,"Температура застывания, ГОСТ 20287, метод Б",,-17.142857142857142
Базовое_масло_7,095.25,Цвет Сейболт | -,,30.0
Базовое_масло_7,typical,Анилиновая точка,,68.4
Базовое_масло_7,typical,Группа по API,,1.0
Базовое_масло_7,typical,Деэм.вода | ASTM D1401,,38.44444444444444
Базовое_масло_7,typical,Деэм.время | ASTM D1401,,10.0
Базовое_масло_7,typical,Деэм.масло | ASTM D1401,,41.55555555555556
Базовое_масло_7,typical,Деэм.эмульсия | ASTM D1401,,0.0
Базовое_масло_7,typical,"Динамическая вязкость CCS -15°C, ASTM D5293",,5711.466666666666
Базовое_масло_7,typical,"Динамическая вязкость CCS -20°C, ASTM D5293",,12139.25
Базовое_масло_7,typical,"Динамическая вязкость CCS -25°C, ASTM D5293",,24677.30769230769
Базовое_масло_7,typical,"Динамическая вязкость CCS -30°C, ASTM D5293",,53520.71428571428
Базовое_масло_7,typical,"Динамическая вязкость CCS -35°C, ASTM D5293",,99200.0
Базовое_масло_7,typical,"Индекс вязкости, ГОСТ 25371",,91.0
Базовое_масло_7,typical,"Испаряемость по NOACK, ASTM D5800",,8.0
Базовое_масло_7,typical,"Кинематическая вязкость, при 100°C, ASTM D445",,9.225875
Базовое_масло_7,typical,"Кинематическая вязкость, при 40°C, ASTM D445",,78.555
Базовое_масло_7,typical,"Массовая доля кальция, ASTM D6481",,0.000125
Базовое_масло_7,typical,"Массовая доля серы, ASTM D6481",,0.0815766666666666
Базовое_масло_7,typical,"Массовая доля фосфора, ASTM D6481",,9e-05
Базовое_масло_7,typical,"Массовая доля цинка, ASTM D6481",,4.5e-05
Базовое_масло_7,typical,"Плотность при 15°С, ASTM D4052",,878.2
Базовое_масло_7,typical,"Плотность при 20°С, ASTM D4052",,874.7
Базовое_масло_7,typical,Последовательность 1 | ASTM D892,,10.0
Базовое_масло_7,typical,Последовательность 2 | ASTM D892,,0.0
Базовое_масло_7,typical,Последовательность 3 | ASTM D892,,0.0
Базовое_масло_7,typical,"Температура застывания, ГОСТ 20287, метод Б",,-15.0
Базовое_масло_7,typical,Цвет Сейболт | -,,30.0
Базовое_масло_8,01208.25 для SL,Анилиновая точка,,68.4
Базовое_масло_8,01208.25 для SL,Группа по API,,2.0
Базовое_масло_8,01208.25 для SL,Деэм.вода | ASTM D1401,,40.0
Базовое_масло_8,01208.25 для SL,Деэм.время | ASTM D1401,,5.0
Базовое_масло_8,01208.25 для SL,Деэм.масло | ASTM D1401,,39.833333333333336
Базовое_масло_8,01208.25 для SL,Деэм.эмульсия | ASTM D1401,,0.0
Базовое_масло_8,01208.25 для SL,"Динамическая вязкость CCS -30°C, ASTM D5293",,2348.0
Базовое_масло_8,01208.25 для SL,"Динамическая вязкость CCS -35°C, ASTM D5293",,4319.375
Базовое_масло_8,01208.25 для SL,"Индекс вязкости, ГОСТ 25371",,105.0
Базовое_масло_8,01208.25 для SL,"Испаряемость по NOACK, ASTM D5800",,15.0
Базовое_масло_8,01208.25 для SL,"Кинематическая вязкость, при 100°C, ASTM D445",,4.51
Базовое_масло_8,01208.25 для SL,"Кинематическая вязкость, при 40°C, ASTM D445",,21.26
Базовое_масло_8,01208.25 для SL,"Массовая доля кальция, ASTM D6481",,0.0002
Базовое_масло_8,01208.25 для SL,"Массовая доля серы, ASTM D6481",,0.0815766666666666
Базовое_масло_8,01208.25 для SL,"Массовая доля фосфора, ASTM D6481",,0.0001
Базовое_масло_8,01208.25 для SL,"Массовая доля цинка, ASTM D6481",,0.0001
Базовое_масло_8,01208.25 для SL,"Плотность при 15°С, ASTM D4052",,843.5
Базовое_масло_8,01208.25 для SL,"Плотность при 20°С, ASTM D4052",,840.25
Базовое_масло_8,01208.25 для SL,Последовательность 1 | ASTM D892,,0.0
Базовое_масло_8,01208.25 для SL,Последовательность 2 | ASTM D892,,0.0
Базовое_масло_8,01208.25 для SL,Последовательность 3 | ASTM D892,,0.0
Базовое_масло_8,01208.25 для SL,"Температура застывания, ГОСТ 20287, метод Б",,-25.0
Базовое_масло_8,01208.25 для SL,Цвет Сейболт | -,,30.0
Базовое_масло_8,typical,Анилиновая точка,,68.4
Базовое_масло_8,typical,Группа по API,,2.0
Базовое_масло_8,typical,Деэм.вода | ASTM D1401,,40.0
Базовое_масло_8,typical,Деэм.время | ASTM D1401,,5.0
Базовое_масло_8,typical,Деэм.масло | ASTM D1401,,39.833333333333336
Базовое_масло_8,typical,Деэм.эмульсия | ASTM D1401,,0.0
Базовое_масло_8,typical,"Динамическая вязкость CCS -30°C, ASTM D5293",,2348.0
Базовое_масло_8,typical,"Динамическая вязкость CCS -35°C, ASTM D5293",,4319.375
Базовое_масло_8,typical,"Индекс вязкости, ГОСТ 25371",,105.0
Базовое_масло_8,typical,"Испаряемость по NOACK, ASTM D5800",,15.0
Базовое_масло_8,typical,"Кинематическая вязкость, при 100°C, ASTM D445",,4.51
Базовое_масло_8,typical,"Кинематическая вязкость, при 40°C, ASTM D445",,21.26
Базовое_масло_8,typical,"Массовая доля кальция, ASTM D6481",,0.0002
Базовое_масло_8,typical,"Массовая доля серы, ASTM D6481",,0.0815766666666666
Базовое_масло_8,typical,"Массовая доля фосфора, ASTM D6481",,0.0001
Базовое_масло_8,typical,"Массовая доля цинка, ASTM D6481",,0.0001
Базовое_масло_8,typical,"Плотность при 15°С, ASTM D4052",,843.5
Базовое_масло_8,typical,"Плотность при 20°С, ASTM D4052",,840.25
Базовое_масло_8,typical,Последовательность 1 | ASTM D892,,0.0
Базовое_масло_8,typical,Последовательность 2 | ASTM D892,,0.0
Базовое_масло_8,typical,Последовательность 3 | ASTM D892,,0.0
Базовое_масло_8,typical,"Температура застывания, ГОСТ 20287, метод Б",,-25.0
Базовое_масло_8,typical,Цвет Сейболт | -,,30.0
Базовое_масло_9,0768.24,Анилиновая точка,,68.4
Базовое_масло_9,0768.24,Группа по API,,2.0
Базовое_масло_9,0768.24,Деаэрация | ASTM D3427,,2.5
Базовое_масло_9,0768.24,Деэм.вода | ASTM D1401,,40.0
Базовое_масло_9,0768.24,Деэм.время | ASTM D1401,,5.0
Базовое_масло_9,0768.24,Деэм.масло | ASTM D1401,,40.0
Базовое_масло_9,0768.24,Деэм.эмульсия | ASTM D1401,,0.0
Базовое_масло_9,0768.24,"Динамическая вязкость CCS -15°C, ASTM D5293",,1325.0
Базовое_масло_9,0768.24,"Динамическая вязкость CCS -20°C, ASTM D5293",,2226.0
Базовое_масло_9,0768.24,"Динамическая вязкость CCS -25°C, ASTM D5293",,3936.0
Базовое_масло_9,0768.24,"Динамическая вязкость CCS -30°C, ASTM D5293",,7364.0
Базовое_масло_9,0768.24,"Динамическая вязкость CCS -35°C, ASTM D5293",,11706.0
Базовое_масло_9,0768.24,"Индекс вязкости, ГОСТ 25371",,117.0
Базовое_масло_9,0768.24,"Испаряемость по NOACK, ASTM D5800",,7.0
Базовое_масло_9,0768.24,"Кинематическая вязкость, при 100°C, ASTM D445",,6.55
Базовое_масло_9,0768.24,"Кинематическая вязкость, при 40°C, ASTM D445",,40.37
Базовое_масло_9,0768.24,"Массовая доля кальция, ASTM D6481",,0.00068
Базовое_масло_9,0768.24,"Массовая доля серы, ASTM D6481",,0.00106
Базовое_масло_9,0768.24,"Массовая доля фосфора, ASTM D6481",,0.00015
Базовое_масло_9,0768.24,"Массовая доля цинка, ASTM D6481",,0.00018
Базовое_масло_9,0768.24,"Плотность при 15°С, ASTM D4052",,801.3
Базовое_масло_9,0768.24,"Плотность при 20°С, ASTM D4052",,797.7
Базовое_масло_9,0768.24,Последовательность 1 | ASTM D892,,0.0
Базовое_масло_9,0768.24,Последовательность 2 | ASTM D892,,0.0
Базовое_масло_9,0768.24,Последовательность 3 | ASTM D892,,0.0
Базовое_масло_9,0768.24,"Температура застывания, ГОСТ 20287, метод Б",,-25.0
Базовое_масло_9,0768.24,Температура проведения теста | -,,50.0
Базовое_масло_9,0768.24,Цвет Сейболт | -,,30.0
Базовое_масло_9,0862.25,Анилиновая точка,,68.4
Базовое_масло_9,0862.25,Группа по API,,2.0
Базовое_масло_9,0862.25,Деаэрация | ASTM D3427,,2.5
Базовое_масло_9,0862.25,Деэм.вода | ASTM D1401,,40.0
Базовое_масло_9,0862.25,Деэм.время | ASTM D1401,,5.0
Базовое_масло_9,0862.25,Деэм.эмульсия | ASTM D1401,,0.0
Базовое_масло_9,0862.25,"Динамическая вязкость CCS -15°C, ASTM D5293",,1325.0
Базовое_масло_9,0862.25,"Динамическая вязкость CCS -20°C, ASTM D5293",,2047.5
Базовое_масло_9,0862.25,"Динамическая вязкость CCS -25°C, ASTM D5293",,3581.0
Базовое_масло_9,0862.25,"Динамическая вязкость CCS -30°C, ASTM D5293",,5986.0
Базовое_масло_9,0862.25,"Динамическая вязкость CCS -35°C, ASTM D5293",,11706.0
Базовое_масло_9,0862.25,"Индекс вязкости, ГОСТ 25371",,118.0
Базовое_масло_9,0862.25,"Испаряемость по NOACK, ASTM D5800",,7.0
Базовое_масло_9,0862.25,"Кинематическая вязкость, при 100°C, ASTM D445",,6.27
Базовое_масло_9,0862.25,"Кинематическая вязкость, при 40°C, ASTM D445",,37.60666666666666
Базовое_масло_9,0862.25,"Массовая доля кальция, ASTM D6481",,0.00068
Базовое_масло_9,0862.25,"Массовая доля серы, ASTM D6481",,0.00106
Базовое_масло_9,0862.25,"Массовая доля фосфора, ASTM D6481",,0.00015
Базовое_масло_9,0862.25,"Массовая доля цинка, ASTM D6481",,0.00018
Базовое_масло_9,0862.25,"Плотность при 15°С, ASTM D4052",,801.3
Базовое_масло_9,0862.25,"Плотность при 20°С, ASTM D4052",,797.7
Базовое_масло_9,0862.25,Последовательность 1 | ASTM D892,,0.0
Базовое_масло_9,0862.25,Последовательность 2 | ASTM D892,,0.0
Базовое_масло_9,0862.25,Последовательность 3 | ASTM D892,,0.0
Базовое_масло_9,0862.25,"Температура застывания, ГОСТ 20287, метод Б",,-22.0
Базовое_масло_9,0862.25,Температура проведения теста | -,,50.0
Базовое_масло_9,0862.25,Цвет Сейболт | -,,30.0
Базовое_масло_9,091.25,Анилиновая точка,,68.4
Базовое_масло_9,091.25,Группа по API,,2.0
Базовое_масло_9,091.25,Деаэрация | ASTM D3427,,2.5
Базовое_масло_9,091.25,Деэм.вода | ASTM D1401,,40.0
Базовое_масло_9,091.25,Деэм.время | ASTM D1401,,5.0
Базовое_масло_9,091.25,Деэм.эмульсия | ASTM D1401,,0.0
Базовое_масло_9,091.25,"Динамическая вязкость CCS -15°C, ASTM D5293",,1325.0
Базовое_масло_9,091.25,"Динамическая вязкость CCS -20°C, ASTM D5293",,1869.0
Базовое_масло_9,091.25,"Динамическая вязкость CCS -25°C, ASTM D5293",,3226.0
Базовое_масло_9,091.25,"Динамическая вязкость CCS -30°C, ASTM D5293",,5929.0
Базовое_масло_9,091.25,"Динамическая вязкость CCS -35°C, ASTM D5293",,11706.0
Базовое_масло_9,091.25,"Индекс вязкости, ГОСТ 25371",,118.0
Базовое_масло_9,091.25,"Испаряемость по NOACK, ASTM D5800",,7.0
Базовое_масло_9,091.25,"Кинематическая вязкость, при 100°C, ASTM D445",,6.18
Базовое_масло_9,091.25,"Кинематическая вязкость, при 40°C, ASTM D445",,36.15
Базовое_масло_9,091.25,"Массовая доля кальция, ASTM D6481",,0.00068
Базовое_масло_9,091.25,"Массовая доля серы, ASTM D6481",,0.00106
Базовое_масло_9,091.25,"Массовая доля фосфора, ASTM D6481",,0.00015
Базовое_масло_9,091.25,"Массовая доля цинка, ASTM D6481",,0.00018
Базовое_масло_9,091.25,"Плотность при 15°С, ASTM D4052",,801.3
Базовое_масло_9,091.25,"Плотность при 20°С, ASTM D4052",,797.7
Базовое_масло_9,091.25,Последовательность 1 | ASTM D892,,0.0
Базовое_масло_9,091.25,Последовательность 2 | ASTM D892,,0.0
Базовое_масло_9,091.25,Последовательность 3 | ASTM D892,,0.0
Базовое_масло_9,091.25,"Температура застывания, ГОСТ 20287, метод Б",,-22.0
Базовое_масло_9,091.25,Температура проведения теста | -,,50.0
Базовое_масло_9,091.25,Цвет Сейболт | -,,30.0
Базовое_масло_9,typical,Анилиновая точка,,68.4
Базовое_масло_9,typical,Группа по API,,2.0
Базовое_масло_9,typical,Деаэрация | ASTM D3427,,2.5
Базовое_масло_9,typical,Деэм.вода | ASTM D1401,,40.0
Базовое_масло_9,typical,Деэм.время | ASTM D1401,,5.0
Базовое_масло_9,typical,Деэм.эмульсия | ASTM D1401,,0.0
Базовое_масло_9,typical,"Динамическая вязкость CCS -15°C, ASTM D5293",,1325.0
Базовое_масло_9,typical,"Динамическая вязкость CCS -20°C, ASTM D5293",,2047.5
Базовое_масло_9,typical,"Динамическая вязкость CCS -25°C, ASTM D5293",,3581.0
Базовое_масло_9,typical,"Динамическая вязкость CCS -30°C, ASTM D5293",,6426.333333333333
Базовое_масло_9,typical,"Динамическая вязкость CCS -35°C, ASTM D5293",,11706.0
Базовое_масло_9,typical,"Индекс вязкости, ГОСТ 25371",,119.0
Базовое_масло_9,typical,"Испаряемость по NOACK, ASTM D5800",,7.0
Базовое_масло_9,typical,"Кинематическая вязкость, при 100°C, ASTM D445",,6.333333333333333
Базовое_масло_9,typical,"Кинематическая вязкость, при 40°C, ASTM D445",,36.3
Базовое_масло_9,typical,"Массовая доля кальция, ASTM D6481",,0.00068
Базовое_масло_9,typical,"Массовая доля серы, ASTM D6481",,0.00106
Базовое_масло_9,typical,"Массовая доля фосфора, ASTM D6481",,0.00015
Базовое_масло_9,typical,"Массовая доля цинка, ASTM D6481",,0.00018
Базовое_масло_9,typical,"Плотность при 15°С, ASTM D4052",,801.3
Базовое_масло_9,typical,"Плотность при 20°С, ASTM D4052",,797.7
Базовое_масло_9,typical,Последовательность 1 | ASTM D892,,0.0
Базовое_масло_9,typical,Последовательность 2 | ASTM D892,,0.0
Базовое_масло_9,typical,Последовательность 3 | ASTM D892,,0.0
Базовое_масло_9,typical,"Температура застывания, ГОСТ 20287, метод Б",,-19.0
Базовое_масло_9,typical,Температура проведения теста | -,,50.0
Базовое_масло_9,typical,Цвет Сейболт | -,,30.0
Депрессорная_присадка_1,017.24,"Кинематическая вязкость, при 100°C, ASTM D445",,362.35
Депрессорная_присадка_1,017.24,"Кинематическая вязкость, при 40°C, ASTM D445",,1828.0
Депрессорная_присадка_1,017.24,"Плотность при 15°С, ASTM D4052",,885.5
Депрессорная_присадка_1,017.24,"Плотность при 20°С, ASTM D4052",,882.2
Депрессорная_присадка_1,0800.24,"Кинематическая вязкость, при 100°C, ASTM D445",,305.4
Депрессорная_присадка_1,0800.24,"Кинематическая вязкость, при 40°C, ASTM D445",,1828.0
Депрессорная_присадка_1,0800.24,"Плотность при 15°С, ASTM D4052",,885.5
Депрессорная_присадка_1,0800.24,"Плотность при 20°С, ASTM D4052",,882.2
Депрессорная_присадка_1,0862.24,"Кинематическая вязкость, при 100°C, ASTM D445",,315.1
Депрессорная_присадка_1,0862.24,"Кинематическая вязкость, при 40°C, ASTM D445",,1828.0
Депрессорная_присадка_1,0862.24,"Плотность при 15°С, ASTM D4052",,885.5
Депрессорная_присадка_1,0862.24,"Плотность при 20°С, ASTM D4052",,882.2
Депрессорная_присадка_1,13348.22,"Кинематическая вязкость, при 100°C, ASTM D445",,172.4
Депрессорная_присадка_1,13348.22,"Кинематическая вязкость, при 40°C, ASTM D445",,1828.0
Депрессорная_присадка_1,13348.22,"Плотность при 15°С, ASTM D4052",,885.5
Депрессорная_присадка_1,13348.22,"Плотность при 20°С, ASTM D4052",,882.2
Депрессорная_присадка_1,9518.22,"Кинематическая вязкость, при 100°C, ASTM D445",,213.5
Депрессорная_присадка_1,9518.22,"Кинематическая вязкость, при 40°C, ASTM D445",,1828.0
Депрессорная_присадка_1,9518.22,"Плотность при 15°С, ASTM D4052",,885.5
Депрессорная_присадка_1,9518.22,"Плотность при 20°С, ASTM D4052",,882.2
Депрессорная_присадка_1,DPM 131 из ЦП,"Кинематическая вязкость, при 100°C, ASTM D445",,414.0
Депрессорная_присадка_1,DPM 131 из ЦП,"Кинематическая вязкость, при 40°C, ASTM D445",,1828.0
Депрессорная_присадка_1,DPM 131 из ЦП,"Плотность при 15°С, ASTM D4052",,885.5
Депрессорная_присадка_1,DPM 131 из ЦП,"Плотность при 20°С, ASTM D4052",,882.2
Депрессорная_присадка_1,DPM 189,"Кинематическая вязкость, при 100°C, ASTM D445",,341.1
Депрессорная_присадка_1,DPM 189,"Кинематическая вязкость, при 40°C, ASTM D445",,1828.0
Депрессорная_присадка_1,DPM 189,"Плотность при 15°С, ASTM D4052",,885.5
Депрессорная_присадка_1,DPM 189,"Плотность при 20°С, ASTM D4052",,882.2
Депрессорная_присадка_1,DPM 265 от 12.08.202,"Кинематическая вязкость, при 100°C, ASTM D445",,303.40714285714284
Депрессорная_присадка_1,DPM 265 от 12.08.202,"Кинематическая вязкость, при 40°C, ASTM D445",,1828.0
Депрессорная_присадка_1,DPM 265 от 12.08.202,"Плотность при 15°С, ASTM D4052",,885.5
Депрессорная_присадка_1,DPM 265 от 12.08.202,"Плотность при 20°С, ASTM D4052",,882.2
Депрессорная_присадка_2,121256,"Кинематическая вязкость, при 100°C, ASTM D445",,300.0
Депрессорная_присадка_2,121256,"Кинематическая вязкость, при 40°C, ASTM D445",,2897.536666666667
Депрессорная_присадка_2,5508.24 п.9,"Кинематическая вязкость, при 100°C, ASTM D445",,324.0
Депрессорная_присадка_2,5508.24 п.9,"Кинематическая вязкость, при 40°C, ASTM D445",,2897.536666666667
Депрессорная_присадка_2,п.12,"Кинематическая вязкость, при 100°C, ASTM D445",,300.0
Депрессорная_присадка_2,п.12,"Кинематическая вязкость, при 40°C, ASTM D445",,2288.31
Депрессорная_присадка_2,п.14 (2023г),"Кинематическая вязкость, при 100°C, ASTM D445",,350.0
Депрессорная_присадка_2,п.14 (2023г),"Кинематическая вязкость, при 40°C, ASTM D445",,3299.0
Депрессорная_присадка_2,п.35,"Кинематическая вязкость, при 100°C, ASTM D445",,400.0
Депрессорная_присадка_2,п.35,"Кинематическая вязкость, при 40°C, ASTM D445",,2897.536666666667
Депрессорная_присадка_2,п.60 от 12.01.2023,"Кинематическая вязкость, при 100°C, ASTM D445",,300.0
Депрессорная_присадка_2,п.60 от 12.01.2023,"Кинематическая вязкость, при 40°C, ASTM D445",,3105.3
Депрессорная_присадка_3,0246.22,"Кинематическая вязкость, при 100°C, ASTM D445",,113.83
Депрессорная_присадка_3,0246.22,"Кинематическая вязкость, при 40°C, ASTM D445",,846.19
Депрессорная_присадка_3,28446.22,"Кинематическая вязкость, при 100°C, ASTM D445",,110.2
Депрессорная_присадка_3,28446.22,"Кинематическая вязкость, при 40°C, ASTM D445",,846.19
Детергент_1,01558.25,"Кинематическая вязкость, при 100°C, ASTM D445",,106.61
Детергент_1,01558.25,"Кислотное число, ГОСТ 11362",,11.2
Детергент_1,01558.25,"Массовая доля кальция, ASTM D6481",,15.51
Детергент_1,01558.25,"Массовая доля серы, ASTM D6481",,1.598
Детергент_1,01558.25,"Массовая доля фосфора, ASTM D6481",,0.0006
Детергент_1,01558.25,"Массовая доля цинка, ASTM D6481",,0.0007
Детергент_1,01558.25,Отношение Мыло/Основание,,0.6571428571
Детергент_1,01558.25,"Содержание MgCO3, CaCO3, % масс.",,35.0
Детергент_1,01558.25,"Содержание воды, % масс.",,0.07
Детергент_1,01558.25,"Содержание масла, % масс.",,38.0
Детергент_1,01558.25,"Содержание металла (Ca/Mg), % масс.",,15.54
Детергент_1,01558.25,"Содержание мыла, % масс.",,23.0
Детергент_1,01558.25,"Содержание серы, % масс.",,1.6
Детергент_1,01558.25,Степень полисульфидности,,1.25
Детергент_1,01558.25,"Щелочное число, ASTM D2896",,328.2
Детергент_1,01558.25,"Щелочное число, ГОСТ 11362",,391.6
Детергент_1,0174.22,"Кинематическая вязкость, при 100°C, ASTM D445",,163.5
Детергент_1,0174.22,"Кислотное число, ГОСТ 11362",,11.2
Детергент_1,0174.22,"Массовая доля кальция, ASTM D6481",,11.2
Детергент_1,0174.22,"Массовая доля серы, ASTM D6481",,1.598
Детергент_1,0174.22,"Массовая доля фосфора, ASTM D6481",,0.0006
Детергент_1,0174.22,"Массовая доля цинка, ASTM D6481",,0.0007
Детергент_1,0174.22,Отношение Мыло/Основание,,0.6571428571
Детергент_1,0174.22,"Содержание MgCO3, CaCO3, % масс.",,35.0
Детергент_1,0174.22,"Содержание воды, % масс.",,0.07
Детергент_1,0174.22,"Содержание масла, % масс.",,38.0
Детергент_1,0174.22,"Содержание металла (Ca/Mg), % масс.",,15.54
Детергент_1,0174.22,"Содержание мыла, % масс.",,23.0
Детергент_1,0174.22,"Содержание серы, % масс.",,1.6
Детергент_1,0174.22,Степень полисульфидности,,1.25
Детергент_1,0174.22,"Щелочное число, ASTM D2896",,405.8
Детергент_1,0174.22,"Щелочное число, ГОСТ 11362",,391.6
Детергент_1,0269.25,"Кинематическая вязкость, при 100°C, ASTM D445",,62.33
Детергент_1,0269.25,"Кислотное число, ГОСТ 11362",,11.2
Детергент_1,0269.25,"Массовая доля кальция, ASTM D6481",,15.13
Детергент_1,0269.25,"Массовая доля серы, ASTM D6481",,1.598
Детергент_1,0269.25,"Массовая доля фосфора, ASTM D6481",,0.0006
Детергент_1,0269.25,"Массовая доля цинка, ASTM D6481",,0.0007
Детергент_1,0269.25,Отношение Мыло/Основание,,0.6571428571
Детергент_1,0269.25,"Содержание MgCO3, CaCO3, % масс.",,35.0
Детергент_1,0269.25,"Содержание воды, % масс.",,0.07
Детергент_1,0269.25,"Содержание масла, % масс.",,38.0
Детергент_1,0269.25,"Содержание металла (Ca/Mg), % масс.",,15.54
Детергент_1,0269.25,"Содержание мыла, % масс.",,23.0
Детергент_1,0269.25,"Содержание серы, % масс.",,1.6
Детергент_1,0269.25,Степень полисульфидности,,1.25
Детергент_1,0269.25,"Щелочное число, ASTM D2896",,344.1
Детергент_1,0269.25,"Щелочное число, ГОСТ 11362",,391.6
Детергент_1,03052.24,"Кинематическая вязкость, при 100°C, ASTM D445",,106.61
Детергент_1,03052.24,"Кислотное число, ГОСТ 11362",,11.2
Детергент_1,03052.24,"Массовая доля кальция, ASTM D6481",,14.71
Детергент_1,03052.24,"Массовая доля серы, ASTM D6481",,1.598
Детергент_1,03052.24,"Массовая доля фосфора, ASTM D6481",,0.0006
Детергент_1,03052.24,"Массовая доля цинка, ASTM D6481",,0.0007
Детергент_1,03052.24,Отношение Мыло/Основание,,0.6571428571
Детергент_1,03052.24,"Содержание MgCO3, CaCO3, % масс.",,35.0
Детергент_1,03052.24,"Содержание воды, % масс.",,0.07
Детергент_1,03052.24,"Содержание масла, % масс.",,38.0
Детергент_1,03052.24,"Содержание металла (Ca/Mg), % масс.",,15.54
Детергент_1,03052.24,"Содержание мыла, % масс.",,23.0
Детергент_1,03052.24,"Содержание серы, % масс.",,1.6
Детергент_1,03052.24,Степень полисульфидности,,1.25
Детергент_1,03052.24,"Щелочное число, ASTM D2896",,377.7
Детергент_1,03052.24,"Щелочное число, ГОСТ 11362",,391.6
Детергент_1,03203.23,"Кинематическая вязкость, при 100°C, ASTM D445",,88.91
Детергент_1,03203.23,"Кислотное число, ГОСТ 11362",,11.2
Детергент_1,03203.23,"Массовая доля кальция, ASTM D6481",,16.24
Детергент_1,03203.23,"Массовая доля серы, ASTM D6481",,1.598
Детергент_1,03203.23,"Массовая доля фосфора, ASTM D6481",,0.0006
Детергент_1,03203.23,"Массовая доля цинка, ASTM D6481",,0.0007
Детергент_1,03203.23,Отношение Мыло/Основание,,0.6571428571
Детергент_1,03203.23,"Содержание MgCO3, CaCO3, % масс.",,35.0
Детергент_1,03203.23,"Содержание воды, % масс.",,0.07
Детергент_1,03203.23,"Содержание масла, % масс.",,38.0
Детергент_1,03203.23,"Содержание металла (Ca/Mg), % масс.",,15.54
Детергент_1,03203.23,"Содержание мыла, % масс.",,23.0
Детергент_1,03203.23,"Содержание серы, % масс.",,1.6
Детергент_1,03203.23,Степень полисульфидности,,1.25
Детергент_1,03203.23,"Щелочное число, ASTM D2896",,404.0
Детергент_1,03203.23,"Щелочное число, ГОСТ 11362",,391.6
Детергент_1,0432.25,"Кинематическая вязкость, при 100°C, ASTM D445",,106.61
Детергент_1,0432.25,"Кислотное число, ГОСТ 11362",,11.2
Детергент_1,0432.25,"Массовая доля кальция, ASTM D6481",,15.76
Детергент_1,0432.25,"Массовая доля серы, ASTM D6481",,1.598
Детергент_1,0432.25,"Массовая доля фосфора, ASTM D6481",,0.0006
Детергент_1,0432.25,"Массовая доля цинка, ASTM D6481",,0.0007
Детергент_1,0432.25,Отношение Мыло/Основание,,0.6571428571
Детергент_1,0432.25,"Содержание MgCO3, CaCO3, % масс.",,35.0
Детергент_1,0432.25,"Содержание воды, % масс.",,0.07
Детергент_1,0432.25,"Содержание масла, % масс.",,38.0
Детергент_1,0432.25,"Содержание металла (Ca/Mg), % масс.",,15.54
Детергент_1,0432.25,"Содержание мыла, % масс.",,23.0
Детергент_1,0432.25,"Содержание серы, % масс.",,1.6
Детергент_1,0432.25,Степень полисульфидности,,1.25
Детергент_1,0432.25,"Щелочное число, ASTM D2896",,410.9
Детергент_1,0432.25,"Щелочное число, ГОСТ 11362",,391.6
Детергент_1,33444.21,"Кинематическая вязкость, при 100°C, ASTM D445",,109.92
Детергент_1,33444.21,"Кислотное число, ГОСТ 11362",,11.2
Детергент_1,33444.21,"Массовая доля кальция, ASTM D6481",,15.39
Детергент_1,33444.21,"Массовая доля серы, ASTM D6481",,1.598
Детергент_1,33444.21,"Массовая доля фосфора, ASTM D6481",,0.0006
Детергент_1,33444.21,"Массовая доля цинка, ASTM D6481",,0.0007
Детергент_1,33444.21,Отношение Мыло/Основание,,0.6571428571
Детергент_1,33444.21,"Содержание MgCO3, CaCO3, % масс.",,35.0
Детергент_1,33444.21,"Содержание воды, % масс.",,0.07
Детергент_1,33444.21,"Содержание масла, % масс.",,38.0
Детергент_1,33444.21,"Содержание металла (Ca/Mg), % масс.",,15.54
Детергент_1,33444.21,"Содержание мыла, % масс.",,23.0
Детергент_1,33444.21,"Содержание серы, % масс.",,1.6
Детергент_1,33444.21,Степень полисульфидности,,1.25
Детергент_1,33444.21,"Щелочное число, ASTM D2896",,406.34
Детергент_1,33444.21,"Щелочное число, ГОСТ 11362",,391.6
Детергент_1,typical,"Кинематическая вязкость, при 100°C, ASTM D445",,90.0
Детергент_1,typical,"Кислотное число, ГОСТ 11362",,11.2
Детергент_1,typical,"Массовая доля кальция, ASTM D6481",,15.02875
Детергент_1,typical,"Массовая доля серы, ASTM D6481",,1.598
Детергент_1,typical,"Массовая доля фосфора, ASTM D6481",,0.0006
Детергент_1,typical,"Массовая доля цинка, ASTM D6481",,0.0007
Детергент_1,typical,Отношение Мыло/Основание,,0.6571428571
Детергент_1,typical,"Содержание MgCO3, CaCO3, % масс.",,35.0
Детергент_1,typical,"Содержание воды, % масс.",,0.07
Детергент_1,typical,"Содержание масла, % масс.",,38.0
Детергент_1,typical,"Содержание металла (Ca/Mg), % масс.",,15.54
Детергент_1,typical,"Содержание мыла, % масс.",,23.0
Детергент_1,typical,"Содержание серы, % масс.",,1.6
Детергент_1,typical,Степень полисульфидности,,1.25
Детергент_1,typical,"Щелочное число, ASTM D2896",,400.0
Детергент_1,typical,"Щелочное число, ГОСТ 11362",,391.6
Детергент_1,из 328 р-р 01295.23,"Кинематическая вязкость, при 100°C, ASTM D445",,125.0
Детергент_1,из 328 р-р 01295.23,"Кислотное число, ГОСТ 11362",,11.2
Детергент_1,из 328 р-р 01295.23,"Массовая доля кальция, ASTM D6481",,16.29
Детергент_1,из 328 р-р 01295.23,"Массовая доля серы, ASTM D6481",,1.598
Детергент_1,из 328 р-р 01295.23,"Массовая доля фосфора, ASTM D6481",,0.0006
Детергент_1,из 328 р-р 01295.23,"Массовая доля цинка, ASTM D6481",,0.0007
Детергент_1,из 328 р-р 01295.23,Отношение Мыло/Основание,,0.6571428571
Детергент_1,из 328 р-р 01295.23,"Содержание MgCO3, CaCO3, % масс.",,35.0
Детергент_1,из 328 р-р 01295.23,"Содержание воды, % масс.",,0.07
Детергент_1,из 328 р-р 01295.23,"Содержание масла, % масс.",,38.0
Детергент_1,из 328 р-р 01295.23,"Содержание металла (Ca/Mg), % масс.",,15.54
Детергент_1,из 328 р-р 01295.23,"Содержание мыла, % масс.",,23.0
Детергент_1,из 328 р-р 01295.23,"Содержание серы, % масс.",,1.6
Детергент_1,из 328 р-р 01295.23,Степень полисульфидности,,1.25
Детергент_1,из 328 р-р 01295.23,"Щелочное число, ASTM D2896",,407.0
Детергент_1,из 328 р-р 01295.23,"Щелочное число, ГОСТ 11362",,391.6
Детергент_10,0688.25,"Кинематическая вязкость, при 100°C, ASTM D445",,29.07
Детергент_10,0688.25,"Кислотное число, ГОСТ 11362",,11.2
Детергент_10,0688.25,"Массовая доля кальция, ASTM D6481",,6.301
Детергент_10,0688.25,"Массовая доля серы, ASTM D6481",,0.519
Детергент_10,0688.25,"Массовая доля фосфора, ASTM D6481",,0.0006
Детергент_10,0688.25,"Массовая доля цинка, ASTM D6481",,0.0007
Детергент_10,0688.25,Определение содержания воды методом Карла Фишера | ASTM D 6304,,31591.0
Детергент_10,0688.25,Отношение Мыло/Основание,,1.5
Детергент_10,0688.25,"Содержание MgCO3, CaCO3, % масс.",,20.0
Детергент_10,0688.25,"Содержание воды, % масс.",,0.03
Детергент_10,0688.25,"Содержание масла, % масс.",,50.0
Детергент_10,0688.25,"Содержание металла (Ca/Mg), % масс.",,6.3
Детергент_10,0688.25,"Содержание мыла, % масс.",,30.0
Детергент_10,0688.25,"Содержание серы, % масс.",,0.5
Детергент_10,0688.25,Степень полисульфидности,,1.25
Детергент_10,0688.25,"Щелочное число, ASTM D2896",,158.2
Детергент_10,0688.25,"Щелочное число, ГОСТ 11362",,163.6
Детергент_10,typical,"Кинематическая вязкость, при 100°C, ASTM D445",,29.07
Детергент_10,typical,"Кислотное число, ГОСТ 11362",,11.2
Детергент_10,typical,"Массовая доля кальция, ASTM D6481",,6.301
Детергент_10,typical,"Массовая доля серы, ASTM D6481",,0.519
Детергент_10,typical,"Массовая доля фосфора, ASTM D6481",,0.0006
Детергент_10,typical,"Массовая доля цинка, ASTM D6481",,0.0007
Детергент_10,typical,Определение содержания воды методом Карла Фишера | ASTM D 6304,,31591.0
Детергент_10,typical,Отношение Мыло/Основание,,1.5
Детергент_10,typical,"Содержание MgCO3, CaCO3, % масс.",,20.0
Детергент_10,typical,"Содержание воды, % масс.",,0.03
Детергент_10,typical,"Содержание масла, % масс.",,50.0
Детергент_10,typical,"Содержание металла (Ca/Mg), % масс.",,6.3
Детергент_10,typical,"Содержание мыла, % масс.",,30.0
Детергент_10,typical,"Содержание серы, % масс.",,0.5
Детергент_10,typical,Степень полисульфидности,,1.25
Детергент_10,typical,"Щелочное число, ASTM D2896",,158.2
Детергент_10,typical,"Щелочное число, ГОСТ 11362",,163.6
Детергент_11,typical,"Кинематическая вязкость, при 100°C, ASTM D445",,80.0
Детергент_11,typical,"Кислотное число, ГОСТ 11362",,11.2
Детергент_11,typical,"Массовая доля кальция, ASTM D6481",,15.39
Детергент_11,typical,"Массовая доля серы, ASTM D6481",,1.598
Детергент_11,typical,"Массовая доля фосфора, ASTM D6481",,0.0006
Детергент_11,typical,"Массовая доля цинка, ASTM D6481",,0.0007
Детергент_11,typical,Отношение Мыло/Основание,,0.7142857143
Детергент_11,typical,"Содержание MgCO3, CaCO3, % масс.",,35.0
Детергент_11,typical,"Содержание воды, % масс.",,0.07
Детергент_11,typical,"Содержание масла, % масс.",,45.0
Детергент_11,typical,"Содержание металла (Ca/Mg), % масс.",,15.5
Детергент_11,typical,"Содержание мыла, % масс.",,25.0
Детергент_11,typical,"Содержание серы, % масс.",,1.5
Детергент_11,typical,Степень полисульфидности,,1.25
Детергент_11,typical,"Щелочное число, ASTM D2896",,400.0
Детергент_11,typical,"Щелочное число, ГОСТ 11362",,391.6
Детергент_12,8476.23,"Кинематическая вязкость, при 100°C, ASTM D445",,81.46
Детергент_12,8476.23,"Кислотное число, ГОСТ 11362",,11.2
Детергент_12,8476.23,"Массовая доля кальция, ASTM D6481",,16.3
Детергент_12,8476.23,"Массовая доля серы, ASTM D6481",,1.56
Детергент_12,8476.23,"Массовая доля фосфора, ASTM D6481",,0.0006
Детергент_12,8476.23,"Массовая доля цинка, ASTM D6481",,0.0007
Детергент_12,8476.23,Отношение Мыло/Основание,,0.7142857143
Детергент_12,8476.23,"Плотность при 15°С, ASTM D4052",,1.2
Детергент_12,8476.23,"Содержание MgCO3, CaCO3, % масс.",,35.0
Детергент_12,8476.23,"Содержание воды, % масс.",,0.2
Детергент_12,8476.23,"Содержание масла, % масс.",,40.0
Детергент_12,8476.23,"Содержание металла (Ca/Mg), % масс.",,15.7
Детергент_12,8476.23,"Содержание мыла, % масс.",,25.0
Детергент_12,8476.23,"Содержание серы, % масс.",,1.73
Детергент_12,8476.23,Степень полисульфидности,,1.25
Детергент_12,8476.23,"Щелочное число, ASTM D2896",,434.4
Детергент_12,8476.23,"Щелочное число, ГОСТ 11362",,391.6
Детергент_12,typical,"Кинематическая вязкость, при 100°C, ASTM D445",,81.46
Детергент_12,typical,"Кислотное число, ГОСТ 11362",,11.2
Детергент_12,typical,"Массовая доля кальция, ASTM D6481",,16.3
Детергент_12,typical,"Массовая доля серы, ASTM D6481",,1.56
Детергент_12,typical,"Массовая доля фосфора, ASTM D6481",,0.0006
Детергент_12,typical,"Массовая доля цинка, ASTM D6481",,0.0007
Детергент_12,typical,Отношение Мыло/Основание,,0.7142857143
Детергент_12,typical,"Плотность при 15°С, ASTM D4052",,1.2
Детергент_12,typical,"Содержание MgCO3, CaCO3, % масс.",,35.0
Детергент_12,typical,"Содержание воды, % масс.",,0.2
Детергент_12,typical,"Содержание масла, % масс.",,40.0
Детергент_12,typical,"Содержание металла (Ca/Mg), % масс.",,15.7
Детергент_12,typical,"Содержание мыла, % масс.",,25.0
Детергент_12,typical,"Содержание серы, % масс.",,1.73
Детергент_12,typical,Степень полисульфидности,,1.25
Детергент_12,typical,"Щелочное число, ASTM D2896",,434.4
Детергент_12,typical,"Щелочное число, ГОСТ 11362",,391.6
Детергент_13,typical,"Кинематическая вязкость, при 100°C, ASTM D445",,88.76
Детергент_13,typical,"Кислотное число, ГОСТ 11362",,11.2
Детергент_13,typical,"Массовая доля кальция, ASTM D6481",,15.03
Детергент_13,typical,"Массовая доля серы, ASTM D6481",,1.598
Детергент_13,typical,"Массовая доля фосфора, ASTM D6481",,0.0006
Детергент_13,typical,"Массовая доля цинка, ASTM D6481",,0.0007
Детергент_13,typical,Отношение Мыло/Основание,,0.7142857143
Детергент_13,typical,"Содержание MgCO3, CaCO3, % масс.",,35.0
Детергент_13,typical,"Содержание воды, % масс.",,0.07
Детергент_13,typical,"Содержание масла, % масс.",,45.0
Детергент_13,typical,"Содержание металла (Ca/Mg), % масс.",,15.5
Детергент_13,typical,"Содержание мыла, % масс.",,25.0
Детергент_13,typical,"Содержание серы, % масс.",,1.6
Детергент_13,typical,Степень полисульфидности,,1.25
Детергент_13,typical,"Щелочное число, ASTM D2896",,400.0
Детергент_13,typical,"Щелочное число, ГОСТ 11362",,399.0
Детергент_13,бочка 14,"Кинематическая вязкость, при 100°C, ASTM D445",,88.76
Детергент_13,бочка 14,"Кислотное число, ГОСТ 11362",,11.2
Детергент_13,бочка 14,"Массовая доля кальция, ASTM D6481",,15.03
Детергент_13,бочка 14,"Массовая доля серы, ASTM D6481",,1.598
Детергент_13,бочка 14,"Массовая доля фосфора, ASTM D6481",,0.0006
Детергент_13,бочка 14,"Массовая доля цинка, ASTM D6481",,0.0007
Детергент_13,бочка 14,Отношение Мыло/Основание,,0.7142857143
Детергент_13,бочка 14,"Содержание MgCO3, CaCO3, % масс.",,35.0
Детергент_13,бочка 14,"Содержание воды, % масс.",,0.07
Детергент_13,бочка 14,"Содержание масла, % масс.",,45.0
Детергент_13,бочка 14,"Содержание металла (Ca/Mg), % масс.",,15.5
Детергент_13,бочка 14,"Содержание мыла, % масс.",,25.0
Детергент_13,бочка 14,"Содержание серы, % масс.",,1.6
Детергент_13,бочка 14,Степень полисульфидности,,1.25
Детергент_13,бочка 14,"Щелочное число, ASTM D2896",,400.0
Детергент_13,бочка 14,"Щелочное число, ГОСТ 11362",,399.0
Детергент_14,typical,"Кинематическая вязкость, при 100°C, ASTM D445",,53.93
Детергент_14,typical,"Кислотное число, ГОСТ 11362",,11.2
Детергент_14,typical,"Массовая доля кальция, ASTM D6481",,15.39
Детергент_14,typical,"Массовая доля серы, ASTM D6481",,1.598
Детергент_14,typical,"Массовая доля фосфора, ASTM D6481",,0.0006
Детергент_14,typical,"Массовая доля цинка, ASTM D6481",,0.0007
Детергент_14,typical,Отношение Мыло/Основание,,33.33333333
Детергент_14,typical,"Содержание MgCO3, CaCO3, % масс.",,1.5
Детергент_14,typical,"Содержание воды, % масс.",,0.07
Детергент_14,typical,"Содержание масла, % масс.",,48.0
Детергент_14,typical,"Содержание металла (Ca/Mg), % масс.",,3.9
Детергент_14,typical,"Содержание мыла, % масс.",,50.0
Детергент_14,typical,"Содержание серы, % масс.",,3.1
Детергент_14,typical,Степень полисульфидности,,1.15
Детергент_14,typical,"Щелочное число, ASTM D2896",,110.0
Детергент_14,typical,"Щелочное число, ГОСТ 11362",,391.6
Детергент_15,typical,"Кинематическая вязкость, при 100°C, ASTM D445",,310.0
Детергент_15,typical,"Кислотное число, ГОСТ 11362",,11.2
Детергент_15,typical,"Массовая доля кальция, ASTM D6481",,15.39
Детергент_15,typical,"Массовая доля серы, ASTM D6481",,1.598
Детергент_15,typical,"Массовая доля фосфора, ASTM D6481",,0.0006
Детергент_15,typical,"Массовая доля цинка, ASTM D6481",,0.0007
Детергент_15,typical,Отношение Мыло/Основание,,2.0
Детергент_15,typical,"Содержание MgCO3, CaCO3, % масс.",,20.0
Детергент_15,typical,"Содержание воды, % масс.",,0.07
Детергент_15,typical,"Содержание масла, % масс.",,40.0
Детергент_15,typical,"Содержание металла (Ca/Mg), % масс.",,9.51
Детергент_15,typical,"Содержание мыла, % масс.",,40.0
Детергент_15,typical,"Содержание серы, % масс.",,3.3
Детергент_15,typical,Степень полисульфидности,,1.3
Детергент_15,typical,"Щелочное число, ASTM D2896",,255.0
Детергент_15,typical,"Щелочное число, ГОСТ 11362",,391.6
Детергент_16,typical,"Кинематическая вязкость, при 100°C, ASTM D445",,31.3
Детергент_16,typical,"Кислотное число, ГОСТ 11362",,11.2
Детергент_16,typical,"Массовая доля кальция, ASTM D6481",,15.39
Детергент_16,typical,"Массовая доля серы, ASTM D6481",,1.598
Детергент_16,typical,"Массовая доля фосфора, ASTM D6481",,0.0006
Детергент_16,typical,"Массовая доля цинка, ASTM D6481",,0.0007
Детергент_16,typical,Отношение Мыло/Основание,,4.0
Детергент_16,typical,"Содержание MgCO3, CaCO3, % масс.",,10.0
Детергент_16,typical,"Содержание воды, % масс.",,0.05
Детергент_16,typical,"Содержание масла, % масс.",,50.0
Детергент_16,typical,"Содержание металла (Ca/Mg), % масс.",,5.62
Детергент_16,typical,"Содержание мыла, % масс.",,40.0
Детергент_16,typical,"Содержание серы, % масс.",,2.44
Детергент_16,typical,Степень полисульфидности,,1.01
Детергент_16,typical,"Щелочное число, ASTM D2896",,156.2
Детергент_16,typical,"Щелочное число, ГОСТ 11362",,391.6
Детергент_17,03133.22,"Кинематическая вязкость, при 100°C, ASTM D445",,21.5
Детергент_17,03133.22,"Кислотное число, ГОСТ 11362",,11.2
Детергент_17,03133.22,"Массовая доля кальция, ASTM D6481",,6.59
Детергент_17,03133.22,"Массовая доля серы, ASTM D6481",,1.598
Детергент_17,03133.22,"Массовая доля фосфора, ASTM D6481",,0.0015
Детергент_17,03133.22,"Массовая доля цинка, ASTM D6481",,0.0005
Детергент_17,03133.22,Отношение Мыло/Основание,,3.0
Детергент_17,03133.22,"Плотность при 15°С, ASTM D4052",,0.99
Детергент_17,03133.22,"Содержание MgCO3, CaCO3, % масс.",,10.0
Детергент_17,03133.22,"Содержание воды, % масс.",,0.07
Детергент_17,03133.22,"Содержание масла, % масс.",,60.0
Детергент_17,03133.22,"Содержание металла (Ca/Mg), % масс.",,6.6
Детергент_17,03133.22,"Содержание мыла, % масс.",,30.0
Детергент_17,03133.22,"Содержание серы, % масс.",,1.6
Детергент_17,03133.22,Степень полисульфидности,,1.25
Детергент_17,03133.22,"Щелочное число, ASTM D2896",,173.6
Детергент_17,03133.22,"Щелочное число, ГОСТ 11362",,391.6
Детергент_17,typical,"Кинематическая вязкость, при 100°C, ASTM D445",,21.5
Детергент_17,typical,"Кислотное число, ГОСТ 11362",,11.2
Детергент_17,typical,"Массовая доля кальция, ASTM D6481",,6.59
Детергент_17,typical,"Массовая доля серы, ASTM D6481",,1.598
Детергент_17,typical,"Массовая доля фосфора, ASTM D6481",,0.0015
Детергент_17,typical,"Массовая доля цинка, ASTM D6481",,0.0005
Детергент_17,typical,Отношение Мыло/Основание,,3.0
Детергент_17,typical,"Плотность при 15°С, ASTM D4052",,0.99
Детергент_17,typical,"Содержание MgCO3, CaCO3, % масс.",,10.0
Детергент_17,typical,"Содержание воды, % масс.",,0.07
Детергент_17,typical,"Содержание масла, % масс.",,60.0
Детергент_17,typical,"Содержание металла (Ca/Mg), % масс.",,6.6
Детергент_17,typical,"Содержание мыла, % масс.",,30.0
Детергент_17,typical,"Содержание серы, % масс.",,1.6
Детергент_17,typical,Степень полисульфидности,,1.25
Детергент_17,typical,"Щелочное число, ASTM D2896",,173.6
Детергент_17,typical,"Щелочное число, ГОСТ 11362",,391.6
Детергент_18,01637.24,"Кинематическая вязкость, при 100°C, ASTM D445",,71.18
Детергент_18,01637.24,"Кислотное число, ГОСТ 11362",,11.2
Детергент_18,01637.24,Массовая доля кальция | ASTM D6481,,5.88
Детергент_18,01637.24,"Массовая доля кальция, ASTM D6481",,15.39
Детергент_18,01637.24,"Массовая доля серы, ASTM D6481",,1.598
Детергент_18,01637.24,Массовая доля фосфора | ASTM D6481,,0.0002
Детергент_18,01637.24,"Массовая доля фосфора, ASTM D6481",,0.0006
Детергент_18,01637.24,Массовая доля цинка | ASTM D6481,,0.0002
Детергент_18,01637.24,"Массовая доля цинка, ASTM D6481",,0.0007
Детергент_18,01637.24,Отношение Мыло/Основание,,4.0
Детергент_18,01637.24,"Плотность при 15°С, ASTM D4052",,0.997
Детергент_18,01637.24,"Содержание MgCO3, CaCO3, % масс.",,10.0
Детергент_18,01637.24,"Содержание воды, % масс.",,0.07
Детергент_18,01637.24,"Содержание масла, % масс.",,50.0
Детергент_18,01637.24,"Содержание металла (Ca/Mg), % масс.",,5.5
Детергент_18,01637.24,"Содержание мыла, % масс.",,40.0
Детергент_18,01637.24,"Содержание серы, % масс.",,2.6
Детергент_18,01637.24,Степень полисульфидности,,1.2
Детергент_18,01637.24,"Щелочное число, ASTM D2896",,150.4
Детергент_18,01637.24,"Щелочное число, ГОСТ 11362",,391.6
Детергент_18,typical,"Кинематическая вязкость, при 100°C, ASTM D445",,71.18
Детергент_18,typical,"Кислотное число, ГОСТ 11362",,11.2
Детергент_18,typical,Массовая доля кальция | ASTM D6481,,5.88
Детергент_18,typical,"Массовая доля кальция, ASTM D6481",,15.39
Детергент_18,typical,"Массовая доля серы, ASTM D6481",,1.598
Детергент_18,typical,Массовая доля фосфора | ASTM D6481,,0.0002
Детергент_18,typical,"Массовая доля фосфора, ASTM D6481",,0.0006
Детергент_18,typical,Массовая доля цинка | ASTM D6481,,0.0002
Детергент_18,typical,"Массовая доля цинка, ASTM D6481",,0.0007
Детергент_18,typical,Отношение Мыло/Основание,,4.0
Детергент_18,typical,"Плотность при 15°С, ASTM D4052",,0.997
Детергент_18,typical,"Содержание MgCO3, CaCO3, % масс.",,10.0
Детергент_18,typical,"Содержание воды, % масс.",,0.07
Детергент_18,typical,"Содержание масла, % масс.",,50.0
Детергент_18,typical,"Содержание металла (Ca/Mg), % масс.",,5.5
Детергент_18,typical,"Содержание мыла, % масс.",,40.0
Детергент_18,typical,"Содержание серы, % масс.",,2.6
Детергент_18,typical,Степень полисульфидности,,1.2
Детергент_18,typical,"Щелочное число, ASTM D2896",,150.4
Детергент_18,typical,"Щелочное число, ГОСТ 11362",,391.6
Детергент_19,03134.22,"Кинематическая вязкость, при 100°C, ASTM D445",,48.82
Детергент_19,03134.22,"Кислотное число, ГОСТ 11362",,11.2
Детергент_19,03134.22,Массовая доля кальция | ASTM D6481,,5.88
Детергент_19,03134.22,"Массовая доля кальция, ASTM D6481",,9.91
Детергент_19,03134.22,"Массовая доля серы, ASTM D6481",,1.598
Детергент_19,03134.22,"Массовая доля фосфора, ASTM D6481",,0.002
Детергент_19,03134.22,"Массовая доля цинка, ASTM D6481",,0.00012
Детергент_19,03134.22,Отношение Мыло/Основание,,1.5
Детергент_19,03134.22,"Содержание MgCO3, CaCO3, % масс.",,20.0
Детергент_19,03134.22,"Содержание воды, % масс.",,0.03
Детергент_19,03134.22,"Содержание масла, % масс.",,50.0
Детергент_19,03134.22,"Содержание металла (Ca/Mg), % масс.",,10.2
Детергент_19,03134.22,"Содержание мыла, % масс.",,30.0
Детергент_19,03134.22,"Содержание серы, % масс.",,1.6
Детергент_19,03134.22,Степень полисульфидности,,1.25
Детергент_19,03134.22,"Щелочное число, ASTM D2896",,253.1
Детергент_19,03134.22,"Щелочное число, ГОСТ 11362",,391.6
Детергент_19,typical,"Кинематическая вязкость, при 100°C, ASTM D445",,48.82
Детергент_19,typical,"Кислотное число, ГОСТ 11362",,11.2
Детергент_19,typical,Массовая доля кальция | ASTM D6481,,5.88
Детергент_19,typical,"Массовая доля кальция, ASTM D6481",,9.91
Детергент_19,typical,"Массовая доля серы, ASTM D6481",,1.598
Детергент_19,typical,"Массовая доля фосфора, ASTM D6481",,0.002
Детергент_19,typical,"Массовая доля цинка, ASTM D6481",,0.00012
Детергент_19,typical,Отношение Мыло/Основание,,1.5
Детергент_19,typical,"Содержание MgCO3, CaCO3, % масс.",,20.0
Детергент_19,typical,"Содержание воды, % масс.",,0.03
Детергент_19,typical,"Содержание масла, % масс.",,50.0
Детергент_19,typical,"Содержание металла (Ca/Mg), % масс.",,10.2
Детергент_19,typical,"Содержание мыла, % масс.",,30.0
Детергент_19,typical,"Содержание серы, % масс.",,1.6
Детергент_19,typical,Степень полисульфидности,,1.25
Детергент_19,typical,"Щелочное число, ASTM D2896",,253.1
Детергент_19,typical,"Щелочное число, ГОСТ 11362",,391.6
Детергент_2,01297.23,"Кинематическая вязкость, при 100°C, ASTM D445",,14.47
Детергент_2,01297.23,"Кислотное число, ГОСТ 11362",,11.2
Детергент_2,01297.23,Массовая доля кальция | ASTM D6481,,5.88
Детергент_2,01297.23,"Массовая доля кальция, ASTM D6481",,6.48
Детергент_2,01297.23,"Массовая доля серы, ASTM D6481",,1.598
Детергент_2,01297.23,"Массовая доля фосфора, ASTM D6481",,0.0004
Детергент_2,01297.23,Массовая доля цинка | ASTM D6481,,0.0002
Детергент_2,01297.23,"Массовая доля цинка, ASTM D6481",,0.0002
Детергент_2,01297.23,Отношение Мыло/Основание,,1.5
Детергент_2,01297.23,"Плотность при 15°С, ASTM D4052",,1.2
Детергент_2,01297.23,"Содержание MgCO3, CaCO3, % масс.",,20.0
Детергент_2,01297.23,"Содержание воды, % масс.",,0.07
Детергент_2,01297.23,"Содержание масла, % масс.",,50.0
Детергент_2,01297.23,"Содержание металла (Ca/Mg), % масс.",,6.34
Детергент_2,01297.23,"Содержание мыла, % масс.",,30.0
Детергент_2,01297.23,"Содержание серы, % масс.",,1.6
Детергент_2,01297.23,Степень полисульфидности,,1.25
Детергент_2,01297.23,"Щелочное число, ASTM D2896",,171.0
Детергент_2,01297.23,"Щелочное число, ГОСТ 11362",,391.6
Детергент_2,02957.22,"Кинематическая вязкость, при 100°C, ASTM D445",,14.62
Детергент_2,02957.22,"Кислотное число, ГОСТ 11362",,11.2
Детергент_2,02957.22,Массовая доля кальция | ASTM D6481,,5.88
Детергент_2,02957.22,"Массовая доля кальция, ASTM D6481",,6.33
Детергент_2,02957.22,"Массовая доля серы, ASTM D6481",,1.598
Детергент_2,02957.22,"Массовая доля фосфора, ASTM D6481",,0.0004
Детергент_2,02957.22,Массовая доля цинка | ASTM D6481,,0.0002
Детергент_2,02957.22,"Массовая доля цинка, ASTM D6481",,0.0002
Детергент_2,02957.22,Отношение Мыло/Основание,,1.5
Детергент_2,02957.22,"Плотность при 15°С, ASTM D4052",,1.2
Детергент_2,02957.22,"Содержание MgCO3, CaCO3, % масс.",,20.0
Детергент_2,02957.22,"Содержание воды, % масс.",,0.07
Детергент_2,02957.22,"Содержание масла, % масс.",,50.0
Детергент_2,02957.22,"Содержание металла (Ca/Mg), % масс.",,6.34
Детергент_2,02957.22,"Содержание мыла, % масс.",,30.0
Детергент_2,02957.22,"Содержание серы, % масс.",,1.6
Детергент_2,02957.22,Степень полисульфидности,,1.25
Детергент_2,02957.22,"Щелочное число, ASTM D2896",,173.3
Детергент_2,02957.22,"Щелочное число, ГОСТ 11362",,391.6
Детергент_2,typical,"Кинематическая вязкость, при 100°C, ASTM D445",,14.545
Детергент_2,typical,"Кислотное число, ГОСТ 11362",,11.2
Детергент_2,typical,Массовая доля кальция | ASTM D6481,,5.88
Детергент_2,typical,"Массовая доля кальция, ASTM D6481",,6.405
Детергент_2,typical,"Массовая доля серы, ASTM D6481",,1.598
Детергент_2,typical,"Массовая доля фосфора, ASTM D6481",,0.0004
Детергент_2,typical,Массовая доля цинка | ASTM D6481,,0.0002
Детергент_2,typical,"Массовая доля цинка, ASTM D6481",,0.0002
Детергент_2,typical,Отношение Мыло/Основание,,1.5
Детергент_2,typical,"Плотность при 15°С, ASTM D4052",,1.2
Детергент_2,typical,"Содержание MgCO3, CaCO3, % масс.",,20.0
Детергент_2,typical,"Содержание воды, % масс.",,0.07
Детергент_2,typical,"Содержание масла, % масс.",,50.0
Детергент_2,typical,"Содержание металла (Ca/Mg), % масс.",,6.34
Детергент_2,typical,"Содержание мыла, % масс.",,30.0
Детергент_2,typical,"Содержание серы, % масс.",,1.6
Детергент_2,typical,Степень полисульфидности,,1.25
Детергент_2,typical,"Щелочное число, ASTM D2896",,172.15
Детергент_2,typical,"Щелочное число, ГОСТ 11362",,391.6
Детергент_20,03007.22,"Кинематическая вязкость, при 100°C, ASTM D445",,314.7
Детергент_20,03007.22,"Кислотное число, ГОСТ 11362",,11.2
Детергент_20,03007.22,Массовая доля кальция | ASTM D6481,,5.88
Детергент_20,03007.22,"Массовая доля кальция, ASTM D6481",,8.63
Детергент_20,03007.22,"Массовая доля серы, ASTM D6481",,2.79
Детергент_20,03007.22,"Массовая доля фосфора, ASTM D6481",,0.002
Детергент_20,03007.22,Массовая доля цинка | ASTM D6481,,0.0002
Детергент_20,03007.22,"Массовая доля цинка, ASTM D6481",,0.003
Детергент_20,03007.22,Отношение Мыло/Основание,,1.333333333
Детергент_20,03007.22,"Содержание MgCO3, CaCO3, % масс.",,30.0
Детергент_20,03007.22,"Содержание воды, % масс.",,0.07
Детергент_20,03007.22,"Содержание масла, % масс.",,30.0
Детергент_20,03007.22,"Содержание металла (Ca/Mg), % масс.",,8.53
Детергент_20,03007.22,"Содержание мыла, % масс.",,40.0
Детергент_20,03007.22,"Содержание серы, % масс.",,3.0
Детергент_20,03007.22,Степень полисульфидности,,1.3
Детергент_20,03007.22,"Щелочное число, ASTM D2896",,240.3
Детергент_20,03007.22,"Щелочное число, ГОСТ 11362",,391.6
Детергент_20,typical,"Кинематическая вязкость, при 100°C, ASTM D445",,314.7
Детергент_20,typical,"Кислотное число, ГОСТ 11362",,11.2
Детергент_20,typical,Массовая доля кальция | ASTM D6481,,5.88
Детергент_20,typical,"Массовая доля кальция, ASTM D6481",,8.63
Детергент_20,typical,"Массовая доля серы, ASTM D6481",,2.79
Детергент_20,typical,"Массовая доля фосфора, ASTM D6481",,0.002
Детергент_20,typical,Массовая доля цинка | ASTM D6481,,0.0002
Детергент_20,typical,"Массовая доля цинка, ASTM D6481",,0.003
Детергент_20,typical,Отношение Мыло/Основание,,1.333333333
Детергент_20,typical,"Содержание MgCO3, CaCO3, % масс.",,30.0
Детергент_20,typical,"Содержание воды, % масс.",,0.07
Детергент_20,typical,"Содержание масла, % масс.",,30.0
Детергент_20,typical,"Содержание металла (Ca/Mg), % масс.",,8.53
Детергент_20,typical,"Содержание мыла, % масс.",,40.0
Детергент_20,typical,"Содержание серы, % масс.",,3.0
Детергент_20,typical,Степень полисульфидности,,1.3
Детергент_20,typical,"Щелочное число, ASTM D2896",,240.3
Детергент_20,typical,"Щелочное число, ГОСТ 11362",,391.6
Детергент_21,typical,"Кинематическая вязкость, при 100°C, ASTM D445",,300.0
Детергент_21,typical,"Кислотное число, ГОСТ 11362",,11.2
Детергент_21,typical,Массовая доля кальция | ASTM D6481,,5.88
Детергент_21,typical,"Массовая доля кальция, ASTM D6481",,15.39
Детергент_21,typical,"Массовая доля фосфора, ASTM D6481",,0.0006
Детергент_21,typical,Массовая доля цинка | ASTM D6481,,0.0002
Детергент_21,typical,"Массовая доля цинка, ASTM D6481",,0.0007
Детергент_21,typical,Отношение Мыло/Основание,,1.333333333
Детергент_21,typical,"Содержание MgCO3, CaCO3, % масс.",,30.0
Детергент_21,typical,"Содержание воды, % масс.",,0.07
Детергент_21,typical,"Содержание масла, % масс.",,30.0
Детергент_21,typical,"Содержание мыла, % масс.",,40.0
Детергент_21,typical,"Содержание серы, % масс.",,2.1
Детергент_21,typical,Степень полисульфидности,,1.25
Детергент_21,typical,"Щелочное число, ASTM D2896",,328.2
Детергент_21,typical,"Щелочное число, ГОСТ 11362",,391.6
Детергент_22,03009.22,"Кинематическая вязкость, при 100°C, ASTM D445",,117.8
Детергент_22,03009.22,"Кислотное число, ГОСТ 11362",,11.2
Детергент_22,03009.22,Массовая доля кальция | ASTM D6481,,5.88
Детергент_22,03009.22,"Массовая доля кальция, ASTM D6481",,11.43
Детергент_22,03009.22,"Массовая доля серы, ASTM D6481",,0.097
Детергент_22,03009.22,"Массовая доля фосфора, ASTM D6481",,0.0008
Детергент_22,03009.22,Массовая доля цинка | ASTM D6481,,0.0002
Детергент_22,03009.22,"Массовая доля цинка, ASTM D6481",,0.0014
Детергент_22,03009.22,Отношение Мыло/Основание,,1.6
Детергент_22,03009.22,"Содержание MgCO3, CaCO3, % масс.",,25.0
Детергент_22,03009.22,"Содержание воды, % масс.",,0.07
Детергент_22,03009.22,"Содержание масла, % масс.",,20.0
Детергент_22,03009.22,"Содержание металла (Ca/Mg), % масс.",,11.08
Детергент_22,03009.22,"Содержание мыла, % масс.",,40.0
Детергент_22,03009.22,"Содержание серы, % масс.",,1.6
Детергент_22,03009.22,Степень полисульфидности,,1.25
Детергент_22,03009.22,"Щелочное число, ASTM D2896",,324.2
Детергент_22,03009.22,"Щелочное число, ГОСТ 11362",,391.6
Детергент_22,typical,"Кинематическая вязкость, при 100°C, ASTM D445",,117.8
Детергент_22,typical,"Кислотное число, ГОСТ 11362",,11.2
Детергент_22,typical,Массовая доля кальция | ASTM D6481,,5.88
Детергент_22,typical,"Массовая доля кальция, ASTM D6481",,11.43
Детергент_22,typical,"Массовая доля серы, ASTM D6481",,0.097
Детергент_22,typical,"Массовая доля фосфора, ASTM D6481",,0.0008
Детергент_22,typical,Массовая доля цинка | ASTM D6481,,0.0002
Детергент_22,typical,"Массовая доля цинка, ASTM D6481",,0.0014
Детергент_22,typical,Отношение Мыло/Основание,,1.6
Детергент_22,typical,"Содержание MgCO3, CaCO3, % масс.",,25.0
Детергент_22,typical,"Содержание воды, % масс.",,0.07
Детергент_22,typical,"Содержание масла, % масс.",,20.0
Детергент_22,typical,"Содержание металла (Ca/Mg), % масс.",,11.08
Детергент_22,typical,"Содержание мыла, % масс.",,40.0
Детергент_22,typical,"Содержание серы, % масс.",,1.6
Детергент_22,typical,Степень полисульфидности,,1.25
Детергент_22,typical,"Щелочное число, ASTM D2896",,324.2
Детергент_22,typical,"Щелочное число, ГОСТ 11362",,391.6
Детергент_23,typical,"Кинематическая вязкость, при 100°C, ASTM D445",,27.0
Детергент_23,typical,"Кислотное число, ГОСТ 11362",,11.2
Детергент_23,typical,Массовая доля кальция | ASTM D6481,,5.88
Детергент_23,typical,"Массовая доля кальция, ASTM D6481",,15.39
Детергент_23,typical,"Массовая доля серы, ASTM D6481",,1.598
Детергент_23,typical,"Массовая доля фосфора, ASTM D6481",,0.0006
Детергент_23,typical,Массовая доля цинка | ASTM D6481,,0.0002
Детергент_23,typical,"Массовая доля цинка, ASTM D6481",,0.0007
Детергент_23,typical,Отношение Мыло/Основание,,40.0
Детергент_23,typical,"Размер мицелл, нм",,60.0
Детергент_23,typical,"Содержание MgCO3, CaCO3, % масс.",,1.0
Детергент_23,typical,"Содержание воды, % масс.",,0.07
Детергент_23,typical,"Содержание масла, % масс.",,59.0
Детергент_23,typical,"Содержание металла (Ca/Mg), % масс.",,2.54
Детергент_23,typical,"Содержание мыла, % масс.",,40.0
Детергент_23,typical,"Содержание серы, % масс.",,2.65
Детергент_23,typical,Степень полисульфидности,,1.25
Детергент_23,typical,"Щелочное число, ASTM D2896",,29.2
Детергент_23,typical,"Щелочное число, ГОСТ 11362",,391.6
Детергент_3,01714.24,"Кинематическая вязкость, при 100°C, ASTM D445",,136.38
Детергент_3,01714.24,"Кислотное число, ГОСТ 11362",,11.2
Детергент_3,01714.24,Массовая доля кальция | ASTM D6481,,5.88
Детергент_3,01714.24,"Массовая доля кальция, ASTM D6481",,5.66
Детергент_3,01714.24,"Массовая доля серы, ASTM D6481",,2.65
Детергент_3,01714.24,"Массовая доля фосфора, ASTM D6481",,0.0006
Детергент_3,01714.24,Массовая доля цинка | ASTM D6481,,0.0002
Детергент_3,01714.24,"Массовая доля цинка, ASTM D6481",,0.0007
Детергент_3,01714.24,Отношение Мыло/Основание,,4.0
Детергент_3,01714.24,"Содержание MgCO3, CaCO3, % масс.",,10.0
Детергент_3,01714.24,"Содержание воды, % масс.",,0.07
Детергент_3,01714.24,"Содержание масла, % масс.",,60.0
Детергент_3,01714.24,"Содержание металла (Ca/Mg), % масс.",,5.8
Детергент_3,01714.24,"Содержание мыла, % масс.",,40.0
Детергент_3,01714.24,"Содержание серы, % масс.",,2.6
Детергент_3,01714.24,Степень полисульфидности,,1.3
Детергент_3,01714.24,"Щелочное число, ASTM D2896",,167.3
Детергент_3,01714.24,"Щелочное число, ГОСТ 11362",,391.6
Детергент_3,48670.24,"Кинематическая вязкость, при 100°C, ASTM D445",,92.76
Детергент_3,48670.24,"Кислотное число, ГОСТ 11362",,11.2
Детергент_3,48670.24,Массовая доля кальция | ASTM D6481,,5.88
Детергент_3,48670.24,"Массовая доля кальция, ASTM D6481",,5.66
Детергент_3,48670.24,"Массовая доля серы, ASTM D6481",,2.65
Детергент_3,48670.24,"Массовая доля фосфора, ASTM D6481",,0.0006
Детергент_3,48670.24,Массовая доля цинка | ASTM D6481,,0.0002
Детергент_3,48670.24,"Массовая доля цинка, ASTM D6481",,0.0007
Детергент_3,48670.24,Отношение Мыло/Основание,,4.0
Детергент_3,48670.24,"Содержание MgCO3, CaCO3, % масс.",,10.0
Детергент_3,48670.24,"Содержание воды, % масс.",,0.07
Детергент_3,48670.24,"Содержание масла, % масс.",,60.0
Детергент_3,48670.24,"Содержание металла (Ca/Mg), % масс.",,5.8
Детергент_3,48670.24,"Содержание мыла, % масс.",,40.0
Детергент_3,48670.24,"Содержание серы, % масс.",,2.6
Детергент_3,48670.24,Степень полисульфидности,,1.3
Детергент_3,48670.24,"Щелочное число, ASTM D2896",,158.65
Детергент_3,48670.24,"Щелочное число, ГОСТ 11362",,391.6
Детергент_3,typical,"Кинематическая вязкость, при 100°C, ASTM D445",,180.0
Детергент_3,typical,"Кислотное число, ГОСТ 11362",,11.2
Детергент_3,typical,Массовая доля кальция | ASTM D6481,,5.88
Детергент_3,typical,"Массовая доля кальция, ASTM D6481",,5.66
Детергент_3,typical,"Массовая доля серы, ASTM D6481",,2.65
Детергент_3,typical,"Массовая доля фосфора, ASTM D6481",,0.0006
Детергент_3,typical,Массовая доля цинка | ASTM D6481,,0.0002
Детергент_3,typical,"Массовая доля цинка, ASTM D6481",,0.0007
Детергент_3,typical,Отношение Мыло/Основание,,4.0
Детергент_3,typical,"Содержание MgCO3, CaCO3, % масс.",,10.0
Детергент_3,typical,"Содержание воды, % масс.",,0.07
Детергент_3,typical,"Содержание масла, % масс.",,60.0
Детергент_3,typical,"Содержание металла (Ca/Mg), % масс.",,5.8
Детергент_3,typical,"Содержание мыла, % масс.",,40.0
Детергент_3,typical,"Содержание серы, % масс.",,2.6
Детергент_3,typical,Степень полисульфидности,,1.3
Детергент_3,typical,"Щелочное число, ASTM D2896",,150.0
Детергент_3,typical,"Щелочное число, ГОСТ 11362",,391.6
Детергент_4,02585.22,"Кинематическая вязкость, при 100°C, ASTM D445",,16.58
Детергент_4,02585.22,"Кислотное число, ГОСТ 11362",,11.2
Детергент_4,02585.22,Массовая доля кальция | ASTM D6481,,5.88
Детергент_4,02585.22,"Массовая доля кальция, ASTM D6481",,6.18
Детергент_4,02585.22,"Массовая доля серы, ASTM D6481",,2.439
Детергент_4,02585.22,"Массовая доля фосфора, ASTM D6481",,0.005
Детергент_4,02585.22,Массовая доля цинка | ASTM D6481,,0.0002
Детергент_4,02585.22,"Массовая доля цинка, ASTM D6481",,0.008
Детергент_4,02585.22,Отношение Мыло/Основание,,3.0
Детергент_4,02585.22,"Содержание MgCO3, CaCO3, % масс.",,10.0
Детергент_4,02585.22,"Содержание воды, % масс.",,0.09
Детергент_4,02585.22,"Содержание масла, % масс.",,60.0
Детергент_4,02585.22,"Содержание металла (Ca/Mg), % масс.",,6.34
Детергент_4,02585.22,"Содержание мыла, % масс.",,30.0
Детергент_4,02585.22,"Содержание серы, % масс.",,1.6
Детергент_4,02585.22,Степень полисульфидности,,1.25
Детергент_4,02585.22,"Щелочное число, ASTM D2896",,159.725
Детергент_4,02585.22,"Щелочное число, ГОСТ 11362",,149.95
Детергент_4,02623.22,"Кинематическая вязкость, при 100°C, ASTM D445",,15.6
Детергент_4,02623.22,"Кислотное число, ГОСТ 11362",,11.2
Детергент_4,02623.22,Массовая доля кальция | ASTM D6481,,5.88
Детергент_4,02623.22,"Массовая доля кальция, ASTM D6481",,4.72
Детергент_4,02623.22,"Массовая доля серы, ASTM D6481",,2.5
Детергент_4,02623.22,"Массовая доля фосфора, ASTM D6481",,0.9
Детергент_4,02623.22,Массовая доля цинка | ASTM D6481,,0.0002
Детергент_4,02623.22,"Массовая доля цинка, ASTM D6481",,0.88
Детергент_4,02623.22,Отношение Мыло/Основание,,3.0
Детергент_4,02623.22,"Содержание MgCO3, CaCO3, % масс.",,10.0
Детергент_4,02623.22,"Содержание воды, % масс.",,0.09
Детергент_4,02623.22,"Содержание масла, % масс.",,60.0
Детергент_4,02623.22,"Содержание металла (Ca/Mg), % масс.",,6.34
Детергент_4,02623.22,"Содержание мыла, % масс.",,30.0
Детергент_4,02623.22,"Содержание серы, % масс.",,1.6
Детергент_4,02623.22,Степень полисульфидности,,1.25
Детергент_4,02623.22,"Щелочное число, ASTM D2896",,149.6
Детергент_4,02623.22,"Щелочное число, ГОСТ 11362",,151.3
Детергент_4,02849.22,"Кинематическая вязкость, при 100°C, ASTM D445",,15.66
Детергент_4,02849.22,"Кислотное число, ГОСТ 11362",,11.2
Детергент_4,02849.22,Массовая доля кальция | ASTM D6481,,5.88
Детергент_4,02849.22,"Массовая доля кальция, ASTM D6481",,5.392
Детергент_4,02849.22,"Массовая доля серы, ASTM D6481",,2.378
Детергент_4,02849.22,"Массовая доля фосфора, ASTM D6481",,0.95
Детергент_4,02849.22,Массовая доля цинка | ASTM D6481,,0.0002
Детергент_4,02849.22,"Массовая доля цинка, ASTM D6481",,1.114
Детергент_4,02849.22,Отношение Мыло/Основание,,3.0
Детергент_4,02849.22,"Содержание MgCO3, CaCO3, % масс.",,10.0
Детергент_4,02849.22,"Содержание воды, % масс.",,0.09
Детергент_4,02849.22,"Содержание масла, % масс.",,60.0
Детергент_4,02849.22,"Содержание металла (Ca/Mg), % масс.",,6.34
Детергент_4,02849.22,"Содержание мыла, % масс.",,30.0
Детергент_4,02849.22,"Содержание серы, % масс.",,1.6
Детергент_4,02849.22,Степень полисульфидности,,1.25
Детергент_4,02849.22,"Щелочное число, ASTM D2896",,151.3
Детергент_4,02849.22,"Щелочное число, ГОСТ 11362",,148.6
Детергент_4,0338.22,"Кинематическая вязкость, при 100°C, ASTM D445",,16.68
Детергент_4,0338.22,"Кислотное число, ГОСТ 11362",,11.2
Детергент_4,0338.22,Массовая доля кальция | ASTM D6481,,5.88
Детергент_4,0338.22,"Массовая доля кальция, ASTM D6481",,6.144
Детергент_4,0338.22,"Массовая доля серы, ASTM D6481",,2.439
Детергент_4,0338.22,"Массовая доля фосфора, ASTM D6481",,0.894
Детергент_4,0338.22,Массовая доля цинка | ASTM D6481,,0.0002
Детергент_4,0338.22,"Массовая доля цинка, ASTM D6481",,0.0064
Детергент_4,0338.22,Отношение Мыло/Основание,,3.0
Детергент_4,0338.22,"Содержание MgCO3, CaCO3, % масс.",,10.0
Детергент_4,0338.22,"Содержание воды, % масс.",,0.09
Детергент_4,0338.22,"Содержание масла, % масс.",,60.0
Детергент_4,0338.22,"Содержание металла (Ca/Mg), % масс.",,6.34
Детергент_4,0338.22,"Содержание мыла, % масс.",,30.0
Детергент_4,0338.22,"Содержание серы, % масс.",,1.6
Детергент_4,0338.22,Степень полисульфидности,,1.25
Детергент_4,0338.22,"Щелочное число, ASTM D2896",,168.0
Детергент_4,0338.22,"Щелочное число, ГОСТ 11362",,149.95
Детергент_4,14558.22,"Кинематическая вязкость, при 100°C, ASTM D445",,16.014000000000003
Детергент_4,14558.22,"Кислотное число, ГОСТ 11362",,11.2
Детергент_4,14558.22,Массовая доля кальция | ASTM D6481,,5.88
Детергент_4,14558.22,"Массовая доля кальция, ASTM D6481",,5.48
Детергент_4,14558.22,"Массовая доля серы, ASTM D6481",,2.439
Детергент_4,14558.22,"Массовая доля фосфора, ASTM D6481",,0.888
Детергент_4,14558.22,Массовая доля цинка | ASTM D6481,,0.0002
Детергент_4,14558.22,"Массовая доля цинка, ASTM D6481",,1.127
Детергент_4,14558.22,Отношение Мыло/Основание,,3.0
Детергент_4,14558.22,"Содержание MgCO3, CaCO3, % масс.",,10.0
Детергент_4,14558.22,"Содержание воды, % масс.",,0.09
Детергент_4,14558.22,"Содержание масла, % масс.",,60.0
Детергент_4,14558.22,"Содержание металла (Ca/Mg), % масс.",,6.34
Детергент_4,14558.22,"Содержание мыла, % масс.",,30.0
Детергент_4,14558.22,"Содержание серы, % масс.",,1.6
Детергент_4,14558.22,Степень полисульфидности,,1.25
Детергент_4,14558.22,"Щелочное число, ASTM D2896",,159.725
Детергент_4,14558.22,"Щелочное число, ГОСТ 11362",,149.95
Детергент_4,typical,"Кинематическая вязкость, при 100°C, ASTM D445",,15.55
Детергент_4,typical,"Кислотное число, ГОСТ 11362",,11.2
Детергент_4,typical,Массовая доля кальция | ASTM D6481,,5.88
Детергент_4,typical,"Массовая доля кальция, ASTM D6481",,5.5832
Детергент_4,typical,"Массовая доля серы, ASTM D6481",,2.439
Детергент_4,typical,"Массовая доля фосфора, ASTM D6481",,0.894
Детергент_4,typical,Массовая доля цинка | ASTM D6481,,0.0002
Детергент_4,typical,"Массовая доля цинка, ASTM D6481",,0.88
Детергент_4,typical,Отношение Мыло/Основание,,3.0
Детергент_4,typical,"Содержание MgCO3, CaCO3, % масс.",,10.0
Детергент_4,typical,"Содержание воды, % масс.",,0.09
Детергент_4,typical,"Содержание масла, % масс.",,60.0
Детергент_4,typical,"Содержание металла (Ca/Mg), % масс.",,6.34
Детергент_4,typical,"Содержание мыла, % масс.",,30.0
Детергент_4,typical,"Содержание серы, % масс.",,1.6
Детергент_4,typical,Степень полисульфидности,,1.25
Детергент_4,typical,"Щелочное число, ASTM D2896",,170.0
Детергент_4,typical,"Щелочное число, ГОСТ 11362",,149.95
Детергент_5,typical,"Кислотное число, ГОСТ 11362",,11.2
Детергент_5,typical,Массовая доля кальция | ASTM D6481,,5.88
Детергент_5,typical,"Массовая доля кальция, ASTM D6481",,15.39
Детергент_5,typical,"Массовая доля фосфора, ASTM D6481",,0.0006
Детергент_5,typical,Массовая доля цинка | ASTM D6481,,0.0002
Детергент_5,typical,"Массовая доля цинка, ASTM D6481",,0.0007
Детергент_5,typical,Отношение Мыло/Основание,,40.0
Детергент_5,typical,"Размер мицелл, нм",,100.0
Детергент_5,typical,"Содержание MgCO3, CaCO3, % масс.",,1.0
Детергент_5,typical,"Содержание воды, % масс.",,0.07
Детергент_5,typical,"Содержание масла, % масс.",,60.0
Детергент_5,typical,"Содержание металла (Ca/Mg), % масс.",,2.48
Детергент_5,typical,"Содержание мыла, % масс.",,40.0
Детергент_5,typical,"Содержание серы, % масс.",,2.4
Детергент_5,typical,Степень полисульфидности,,1.25
Детергент_5,typical,"Щелочное число, ГОСТ 11362",,391.6
Детергент_6,01066.23,"Кинематическая вязкость, при 100°C, ASTM D445",,262.6
Детергент_6,01066.23,"Кислотное число, ГОСТ 11362",,11.2
Детергент_6,01066.23,Массовая доля кальция | ASTM D6481,,5.88
Детергент_6,01066.23,"Массовая доля кальция, ASTM D6481",,10.13
Детергент_6,01066.23,"Массовая доля серы, ASTM D6481",,3.154
Детергент_6,01066.23,"Массовая доля фосфора, ASTM D6481",,0.0006
Детергент_6,01066.23,Массовая доля цинка | ASTM D6481,,0.0002
Детергент_6,01066.23,"Массовая доля цинка, ASTM D6481",,0.0001
Детергент_6,01066.23,Отношение Мыло/Основание,,2.0
Детергент_6,01066.23,"Плотность при 15°С, ASTM D4052",,1.09
Детергент_6,01066.23,"Содержание MgCO3, CaCO3, % масс.",,20.0
Детергент_6,01066.23,"Содержание воды, % масс.",,0.05
Детергент_6,01066.23,"Содержание масла, % масс.",,40.0
Детергент_6,01066.23,"Содержание металла (Ca/Mg), % масс.",,5.6
Детергент_6,01066.23,"Содержание мыла, % масс.",,40.0
Детергент_6,01066.23,"Содержание серы, % масс.",,3.3
Детергент_6,01066.23,Степень полисульфидности,,1.62
Детергент_6,01066.23,"Щелочное число, ASTM D2896",,315.1
Детергент_6,01066.23,"Щелочное число, ГОСТ 11362",,272.8
Детергент_6,02034.22,"Кинематическая вязкость, при 100°C, ASTM D445",,215.7
Детергент_6,02034.22,"Кислотное число, ГОСТ 11362",,11.2
Детергент_6,02034.22,Массовая доля кальция | ASTM D6481,,5.88
Детергент_6,02034.22,"Массовая доля кальция, ASTM D6481",,10.33
Детергент_6,02034.22,"Массовая доля серы, ASTM D6481",,2.81
Детергент_6,02034.22,"Массовая доля фосфора, ASTM D6481",,0.0012
Детергент_6,02034.22,Массовая доля цинка | ASTM D6481,,0.0002
Детергент_6,02034.22,"Массовая доля цинка, ASTM D6481",,0.001
Детергент_6,02034.22,Отношение Мыло/Основание,,2.0
Детергент_6,02034.22,"Плотность при 15°С, ASTM D4052",,1.09
Детергент_6,02034.22,"Содержание MgCO3, CaCO3, % масс.",,20.0
Детергент_6,02034.22,"Содержание воды, % масс.",,0.05
Детергент_6,02034.22,"Содержание масла, % масс.",,40.0
Детергент_6,02034.22,"Содержание металла (Ca/Mg), % масс.",,5.6
Детергент_6,02034.22,"Содержание мыла, % масс.",,40.0
Детергент_6,02034.22,"Содержание серы, % масс.",,3.3
Детергент_6,02034.22,Степень полисульфидности,,1.62
Детергент_6,02034.22,"Щелочное число, ASTM D2896",,272.7
Детергент_6,02034.22,"Щелочное число, ГОСТ 11362",,272.8
Детергент_6,02657.22,"Кинематическая вязкость, при 100°C, ASTM D445",,271.9
Детергент_6,02657.22,"Кислотное число, ГОСТ 11362",,11.2
Детергент_6,02657.22,Массовая доля кальция | ASTM D6481,,5.88
Детергент_6,02657.22,"Массовая доля кальция, ASTM D6481",,10.59
Детергент_6,02657.22,"Массовая доля серы, ASTM D6481",,0.326
Детергент_6,02657.22,"Массовая доля фосфора, ASTM D6481",,0.0006
Детергент_6,02657.22,Массовая доля цинка | ASTM D6481,,0.0002
Детергент_6,02657.22,"Массовая доля цинка, ASTM D6481",,0.0005
Детергент_6,02657.22,Отношение Мыло/Основание,,2.0
Детергент_6,02657.22,"Плотность при 15°С, ASTM D4052",,1.09
Детергент_6,02657.22,"Содержание MgCO3, CaCO3, % масс.",,20.0
Детергент_6,02657.22,"Содержание воды, % масс.",,0.05
Детергент_6,02657.22,"Содержание масла, % масс.",,40.0
Детергент_6,02657.22,"Содержание металла (Ca/Mg), % масс.",,5.6
Детергент_6,02657.22,"Содержание мыла, % масс.",,40.0
Детергент_6,02657.22,"Содержание серы, % масс.",,3.3
Детергент_6,02657.22,Степень полисульфидности,,1.62
Детергент_6,02657.22,"Щелочное число, ASTM D2896",,269.4
Детергент_6,02657.22,"Щелочное число, ГОСТ 11362",,272.8
Детергент_6,03340.22,"Кинематическая вязкость, при 100°C, ASTM D445",,269.9
Детергент_6,03340.22,"Кислотное число, ГОСТ 11362",,11.2
Детергент_6,03340.22,Массовая доля кальция | ASTM D6481,,5.88
Детергент_6,03340.22,"Массовая доля кальция, ASTM D6481",,10.14
Детергент_6,03340.22,"Массовая доля серы, ASTM D6481",,2.81
Детергент_6,03340.22,"Массовая доля фосфора, ASTM D6481",,0.0007999999999999
Детергент_6,03340.22,Массовая доля цинка | ASTM D6481,,0.0002
Детергент_6,03340.22,"Массовая доля цинка, ASTM D6481",,0.0005
Детергент_6,03340.22,Отношение Мыло/Основание,,2.0
Детергент_6,03340.22,"Плотность при 15°С, ASTM D4052",,1.09
Детергент_6,03340.22,"Содержание MgCO3, CaCO3, % масс.",,20.0
Детергент_6,03340.22,"Содержание воды, % масс.",,0.05
Детергент_6,03340.22,"Содержание масла, % масс.",,40.0
Детергент_6,03340.22,"Содержание металла (Ca/Mg), % масс.",,5.6
Детергент_6,03340.22,"Содержание мыла, % масс.",,40.0
Детергент_6,03340.22,"Содержание серы, % масс.",,3.3
Детергент_6,03340.22,Степень полисульфидности,,1.62
Детергент_6,03340.22,"Щелочное число, ASTM D2896",,276.1
Детергент_6,03340.22,"Щелочное число, ГОСТ 11362",,272.8
Детергент_6,typical,"Кинематическая вязкость, при 100°C, ASTM D445",,255.025
Детергент_6,typical,"Кислотное число, ГОСТ 11362",,11.2
Детергент_6,typical,Массовая доля кальция | ASTM D6481,,5.88
Детергент_6,typical,"Массовая доля кальция, ASTM D6481",,10.2975
Детергент_6,typical,"Массовая доля серы, ASTM D6481",,2.81
Детергент_6,typical,"Массовая доля фосфора, ASTM D6481",,0.0007999999999999
Детергент_6,typical,Массовая доля цинка | ASTM D6481,,0.0002
Детергент_6,typical,"Массовая доля цинка, ASTM D6481",,0.0005
Детергент_6,typical,Отношение Мыло/Основание,,2.0
Детергент_6,typical,"Плотность при 15°С, ASTM D4052",,1.09
Детергент_6,typical,"Содержание MgCO3, CaCO3, % масс.",,20.0
Детергент_6,typical,"Содержание воды, % масс.",,0.05
Детергент_6,typical,"Содержание масла, % масс.",,40.0
Детергент_6,typical,"Содержание металла (Ca/Mg), % масс.",,5.6
Детергент_6,typical,"Содержание мыла, % масс.",,40.0
Детергент_6,typical,"Содержание серы, % масс.",,3.3
Детергент_6,typical,Степень полисульфидности,,1.62
Детергент_6,typical,"Щелочное число, ASTM D2896",,283.325
Детергент_6,typical,"Щелочное число, ГОСТ 11362",,272.8
Детергент_7,03229.24,"Кинематическая вязкость, при 100°C, ASTM D445",,31.81
Детергент_7,03229.24,"Кислотное число, ГОСТ 11362",,11.2
Детергент_7,03229.24,Массовая доля кальция | ASTM D6481,,5.88
Детергент_7,03229.24,"Массовая доля кальция, ASTM D6481",,2.484
Детергент_7,03229.24,"Массовая доля серы, ASTM D6481",,1.598
Детергент_7,03229.24,"Массовая доля фосфора, ASTM D6481",,2.873
Детергент_7,03229.24,Массовая доля цинка | ASTM D6481,,0.0002
Детергент_7,03229.24,"Массовая доля цинка, ASTM D6481",,0.0344
Детергент_7,03229.24,Отношение Мыло/Основание,,40.0
Детергент_7,03229.24,"Размер мицелл, нм",,100.0
Детергент_7,03229.24,"Содержание MgCO3, CaCO3, % масс.",,1.0
Детергент_7,03229.24,"Содержание воды, % масс.",,0.07
Детергент_7,03229.24,"Содержание масла, % масс.",,60.0
Детергент_7,03229.24,"Содержание металла (Ca/Mg), % масс.",,2.48
Детергент_7,03229.24,"Содержание мыла, % масс.",,40.0
Детергент_7,03229.24,"Содержание серы, % масс.",,2.4
Детергент_7,03229.24,Степень полисульфидности,,1.25
Детергент_7,03229.24,"Щелочное число, ASTM D2896",,328.2
Детергент_7,03229.24,"Щелочное число, ГОСТ 11362",,391.6
Детергент_7,typical,"Кинематическая вязкость, при 100°C, ASTM D445",,31.81
Детергент_7,typical,"Кислотное число, ГОСТ 11362",,11.2
Детергент_7,typical,Массовая доля кальция | ASTM D6481,,5.88
Детергент_7,typical,"Массовая доля кальция, ASTM D6481",,2.484
Детергент_7,typical,"Массовая доля серы, ASTM D6481",,1.598
Детергент_7,typical,"Массовая доля фосфора, ASTM D6481",,2.873
Детергент_7,typical,Массовая доля цинка | ASTM D6481,,0.0002
Детергент_7,typical,"Массовая доля цинка, ASTM D6481",,0.0344
Детергент_7,typical,Отношение Мыло/Основание,,40.0
Детергент_7,typical,"Размер мицелл, нм",,100.0
Детергент_7,typical,"Содержание MgCO3, CaCO3, % масс.",,1.0
Детергент_7,typical,"Содержание воды, % масс.",,0.07
Детергент_7,typical,"Содержание масла, % масс.",,60.0
Детергент_7,typical,"Содержание металла (Ca/Mg), % масс.",,2.48
Детергент_7,typical,"Содержание мыла, % масс.",,40.0
Детергент_7,typical,"Содержание серы, % масс.",,2.4
Детергент_7,typical,Степень полисульфидности,,1.25
Детергент_7,typical,"Щелочное число, ASTM D2896",,328.2
Детергент_7,typical,"Щелочное число, ГОСТ 11362",,391.6
Детергент_7,синтетический,"Кинематическая вязкость, при 100°C, ASTM D445",,31.81
Детергент_7,синтетический,"Кислотное число, ГОСТ 11362",,11.2
Детергент_7,синтетический,Массовая доля кальция | ASTM D6481,,5.88
Детергент_7,синтетический,"Массовая доля кальция, ASTM D6481",,2.484
Детергент_7,синтетический,"Массовая доля серы, ASTM D6481",,1.598
Детергент_7,синтетический,"Массовая доля фосфора, ASTM D6481",,2.873
Детергент_7,синтетический,Массовая доля цинка | ASTM D6481,,0.0002
Детергент_7,синтетический,"Массовая доля цинка, ASTM D6481",,0.0344
Детергент_7,синтетический,Отношение Мыло/Основание,,40.0
Детергент_7,синтетический,"Размер мицелл, нм",,100.0
Детергент_7,синтетический,"Содержание MgCO3, CaCO3, % масс.",,1.0
Детергент_7,синтетический,"Содержание воды, % масс.",,0.07
Детергент_7,синтетический,"Содержание масла, % масс.",,60.0
Детергент_7,синтетический,"Содержание металла (Ca/Mg), % масс.",,2.48
Детергент_7,синтетический,"Содержание мыла, % масс.",,40.0
Детергент_7,синтетический,"Содержание серы, % масс.",,2.4
Детергент_7,синтетический,Степень полисульфидности,,1.25
Детергент_7,синтетический,"Щелочное число, ASTM D2896",,328.2
Детергент_7,синтетический,"Щелочное число, ГОСТ 11362",,391.6
Детергент_8,typical,"Кислотное число, ГОСТ 11362",,11.2
Детергент_8,typical,Массовая доля кальция | ASTM D6481,,5.88
Детергент_8,typical,"Массовая доля кальция, ASTM D6481",,15.39
Детергент_8,typical,"Массовая доля серы, ASTM D6481",,1.598
Детергент_8,typical,"Массовая доля фосфора, ASTM D6481",,0.0006
Детергент_8,typical,Массовая доля цинка | ASTM D6481,,0.0002
Детергент_8,typical,"Массовая доля цинка, ASTM D6481",,0.0007
Детергент_8,typical,Отношение Мыло/Основание,,0.7142857143
Детергент_8,typical,"Содержание MgCO3, CaCO3, % масс.",,35.0
Детергент_8,typical,"Содержание воды, % масс.",,0.07
Детергент_8,typical,"Содержание масла, % масс.",,45.0
Детергент_8,typical,"Содержание металла (Ca/Mg), % масс.",,15.54
Детергент_8,typical,"Содержание мыла, % масс.",,25.0
Детергент_8,typical,"Содержание серы, % масс.",,1.9
Детергент_8,typical,Степень полисульфидности,,1.25
Детергент_8,typical,"Щелочное число, ASTM D2896",,400.0
Детергент_8,typical,"Щелочное число, ГОСТ 11362",,391.6
Детергент_9,0241.25,"Кинематическая вязкость, при 100°C, ASTM D445",,14.96
Детергент_9,0241.25,"Кислотное число, ГОСТ 11362",,11.2
Детергент_9,0241.25,Массовая доля кальция | ASTM D6481,,5.88
Детергент_9,0241.25,"Массовая доля кальция, ASTM D6481",,6.77
Детергент_9,0241.25,"Массовая доля серы, ASTM D6481",,0.165
Детергент_9,0241.25,"Массовая доля фосфора, ASTM D6481",,0.0006
Детергент_9,0241.25,Массовая доля цинка | ASTM D6481,,0.0002
Детергент_9,0241.25,"Массовая доля цинка, ASTM D6481",,0.0007
Детергент_9,0241.25,Определение содержания воды методом Карла Фишера | ASTM D 6304,,28438.0
Детергент_9,0241.25,Отношение Мыло/Основание,,2.0
Детергент_9,0241.25,"Плотность при 15°С, ASTM D4052",,1.2
Детергент_9,0241.25,"Содержание MgCO3, CaCO3, % масс.",,15.0
Детергент_9,0241.25,"Содержание воды, % масс.",,0.07
Детергент_9,0241.25,"Содержание масла, % масс.",,55.0
Детергент_9,0241.25,"Содержание металла (Ca/Mg), % масс.",,6.34
Детергент_9,0241.25,"Содержание мыла, % масс.",,30.0
Детергент_9,0241.25,"Содержание серы, % масс.",,1.6
Детергент_9,0241.25,Степень полисульфидности,,1.25
Детергент_9,0241.25,"Щелочное число, ASTM D2896",,171.7
Детергент_9,0241.25,"Щелочное число, ГОСТ 11362",,161.2
Детергент_9,typical,"Кинематическая вязкость, при 100°C, ASTM D445",,16.0
Детергент_9,typical,"Кислотное число, ГОСТ 11362",,11.2
Детергент_9,typical,Массовая доля кальция | ASTM D6481,,5.88
Детергент_9,typical,"Массовая доля кальция, ASTM D6481",,6.77
Детергент_9,typical,"Массовая доля серы, ASTM D6481",,0.165
Детергент_9,typical,"Массовая доля фосфора, ASTM D6481",,0.0006
Детергент_9,typical,Массовая доля цинка | ASTM D6481,,0.0002
Детергент_9,typical,"Массовая доля цинка, ASTM D6481",,0.0007
Детергент_9,typical,Определение содержания воды методом Карла Фишера | ASTM D 6304,,28438.0
Детергент_9,typical,Отношение Мыло/Основание,,2.0
Детергент_9,typical,"Плотность при 15°С, ASTM D4052",,1.2
Детергент_9,typical,"Содержание MgCO3, CaCO3, % масс.",,15.0
Детергент_9,typical,"Содержание воды, % масс.",,0.07
Детергент_9,typical,"Содержание масла, % масс.",,55.0
Детергент_9,typical,"Содержание металла (Ca/Mg), % масс.",,6.34
Детергент_9,typical,"Содержание мыла, % масс.",,30.0
Детергент_9,typical,"Содержание серы, % масс.",,1.6
Детергент_9,typical,Степень полисульфидности,,1.25
Детергент_9,typical,"Щелочное число, ASTM D2896",,170.0
Детергент_9,typical,"Щелочное число, ГОСТ 11362",,161.2
Дисперсант_1,03067.22,Индекс полидисперсности,,1.6
Дисперсант_1,03067.22,Кинематическая вязкость,,216.0
Дисперсант_1,03067.22,"Кинематическая вязкость, при 100°C, ASTM D445",,248.7
Дисперсант_1,03067.22,"Масса гидрофобного хвоста, г/моль",,1300.0
Дисперсант_1,03067.22,"Массовая доля кальция, ASTM D6481",,0.002
Дисперсант_1,03067.22,"Массовая доля фосфора, ASTM D6481",,0.002
Дисперсант_1,03067.22,"Массовая доля цинка, ASTM D6481",,0.003
Дисперсант_1,03067.22,Содержание Азота,,2.1
Дисперсант_1,03067.22,Содержание Бора,,0.0
Дисперсант_1,03067.22,Содержание масла,,45.0
Дисперсант_1,03067.22,"Щелочное число, ASTM D2896",,40.9
Дисперсант_1,03067.22,"Щелочное число, ГОСТ 11362",,23.33
Дисперсант_1,36524.20,Индекс полидисперсности,,1.6
Дисперсант_1,36524.20,Кинематическая вязкость,,216.0
Дисперсант_1,36524.20,"Кинематическая вязкость, при 100°C, ASTM D445",,245.86
Дисперсант_1,36524.20,"Масса гидрофобного хвоста, г/моль",,1300.0
Дисперсант_1,36524.20,"Массовая доля кальция, ASTM D6481",,0.002
Дисперсант_1,36524.20,"Массовая доля фосфора, ASTM D6481",,0.002
Дисперсант_1,36524.20,"Массовая доля цинка, ASTM D6481",,0.003
Дисперсант_1,36524.20,Содержание Азота,,2.1
Дисперсант_1,36524.20,Содержание Бора,,0.0
Дисперсант_1,36524.20,Содержание масла,,45.0
Дисперсант_1,36524.20,"Щелочное число, ASTM D2896",,49.1
Дисперсант_1,36524.20,"Щелочное число, ГОСТ 11362",,23.33
Дисперсант_1,typical,Индекс полидисперсности,,1.6
Дисперсант_1,typical,Кинематическая вязкость,,216.0
Дисперсант_1,typical,"Кинематическая вязкость, при 100°C, ASTM D445",,247.28
Дисперсант_1,typical,"Масса гидрофобного хвоста, г/моль",,1300.0
Дисперсант_1,typical,"Массовая доля кальция, ASTM D6481",,0.002
Дисперсант_1,typical,"Массовая доля фосфора, ASTM D6481",,0.002
Дисперсант_1,typical,"Массовая доля цинка, ASTM D6481",,0.003
Дисперсант_1,typical,Содержание Азота,,2.1
Дисперсант_1,typical,Содержание Бора,,0.0
Дисперсант_1,typical,Содержание масла,,45.0
Дисперсант_1,typical,"Щелочное число, ASTM D2896",,45.0
Дисперсант_1,typical,"Щелочное число, ГОСТ 11362",,23.33
Дисперсант_10,01930.24,Индекс полидисперсности,,1.6
Дисперсант_10,01930.24,Кинематическая вязкость,,350.0
Дисперсант_10,01930.24,"Масса гидрофобного хвоста, г/моль",,1300.0
Дисперсант_10,01930.24,"Массовая доля кальция, ASTM D6481",,0.002
Дисперсант_10,01930.24,"Массовая доля цинка, ASTM D6481",,0.003
Дисперсант_10,01930.24,Содержание Азота,,1.2
Дисперсант_10,01930.24,Содержание Бора,,0.6
Дисперсант_10,01930.24,Содержание масла,,50.0
Дисперсант_10,01930.24,"Щелочное число, ASTM D2896",,23.96
Дисперсант_10,01930.24,"Щелочное число, ГОСТ 11362",,23.33
Дисперсант_10,typical,Индекс полидисперсности,,1.6
Дисперсант_10,typical,Кинематическая вязкость,,350.0
Дисперсант_10,typical,"Масса гидрофобного хвоста, г/моль",,1300.0
Дисперсант_10,typical,"Массовая доля кальция, ASTM D6481",,0.002
Дисперсант_10,typical,"Массовая доля цинка, ASTM D6481",,0.003
Дисперсант_10,typical,Содержание Азота,,1.2
Дисперсант_10,typical,Содержание Бора,,0.6
Дисперсант_10,typical,Содержание масла,,50.0
Дисперсант_10,typical,"Щелочное число, ASTM D2896",,23.96
Дисперсант_10,typical,"Щелочное число, ГОСТ 11362",,23.33
Дисперсант_11,02688.24,Индекс полидисперсности,,1.6
Дисперсант_11,02688.24,Кинематическая вязкость,,488.0
Дисперсант_11,02688.24,"Кинематическая вязкость, при 100°C, ASTM D445",,488.0
Дисперсант_11,02688.24,"Кислотное число, ГОСТ 11362",,6.508
Дисперсант_11,02688.24,"Масса гидрофобного хвоста, г/моль",,1300.0
Дисперсант_11,02688.24,"Массовая доля кальция, ASTM D6481",,0.002
Дисперсант_11,02688.24,"Массовая доля цинка, ASTM D6481",,0.003
Дисперсант_11,02688.24,Общее содержание азота | ASTM D3228,,1.491
Дисперсант_11,02688.24,Содержание Азота,,1.2
Дисперсант_11,02688.24,Содержание Бора,,0.6
Дисперсант_11,02688.24,Содержание масла,,50.0
Дисперсант_11,02688.24,Цвет | ASTM D1500,,7.7
Дисперсант_11,02688.24,"Щелочное число, ASTM D2896",,31.017
Дисперсант_11,02688.24,"Щелочное число, ГОСТ 11362",,20.83
Дисперсант_11,typical,Индекс полидисперсности,,1.6
Дисперсант_11,typical,Кинематическая вязкость,,488.0
Дисперсант_11,typical,"Кинематическая вязкость, при 100°C, ASTM D445",,488.0
Дисперсант_11,typical,"Кислотное число, ГОСТ 11362",,6.508
Дисперсант_11,typical,"Масса гидрофобного хвоста, г/моль",,1300.0
Дисперсант_11,typical,"Массовая доля кальция, ASTM D6481",,0.002
Дисперсант_11,typical,"Массовая доля цинка, ASTM D6481",,0.003
Дисперсант_11,typical,Общее содержание азота | ASTM D3228,,1.491
Дисперсант_11,typical,Содержание Азота,,1.2
Дисперсант_11,typical,Содержание Бора,,0.6
Дисперсант_11,typical,Содержание масла,,50.0
Дисперсант_11,typical,Цвет | ASTM D1500,,7.7
Дисперсант_11,typical,"Щелочное число, ASTM D2896",,31.017
Дисперсант_11,typical,"Щелочное число, ГОСТ 11362",,20.83
Дисперсант_12,02689.24,Индекс полидисперсности,,1.6
Дисперсант_12,02689.24,Кинематическая вязкость,,512.0
Дисперсант_12,02689.24,"Кинематическая вязкость, при 100°C, ASTM D445",,512.0
Дисперсант_12,02689.24,"Кислотное число, ГОСТ 11362",,5.45
Дисперсант_12,02689.24,"Масса гидрофобного хвоста, г/моль",,1300.0
Дисперсант_12,02689.24,"Массовая доля кальция, ASTM D6481",,0.002
Дисперсант_12,02689.24,"Массовая доля цинка, ASTM D6481",,0.003
Дисперсант_12,02689.24,Общее содержание азота | ASTM D3228,,1.644
Дисперсант_12,02689.24,Содержание Азота,,1.2
Дисперсант_12,02689.24,Содержание Бора,,0.6
Дисперсант_12,02689.24,Содержание масла,,50.0
Дисперсант_12,02689.24,Цвет | ASTM D1500,,6.9
Дисперсант_12,02689.24,"Щелочное число, ASTM D2896",,31.278
Дисперсант_12,02689.24,"Щелочное число, ГОСТ 11362",,22.26
Дисперсант_12,typical,Индекс полидисперсности,,1.6
Дисперсант_12,typical,Кинематическая вязкость,,512.0
Дисперсант_12,typical,"Кинематическая вязкость, при 100°C, ASTM D445",,512.0
Дисперсант_12,typical,"Кислотное число, ГОСТ 11362",,5.45
Дисперсант_12,typical,"Масса гидрофобного хвоста, г/моль",,1300.0
Дисперсант_12,typical,"Массовая доля кальция, ASTM D6481",,0.002
Дисперсант_12,typical,"Массовая доля цинка, ASTM D6481",,0.003
Дисперсант_12,typical,Общее содержание азота | ASTM D3228,,1.644
Дисперсант_12,typical,Содержание Азота,,1.2
Дисперсант_12,typical,Содержание Бора,,0.6
Дисперсант_12,typical,Содержание масла,,50.0
Дисперсант_12,typical,Цвет | ASTM D1500,,6.9
Дисперсант_12,typical,"Щелочное число, ASTM D2896",,31.278
Дисперсант_12,typical,"Щелочное число, ГОСТ 11362",,22.26
Дисперсант_13,02690.24,Индекс полидисперсности,,1.6
Дисперсант_13,02690.24,Кинематическая вязкость,,442.0
Дисперсант_13,02690.24,"Кинематическая вязкость, при 100°C, ASTM D445",,442.0
Дисперсант_13,02690.24,"Кислотное число, ГОСТ 11362",,6.174
Дисперсант_13,02690.24,"Масса гидрофобного хвоста, г/моль",,1300.0
Дисперсант_13,02690.24,"Массовая доля кальция, ASTM D6481",,0.002
Дисперсант_13,02690.24,"Массовая доля цинка, ASTM D6481",,0.003
Дисперсант_13,02690.24,Общее содержание азота | ASTM D3228,,1.664
Дисперсант_13,02690.24,Содержание Азота,,1.2
Дисперсант_13,02690.24,Содержание Бора,,0.6
Дисперсант_13,02690.24,Содержание масла,,50.0
Дисперсант_13,02690.24,Цвет | ASTM D1500,,7.8
Дисперсант_13,02690.24,"Щелочное число, ASTM D2896",,31.885
Дисперсант_13,02690.24,"Щелочное число, ГОСТ 11362",,20.56
Дисперсант_13,typical,Индекс полидисперсности,,1.6
Дисперсант_13,typical,Кинематическая вязкость,,442.0
Дисперсант_13,typical,"Кинематическая вязкость, при 100°C, ASTM D445",,442.0
Дисперсант_13,typical,"Кислотное число, ГОСТ 11362",,6.174
Дисперсант_13,typical,"Масса гидрофобного хвоста, г/моль",,1300.0
Дисперсант_13,typical,"Массовая доля кальция, ASTM D6481",,0.002
Дисперсант_13,typical,"Массовая доля цинка, ASTM D6481",,0.003
Дисперсант_13,typical,Общее содержание азота | ASTM D3228,,1.664
Дисперсант_13,typical,Содержание Азота,,1.2
Дисперсант_13,typical,Содержание Бора,,0.6
Дисперсант_13,typical,Содержание масла,,50.0
Дисперсант_13,typical,Цвет | ASTM D1500,,7.8
Дисперсант_13,typical,"Щелочное число, ASTM D2896",,31.885
Дисперсант_13,typical,"Щелочное число, ГОСТ 11362",,20.56
Дисперсант_2,01025.23,Индекс полидисперсности,,1.6
Дисперсант_2,01025.23,Кинематическая вязкость,,413.0
Дисперсант_2,01025.23,"Кинематическая вязкость, при 100°C, ASTM D445",,417.9
Дисперсант_2,01025.23,"Масса гидрофобного хвоста, г/моль",,2300.0
Дисперсант_2,01025.23,"Массовая доля кальция, ASTM D6481",,0.0009
Дисперсант_2,01025.23,"Массовая доля серы, ASTM D6481",,0.0027
Дисперсант_2,01025.23,"Массовая доля фосфора, ASTM D6481",,0.0007
Дисперсант_2,01025.23,"Массовая доля цинка, ASTM D6481",,0.0002
Дисперсант_2,01025.23,Содержание Азота,,1.1
Дисперсант_2,01025.23,Содержание Бора,,0.0
Дисперсант_2,01025.23,Содержание масла,,50.0
Дисперсант_2,01025.23,"Щелочное число, ASTM D2896",,17.5
Дисперсант_2,01025.23,"Щелочное число, ГОСТ 11362",,23.33
Дисперсант_2,typical,Индекс полидисперсности,,1.6
Дисперсант_2,typical,Кинематическая вязкость,,413.0
Дисперсант_2,typical,"Кинематическая вязкость, при 100°C, ASTM D445",,417.9
Дисперсант_2,typical,"Масса гидрофобного хвоста, г/моль",,2300.0
Дисперсант_2,typical,"Массовая доля кальция, ASTM D6481",,0.0009
Дисперсант_2,typical,"Массовая доля серы, ASTM D6481",,0.0027
Дисперсант_2,typical,"Массовая доля фосфора, ASTM D6481",,0.0007
Дисперсант_2,typical,"Массовая доля цинка, ASTM D6481",,0.0002
Дисперсант_2,typical,Содержание Азота,,1.1
Дисперсант_2,typical,Содержание Бора,,0.0
Дисперсант_2,typical,Содержание масла,,50.0
Дисперсант_2,typical,"Щелочное число, ASTM D2896",,17.5
Дисперсант_2,typical,"Щелочное число, ГОСТ 11362",,23.33
Дисперсант_3,01030.23,Индекс полидисперсности,,1.6
Дисперсант_3,01030.23,Кинематическая вязкость,,194.0
Дисперсант_3,01030.23,"Кинематическая вязкость, при 100°C, ASTM D445",,186.1
Дисперсант_3,01030.23,"Масса гидрофобного хвоста, г/моль",,1300.0
Дисперсант_3,01030.23,"Массовая доля кальция, ASTM D6481",,0.002
Дисперсант_3,01030.23,"Массовая доля серы, ASTM D6481",,0.048
Дисперсант_3,01030.23,"Массовая доля фосфора, ASTM D6481",,0.002
Дисперсант_3,01030.23,"Массовая доля цинка, ASTM D6481",,0.0001
Дисперсант_3,01030.23,Содержание Азота,,1.28
Дисперсант_3,01030.23,Содержание Бора,,0.44
Дисперсант_3,01030.23,Содержание масла,,40.0
Дисперсант_3,01030.23,"Щелочное число, ASTM D2896",,21.0
Дисперсант_3,01030.23,"Щелочное число, ГОСТ 11362",,23.33
Дисперсант_3,typical,Индекс полидисперсности,,1.6
Дисперсант_3,typical,Кинематическая вязкость,,194.0
Дисперсант_3,typical,"Кинематическая вязкость, при 100°C, ASTM D445",,184.275
Дисперсант_3,typical,"Масса гидрофобного хвоста, г/моль",,1300.0
Дисперсант_3,typical,"Массовая доля кальция, ASTM D6481",,0.00105
Дисперсант_3,typical,"Массовая доля серы, ASTM D6481",,0.0485
Дисперсант_3,typical,"Массовая доля фосфора, ASTM D6481",,0.00325
Дисперсант_3,typical,"Массовая доля цинка, ASTM D6481",,0.0001
Дисперсант_3,typical,Содержание Азота,,1.28
Дисперсант_3,typical,Содержание Бора,,0.44
Дисперсант_3,typical,Содержание масла,,40.0
Дисперсант_3,typical,"Щелочное число, ASTM D2896",,23.5
Дисперсант_3,typical,"Щелочное число, ГОСТ 11362",,23.33
Дисперсант_3,П-23-035,Индекс полидисперсности,,1.6
Дисперсант_3,П-23-035,Кинематическая вязкость,,194.0
Дисперсант_3,П-23-035,"Кинематическая вязкость, при 100°C, ASTM D445",,182.45
Дисперсант_3,П-23-035,"Масса гидрофобного хвоста, г/моль",,1300.0
Дисперсант_3,П-23-035,"Массовая доля кальция, ASTM D6481",,0.0001
Дисперсант_3,П-23-035,"Массовая доля серы, ASTM D6481",,0.049
Дисперсант_3,П-23-035,"Массовая доля фосфора, ASTM D6481",,0.0045
Дисперсант_3,П-23-035,"Массовая доля цинка, ASTM D6481",,0.0001
Дисперсант_3,П-23-035,Содержание Азота,,1.28
Дисперсант_3,П-23-035,Содержание Бора,,0.44
Дисперсант_3,П-23-035,Содержание масла,,40.0
Дисперсант_3,П-23-035,"Щелочное число, ASTM D2896",,26.0
Дисперсант_3,П-23-035,"Щелочное число, ГОСТ 11362",,23.33
Дисперсант_4,0139.25 ол12,Индекс полидисперсности,,1.6
Дисперсант_4,0139.25 ол12,Кинематическая вязкость,,215.8
Дисперсант_4,0139.25 ол12,"Кинематическая вязкость, при 100°C, ASTM D445",,215.8
Дисперсант_4,0139.25 ол12,"Кислотное число, ГОСТ 11362",,1.031
Дисперсант_4,0139.25 ол12,"Масса гидрофобного хвоста, г/моль",,1300.0
Дисперсант_4,0139.25 ол12,"Массовая доля кальция, ASTM D6481",,0.002
Дисперсант_4,0139.25 ол12,"Массовая доля цинка, ASTM D6481",,0.003
Дисперсант_4,0139.25 ол12,Содержание Азота,,1.9
Дисперсант_4,0139.25 ол12,Содержание Бора,,0.0
Дисперсант_4,0139.25 ол12,Содержание масла,,50.0
Дисперсант_4,0139.25 ол12,Цвет | ASTM D1500,,3.0
Дисперсант_4,0139.25 ол12,"Щелочное число, ASTM D2896",,54.43
Дисперсант_4,0139.25 ол12,"Щелочное число, ГОСТ 11362",,36.23
Дисперсант_4,08.07.24,Индекс полидисперсности,,1.6
Дисперсант_4,08.07.24,Кинематическая вязкость,,215.8
Дисперсант_4,08.07.24,"Кинематическая вязкость, при 100°C, ASTM D445",,1278.4
Дисперсант_4,08.07.24,"Кислотное число, ГОСТ 11362",,1.031
Дисперсант_4,08.07.24,"Масса гидрофобного хвоста, г/моль",,1300.0
Дисперсант_4,08.07.24,"Массовая доля кальция, ASTM D6481",,0.002
Дисперсант_4,08.07.24,"Массовая доля цинка, ASTM D6481",,0.003
Дисперсант_4,08.07.24,Содержание Азота,,1.9
Дисперсант_4,08.07.24,Содержание Бора,,0.0
Дисперсант_4,08.07.24,Содержание масла,,50.0
Дисперсант_4,08.07.24,Цвет | ASTM D1500,,3.0
Дисперсант_4,08.07.24,"Щелочное число, ASTM D2896",,54.415
Дисперсант_4,08.07.24,"Щелочное число, ГОСТ 11362",,36.23
Дисперсант_4,typical,Индекс полидисперсности,,1.6
Дисперсант_4,typical,Кинематическая вязкость,,215.8
Дисперсант_4,typical,"Кинематическая вязкость, при 100°C, ASTM D445",,747.1
Дисперсант_4,typical,"Кислотное число, ГОСТ 11362",,1.031
Дисперсант_4,typical,"Масса гидрофобного хвоста, г/моль",,1300.0
Дисперсант_4,typical,"Массовая доля кальция, ASTM D6481",,0.002
Дисперсант_4,typical,"Массовая доля цинка, ASTM D6481",,0.003
Дисперсант_4,typical,Содержание Азота,,1.9
Дисперсант_4,typical,Содержание Бора,,0.0
Дисперсант_4,typical,Содержание масла,,50.0
Дисперсант_4,typical,Цвет | ASTM D1500,,3.0
Дисперсант_4,typical,"Щелочное число, ASTM D2896",,54.4
Дисперсант_4,typical,"Щелочное число, ГОСТ 11362",,36.23
Дисперсант_5,typical,Индекс полидисперсности,,1.6
Дисперсант_5,typical,Кинематическая вязкость,,216.0
Дисперсант_5,typical,"Масса гидрофобного хвоста, г/моль",,1300.0
Дисперсант_5,typical,"Массовая доля кальция, ASTM D6481",,0.002
Дисперсант_5,typical,"Массовая доля цинка, ASTM D6481",,0.003
Дисперсант_5,typical,Содержание Азота,,2.1
Дисперсант_5,typical,Содержание Бора,,0.0
Дисперсант_5,typical,Содержание масла,,45.0
Дисперсант_5,typical,"Щелочное число, ASTM D2896",,45.0
Дисперсант_5,typical,"Щелочное число, ГОСТ 11362",,23.33
Дисперсант_6,077.25,Индекс полидисперсности,,1.6
Дисперсант_6,077.25,Кинематическая вязкость,,413.0
Дисперсант_6,077.25,"Кинематическая вязкость, при 100°C, ASTM D445",,436.0
Дисперсант_6,077.25,"Кислотное число, ГОСТ 11362",,0.571
Дисперсант_6,077.25,"Масса гидрофобного хвоста, г/моль",,2300.0
Дисперсант_6,077.25,"Массовая доля кальция, ASTM D6481",,0.002
Дисперсант_6,077.25,"Массовая доля цинка, ASTM D6481",,0.003
Дисперсант_6,077.25,Содержание Азота,,1.1
Дисперсант_6,077.25,Содержание Бора,,0.0
Дисперсант_6,077.25,Содержание масла,,50.0
Дисперсант_6,077.25,Цвет | ASTM D1500,,4.5
Дисперсант_6,077.25,"Щелочное число, ASTM D2896",,22.7
Дисперсант_6,077.25,"Щелочное число, ГОСТ 11362",,16.7
Дисперсант_6,typical,Индекс полидисперсности,,1.6
Дисперсант_6,typical,Кинематическая вязкость,,413.0
Дисперсант_6,typical,"Кинематическая вязкость, при 100°C, ASTM D445",,429.3
Дисперсант_6,typical,"Кислотное число, ГОСТ 11362",,0.571
Дисперсант_6,typical,"Масса гидрофобного хвоста, г/моль",,2300.0
Дисперсант_6,typical,"Массовая доля кальция, ASTM D6481",,0.002
Дисперсант_6,typical,"Массовая доля цинка, ASTM D6481",,0.003
Дисперсант_6,typical,Содержание Азота,,1.1
Дисперсант_6,typical,Содержание Бора,,0.0
Дисперсант_6,typical,Содержание масла,,50.0
Дисперсант_6,typical,Цвет | ASTM D1500,,4.5
Дисперсант_6,typical,"Щелочное число, ASTM D2896",,24.42
Дисперсант_6,typical,"Щелочное число, ГОСТ 11362",,16.7
Дисперсант_6,отбор 26.11.24,Индекс полидисперсности,,1.6
Дисперсант_6,отбор 26.11.24,Кинематическая вязкость,,413.0
Дисперсант_6,отбор 26.11.24,"Кинематическая вязкость, при 100°C, ASTM D445",,422.6
Дисперсант_6,отбор 26.11.24,"Кислотное число, ГОСТ 11362",,0.571
Дисперсант_6,отбор 26.11.24,"Масса гидрофобного хвоста, г/моль",,2300.0
Дисперсант_6,отбор 26.11.24,"Массовая доля кальция, ASTM D6481",,0.002
Дисперсант_6,отбор 26.11.24,"Массовая доля цинка, ASTM D6481",,0.003
Дисперсант_6,отбор 26.11.24,Содержание Азота,,1.1
Дисперсант_6,отбор 26.11.24,Содержание Бора,,0.0
Дисперсант_6,отбор 26.11.24,Содержание масла,,50.0
Дисперсант_6,отбор 26.11.24,Цвет | ASTM D1500,,4.5
Дисперсант_6,отбор 26.11.24,"Щелочное число, ASTM D2896",,26.14
Дисперсант_6,отбор 26.11.24,"Щелочное число, ГОСТ 11362",,16.7
Дисперсант_7,typical,Индекс полидисперсности,,1.6
Дисперсант_7,typical,Кинематическая вязкость,,161.0
Дисперсант_7,typical,"Масса гидрофобного хвоста, г/моль",,1300.0
Дисперсант_7,typical,"Массовая доля кальция, ASTM D6481",,0.002
Дисперсант_7,typical,"Массовая доля цинка, ASTM D6481",,0.003
Дисперсант_7,typical,Содержание Азота,,1.29
Дисперсант_7,typical,Содержание Бора,,0.0
Дисперсант_7,typical,Содержание масла,,50.0
Дисперсант_7,typical,"Щелочное число, ASTM D2896",,24.2
Дисперсант_7,typical,"Щелочное число, ГОСТ 11362",,23.33
Дисперсант_8,typical,Индекс полидисперсности,,1.6
Дисперсант_8,typical,Кинематическая вязкость,,400.0
Дисперсант_8,typical,"Масса гидрофобного хвоста, г/моль",,2300.0
Дисперсант_8,typical,"Массовая доля кальция, ASTM D6481",,0.002
Дисперсант_8,typical,"Массовая доля цинка, ASTM D6481",,0.003
Дисперсант_8,typical,Содержание Азота,,1.2
Дисперсант_8,typical,Содержание Бора,,0.0
Дисперсант_8,typical,Содержание масла,,45.0
Дисперсант_8,typical,"Щелочное число, ASTM D2896",,25.0
Дисперсант_8,typical,"Щелочное число, ГОСТ 11362",,23.33
Дисперсант_9,02718.22,Индекс полидисперсности,,1.6
Дисперсант_9,02718.22,Кинематическая вязкость,,400.0
Дисперсант_9,02718.22,"Кинематическая вязкость, при 100°C, ASTM D445",,410.0
Дисперсант_9,02718.22,"Масса гидрофобного хвоста, г/моль",,2300.0
Дисперсант_9,02718.22,"Массовая доля кальция, ASTM D6481",,0.002
Дисперсант_9,02718.22,"Массовая доля цинка, ASTM D6481",,0.003
Дисперсант_9,02718.22,Содержание Азота,,1.1
Дисперсант_9,02718.22,Содержание Бора,,0.0
Дисперсант_9,02718.22,Содержание масла,,50.0
Дисперсант_9,02718.22,"Щелочное число, ASTM D2896",,18.9
Дисперсант_9,02718.22,"Щелочное число, ГОСТ 11362",,23.33
Дисперсант_9,typical,Индекс полидисперсности,,1.6
Дисперсант_9,typical,Кинематическая вязкость,,400.0
Дисперсант_9,typical,"Кинематическая вязкость, при 100°C, ASTM D445",,410.0
Дисперсант_9,typical,"Масса гидрофобного хвоста, г/моль",,2300.0
Дисперсант_9,typical,"Массовая доля кальция, ASTM D6481",,0.002
Дисперсант_9,typical,"Массовая доля цинка, ASTM D6481",,0.003
Дисперсант_9,typical,Содержание Азота,,1.1
Дисперсант_9,typical,Содержание Бора,,0.0
Дисперсант_9,typical,Содержание масла,,50.0
Дисперсант_9,typical,"Щелочное число, ASTM D2896",,25.0
Дисперсант_9,typical,"Щелочное число, ГОСТ 11362",,23.33
Загуститель_1,"01007.22 (8,2%)","Индекс стабильности, %",,25.0
Загуститель_1,"01007.22 (8,2%)","Кинематическая вязкость, при 100°C, ASTM D445",,339.6
Загуститель_1,"01007.22 (8,2%)","Плотность при 15°С, ASTM D4052",,844.7
Загуститель_1,"01007.22 (8,2%)","Плотность при 20°С, ASTM D4052",,841.7
Загуститель_1,"01007.22 (8,2%)",Содержание полимера,,100.0
Загуститель_1,"01007.22 (8,2%)",Соотношение мономеров (EO:PO),,1.04
Загуститель_1,"01007.22 (8,2%)",Средневесовая масса,,30000.0
Загуститель_1,01076.24 10% в HVI-4,"Индекс стабильности, %",,25.0
Загуститель_1,01076.24 10% в HVI-4,"Кинематическая вязкость, при 100°C, ASTM D445",,445.5
Загуститель_1,01076.24 10% в HVI-4,"Плотность при 15°С, ASTM D4052",,844.7
Загуститель_1,01076.24 10% в HVI-4,"Плотность при 20°С, ASTM D4052",,841.7
Загуститель_1,01076.24 10% в HVI-4,Содержание полимера,,100.0
Загуститель_1,01076.24 10% в HVI-4,Соотношение мономеров (EO:PO),,1.04
Загуститель_1,01076.24 10% в HVI-4,Средневесовая масса,,30000.0
Загуститель_1,01277.22,"Индекс стабильности, %",,25.0
Загуститель_1,01277.22,"Кинематическая вязкость, при 100°C, ASTM D445",,335.9
Загуститель_1,01277.22,"Плотность при 15°С, ASTM D4052",,844.7
Загуститель_1,01277.22,"Плотность при 20°С, ASTM D4052",,841.7
Загуститель_1,01277.22,Содержание полимера,,100.0
Загуститель_1,01277.22,Соотношение мономеров (EO:PO),,1.04
Загуститель_1,01277.22,Средневесовая масса,,30000.0
Загуститель_1,"01935.22 (8,2%)","Индекс стабильности, %",,25.0
Загуститель_1,"01935.22 (8,2%)","Кинематическая вязкость, при 100°C, ASTM D445",,327.5
Загуститель_1,"01935.22 (8,2%)","Плотность при 15°С, ASTM D4052",,844.7
Загуститель_1,"01935.22 (8,2%)","Плотность при 20°С, ASTM D4052",,841.7
Загуститель_1,"01935.22 (8,2%)",Содержание полимера,,100.0
Загуститель_1,"01935.22 (8,2%)",Соотношение мономеров (EO:PO),,1.04
Загуститель_1,"01935.22 (8,2%)",Средневесовая масса,,30000.0
Загуститель_1,02560.22 (9%вSN-150),"Индекс стабильности, %",,25.0
Загуститель_1,02560.22 (9%вSN-150),"Кинематическая вязкость, при 100°C, ASTM D445",,451.9
Загуститель_1,02560.22 (9%вSN-150),"Плотность при 15°С, ASTM D4052",,844.7
Загуститель_1,02560.22 (9%вSN-150),"Плотность при 20°С, ASTM D4052",,841.7
Загуститель_1,02560.22 (9%вSN-150),Содержание полимера,,100.0
Загуститель_1,02560.22 (9%вSN-150),Соотношение мономеров (EO:PO),,1.04
Загуститель_1,02560.22 (9%вSN-150),Средневесовая масса,,30000.0
Загуститель_1,"0306.25 9,8% 2гр","Индекс стабильности, %",,25.0
Загуститель_1,"0306.25 9,8% 2гр","Кинематическая вязкость, при 100°C, ASTM D445",,508.9
Загуститель_1,"0306.25 9,8% 2гр","Плотность при 15°С, ASTM D4052",,844.7
Загуститель_1,"0306.25 9,8% 2гр","Плотность при 20°С, ASTM D4052",,841.7
Загуститель_1,"0306.25 9,8% 2гр",Содержание полимера,,100.0
Загуститель_1,"0306.25 9,8% 2гр",Соотношение мономеров (EO:PO),,1.04
Загуститель_1,"0306.25 9,8% 2гр",Средневесовая масса,,30000.0
Загуститель_1,03377.23 10% в HVI-4,"Индекс стабильности, %",,25.0
Загуститель_1,03377.23 10% в HVI-4,"Кинематическая вязкость, при 100°C, ASTM D445",,495.6
Загуститель_1,03377.23 10% в HVI-4,"Плотность при 15°С, ASTM D4052",,844.7
Загуститель_1,03377.23 10% в HVI-4,"Плотность при 20°С, ASTM D4052",,841.7
Загуститель_1,03377.23 10% в HVI-4,Содержание полимера,,100.0
Загуститель_1,03377.23 10% в HVI-4,Соотношение мономеров (EO:PO),,1.04
Загуститель_1,03377.23 10% в HVI-4,Средневесовая масса,,30000.0
Загуститель_1,"0396.25 9,8% 2 гр","Индекс стабильности, %",,25.0
Загуститель_1,"0396.25 9,8% 2 гр","Кинематическая вязкость, при 100°C, ASTM D445",,493.8
Загуститель_1,"0396.25 9,8% 2 гр","Плотность при 15°С, ASTM D4052",,844.7
Загуститель_1,"0396.25 9,8% 2 гр","Плотность при 20°С, ASTM D4052",,841.7
Загуститель_1,"0396.25 9,8% 2 гр",Содержание полимера,,100.0
Загуститель_1,"0396.25 9,8% 2 гр",Соотношение мономеров (EO:PO),,1.04
Загуститель_1,"0396.25 9,8% 2 гр",Средневесовая масса,,30000.0
Загуститель_1,0420.23 (10%HVI-4Ян),"Индекс стабильности, %",,25.0
Загуститель_1,0420.23 (10%HVI-4Ян),"Кинематическая вязкость, при 100°C, ASTM D445",,472.66
Загуститель_1,0420.23 (10%HVI-4Ян),"Плотность при 15°С, ASTM D4052",,844.7
Загуститель_1,0420.23 (10%HVI-4Ян),"Плотность при 20°С, ASTM D4052",,841.7
Загуститель_1,0420.23 (10%HVI-4Ян),Содержание полимера,,100.0
Загуститель_1,0420.23 (10%HVI-4Ян),Соотношение мономеров (EO:PO),,1.04
Загуститель_1,0420.23 (10%HVI-4Ян),Средневесовая масса,,30000.0
Загуститель_1,"0435.24 9,8% во 2 гр","Индекс стабильности, %",,25.0
Загуститель_1,"0435.24 9,8% во 2 гр","Кинематическая вязкость, при 100°C, ASTM D445",,469.9
Загуститель_1,"0435.24 9,8% во 2 гр","Плотность при 15°С, ASTM D4052",,844.7
Загуститель_1,"0435.24 9,8% во 2 гр","Плотность при 20°С, ASTM D4052",,841.7
Загуститель_1,"0435.24 9,8% во 2 гр",Содержание полимера,,100.0
Загуститель_1,"0435.24 9,8% во 2 гр",Соотношение мономеров (EO:PO),,1.04
Загуститель_1,"0435.24 9,8% во 2 гр",Средневесовая масса,,30000.0
Загуститель_1,0488.23,"Индекс стабильности, %",,25.0
Загуститель_1,0488.23,"Кинематическая вязкость, при 100°C, ASTM D445",,473.7
Загуститель_1,0488.23,"Плотность при 15°С, ASTM D4052",,844.7
Загуститель_1,0488.23,"Плотность при 20°С, ASTM D4052",,841.7
Загуститель_1,0488.23,Содержание полимера,,100.0
Загуститель_1,0488.23,Соотношение мономеров (EO:PO),,1.04
Загуститель_1,0488.23,Средневесовая масса,,30000.0
Загуститель_1,typical,"Индекс стабильности, %",,25.0
Загуститель_1,typical,"Кинематическая вязкость, при 100°C, ASTM D445",,437.7236363636363
Загуститель_1,typical,"Плотность при 15°С, ASTM D4052",,844.7
Загуститель_1,typical,"Плотность при 20°С, ASTM D4052",,841.7
Загуститель_1,typical,Содержание полимера,,100.0
Загуститель_1,typical,Соотношение мономеров (EO:PO),,1.04
Загуститель_1,typical,Средневесовая масса,,30000.0
Загуститель_2,071.21,"Индекс стабильности, %",,25.0
Загуститель_2,071.21,"Кинематическая вязкость, при 100°C, ASTM D445",,360.0
Загуститель_2,071.21,"Плотность при 15°С, ASTM D4052",,844.7
Загуститель_2,071.21,"Плотность при 20°С, ASTM D4052",,841.7
Загуститель_2,071.21,Содержание полимера,,100.0
Загуститель_2,0773.22 (8.5%),"Индекс стабильности, %",,25.0
Загуститель_2,0773.22 (8.5%),"Кинематическая вязкость, при 100°C, ASTM D445",,373.32
Загуститель_2,0773.22 (8.5%),"Плотность при 15°С, ASTM D4052",,844.7
Загуститель_2,0773.22 (8.5%),"Плотность при 20°С, ASTM D4052",,841.7
Загуститель_2,0773.22 (8.5%),Содержание полимера,,100.0
Загуститель_3,"01658.23 8,6% в 2Гр.","Индекс стабильности, %",,15.0
Загуститель_3,"01658.23 8,6% в 2Гр.","Кинематическая вязкость, при 100°C, ASTM D445",,446.0
Загуститель_3,"01658.23 8,6% в 2Гр.","Плотность при 15°С, ASTM D4052",,844.7
Загуститель_3,"01658.23 8,6% в 2Гр.","Плотность при 20°С, ASTM D4052",,841.7
Загуститель_3,"01658.23 8,6% в 2Гр.",Содержание полимера,,100.0
Загуститель_3,"02984.24 8,6% 2 гр","Индекс стабильности, %",,15.0
Загуститель_3,"02984.24 8,6% 2 гр","Кинематическая вязкость, при 100°C, ASTM D445",,436.3
Загуститель_3,"02984.24 8,6% 2 гр","Плотность при 15°С, ASTM D4052",,844.7
Загуститель_3,"02984.24 8,6% 2 гр","Плотность при 20°С, ASTM D4052",,841.7
Загуститель_3,"02984.24 8,6% 2 гр",Содержание полимера,,100.0
Загуститель_3,03277.23,"Индекс стабильности, %",,15.0
Загуститель_3,03277.23,"Кинематическая вязкость, при 100°C, ASTM D445",,439.8
Загуститель_3,03277.23,"Плотность при 15°С, ASTM D4052",,844.7
Загуститель_3,03277.23,"Плотность при 20°С, ASTM D4052",,841.7
Загуститель_3,03277.23,Содержание полимера,,100.0
Загуститель_3,typical,"Индекс стабильности, %",,15.0
Загуститель_3,typical,"Кинематическая вязкость, при 100°C, ASTM D445",,440.7
Загуститель_3,typical,"Плотность при 15°С, ASTM D4052",,844.7
Загуститель_3,typical,"Плотность при 20°С, ASTM D4052",,841.7
Загуститель_3,typical,Содержание полимера,,100.0
Противоизносная_присадка_1,01296.23,Атомное отношение P:Zn,,0.91
Противоизносная_присадка_1,01296.23,"Кинематическая вязкость, при 100°C, ASTM D445",,9.16
Противоизносная_присадка_1,01296.23,Массовая доля кальция | ASTM D6481,,0.005
Противоизносная_присадка_1,01296.23,"Массовая доля кальция, ASTM D6481",,0.02
Противоизносная_присадка_1,01296.23,"Массовая доля серы, ASTM D6481",,17.005000000000003
Противоизносная_присадка_1,01296.23,Массовая доля фосфора | ASTM D6481,,8.65
Противоизносная_присадка_1,01296.23,"Массовая доля фосфора, ASTM D6481",,8.4
Противоизносная_присадка_1,01296.23,Массовая доля цинка | ASTM D6481,,9.15
Противоизносная_присадка_1,01296.23,"Массовая доля цинка, ASTM D6481",,9.1
Противоизносная_присадка_1,02958.22,Атомное отношение P:Zn,,0.91
Противоизносная_присадка_1,02958.22,"Кинематическая вязкость, при 100°C, ASTM D445",,9.19
Противоизносная_присадка_1,02958.22,Массовая доля кальция | ASTM D6481,,0.005
Противоизносная_присадка_1,02958.22,"Массовая доля кальция, ASTM D6481",,0.02
Противоизносная_присадка_1,02958.22,"Массовая доля серы, ASTM D6481",,16.41
Противоизносная_присадка_1,02958.22,Массовая доля фосфора | ASTM D6481,,8.65
Противоизносная_присадка_1,02958.22,"Массовая доля фосфора, ASTM D6481",,8.939
Противоизносная_присадка_1,02958.22,Массовая доля цинка | ASTM D6481,,9.15
Противоизносная_присадка_1,02958.22,"Массовая доля цинка, ASTM D6481",,9.182
Противоизносная_присадка_1,typical,Атомное отношение P:Zn,,0.91
Противоизносная_присадка_1,typical,"Кинематическая вязкость, при 100°C, ASTM D445",,9.175
Противоизносная_присадка_1,typical,Массовая доля кальция | ASTM D6481,,0.005
Противоизносная_присадка_1,typical,"Массовая доля кальция, ASTM D6481",,0.02
Противоизносная_присадка_1,typical,"Массовая доля серы, ASTM D6481",,17.6
Противоизносная_присадка_1,typical,Массовая доля фосфора | ASTM D6481,,8.65
Противоизносная_присадка_1,typical,"Массовая доля фосфора, ASTM D6481",,8.28
Противоизносная_присадка_1,typical,Массовая доля цинка | ASTM D6481,,9.15
Противоизносная_присадка_1,typical,"Массовая доля цинка, ASTM D6481",,9.05
Противоизносная_присадка_10,02028.22,Атомное отношение P:Zn,,0.85
Противоизносная_присадка_10,02028.22,Длина углеродной цепи,,14.8
Противоизносная_присадка_10,02028.22,"Кинематическая вязкость, при 100°C, ASTM D445",,11.59
Противоизносная_присадка_10,02028.22,Массовая доля кальция | ASTM D6481,,0.005
Противоизносная_присадка_10,02028.22,"Массовая доля кальция, ASTM D6481",,0.02
Противоизносная_присадка_10,02028.22,"Массовая доля серы, ASTM D6481",,17.8
Противоизносная_присадка_10,02028.22,Массовая доля фосфора | ASTM D6481,,8.65
Противоизносная_присадка_10,02028.22,"Массовая доля фосфора, ASTM D6481",,9.4
Противоизносная_присадка_10,02028.22,Массовая доля цинка | ASTM D6481,,9.15
Противоизносная_присадка_10,02028.22,"Массовая доля цинка, ASTM D6481",,11.1
Противоизносная_присадка_10,02028.22,"Щелочное число, ASTM D2896",,18.7
Противоизносная_присадка_10,02028.22,"Щелочное число, ГОСТ 11362",,16.08
Противоизносная_присадка_10,typical,Атомное отношение P:Zn,,0.85
Противоизносная_присадка_10,typical,Длина углеродной цепи,,14.8
Противоизносная_присадка_10,typical,"Кинематическая вязкость, при 100°C, ASTM D445",,11.59
Противоизносная_присадка_10,typical,Массовая доля кальция | ASTM D6481,,0.005
Противоизносная_присадка_10,typical,"Массовая доля кальция, ASTM D6481",,0.02
Противоизносная_присадка_10,typical,"Массовая доля серы, ASTM D6481",,17.8
Противоизносная_присадка_10,typical,Массовая доля фосфора | ASTM D6481,,8.65
Противоизносная_присадка_10,typical,"Массовая доля фосфора, ASTM D6481",,9.4
Противоизносная_присадка_10,typical,Массовая доля цинка | ASTM D6481,,9.15
Противоизносная_присадка_10,typical,"Массовая доля цинка, ASTM D6481",,11.1
Противоизносная_присадка_10,typical,"Щелочное число, ASTM D2896",,18.7
Противоизносная_присадка_10,typical,"Щелочное число, ГОСТ 11362",,16.08
Противоизносная_присадка_11,0242.25,Атомное отношение P:Zn,,0.91
Противоизносная_присадка_11,0242.25,"Кинематическая вязкость, при 100°C, ASTM D445",,9.175
Противоизносная_присадка_11,0242.25,Массовая доля кальция | ASTM D6481,,0.005
Противоизносная_присадка_11,0242.25,"Массовая доля кальция, ASTM D6481",,0.02
Противоизносная_присадка_11,0242.25,"Массовая доля серы, ASTM D6481",,17.42
Противоизносная_присадка_11,0242.25,Массовая доля фосфора | ASTM D6481,,8.65
Противоизносная_присадка_11,0242.25,"Массовая доля фосфора, ASTM D6481",,8.6
Противоизносная_присадка_11,0242.25,Массовая доля цинка | ASTM D6481,,9.15
Противоизносная_присадка_11,0242.25,"Массовая доля цинка, ASTM D6481",,9.44
Противоизносная_присадка_11,typical,Атомное отношение P:Zn,,0.91
Противоизносная_присадка_11,typical,"Кинематическая вязкость, при 100°C, ASTM D445",,9.175
Противоизносная_присадка_11,typical,Массовая доля кальция | ASTM D6481,,0.005
Противоизносная_присадка_11,typical,"Массовая доля кальция, ASTM D6481",,0.02
Противоизносная_присадка_11,typical,"Массовая доля серы, ASTM D6481",,17.6
Противоизносная_присадка_11,typical,Массовая доля фосфора | ASTM D6481,,8.65
Противоизносная_присадка_11,typical,"Массовая доля фосфора, ASTM D6481",,8.28
Противоизносная_присадка_11,typical,Массовая доля цинка | ASTM D6481,,9.15
Противоизносная_присадка_11,typical,"Массовая доля цинка, ASTM D6481",,9.05
Противоизносная_присадка_17,01077.24 Arkema,Атомное отношение P:Zn,,0.92
Противоизносная_присадка_17,01077.24 Arkema,Длина углеродной цепи,,6.0
Противоизносная_присадка_17,01077.24 Arkema,"Кинематическая вязкость, при 100°C, ASTM D445",,8.85
Противоизносная_присадка_17,01077.24 Arkema,Массовая доля кальция | ASTM D6481,,0.0064
Противоизносная_присадка_17,01077.24 Arkema,"Массовая доля кальция, ASTM D6481",,0.02
Противоизносная_присадка_17,01077.24 Arkema,Массовая доля серы | ASTM D6481,,18.47
Противоизносная_присадка_17,01077.24 Arkema,"Массовая доля серы, ASTM D6481",,17.6
Противоизносная_присадка_17,01077.24 Arkema,Массовая доля фосфора | ASTM D6481,,8.706
Противоизносная_присадка_17,01077.24 Arkema,"Массовая доля фосфора, ASTM D6481",,8.3
Противоизносная_присадка_17,01077.24 Arkema,Массовая доля цинка | ASTM D6481,,9.328
Противоизносная_присадка_17,01077.24 Arkema,"Массовая доля цинка, ASTM D6481",,9.0
Противоизносная_присадка_17,01078.24 Celanese,Атомное отношение P:Zn,,0.92
Противоизносная_присадка_17,01078.24 Celanese,Длина углеродной цепи,,6.0
Противоизносная_присадка_17,01078.24 Celanese,"Кинематическая вязкость, при 100°C, ASTM D445",,8.46
Противоизносная_присадка_17,01078.24 Celanese,Массовая доля кальция | ASTM D6481,,0.007
Противоизносная_присадка_17,01078.24 Celanese,"Массовая доля кальция, ASTM D6481",,0.02
Противоизносная_присадка_17,01078.24 Celanese,Массовая доля серы | ASTM D6481,,18.24
Противоизносная_присадка_17,01078.24 Celanese,"Массовая доля серы, ASTM D6481",,17.6
Противоизносная_присадка_17,01078.24 Celanese,Массовая доля фосфора | ASTM D6481,,8.784
Противоизносная_присадка_17,01078.24 Celanese,"Массовая доля фосфора, ASTM D6481",,8.3
Противоизносная_присадка_17,01078.24 Celanese,Массовая доля цинка | ASTM D6481,,8.914
Противоизносная_присадка_17,01078.24 Celanese,"Массовая доля цинка, ASTM D6481",,9.0
Противоизносная_присадка_17,02692.23,Атомное отношение P:Zn,,0.92
Противоизносная_присадка_17,02692.23,Длина углеродной цепи,,6.0
Противоизносная_присадка_17,02692.23,"Кинематическая вязкость, при 100°C, ASTM D445",,10.5
Противоизносная_присадка_17,02692.23,Массовая доля кальция | ASTM D6481,,0.003
Противоизносная_присадка_17,02692.23,"Массовая доля кальция, ASTM D6481",,0.02
Противоизносная_присадка_17,02692.23,Массовая доля серы | ASTM D6481,,16.5
Противоизносная_присадка_17,02692.23,"Массовая доля серы, ASTM D6481",,17.6
Противоизносная_присадка_17,02692.23,Массовая доля фосфора | ASTM D6481,,8.409
Противоизносная_присадка_17,02692.23,"Массовая доля фосфора, ASTM D6481",,8.3
Противоизносная_присадка_17,02692.23,Массовая доля цинка | ASTM D6481,,9.541
Противоизносная_присадка_17,02692.23,"Массовая доля цинка, ASTM D6481",,9.0
Противоизносная_присадка_17,typical,Атомное отношение P:Zn,,0.92
Противоизносная_присадка_17,typical,Длина углеродной цепи,,6.0
Противоизносная_присадка_17,typical,"Кинематическая вязкость, при 100°C, ASTM D445",,9.27
Противоизносная_присадка_17,typical,Массовая доля кальция | ASTM D6481,,0.0054666666666666
Противоизносная_присадка_17,typical,"Массовая доля кальция, ASTM D6481",,0.02
Противоизносная_присадка_17,typical,Массовая доля серы | ASTM D6481,,17.736666666666665
Противоизносная_присадка_17,typical,"Массовая доля серы, ASTM D6481",,17.6
Противоизносная_присадка_17,typical,Массовая доля фосфора | ASTM D6481,,8.633000000000001
Противоизносная_присадка_17,typical,"Массовая доля фосфора, ASTM D6481",,8.3
Противоизносная_присадка_17,typical,Массовая доля цинка | ASTM D6481,,9.261
Противоизносная_присадка_17,typical,"Массовая доля цинка, ASTM D6481",,9.0
Противоизносная_присадка_18,01872.24,Атомное отношение P:Zn,,0.83
Противоизносная_присадка_18,01872.24,"Кинематическая вязкость, при 100°C, ASTM D445",,9.0415
Противоизносная_присадка_18,01872.24,Массовая доля кальция | ASTM D6481,,0.0001
Противоизносная_присадка_18,01872.24,"Массовая доля кальция, ASTM D6481",,0.0006
Противоизносная_присадка_18,01872.24,Массовая доля серы | ASTM D6481,,17.14
Противоизносная_присадка_18,01872.24,"Массовая доля серы, ASTM D6481",,16.88
Противоизносная_присадка_18,01872.24,Массовая доля фосфора | ASTM D6481,,8.562999999999999
Противоизносная_присадка_18,01872.24,"Массовая доля фосфора, ASTM D6481",,8.4
Противоизносная_присадка_18,01872.24,Массовая доля цинка | ASTM D6481,,8.959
Противоизносная_присадка_18,01872.24,"Массовая доля цинка, ASTM D6481",,8.78
Противоизносная_присадка_18,01872.24,"Щелочное число, ASTM D2896",,14.133333333333333
Противоизносная_присадка_18,02125.25 (№1),Атомное отношение P:Zn,,0.83
Противоизносная_присадка_18,02125.25 (№1),"Кинематическая вязкость, при 100°C, ASTM D445",,8.286
Противоизносная_присадка_18,02125.25 (№1),Массовая доля кальция | ASTM D6481,,0.0001
Противоизносная_присадка_18,02125.25 (№1),"Массовая доля кальция, ASTM D6481",,0.0006
Противоизносная_присадка_18,02125.25 (№1),Массовая доля серы | ASTM D6481,,17.25
Противоизносная_присадка_18,02125.25 (№1),"Массовая доля серы, ASTM D6481",,17.28
Противоизносная_присадка_18,02125.25 (№1),Массовая доля фосфора | ASTM D6481,,8.594
Противоизносная_присадка_18,02125.25 (№1),"Массовая доля фосфора, ASTM D6481",,8.245000000000001
Противоизносная_присадка_18,02125.25 (№1),Массовая доля цинка | ASTM D6481,,8.656
Противоизносная_присадка_18,02125.25 (№1),"Массовая доля цинка, ASTM D6481",,9.239999999999998
Противоизносная_присадка_18,02125.25 (№1),"Щелочное число, ASTM D2896",,10.9
Противоизносная_присадка_18,02126.25 (№2),Атомное отношение P:Zn,,0.83
Противоизносная_присадка_18,02126.25 (№2),"Кинематическая вязкость, при 100°C, ASTM D445",,9.797
Противоизносная_присадка_18,02126.25 (№2),Массовая доля кальция | ASTM D6481,,0.0001
Противоизносная_присадка_18,02126.25 (№2),"Массовая доля кальция, ASTM D6481",,0.0006
Противоизносная_присадка_18,02126.25 (№2),Массовая доля серы | ASTM D6481,,17.03
Противоизносная_присадка_18,02126.25 (№2),"Массовая доля серы, ASTM D6481",,17.28
Противоизносная_присадка_18,02126.25 (№2),Массовая доля фосфора | ASTM D6481,,8.532
Противоизносная_присадка_18,02126.25 (№2),"Массовая доля фосфора, ASTM D6481",,8.245000000000001
Противоизносная_присадка_18,02126.25 (№2),Массовая доля цинка | ASTM D6481,,9.262
Противоизносная_присадка_18,02126.25 (№2),"Массовая доля цинка, ASTM D6481",,9.239999999999998
Противоизносная_присадка_18,02126.25 (№2),"Щелочное число, ASTM D2896",,11.1
Противоизносная_присадка_18,typical,Атомное отношение P:Zn,,0.83
Противоизносная_присадка_18,typical,"Кинематическая вязкость, при 100°C, ASTM D445",,9.0415
Противоизносная_присадка_18,typical,Массовая доля кальция | ASTM D6481,,0.0001
Противоизносная_присадка_18,typical,"Массовая доля кальция, ASTM D6481",,0.0006
Противоизносная_присадка_18,typical,Массовая доля серы | ASTM D6481,,17.14
Противоизносная_присадка_18,typical,"Массовая доля серы, ASTM D6481",,17.68
Противоизносная_присадка_18,typical,Массовая доля фосфора | ASTM D6481,,8.562999999999999
Противоизносная_присадка_18,typical,"Массовая доля фосфора, ASTM D6481",,8.09
Противоизносная_присадка_18,typical,Массовая доля цинка | ASTM D6481,,8.959
Противоизносная_присадка_18,typical,"Массовая доля цинка, ASTM D6481",,9.7
Противоизносная_присадка_18,typical,"Щелочное число, ASTM D2896",,20.4
Противоизносная_присадка_2,01026.23,Атомное отношение P:Zn,,0.87
Противоизносная_присадка_2,01026.23,Длина углеродной цепи,,20.0
Противоизносная_присадка_2,01026.23,"Кинематическая вязкость, при 100°C, ASTM D445",,14.75
Противоизносная_присадка_2,01026.23,Массовая доля кальция | ASTM D6481,,0.005
Противоизносная_присадка_2,01026.23,"Массовая доля кальция, ASTM D6481",,0.024
Противоизносная_присадка_2,01026.23,"Массовая доля серы, ASTM D6481",,16.58
Противоизносная_присадка_2,01026.23,Массовая доля фосфора | ASTM D6481,,8.65
Противоизносная_присадка_2,01026.23,"Массовая доля фосфора, ASTM D6481",,8.13
Противоизносная_присадка_2,01026.23,Массовая доля цинка | ASTM D6481,,9.15
Противоизносная_присадка_2,01026.23,"Массовая доля цинка, ASTM D6481",,9.39
Противоизносная_присадка_2,01026.23,"Щелочное число, ASTM D2896",,14.825
Противоизносная_присадка_2,01026.23,"Щелочное число, ГОСТ 11362",,14.73
Противоизносная_присадка_2,0112.22,Атомное отношение P:Zn,,0.87
Противоизносная_присадка_2,0112.22,Длина углеродной цепи,,20.0
Противоизносная_присадка_2,0112.22,"Кинематическая вязкость, при 100°C, ASTM D445",,13.37
Противоизносная_присадка_2,0112.22,Массовая доля кальция | ASTM D6481,,0.005
Противоизносная_присадка_2,0112.22,"Массовая доля кальция, ASTM D6481",,0.0
Противоизносная_присадка_2,0112.22,"Массовая доля серы, ASTM D6481",,15.95
Противоизносная_присадка_2,0112.22,Массовая доля фосфора | ASTM D6481,,8.65
Противоизносная_присадка_2,0112.22,"Массовая доля фосфора, ASTM D6481",,8.22
Противоизносная_присадка_2,0112.22,Массовая доля цинка | ASTM D6481,,9.15
Противоизносная_присадка_2,0112.22,"Массовая доля цинка, ASTM D6481",,9.65
Противоизносная_присадка_2,0112.22,"Щелочное число, ASTM D2896",,19.65
Противоизносная_присадка_2,0112.22,"Щелочное число, ГОСТ 11362",,14.73
Противоизносная_присадка_2,02622.22,Атомное отношение P:Zn,,0.87
Противоизносная_присадка_2,02622.22,Длина углеродной цепи,,20.0
Противоизносная_присадка_2,02622.22,"Кинематическая вязкость, при 100°C, ASTM D445",,13.33
Противоизносная_присадка_2,02622.22,Массовая доля кальция | ASTM D6481,,0.005
Противоизносная_присадка_2,02622.22,"Массовая доля кальция, ASTM D6481",,0.012
Противоизносная_присадка_2,02622.22,"Массовая доля серы, ASTM D6481",,16.97
Противоизносная_присадка_2,02622.22,Массовая доля фосфора | ASTM D6481,,8.65
Противоизносная_присадка_2,02622.22,"Массовая доля фосфора, ASTM D6481",,8.0
Противоизносная_присадка_2,02622.22,Массовая доля цинка | ASTM D6481,,9.15
Противоизносная_присадка_2,02622.22,"Массовая доля цинка, ASTM D6481",,9.25
Противоизносная_присадка_2,02622.22,"Щелочное число, ASTM D2896",,14.825
Противоизносная_присадка_2,02622.22,"Щелочное число, ГОСТ 11362",,14.73
Противоизносная_присадка_2,typical,Атомное отношение P:Zn,,0.87
Противоизносная_присадка_2,typical,Длина углеродной цепи,,20.0
Противоизносная_присадка_2,typical,"Кинематическая вязкость, при 100°C, ASTM D445",,13.816666666666665
Противоизносная_присадка_2,typical,Массовая доля кальция | ASTM D6481,,0.005
Противоизносная_присадка_2,typical,"Массовая доля кальция, ASTM D6481",,0.012
Противоизносная_присадка_2,typical,"Массовая доля серы, ASTM D6481",,15.0
Противоизносная_присадка_2,typical,Массовая доля фосфора | ASTM D6481,,8.65
Противоизносная_присадка_2,typical,"Массовая доля фосфора, ASTM D6481",,7.8
Противоизносная_присадка_2,typical,Массовая доля цинка | ASTM D6481,,9.15
Противоизносная_присадка_2,typical,"Массовая доля цинка, ASTM D6481",,9.0
Противоизносная_присадка_2,typical,"Щелочное число, ASTM D2896",,10.0
Противоизносная_присадка_2,typical,"Щелочное число, ГОСТ 11362",,14.73
Противоизносная_присадка_20,02976.22,Атомное отношение P:Zn,,0.91
Противоизносная_присадка_20,02976.22,"Кинематическая вязкость, при 100°C, ASTM D445",,8.99
Противоизносная_присадка_20,02976.22,Массовая доля кальция | ASTM D6481,,0.005
Противоизносная_присадка_20,02976.22,"Массовая доля кальция, ASTM D6481",,0.001
Противоизносная_присадка_20,02976.22,"Массовая доля серы, ASTM D6481",,15.97
Противоизносная_присадка_20,02976.22,Массовая доля фосфора | ASTM D6481,,8.65
Противоизносная_присадка_20,02976.22,"Массовая доля фосфора, ASTM D6481",,8.719
Противоизносная_присадка_20,02976.22,Массовая доля цинка | ASTM D6481,,9.15
Противоизносная_присадка_20,02976.22,"Массовая доля цинка, ASTM D6481",,9.179
Противоизносная_присадка_20,typical,Атомное отношение P:Zn,,0.91
Противоизносная_присадка_20,typical,"Кинематическая вязкость, при 100°C, ASTM D445",,8.99
Противоизносная_присадка_20,typical,Массовая доля кальция | ASTM D6481,,0.005
Противоизносная_присадка_20,typical,"Массовая доля кальция, ASTM D6481",,0.001
Противоизносная_присадка_20,typical,"Массовая доля серы, ASTM D6481",,15.97
Противоизносная_присадка_20,typical,Массовая доля фосфора | ASTM D6481,,8.65
Противоизносная_присадка_20,typical,"Массовая доля фосфора, ASTM D6481",,8.719
Противоизносная_присадка_20,typical,Массовая доля цинка | ASTM D6481,,9.15
Противоизносная_присадка_20,typical,"Массовая доля цинка, ASTM D6481",,9.179
Противоизносная_присадка_21,01578.24,Атомное отношение P:Zn,,0.83
Противоизносная_присадка_21,01578.24,"Кинематическая вязкость, при 100°C, ASTM D445",,17.03
Противоизносная_присадка_21,01578.24,Массовая доля кальция | ASTM D6481,,0.005
Противоизносная_присадка_21,01578.24,"Массовая доля кальция, ASTM D6481",,0.01
Противоизносная_присадка_21,01578.24,"Массовая доля серы, ASTM D6481",,17.682
Противоизносная_присадка_21,01578.24,Массовая доля фосфора | ASTM D6481,,8.65
Противоизносная_присадка_21,01578.24,"Массовая доля фосфора, ASTM D6481",,8.09
Противоизносная_присадка_21,01578.24,Массовая доля цинка | ASTM D6481,,9.15
Противоизносная_присадка_21,01578.24,"Массовая доля цинка, ASTM D6481",,9.696
Противоизносная_присадка_21,01578.24,"Щелочное число, ASTM D2896",,20.4
Противоизносная_присадка_21,typical,Атомное отношение P:Zn,,0.83
Противоизносная_присадка_21,typical,"Кинематическая вязкость, при 100°C, ASTM D445",,17.03
Противоизносная_присадка_21,typical,Массовая доля кальция | ASTM D6481,,0.005
Противоизносная_присадка_21,typical,"Массовая доля кальция, ASTM D6481",,0.01
Противоизносная_присадка_21,typical,"Массовая доля серы, ASTM D6481",,17.682
Противоизносная_присадка_21,typical,Массовая доля фосфора | ASTM D6481,,8.65
Противоизносная_присадка_21,typical,"Массовая доля фосфора, ASTM D6481",,8.09
Противоизносная_присадка_21,typical,Массовая доля цинка | ASTM D6481,,9.15
Противоизносная_присадка_21,typical,"Массовая доля цинка, ASTM D6481",,9.696
Противоизносная_присадка_21,typical,"Щелочное число, ASTM D2896",,20.4
Противоизносная_присадка_22,typical,Атомное отношение P:Zn,,0.99
Противоизносная_присадка_22,typical,"Кинематическая вязкость, при 100°C, ASTM D445",,9.175
Противоизносная_присадка_22,typical,Массовая доля кальция | ASTM D6481,,0.005
Противоизносная_присадка_22,typical,"Массовая доля кальция, ASTM D6481",,0.02
Противоизносная_присадка_22,typical,"Массовая доля серы, ASTM D6481",,19.0
Противоизносная_присадка_22,typical,Массовая доля фосфора | ASTM D6481,,8.65
Противоизносная_присадка_22,typical,"Массовая доля фосфора, ASTM D6481",,9.5
Противоизносная_присадка_22,typical,Массовая доля цинка | ASTM D6481,,9.15
Противоизносная_присадка_22,typical,"Массовая доля цинка, ASTM D6481",,9.6
Противоизносная_присадка_24,02360.22,Атомное отношение P:Zn,,0.87
Противоизносная_присадка_24,02360.22,"Кинематическая вязкость, при 100°C, ASTM D445",,11.81
Противоизносная_присадка_24,02360.22,Массовая доля кальция | ASTM D6481,,0.005
Противоизносная_присадка_24,02360.22,"Массовая доля кальция, ASTM D6481",,0.007
Противоизносная_присадка_24,02360.22,"Массовая доля серы, ASTM D6481",,16.1
Противоизносная_присадка_24,02360.22,Массовая доля фосфора | ASTM D6481,,8.65
Противоизносная_присадка_24,02360.22,"Массовая доля фосфора, ASTM D6481",,7.7
Противоизносная_присадка_24,02360.22,Массовая доля цинка | ASTM D6481,,9.15
Противоизносная_присадка_24,02360.22,"Массовая доля цинка, ASTM D6481",,9.0
Противоизносная_присадка_24,02360.22,"Щелочное число, ГОСТ 11362",,20.85
Противоизносная_присадка_24,typical,Атомное отношение P:Zn,,0.87
Противоизносная_присадка_24,typical,"Кинематическая вязкость, при 100°C, ASTM D445",,11.81
Противоизносная_присадка_24,typical,Массовая доля кальция | ASTM D6481,,0.005
Противоизносная_присадка_24,typical,"Массовая доля кальция, ASTM D6481",,0.007
Противоизносная_присадка_24,typical,"Массовая доля серы, ASTM D6481",,16.1
Противоизносная_присадка_24,typical,Массовая доля фосфора | ASTM D6481,,8.65
Противоизносная_присадка_24,typical,"Массовая доля фосфора, ASTM D6481",,7.7
Противоизносная_присадка_24,typical,Массовая доля цинка | ASTM D6481,,9.15
Противоизносная_присадка_24,typical,"Массовая доля цинка, ASTM D6481",,9.0
Противоизносная_присадка_24,typical,"Щелочное число, ГОСТ 11362",,20.85
Противоизносная_присадка_25,COMP-2024-0018-M,Атомное отношение P:Zn,,0.95
Противоизносная_присадка_25,COMP-2024-0018-M,"Кинематическая вязкость, при 100°C, ASTM D445",,9.175
Противоизносная_присадка_25,COMP-2024-0018-M,Массовая доля кальция | ASTM D6481,,0.005
Противоизносная_присадка_25,COMP-2024-0018-M,"Массовая доля кальция, ASTM D6481",,0.02
Противоизносная_присадка_25,COMP-2024-0018-M,"Массовая доля серы, ASTM D6481",,16.16
Противоизносная_присадка_25,COMP-2024-0018-M,Массовая доля фосфора | ASTM D6481,,8.65
Противоизносная_присадка_25,COMP-2024-0018-M,"Массовая доля фосфора, ASTM D6481",,8.62
Противоизносная_присадка_25,COMP-2024-0018-M,Массовая доля цинка | ASTM D6481,,9.15
Противоизносная_присадка_25,COMP-2024-0018-M,"Массовая доля цинка, ASTM D6481",,9.12
Противоизносная_присадка_25,typical,Атомное отношение P:Zn,,0.95
Противоизносная_присадка_25,typical,"Кинематическая вязкость, при 100°C, ASTM D445",,9.175
Противоизносная_присадка_25,typical,Массовая доля кальция | ASTM D6481,,0.005
Противоизносная_присадка_25,typical,"Массовая доля кальция, ASTM D6481",,0.02
Противоизносная_присадка_25,typical,"Массовая доля серы, ASTM D6481",,16.16
Противоизносная_присадка_25,typical,Массовая доля фосфора | ASTM D6481,,8.65
Противоизносная_присадка_25,typical,"Массовая доля фосфора, ASTM D6481",,8.62
Противоизносная_присадка_25,typical,Массовая доля цинка | ASTM D6481,,9.15
Противоизносная_присадка_25,typical,"Массовая доля цинка, ASTM D6481",,9.12
Противоизносная_присадка_26,COMP-2024-0017-M,Атомное отношение P:Zn,,0.92
Противоизносная_присадка_26,COMP-2024-0017-M,"Кинематическая вязкость, при 100°C, ASTM D445",,9.175
Противоизносная_присадка_26,COMP-2024-0017-M,Массовая доля кальция | ASTM D6481,,0.005
Противоизносная_присадка_26,COMP-2024-0017-M,"Массовая доля кальция, ASTM D6481",,0.0
Противоизносная_присадка_26,COMP-2024-0017-M,"Массовая доля серы, ASTM D6481",,16.5
Противоизносная_присадка_26,COMP-2024-0017-M,Массовая доля фосфора | ASTM D6481,,8.65
Противоизносная_присадка_26,COMP-2024-0017-M,"Массовая доля фосфора, ASTM D6481",,8.45
Противоизносная_присадка_26,COMP-2024-0017-M,Массовая доля цинка | ASTM D6481,,9.15
Противоизносная_присадка_26,COMP-2024-0017-M,"Массовая доля цинка, ASTM D6481",,9.19
Противоизносная_присадка_26,typical,Атомное отношение P:Zn,,0.92
Противоизносная_присадка_26,typical,"Кинематическая вязкость, при 100°C, ASTM D445",,9.175
Противоизносная_присадка_26,typical,Массовая доля кальция | ASTM D6481,,0.005
Противоизносная_присадка_26,typical,"Массовая доля кальция, ASTM D6481",,0.0
Противоизносная_присадка_26,typical,"Массовая доля серы, ASTM D6481",,16.5
Противоизносная_присадка_26,typical,Массовая доля фосфора | ASTM D6481,,8.65
Противоизносная_присадка_26,typical,"Массовая доля фосфора, ASTM D6481",,8.45
Противоизносная_присадка_26,typical,Массовая доля цинка | ASTM D6481,,9.15
Противоизносная_присадка_26,typical,"Массовая доля цинка, ASTM D6481",,9.19
Противоизносная_присадка_27,01363.24,Атомное отношение P:Zn,,0.92
Противоизносная_присадка_27,01363.24,Длина углеродной цепи,,6.0
Противоизносная_присадка_27,01363.24,"Кинематическая вязкость, при 100°C, ASTM D445",,9.4
Противоизносная_присадка_27,01363.24,Массовая доля кальция | ASTM D6481,,0.005
Противоизносная_присадка_27,01363.24,"Массовая доля кальция, ASTM D6481",,0.02
Противоизносная_присадка_27,01363.24,Массовая доля серы | ASTM D6481,,18.99
Противоизносная_присадка_27,01363.24,"Массовая доля серы, ASTM D6481",,17.6
Противоизносная_присадка_27,01363.24,Массовая доля фосфора | ASTM D6481,,8.928
Противоизносная_присадка_27,01363.24,"Массовая доля фосфора, ASTM D6481",,8.3
Противоизносная_присадка_27,01363.24,Массовая доля цинка | ASTM D6481,,9.233
Противоизносная_присадка_27,01363.24,"Массовая доля цинка, ASTM D6481",,9.0
Противоизносная_присадка_27,typical,Атомное отношение P:Zn,,0.92
Противоизносная_присадка_27,typical,Длина углеродной цепи,,6.0
Противоизносная_присадка_27,typical,"Кинематическая вязкость, при 100°C, ASTM D445",,9.4
Противоизносная_присадка_27,typical,Массовая доля кальция | ASTM D6481,,0.005
Противоизносная_присадка_27,typical,"Массовая доля кальция, ASTM D6481",,0.02
Противоизносная_присадка_27,typical,Массовая доля серы | ASTM D6481,,18.99
Противоизносная_присадка_27,typical,"Массовая доля серы, ASTM D6481",,17.6
Противоизносная_присадка_27,typical,Массовая доля фосфора | ASTM D6481,,8.928
Противоизносная_присадка_27,typical,"Массовая доля фосфора, ASTM D6481",,8.3
Противоизносная_присадка_27,typical,Массовая доля цинка | ASTM D6481,,9.233
Противоизносная_присадка_27,typical,"Массовая доля цинка, ASTM D6481",,9.0
Противоизносная_присадка_28,0784.24,Атомное отношение P:Zn,,0.8
Противоизносная_присадка_28,0784.24,"Кинематическая вязкость, при 100°C, ASTM D445",,10.15
Противоизносная_присадка_28,0784.24,Массовая доля кальция | ASTM D6481,,0.005
Противоизносная_присадка_28,0784.24,"Массовая доля кальция, ASTM D6481",,0.001
Противоизносная_присадка_28,0784.24,"Массовая доля серы, ASTM D6481",,16.46
Противоизносная_присадка_28,0784.24,Массовая доля фосфора | ASTM D6481,,8.65
Противоизносная_присадка_28,0784.24,"Массовая доля фосфора, ASTM D6481",,8.82
Противоизносная_присадка_28,0784.24,Массовая доля цинка | ASTM D6481,,9.15
Противоизносная_присадка_28,0784.24,"Массовая доля цинка, ASTM D6481",,9.17
Противоизносная_присадка_28,typical,Атомное отношение P:Zn,,0.8
Противоизносная_присадка_28,typical,"Кинематическая вязкость, при 100°C, ASTM D445",,10.15
Противоизносная_присадка_28,typical,Массовая доля кальция | ASTM D6481,,0.005
Противоизносная_присадка_28,typical,"Массовая доля кальция, ASTM D6481",,0.001
Противоизносная_присадка_28,typical,"Массовая доля серы, ASTM D6481",,16.46
Противоизносная_присадка_28,typical,Массовая доля фосфора | ASTM D6481,,8.65
Противоизносная_присадка_28,typical,"Массовая доля фосфора, ASTM D6481",,8.82
Противоизносная_присадка_28,typical,Массовая доля цинка | ASTM D6481,,9.15
Противоизносная_присадка_28,typical,"Массовая доля цинка, ASTM D6481",,9.17
Противоизносная_присадка_29,03073.24,Атомное отношение P:Zn,,0.9473684211
Противоизносная_присадка_29,03073.24,"Кинематическая вязкость, при 100°C, ASTM D445",,14.94
Противоизносная_присадка_29,03073.24,Массовая доля кальция | ASTM D6481,,0.005
Противоизносная_присадка_29,03073.24,"Массовая доля кальция, ASTM D6481",,0.0004
Противоизносная_присадка_29,03073.24,"Массовая доля серы, ASTM D6481",,17.94
Противоизносная_присадка_29,03073.24,Массовая доля фосфора | ASTM D6481,,8.65
Противоизносная_присадка_29,03073.24,"Массовая доля фосфора, ASTM D6481",,9.32
Противоизносная_присадка_29,03073.24,Массовая доля цинка | ASTM D6481,,9.15
Противоизносная_присадка_29,03073.24,"Массовая доля цинка, ASTM D6481",,10.09
Противоизносная_присадка_29,03073.24,"Щелочное число, ASTM D2896",,19.93
Противоизносная_присадка_29,03073.24,"Щелочное число, ГОСТ 11362",,14.47
Противоизносная_присадка_29,typical,Атомное отношение P:Zn,,0.9473684211
Противоизносная_присадка_29,typical,"Кинематическая вязкость, при 100°C, ASTM D445",,14.94
Противоизносная_присадка_29,typical,Массовая доля кальция | ASTM D6481,,0.005
Противоизносная_присадка_29,typical,"Массовая доля кальция, ASTM D6481",,0.0004
Противоизносная_присадка_29,typical,"Массовая доля серы, ASTM D6481",,17.94
Противоизносная_присадка_29,typical,Массовая доля фосфора | ASTM D6481,,8.65
Противоизносная_присадка_29,typical,"Массовая доля фосфора, ASTM D6481",,9.32
Противоизносная_присадка_29,typical,Массовая доля цинка | ASTM D6481,,9.15
Противоизносная_присадка_29,typical,"Массовая доля цинка, ASTM D6481",,10.09
Противоизносная_присадка_29,typical,"Щелочное число, ASTM D2896",,19.93
Противоизносная_присадка_29,typical,"Щелочное число, ГОСТ 11362",,14.47
Противоизносная_присадка_5,02975.22,Атомное отношение P:Zn,,0.88
Противоизносная_присадка_5,02975.22,Длина углеродной цепи,,24.8
Противоизносная_присадка_5,02975.22,"Кинематическая вязкость, при 100°C, ASTM D445",,12.17
Противоизносная_присадка_5,02975.22,Массовая доля кальция | ASTM D6481,,0.005
Противоизносная_присадка_5,02975.22,"Массовая доля кальция, ASTM D6481",,0.0001
Противоизносная_присадка_5,02975.22,"Массовая доля серы, ASTM D6481",,15.99
Противоизносная_присадка_5,02975.22,Массовая доля фосфора | ASTM D6481,,8.65
Противоизносная_присадка_5,02975.22,"Массовая доля фосфора, ASTM D6481",,8.768
Противоизносная_присадка_5,02975.22,Массовая доля цинка | ASTM D6481,,9.15
Противоизносная_присадка_5,02975.22,"Массовая доля цинка, ASTM D6481",,8.85
Противоизносная_присадка_5,typical,Атомное отношение P:Zn,,0.88
Противоизносная_присадка_5,typical,Длина углеродной цепи,,24.8
Противоизносная_присадка_5,typical,"Кинематическая вязкость, при 100°C, ASTM D445",,12.17
Противоизносная_присадка_5,typical,Массовая доля кальция | ASTM D6481,,0.005
Противоизносная_присадка_5,typical,"Массовая доля кальция, ASTM D6481",,0.0001
Противоизносная_присадка_5,typical,"Массовая доля серы, ASTM D6481",,15.99
Противоизносная_присадка_5,typical,Массовая доля фосфора | ASTM D6481,,8.65
Противоизносная_присадка_5,typical,"Массовая доля фосфора, ASTM D6481",,8.768
Противоизносная_присадка_5,typical,Массовая доля цинка | ASTM D6481,,9.15
Противоизносная_присадка_5,typical,"Массовая доля цинка, ASTM D6481",,8.85
Противоизносная_присадка_7,02359.22,Атомное отношение P:Zn,,0.92
Противоизносная_присадка_7,02359.22,"Кинематическая вязкость, при 100°C, ASTM D445",,13.66
Противоизносная_присадка_7,02359.22,Массовая доля кальция | ASTM D6481,,0.005
Противоизносная_присадка_7,02359.22,"Массовая доля кальция, ASTM D6481",,0.006
Противоизносная_присадка_7,02359.22,"Массовая доля серы, ASTM D6481",,16.46
Противоизносная_присадка_7,02359.22,Массовая доля фосфора | ASTM D6481,,8.65
Противоизносная_присадка_7,02359.22,"Массовая доля фосфора, ASTM D6481",,7.7
Противоизносная_присадка_7,02359.22,Массовая доля цинка | ASTM D6481,,9.15
Противоизносная_присадка_7,02359.22,"Массовая доля цинка, ASTM D6481",,9.0
Противоизносная_присадка_7,02359.22,"Щелочное число, ГОСТ 11362",,19.72
Противоизносная_присадка_8,0186.22,Атомное отношение P:Zn,,1.0
Противоизносная_присадка_8,0186.22,Длина углеродной цепи,,20.0
Противоизносная_присадка_8,0186.22,"Кинематическая вязкость, при 100°C, ASTM D445",,13.74
Противоизносная_присадка_8,0186.22,Массовая доля кальция | ASTM D6481,,0.005
Противоизносная_присадка_8,0186.22,"Массовая доля кальция, ASTM D6481",,0.001
Противоизносная_присадка_8,0186.22,"Массовая доля серы, ASTM D6481",,15.0
Противоизносная_присадка_8,0186.22,Массовая доля фосфора | ASTM D6481,,8.65
Противоизносная_присадка_8,0186.22,"Массовая доля фосфора, ASTM D6481",,8.049
Противоизносная_присадка_8,0186.22,Массовая доля цинка | ASTM D6481,,9.15
Противоизносная_присадка_8,0186.22,"Массовая доля цинка, ASTM D6481",,9.095
Противоизносная_присадка_8,0186.22,"Щелочное число, ASTM D2896",,17.8
Противоизносная_присадка_8,typical,Атомное отношение P:Zn,,1.0
Противоизносная_присадка_8,typical,Длина углеродной цепи,,20.0
Противоизносная_присадка_8,typical,"Кинематическая вязкость, при 100°C, ASTM D445",,13.74
Противоизносная_присадка_8,typical,Массовая доля кальция | ASTM D6481,,0.005
Противоизносная_присадка_8,typical,"Массовая доля кальция, ASTM D6481",,0.001
Противоизносная_присадка_8,typical,"Массовая доля серы, ASTM D6481",,15.0
Противоизносная_присадка_8,typical,Массовая доля фосфора | ASTM D6481,,8.65
Противоизносная_присадка_8,typical,"Массовая доля фосфора, ASTM D6481",,7.37
Противоизносная_присадка_8,typical,Массовая доля цинка | ASTM D6481,,9.15
Противоизносная_присадка_8,typical,"Массовая доля цинка, ASTM D6481",,7.35
Противоизносная_присадка_8,typical,"Щелочное число, ASTM D2896",,19.7
Соединение_молибдена_1,typical,% масс. (Mo),,7.5
Соединение_молибдена_1,typical,COC (°C),,150.0
Соединение_молибдена_1,typical,"Массовая доля фосфора, ASTM D6481",,0.0
Соединение_молибдена_1,typical,Отношение S:Mo,,1.1
Соединение_молибдена_2,typical,% масс. (Mo),,10.0
Соединение_молибдена_2,typical,COC (°C),,170.0
Соединение_молибдена_2,typical,"Массовая доля фосфора, ASTM D6481",,0.0
Соединение_молибдена_2,typical,Отношение S:Mo,,1.1
Соединение_молибдена_3,typical,% масс. (Mo),,8.02
Соединение_молибдена_3,typical,COC (°C),,195.0
Соединение_молибдена_3,typical,"Массовая доля фосфора, ASTM D6481",,0.0
Соединение_молибдена_3,typical,Отношение S:Mo,,1.1
Соединение_молибдена_4,typical,% масс. (Mo),,10.0
Соединение_молибдена_4,typical,COC (°C),,170.0
Соединение_молибдена_4,typical,"Массовая доля фосфора, ASTM D6481",,0.0
Соединение_молибдена_4,typical,Отношение S:Mo,,1.1
Соединение_молибдена_5,typical,% масс. (Mo),,10.0
Соединение_молибдена_5,typical,COC (°C),,165.0
Соединение_молибдена_5,typical,"Массовая доля фосфора, ASTM D6481",,3.5
Соединение_молибдена_5,typical,Отношение S:Mo,,1.25
Соединение_молибдена_6,01027.23,% масс. (Mo),,10.0
Соединение_молибдена_6,01027.23,COC (°C),,135.0
Соединение_молибдена_6,01027.23,"Кинематическая вязкость, при 100°C, ASTM D445",,26.69
Соединение_молибдена_6,01027.23,"Массовая доля фосфора, ASTM D6481",,0.0
Соединение_молибдена_6,01027.23,Отношение S:Mo,,1.09
Соединение_молибдена_6,typical,% масс. (Mo),,10.0
Соединение_молибдена_6,typical,COC (°C),,135.0
Соединение_молибдена_6,typical,"Кинематическая вязкость, при 100°C, ASTM D445",,26.69
Соединение_молибдена_6,typical,"Массовая доля фосфора, ASTM D6481",,0.0
Соединение_молибдена_6,typical,Отношение S:Mo,,1.09
