feature_1,feature_2,Пирсон,Спирман
Деаэрация | ASTM D3427,Температура проведения теста | -,1.0,1.0
"Плотность при 15°С, ASTM D4052","Плотность при 20°С, ASTM D4052",0.9999999558608716,0.9999903194560273
Массовая доля серы | ASTM D6481,Массовая доля фосфора | ASTM D6481,0.9995164325246646,0.9130756528084296
Массовая доля фосфора | ASTM D6481,Массовая доля цинка | ASTM D6481,0.9990500675359283,0.9999982525231718
Деэм.вода | ASTM D1401,Деэм.масло | ASTM D1401,0.9987888726611823,0.9960954352288127
Массовая доля серы | ASTM D6481,Массовая доля цинка | ASTM D6481,0.9980178619177951,0.9130741806273195
Последовательность 2 | ASTM D892,Последовательность 3 | ASTM D892,0.9965875157484835,0.7083779830997149
Последовательность 1 | ASTM D892,Последовательность 3 | ASTM D892,0.9921747431351312,0.5887857236597935
Последовательность 1 | ASTM D892,Последовательность 2 | ASTM D892,0.9920861767520156,0.556948971647591
"Массовая доля фосфора, ASTM D6481","Массовая доля цинка, ASTM D6481",0.9908438803171228,0.9782359279938139
"Динамическая вязкость CCS -15°C, ASTM D5293","Динамическая вязкость CCS -20°C, ASTM D5293",0.9657504952553425,0.8281626766955728
"Массовая доля кальция, ASTM D6481","Щелочное число, ASTM D2896",0.940313996159289,0.5982848352945652
"Динамическая вязкость CCS -20°C, ASTM D5293","Динамическая вязкость CCS -25°C, ASTM D5293",0.8966096669132186,0.9825218520347674
"Динамическая вязкость CCS -15°C, ASTM D5293","Динамическая вязкость CCS -25°C, ASTM D5293",0.8628380676874916,0.8074291110147892
"Индекс вязкости, ГОСТ 25371","Температура застывания, ГОСТ 20287, метод Б",-0.8052742415904887,-0.8925026631776504
"Массовая доля серы, ASTM D6481","Массовая доля фосфора, ASTM D6481",0.7718655214332829,0.761720918023093
"Массовая доля серы, ASTM D6481","Массовая доля цинка, ASTM D6481",0.7563625815590941,0.7313056130804645
"Динамическая вязкость CCS -25°C, ASTM D5293","Динамическая вязкость CCS -30°C, ASTM D5293",0.7285121021759529,0.8873937231221078
Деэм.время | ASTM D1401,Деэм.масло | ASTM D1401,0.7211120830066811,0.9987999421889691
"Температура испытания | ASTM D445 Daimler Oxidation Test (DOT), °C","Количество биотоплива | - Daimler Oxidation Test (DOT), % масс",-0.7194627409821052,-0.7259789904870372
Деэм.вода | ASTM D1401,Деэм.время | ASTM D1401,0.7149031150523052,0.9982379291000323
"Температура испытания | ASTM D445 Daimler Oxidation Test (DOT), °C","Время испытания | - Daimler Oxidation Test (DOT), ч",-0.6948453986262971,-0.7103342458213946
"Динамическая вязкость CCS -20°C, ASTM D5293","Динамическая вязкость CCS -30°C, ASTM D5293",0.6423199467734337,0.8705395033717941
Деэм.вода | ASTM D1401,"Индекс вязкости, ГОСТ 25371",0.6389432151774352,0.6453692556438485
Деэм.масло | ASTM D1401,"Индекс вязкости, ГОСТ 25371",0.6363140103979329,0.6413805855255343
"Температура испытания | ASTM D445 Daimler Oxidation Test (DOT), °C","Delta Kin. Viscosity KV100 - relative | - Daimler Oxidation Test (DOT), %",-0.6024224376067228,-0.6076740104687932
"Динамическая вязкость CCS -15°C, ASTM D5293","Динамическая вязкость CCS -30°C, ASTM D5293",0.5959755313625099,0.7017689046046464
Определение содержания воды методом Карла Фишера | ASTM D 6304,"Щелочное число, ГОСТ 11362",0.5794364772975525,0.3521039986347877
"Время испытания | - Daimler Oxidation Test (DOT), ч","Delta Kin. Viscosity KV100 - relative | - Daimler Oxidation Test (DOT), %",0.5233837485114025,0.45643144673634584
Деэм.вода | ASTM D1401,"Температура застывания, ГОСТ 20287, метод Б",-0.5196025407983708,-0.6150812678649212
Деэм.масло | ASTM D1401,"Температура застывания, ГОСТ 20287, метод Б",-0.5176474685890846,-0.6134757533330394
"Динамическая вязкость CCS -15°C, ASTM D5293","Индекс вязкости, ГОСТ 25371",0.5158193423055737,0.8814245112506893
"Время испытания | - Daimler Oxidation Test (DOT), ч","Количество биотоплива | - Daimler Oxidation Test (DOT), % масс",0.4977623314029824,0.49887914819388723
"Delta Kin. Viscosity KV100 - relative | - Daimler Oxidation Test (DOT), %","Количество биотоплива | - Daimler Oxidation Test (DOT), % масс",0.495431061318719,0.6657042011074055
"Кислотное число, ГОСТ 11362","Щелочное число, ASTM D2896",0.483272323746329,0.3223657016124676
"Динамическая вязкость CCS -20°C, ASTM D5293","Индекс вязкости, ГОСТ 25371",0.47647016222978206,0.7990811175450416
Деэм.масло | ASTM D1401,"Динамическая вязкость CCS -15°C, ASTM D5293",0.4593797370696433,0.6814452418859657
"Динамическая вязкость CCS -25°C, ASTM D5293","Индекс вязкости, ГОСТ 25371",0.45855070692000177,0.7924313879045388
Деэм.время | ASTM D1401,"Индекс вязкости, ГОСТ 25371",0.4497507746367854,0.6432617240422045
Деэм.вода | ASTM D1401,"Динамическая вязкость CCS -15°C, ASTM D5293",0.44741131592700767,0.6768448720974142
"Динамическая вязкость CCS -30°C, ASTM D5293","Индекс вязкости, ГОСТ 25371",0.43338049223651115,0.7121286242621813
Деэм.время | ASTM D1401,"Динамическая вязкость CCS -15°C, ASTM D5293",0.4277005776270094,0.6800543054446068
"Динамическая вязкость CCS -15°C, ASTM D5293","Температура застывания, ГОСТ 20287, метод Б",-0.42650253769104973,-0.862529883648838
"Динамическая вязкость CCS -30°C, ASTM D5293","Динамическая вязкость CCS -35°C, ASTM D5293",0.41286566126329755,0.5144325113596584
Деэм.масло | ASTM D1401,"Динамическая вязкость CCS -20°C, ASTM D5293",0.41062891409177676,0.5748998690598495
Деэм.вода | ASTM D1401,"Динамическая вязкость CCS -20°C, ASTM D5293",0.39886037555674886,0.5704080924854664
Деэм.время | ASTM D1401,"Динамическая вязкость CCS -20°C, ASTM D5293",0.3952933530600553,0.5734242553991
Деэм.масло | ASTM D1401,"Динамическая вязкость CCS -25°C, ASTM D5293",0.3854320327096276,0.5535357129283759
"Динамическая вязкость CCS -20°C, ASTM D5293","Температура застывания, ГОСТ 20287, метод Б",-0.381530447276074,-0.7460771161503944
Деэм.время | ASTM D1401,"Динамическая вязкость CCS -25°C, ASTM D5293",0.37423821675866376,0.5515622798443813
Деэм.вода | ASTM D1401,"Динамическая вязкость CCS -25°C, ASTM D5293",0.3738625992838413,0.5503942273659401
"Кислотное число, ГОСТ 11362","Массовая доля кальция, ASTM D6481",0.36890576331910097,0.19542929189177535
"Динамическая вязкость CCS -25°C, ASTM D5293","Температура застывания, ГОСТ 20287, метод Б",-0.35634092799526096,-0.7328180252616998
"Delta Kin. Viscosity KV100 - relative | - Daimler Oxidation Test (DOT), %","Oxidation EOT | DIN 51453 Daimler Oxidation Test (DOT), A/cm",0.34906624677674813,0.47377687661646556
"Динамическая вязкость CCS -30°C, ASTM D5293","Температура застывания, ГОСТ 20287, метод Б",-0.3377957197847864,-0.6567468265688108
Деэм.масло | ASTM D1401,"Динамическая вязкость CCS -35°C, ASTM D5293",0.33445275875601993,0.4425550010467536
Деэм.время | ASTM D1401,Деэм.эмульсия | ASTM D1401,0.3332154825075468,0.2088093715622509
Деэм.время | ASTM D1401,"Температура застывания, ГОСТ 20287, метод Б",-0.3310430176554471,-0.6135857636899777
"Динамическая вязкость CCS -25°C, ASTM D5293","Динамическая вязкость CCS -35°C, ASTM D5293",0.32699854861951333,0.5443105646939091
Деэм.вода | ASTM D1401,"Динамическая вязкость CCS -35°C, ASTM D5293",0.3261517873316629,0.4483417417766106
"Время испытания | - Daimler Oxidation Test (DOT), ч","Oxidation EOT | DIN 51453 Daimler Oxidation Test (DOT), A/cm",0.3237361284031412,0.3039245991733369
"Температура испытания | ASTM D445 Daimler Oxidation Test (DOT), °C","Oxidation EOT | DIN 51453 Daimler Oxidation Test (DOT), A/cm",-0.32029515076867243,-0.35221513230285173
"Динамическая вязкость CCS -35°C, ASTM D5293","Индекс вязкости, ГОСТ 25371",0.30840710607184824,0.5318096702851455
Деэм.масло | ASTM D1401,"Динамическая вязкость CCS -30°C, ASTM D5293",0.30756684086220226,0.47089709709449057
"Испаряемость по NOACK, ASTM D5800","Температура застывания, ГОСТ 20287, метод Б",-0.30288901669883883,-0.7250507087376731
Деэм.эмульсия | ASTM D1401,"Динамическая вязкость CCS -25°C, ASTM D5293",0.30078570295558327,0.13242585507062504
Деэм.вода | ASTM D1401,"Динамическая вязкость CCS -30°C, ASTM D5293",0.3004638820567642,0.4716569646377509
"Количество биотоплива | - Daimler Oxidation Test (DOT), % масс","Дозировка катализатора, категория",0.30002295578226357,0.2984503965070129
"Динамическая вязкость CCS -15°C, ASTM D5293","Динамическая вязкость CCS -35°C, ASTM D5293",0.2988217678359521,0.5179597445379392
"Динамическая вязкость CCS -20°C, ASTM D5293","Динамическая вязкость CCS -35°C, ASTM D5293",0.2958552068513058,0.5363569210065404
"Oxidation EOT | DIN 51453 Daimler Oxidation Test (DOT), A/cm","Количество биотоплива | - Daimler Oxidation Test (DOT), % масс",0.2778139841835457,0.257369535943011
Деэм.эмульсия | ASTM D1401,"Динамическая вязкость CCS -15°C, ASTM D5293",0.27455313277597176,0.15249920393727925
Деэм.вода | ASTM D1401,"Испаряемость по NOACK, ASTM D5800",0.27309841314237576,0.7577475186959991
Деэм.масло | ASTM D1401,"Испаряемость по NOACK, ASTM D5800",0.2722759770212196,0.756234121247312
Деэм.эмульсия | ASTM D1401,"Динамическая вязкость CCS -20°C, ASTM D5293",0.2701064545383532,0.13049261750572522
"Динамическая вязкость CCS -35°C, ASTM D5293",Последовательность 2 | ASTM D892,0.2668085020244144,0.20799951529492333
"Динамическая вязкость CCS -35°C, ASTM D5293",Последовательность 3 | ASTM D892,0.2652226604594009,0.1345965649893394
"Динамическая вязкость CCS -35°C, ASTM D5293",Последовательность 1 | ASTM D892,0.2633866841920497,0.09329768985988111
"Индекс вязкости, ГОСТ 25371","Испаряемость по NOACK, ASTM D5800",0.2402437125218323,0.7264290068251875
Общее содержание азота | ASTM D3228,Цвет | ASTM D1500,0.23263502655265386,0.43301071349410164
"Кинематическая вязкость, при 100°C, ASTM D445","Кинематическая вязкость, при 40°C, ASTM D445",0.22778222674732299,0.07273545500164598
Деаэрация | ASTM D3427,"Плотность при 15°С, ASTM D4052",0.22656828630145925,0.2189686732412039
"Плотность при 15°С, ASTM D4052",Температура проведения теста | -,0.22656828630145923,0.2189686732412039
Деаэрация | ASTM D3427,"Плотность при 20°С, ASTM D4052",0.22645209003790048,0.2189686732412039
"Плотность при 20°С, ASTM D4052",Температура проведения теста | -,0.2264520900379004,0.2189686732412039
Деэм.вода | ASTM D1401,Последовательность 1 | ASTM D892,0.22570834117953215,0.24507289541923297
Деэм.вода | ASTM D1401,Последовательность 3 | ASTM D892,0.2232995025274377,0.29200742936317753
Деэм.масло | ASTM D1401,Последовательность 1 | ASTM D892,0.2187604509710881,0.2466572562341935
Деэм.время | ASTM D1401,"Динамическая вязкость CCS -30°C, ASTM D5293",0.21714761158702942,0.4691899304807125
Деэм.масло | ASTM D1401,Последовательность 3 | ASTM D892,0.21431916929771788,0.28520349941502054
"Количество биотоплива | - Daimler Oxidation Test (DOT), % масс","Индекс вязкости, ГОСТ 25371",-0.21072370207255423,-0.21198768774149174
Деэм.вода | ASTM D1401,Последовательность 2 | ASTM D892,0.20850684517912782,0.21244805789045268
Деэм.масло | ASTM D1401,Деэм.эмульсия | ASTM D1401,0.20285620331002552,0.2028298694010805
"Количество биотоплива | - Daimler Oxidation Test (DOT), % масс","Температура застывания, ГОСТ 20287, метод Б",0.2027710476794005,0.21895168354368869
"Oxidation EOT | DIN 51453 Daimler Oxidation Test (DOT), A/cm","Дозировка катализатора, категория",0.20041883995365764,0.1898397460873575
"Количество биотоплива | - Daimler Oxidation Test (DOT), % масс",Деэм.масло | ASTM D1401,-0.19953911286827258,-0.19925902769076906
"Индекс вязкости, ГОСТ 25371","Кинематическая вязкость, при 100°C, ASTM D445",-0.19953424216948423,0.02115717802722609
"Количество биотоплива | - Daimler Oxidation Test (DOT), % масс",Деэм.вода | ASTM D1401,-0.199514342825068,-0.19925659607026208
Деэм.масло | ASTM D1401,Последовательность 2 | ASTM D892,0.19946353169714243,0.19489520458343432
"Динамическая вязкость CCS -35°C, ASTM D5293","Температура застывания, ГОСТ 20287, метод Б",-0.19761808569959943,-0.47433449007788014
"Массовая доля, %","Плотность при 15°С, ASTM D4052",0.19559191569862136,0.1778498168899259
"Массовая доля, %","Плотность при 20°С, ASTM D4052",0.1955671350294203,0.17763978692889396
Деэм.вода | ASTM D1401,Деэм.эмульсия | ASTM D1401,0.19437108870820233,0.19484323516610377
Деэм.время | ASTM D1401,"Испаряемость по NOACK, ASTM D5800",0.1877288630614869,0.7574147099853279
"Кинематическая вязкость, при 100°C, ASTM D445","Температура застывания, ГОСТ 20287, метод Б",0.18594244994164372,-0.01514349771652038
Деэм.время | ASTM D1401,"Динамическая вязкость CCS -35°C, ASTM D5293",0.1792647395260822,0.44250989226100207
"Массовая доля, %","Температура застывания, ГОСТ 20287, метод Б",-0.1704928433124639,-0.14738179287523434
"Индекс вязкости, ГОСТ 25371","Плотность при 20°С, ASTM D4052",0.16538276281467723,0.15946449865547122
"Индекс вязкости, ГОСТ 25371","Плотность при 15°С, ASTM D4052",0.16538244301325591,0.15942561679177278
"Индекс вязкости, ГОСТ 25371","Щелочное число, ASTM D2896",-0.16438683091820072,-0.2315317823263192
"Кинематическая вязкость, при 100°C, ASTM D445",Цвет | ASTM D1500,0.16293950666637325,0.1088000567414762
"Массовая доля, %","Испаряемость по NOACK, ASTM D5800",0.15907711393486468,0.10582943557187459
"Температура испытания | ASTM D445 Daimler Oxidation Test (DOT), °C","Индекс вязкости, ГОСТ 25371",0.15801117233832196,0.15882660875420715
"Температура застывания, ГОСТ 20287, метод Б","Щелочное число, ASTM D2896",0.15219150912783735,0.22547087192977605
"Массовая доля, %","Массовая доля фосфора, ASTM D6481",0.15176810132114002,0.13011114015118652
"Температура застывания, ГОСТ 20287, метод Б",Температура проведения теста | -,-0.1517289785820022,-0.14893430641300734
Деаэрация | ASTM D3427,"Температура застывания, ГОСТ 20287, метод Б",-0.151728978582002,-0.14893430641300734
"Массовая доля, %","Массовая доля цинка, ASTM D6481",0.15127507549642025,0.1350607971270551
"Индекс вязкости, ГОСТ 25371",Температура проведения теста | -,0.14862997449795598,0.15194904146170782
Деаэрация | ASTM D3427,"Индекс вязкости, ГОСТ 25371",0.14862997449795584,0.15194904146170782
"Количество биотоплива | - Daimler Oxidation Test (DOT), % масс","Динамическая вязкость CCS -15°C, ASTM D5293",-0.14581272510916055,-0.22936212127398434
"Количество биотоплива | - Daimler Oxidation Test (DOT), % масс",Деэм.время | ASTM D1401,-0.14395233560957546,-0.19938094907184856
"Динамическая вязкость CCS -25°C, ASTM D5293",Последовательность 1 | ASTM D892,0.14289444925273886,0.22460268164375477
"Температура испытания | ASTM D445 Daimler Oxidation Test (DOT), °C","Температура застывания, ГОСТ 20287, метод Б",-0.14282800792573014,-0.1539055816300754
"Массовая доля, %","Динамическая вязкость CCS -20°C, ASTM D5293",0.14088957155138526,0.20862418393420323
"Динамическая вязкость CCS -15°C, ASTM D5293",Последовательность 1 | ASTM D892,0.14009940777835583,0.28591154879975067
"Массовая доля, %","Динамическая вязкость CCS -15°C, ASTM D5293",0.13955904701208385,0.16086828255016924
"Динамическая вязкость CCS -30°C, ASTM D5293",Последовательность 1 | ASTM D892,0.13733460611824172,0.14650684503783
"Температура испытания | ASTM D445 Daimler Oxidation Test (DOT), °C",Деэм.масло | ASTM D1401,0.13731001018552272,0.13799816042472843
"Температура испытания | ASTM D445 Daimler Oxidation Test (DOT), °C",Деэм.вода | ASTM D1401,0.13729296503163804,0.13799647638982823
"Количество биотоплива | - Daimler Oxidation Test (DOT), % масс","Динамическая вязкость CCS -20°C, ASTM D5293",-0.13564413664218197,-0.13366708416850726
"Индекс вязкости, ГОСТ 25371","Массовая доля кальция, ASTM D6481",-0.13494084512768606,0.22135230942745718
Деэм.вода | ASTM D1401,"Кинематическая вязкость, при 100°C, ASTM D445",-0.13485046777679252,0.023529749934597867
Деэм.масло | ASTM D1401,"Кинематическая вязкость, при 100°C, ASTM D445",-0.13479873365985118,0.027422019935795936
Деэм.время | ASTM D1401,Последовательность 1 | ASTM D892,0.13269658871164358,0.253151714114785
"Количество биотоплива | - Daimler Oxidation Test (DOT), % масс","Кинематическая вязкость, при 100°C, ASTM D445",-0.13115328596939618,-0.1705812100250187
"Динамическая вязкость CCS -30°C, ASTM D5293","Кинематическая вязкость, при 100°C, ASTM D445",-0.12966644513777922,-0.01814485107981624
"Количество биотоплива | - Daimler Oxidation Test (DOT), % масс","Динамическая вязкость CCS -25°C, ASTM D5293",-0.12959274110372496,-0.13017104285869296
"Индекс вязкости, ГОСТ 25371",Последовательность 1 | ASTM D892,0.12929320934752658,0.20506211685716175
"Кислотное число, ГОСТ 11362",Цвет | ASTM D1500,0.12842337654073216,0.47215873437800276
"Количество биотоплива | - Daimler Oxidation Test (DOT), % масс","Испаряемость по NOACK, ASTM D5800",-0.12806415517078243,-0.21547639219695897
"Динамическая вязкость CCS -20°C, ASTM D5293",Последовательность 1 | ASTM D892,0.1254238953580321,0.24510317361845674
"Массовая доля кальция, ASTM D6481","Температура застывания, ГОСТ 20287, метод Б",0.12493061493834694,-0.22214792356153432
"Индекс вязкости, ГОСТ 25371",Последовательность 3 | ASTM D892,0.12388418002401436,0.1696324396486321
"Динамическая вязкость CCS -20°C, ASTM D5293","Кинематическая вязкость, при 100°C, ASTM D445",-0.12129974581716602,-0.01653683409777065
"Delta Kin. Viscosity KV100 - relative | - Daimler Oxidation Test (DOT), %","Индекс вязкости, ГОСТ 25371",-0.11923974420168137,-0.11481878492182199
"Кинематическая вязкость, при 100°C, ASTM D445","Кислотное число, ГОСТ 11362",0.11891200969290408,0.18384870941747408
"Массовая доля, %","Динамическая вязкость CCS -25°C, ASTM D5293",0.11888656543331548,0.1987678030258741
Деэм.время | ASTM D1401,Последовательность 3 | ASTM D892,0.11801898458010047,0.29193389891504884
"Oxidation EOT | DIN 51453 Daimler Oxidation Test (DOT), A/cm",Последовательность 1 | ASTM D892,0.11730054075358486,0.13151611965732074
Последовательность 1 | ASTM D892,"Температура застывания, ГОСТ 20287, метод Б",-0.11694396077183301,-0.21709462117795175
"Динамическая вязкость CCS -25°C, ASTM D5293","Кинематическая вязкость, при 100°C, ASTM D445",-0.11675229747258477,-0.022248327615358957
"Oxidation EOT | DIN 51453 Daimler Oxidation Test (DOT), A/cm","Динамическая вязкость CCS -20°C, ASTM D5293",0.11629131484278638,0.05027456405047206
"Oxidation EOT | DIN 51453 Daimler Oxidation Test (DOT), A/cm","Динамическая вязкость CCS -25°C, ASTM D5293",0.11626223859308026,0.045457902305161384
"Динамическая вязкость CCS -15°C, ASTM D5293","Кинематическая вязкость, при 100°C, ASTM D445",-0.11553680854833032,0.024585393971993122
"Индекс вязкости, ГОСТ 25371",Последовательность 2 | ASTM D892,0.11428041814034878,0.11611062899806436
"Массовая доля, %","Индекс вязкости, ГОСТ 25371",0.11392746507469792,0.10657753658603063
Деэм.эмульсия | ASTM D1401,"Индекс вязкости, ГОСТ 25371",0.11353368865431342,0.11655678809631602
"Индекс вязкости, ГОСТ 25371","Массовая доля фосфора, ASTM D6481",-0.1132817788870431,0.30216795180617867
"Delta Kin. Viscosity KV100 - relative | - Daimler Oxidation Test (DOT), %","Температура застывания, ГОСТ 20287, метод Б",0.11260306582346788,0.1231305061215833
Последовательность 3 | ASTM D892,"Температура застывания, ГОСТ 20287, метод Б",-0.112368402884986,-0.19099365671869936
"Испаряемость по NOACK, ASTM D5800","Кинематическая вязкость, при 100°C, ASTM D445",-0.11227499038024592,0.00034923867132016995
Деэм.масло | ASTM D1401,"Щелочное число, ASTM D2896",-0.11125558077823715,-0.15631156334883334
Деэм.вода | ASTM D1401,"Щелочное число, ASTM D2896",-0.11124176992429977,-0.1563096558297246
"Плотность при 15°С, ASTM D4052","Температура застывания, ГОСТ 20287, метод Б",-0.10962993916852422,-0.10099928404543056
"Плотность при 20°С, ASTM D4052","Температура застывания, ГОСТ 20287, метод Б",-0.10961518190737332,-0.10094132474883728
"Динамическая вязкость CCS -30°C, ASTM D5293","Щелочное число, ASTM D2896",-0.10946151212287754,-0.3023885384553279
"Индекс вязкости, ГОСТ 25371","Массовая доля цинка, ASTM D6481",-0.10908839478253324,0.2959868561951528
"Кинематическая вязкость, при 100°C, ASTM D445","Массовая доля фосфора, ASTM D6481",-0.10801641499256186,0.3498017184145113
"Температура испытания | ASTM D445 Daimler Oxidation Test (DOT), °C","Кинематическая вязкость, при 100°C, ASTM D445",0.10784888015430878,0.13464041838375587
"Температура испытания | ASTM D445 Daimler Oxidation Test (DOT), °C","Динамическая вязкость CCS -15°C, ASTM D5293",0.10782217511433308,0.16296201313912884
"Динамическая вязкость CCS -30°C, ASTM D5293",Последовательность 2 | ASTM D892,0.10778017975064733,0.12655733411270448
Деэм.время | ASTM D1401,Последовательность 2 | ASTM D892,0.10758860722156867,0.20196153570778547
"Динамическая вязкость CCS -30°C, ASTM D5293",Последовательность 3 | ASTM D892,0.10755680146209076,0.11245288265137315
"Oxidation EOT | DIN 51453 Daimler Oxidation Test (DOT), A/cm",Последовательность 3 | ASTM D892,0.106403432278558,0.08416854304255639
"Oxidation EOT | DIN 51453 Daimler Oxidation Test (DOT), A/cm",Последовательность 2 | ASTM D892,0.10624686510530545,0.09111416432683064
"Динамическая вязкость CCS -35°C, ASTM D5293","Испаряемость по NOACK, ASTM D5800",0.10517993507658527,0.5261060155066077
"Температура испытания | ASTM D445 Daimler Oxidation Test (DOT), °C","Динамическая вязкость CCS -20°C, ASTM D5293",0.10509491431931603,0.09990628299224046
"Массовая доля фосфора, ASTM D6481","Температура застывания, ГОСТ 20287, метод Б",0.10487892935792102,-0.29956890628899024
"Динамическая вязкость CCS -15°C, ASTM D5293","Испаряемость по NOACK, ASTM D5800",0.1035245767170686,0.8448370002719249
"Динамическая вязкость CCS -20°C, ASTM D5293","Щелочное число, ASTM D2896",-0.10319323576511466,-0.2899188986086843
"Oxidation EOT | DIN 51453 Daimler Oxidation Test (DOT), A/cm","Динамическая вязкость CCS -15°C, ASTM D5293",0.10308000797516606,0.032913894327442905
"Кинематическая вязкость, при 100°C, ASTM D445","Массовая доля цинка, ASTM D6481",-0.10306882450108536,0.3567769903732643
Последовательность 2 | ASTM D892,"Температура застывания, ГОСТ 20287, метод Б",-0.1024777963057484,-0.12866557976756815
"Delta Kin. Viscosity KV100 - relative | - Daimler Oxidation Test (DOT), %","Кинематическая вязкость, при 100°C, ASTM D445",-0.1021929347622674,-0.0846579619704563
"Температура испытания | ASTM D445 Daimler Oxidation Test (DOT), °C","Динамическая вязкость CCS -25°C, ASTM D5293",0.1019994809575827,0.09754404137020072
"Массовая доля цинка, ASTM D6481","Температура застывания, ГОСТ 20287, метод Б",0.10099585044303175,-0.2941732891064328
"Время испытания | - Daimler Oxidation Test (DOT), ч","Индекс вязкости, ГОСТ 25371",-0.10059111380178712,-0.10135936432295461
Деэм.эмульсия | ASTM D1401,"Температура застывания, ГОСТ 20287, метод Б",-0.09983934011237741,-0.12624335556680824
"Время испытания | - Daimler Oxidation Test (DOT), ч",Деэм.масло | ASTM D1401,-0.09960821077784494,-0.0995359192439365
"Время испытания | - Daimler Oxidation Test (DOT), ч",Деэм.вода | ASTM D1401,-0.099595845785092,-0.09953470457584732
"Температура испытания | ASTM D445 Daimler Oxidation Test (DOT), °C","Испаряемость по NOACK, ASTM D5800",0.09957756370944021,0.14939421028221542
"Oxidation EOT | DIN 51453 Daimler Oxidation Test (DOT), A/cm","Кинематическая вязкость, при 40°C, ASTM D445",0.0991524255041625,0.09288576094153407
"Динамическая вязкость CCS -25°C, ASTM D5293","Щелочное число, ASTM D2896",-0.09913443794613966,-0.28782791586933365
"Температура испытания | ASTM D445 Daimler Oxidation Test (DOT), °C",Деэм.время | ASTM D1401,0.09905875787785698,0.13808259788535646
"Динамическая вязкость CCS -15°C, ASTM D5293","Щелочное число, ASTM D2896",-0.0982395640860729,-0.23077132071231232
"Динамическая вязкость CCS -30°C, ASTM D5293","Испаряемость по NOACK, ASTM D5800",0.09720287154651502,0.631392293950584
"Плотность при 15°С, ASTM D4052","Щелочное число, ASTM D2896",-0.09700451260135334,-0.1363623810754818
"Плотность при 20°С, ASTM D4052","Щелочное число, ASTM D2896",-0.09700384354042274,-0.1363623810754818
Деэм.время | ASTM D1401,"Кинематическая вязкость, при 100°C, ASTM D445",-0.09677919069282741,0.026091660806765036
Цвет | ASTM D1500,"Щелочное число, ГОСТ 11362",0.09549328348288577,0.42354306020282473
"Количество биотоплива | - Daimler Oxidation Test (DOT), % масс","Кинематическая вязкость, при 40°C, ASTM D445",-0.094004098769868,-0.1162894598942927
"Массовая доля кальция, ASTM D6481","Щелочное число, ГОСТ 11362",0.09228220609748305,0.10847318257723677
"Время испытания | - Daimler Oxidation Test (DOT), ч","Температура застывания, ГОСТ 20287, метод Б",0.09208680398728347,0.09953032608484078
Деэм.масло | ASTM D1401,"Массовая доля кальция, ASTM D6481",-0.09132195112644703,0.26537165494598475
Деэм.вода | ASTM D1401,"Массовая доля кальция, ASTM D6481",-0.09131004116275333,0.26646511286184776
"Массовая доля фосфора, ASTM D6481","Щелочное число, ASTM D2896",-0.09127153095895534,0.17328427222139614
"Массовая доля кальция, ASTM D6481",Определение содержания воды методом Карла Фишера | ASTM D 6304,0.09044970859095794,0.10588686085266193
"Динамическая вязкость CCS -30°C, ASTM D5293","Массовая доля кальция, ASTM D6481",-0.08985788330767487,0.05306629764800184
"Динамическая вязкость CCS -15°C, ASTM D5293",Последовательность 3 | ASTM D892,0.0896635091453424,0.21167995222289532
"Испаряемость по NOACK, ASTM D5800","Щелочное число, ASTM D2896",-0.0892593911789956,-0.19949913467545966
"Массовая доля, %","Динамическая вязкость CCS -30°C, ASTM D5293",0.08912644618525911,0.18506448035288878
"Динамическая вязкость CCS -25°C, ASTM D5293",Последовательность 3 | ASTM D892,0.08796649793648138,0.17975749146578682
"Массовая доля цинка, ASTM D6481","Щелочное число, ASTM D2896",-0.08756810207313517,0.19912333304729357
"Индекс вязкости, ГОСТ 25371","Массовая доля серы, ASTM D6481",-0.08684889088779245,0.4510561661070726
"Температура испытания | ASTM D445 Daimler Oxidation Test (DOT), °C","Дозировка катализатора, категория",-0.08666802769671482,-0.08371666604942334
"Количество биотоплива | - Daimler Oxidation Test (DOT), % масс","Плотность при 15°С, ASTM D4052",0.0850293117594017,0.08453055366310308
"Количество биотоплива | - Daimler Oxidation Test (DOT), % масс","Плотность при 20°С, ASTM D4052",0.08500513868642041,0.0845732369024389
"Динамическая вязкость CCS -20°C, ASTM D5293","Массовая доля кальция, ASTM D6481",-0.08471236398199401,0.10653384394949816
"Oxidation EOT | DIN 51453 Daimler Oxidation Test (DOT), A/cm","Динамическая вязкость CCS -30°C, ASTM D5293",0.08416468340171143,0.03016698819792062
"Щелочное число, ASTM D2896","Щелочное число, ГОСТ 11362",0.0837096903757405,0.11246648339834413
"Динамическая вязкость CCS -25°C, ASTM D5293","Испаряемость по NOACK, ASTM D5800",0.08359037406626105,0.6869657182265473
"Массовая доля, %",Деэм.время | ASTM D1401,0.08357293861123356,0.04174320144510481
"Динамическая вязкость CCS -15°C, ASTM D5293",Температура проведения теста | -,0.08225595874387655,0.1539046424415486
Деаэрация | ASTM D3427,"Динамическая вязкость CCS -15°C, ASTM D5293",0.0822559587438765,0.1539046424415486
"Динамическая вязкость CCS -25°C, ASTM D5293","Массовая доля кальция, ASTM D6481",-0.08138063652207819,0.10026645195278133
"Delta Kin. Viscosity KV100 - relative | - Daimler Oxidation Test (DOT), %",Деэм.масло | ASTM D1401,-0.08095423687223381,-0.06731383788623521
"Delta Kin. Viscosity KV100 - relative | - Daimler Oxidation Test (DOT), %",Деэм.вода | ASTM D1401,-0.08081514470385813,-0.0663513089657264
"Динамическая вязкость CCS -15°C, ASTM D5293","Массовая доля кальция, ASTM D6481",-0.08064396555107903,0.2383858364088201
"Дозировка катализатора, категория","Динамическая вязкость CCS -35°C, ASTM D5293",0.08057335224634446,-0.020191226029047528
"Массовая доля серы, ASTM D6481","Температура застывания, ГОСТ 20287, метод Б",0.08046565201407874,-0.4491603448875203
"Динамическая вязкость CCS -20°C, ASTM D5293","Испаряемость по NOACK, ASTM D5800",0.08043076773827874,0.698326945271805
"Oxidation EOT | DIN 51453 Daimler Oxidation Test (DOT), A/cm","Динамическая вязкость CCS -35°C, ASTM D5293",0.08028048654316813,0.008023348627990798
Деэм.время | ASTM D1401,"Щелочное число, ASTM D2896",-0.08026246319537263,-0.15640720630114047
"Массовая доля кальция, ASTM D6481","Плотность при 15°С, ASTM D4052",-0.07963842816748798,-0.14869363247103995
"Массовая доля кальция, ASTM D6481","Плотность при 20°С, ASTM D4052",-0.07963788018427222,-0.14869363247103995
"Динамическая вязкость CCS -15°C, ASTM D5293",Последовательность 2 | ASTM D892,0.07937565541703967,0.15273648576267537
"Динамическая вязкость CCS -25°C, ASTM D5293",Последовательность 2 | ASTM D892,0.07754057687580927,0.13155001225868204
"Кинематическая вязкость, при 100°C, ASTM D445","Массовая доля серы, ASTM D6481",-0.07722995222841601,0.2932114775362844
"Массовая доля, %","Массовая доля серы, ASTM D6481",0.07675306400220343,0.09429347980002176
Деэм.масло | ASTM D1401,"Массовая доля фосфора, ASTM D6481",-0.07665320379459858,0.3476704601326292
Деэм.вода | ASTM D1401,"Массовая доля фосфора, ASTM D6481",-0.07664227562900654,0.349506748229742
"Oxidation EOT | DIN 51453 Daimler Oxidation Test (DOT), A/cm",Деэм.время | ASTM D1401,0.07609006408833134,0.07630416335141137
"Испаряемость по NOACK, ASTM D5800",Последовательность 3 | ASTM D892,0.07584612438560318,0.23209330467046607
Деэм.масло | ASTM D1401,"Плотность при 15°С, ASTM D4052",-0.075591335323032,-0.0755222184671889
Деэм.масло | ASTM D1401,"Плотность при 20°С, ASTM D4052",-0.07559081395337826,-0.0755222184671889
Деэм.вода | ASTM D1401,"Плотность при 15°С, ASTM D4052",-0.07558195169585735,-0.0755212968458336
Деэм.вода | ASTM D1401,"Плотность при 20°С, ASTM D4052",-0.07558143039092477,-0.0755212968458336
Определение содержания воды методом Карла Фишера | ASTM D 6304,"Щелочное число, ASTM D2896",0.07557672410708487,0.11651308216813497
"Динамическая вязкость CCS -30°C, ASTM D5293","Массовая доля фосфора, ASTM D6481",-0.07543662634129812,0.13474795208751436
"Массовая доля кальция, ASTM D6481","Массовая доля цинка, ASTM D6481",-0.07522806887475784,0.6879890381837688
"Динамическая вязкость CCS -35°C, ASTM D5293","Кинематическая вязкость, при 100°C, ASTM D445",-0.07493055291046821,-0.047775661194113916
"Динамическая вязкость CCS -20°C, ASTM D5293",Последовательность 3 | ASTM D892,0.07484955271341033,0.1786199428102863
"Дозировка катализатора, категория",Деэм.масло | ASTM D1401,-0.07474390999232132,-0.07468966394311084
"Дозировка катализатора, категория",Деэм.вода | ASTM D1401,-0.07473463156137519,-0.07468875248167992
"Испаряемость по NOACK, ASTM D5800",Последовательность 1 | ASTM D892,0.07471382851964889,0.2750813053209576
"Массовая доля, %",Деэм.эмульсия | ASTM D1401,0.07453008614548487,0.06865670930640146
"Количество биотоплива | - Daimler Oxidation Test (DOT), % масс","Кислотное число, ГОСТ 11362",-0.07430753056439567,-0.0544458498337001
"Время испытания | - Daimler Oxidation Test (DOT), ч","Динамическая вязкость CCS -15°C, ASTM D5293",-0.0738704919356865,-0.10716285236226197
Деэм.масло | ASTM D1401,"Массовая доля цинка, ASTM D6481",-0.07382835865926897,0.3250487890689689
Деэм.вода | ASTM D1401,"Массовая доля цинка, ASTM D6481",-0.07381908262258918,0.32736065699977906
"Испаряемость по NOACK, ASTM D5800","Массовая доля кальция, ASTM D6481",-0.07327433264485726,0.2828092053863526
"Время испытания | - Daimler Oxidation Test (DOT), ч","Динамическая вязкость CCS -20°C, ASTM D5293",-0.07267771347101876,-0.06516252627217947
"Динамическая вязкость CCS -30°C, ASTM D5293","Массовая доля цинка, ASTM D6481",-0.07264064014627039,0.12674817252557946
"Массовая доля, %","Кинематическая вязкость, при 100°C, ASTM D445",-0.07247491233622887,0.054175588626561556
"Время испытания | - Daimler Oxidation Test (DOT), ч","Испаряемость по NOACK, ASTM D5800",-0.0722418754584536,-0.10621485284699358
"Испаряемость по NOACK, ASTM D5800",Последовательность 2 | ASTM D892,0.0721814078067257,0.1760297199062224
"Время испытания | - Daimler Oxidation Test (DOT), ч",Деэм.время | ASTM D1401,-0.07185976915126185,-0.09959682266639057
"Температура испытания | ASTM D445 Daimler Oxidation Test (DOT), °C","Динамическая вязкость CCS -35°C, ASTM D5293",0.07168459590857082,0.12425361286912652
"Массовая доля кальция, ASTM D6481","Массовая доля фосфора, ASTM D6481",-0.07115617417213026,0.6681253007555213
"Динамическая вязкость CCS -20°C, ASTM D5293","Массовая доля фосфора, ASTM D6481",-0.07111559914810751,0.19377222494888097
"Время испытания | - Daimler Oxidation Test (DOT), ч","Динамическая вязкость CCS -25°C, ASTM D5293",-0.07061110421976145,-0.06343991115378758
"Delta Kin. Viscosity KV100 - relative | - Daimler Oxidation Test (DOT), %","Испаряемость по NOACK, ASTM D5800",-0.0696162000050462,-0.10918728664308941
"Время испытания | - Daimler Oxidation Test (DOT), ч","Дозировка катализатора, категория",0.0689864792196338,0.06898647921963467
"Динамическая вязкость CCS -20°C, ASTM D5293","Массовая доля цинка, ASTM D6481",-0.06848094601257786,0.18342892777743428
"Динамическая вязкость CCS -25°C, ASTM D5293","Массовая доля фосфора, ASTM D6481",-0.06831973375829443,0.18459848896202322
"Динамическая вязкость CCS -15°C, ASTM D5293","Массовая доля фосфора, ASTM D6481",-0.06769892656957989,0.3206582292120891
"Время испытания | - Daimler Oxidation Test (DOT), ч","Кинематическая вязкость, при 100°C, ASTM D445",-0.06769355615731616,-0.08931441084719262
Деаэрация | ASTM D3427,"Динамическая вязкость CCS -30°C, ASTM D5293",0.06699887757869608,0.11478455884640638
"Динамическая вязкость CCS -30°C, ASTM D5293",Температура проведения теста | -,0.06699887757869598,0.11478455884640638
"Массовая доля фосфора, ASTM D6481","Плотность при 15°С, ASTM D4052",-0.06686248270026177,-0.12389858924398477
"Массовая доля фосфора, ASTM D6481","Плотность при 20°С, ASTM D4052",-0.06686202204723589,-0.12389858924398477
Деэм.время | ASTM D1401,"Массовая доля кальция, ASTM D6481",-0.06587831824034263,0.2659916309832458
"Динамическая вязкость CCS -25°C, ASTM D5293","Массовая доля цинка, ASTM D6481",-0.06578716689766173,0.17624341422567014
"Динамическая вязкость CCS -20°C, ASTM D5293",Последовательность 2 | ASTM D892,0.06537625449993738,0.13009980408758637
"Delta Kin. Viscosity KV100 - relative | - Daimler Oxidation Test (DOT), %","Динамическая вязкость CCS -15°C, ASTM D5293",-0.06527154749351943,-0.11200659548306846
"Температура испытания | ASTM D445 Daimler Oxidation Test (DOT), °C","Массовая доля серы, ASTM D6481",-0.06524029559875795,0.04785375451839219
"Динамическая вязкость CCS -15°C, ASTM D5293","Массовая доля цинка, ASTM D6481",-0.06519291713969597,0.3110692570014245
"Температура испытания | ASTM D445 Daimler Oxidation Test (DOT), °C","Кинематическая вязкость, при 40°C, ASTM D445",0.06480536335139024,0.08105755995157603
"Массовая доля цинка, ASTM D6481","Плотность при 15°С, ASTM D4052",-0.06437647260063722,-0.1242609507282024
"Массовая доля цинка, ASTM D6481","Плотность при 20°С, ASTM D4052",-0.06437602914090602,-0.1242609507282024
"Температура испытания | ASTM D445 Daimler Oxidation Test (DOT), °C","Кислотное число, ГОСТ 11362",0.06271819408628872,0.048495230020403006
"Динамическая вязкость CCS -35°C, ASTM D5293","Щелочное число, ASTM D2896",-0.06212032075977507,-0.16650976261714892
"Oxidation EOT | DIN 51453 Daimler Oxidation Test (DOT), A/cm",Деэм.вода | ASTM D1401,0.061858729756690774,0.07504553310730283
"Oxidation EOT | DIN 51453 Daimler Oxidation Test (DOT), A/cm",Деэм.масло | ASTM D1401,0.06161371842004058,0.07511418999870048
"Испаряемость по NOACK, ASTM D5800","Массовая доля фосфора, ASTM D6481",-0.06151515570738388,0.35982705944983256
"Динамическая вязкость CCS -20°C, ASTM D5293",Температура проведения теста | -,0.06102898733132945,0.12243208616551607
Деаэрация | ASTM D3427,"Динамическая вязкость CCS -20°C, ASTM D5293",0.06102898733132941,0.12243208616551607
"Индекс вязкости, ГОСТ 25371","Кислотное число, ГОСТ 11362",-0.06082958953533251,-0.06667150675136758
"Испаряемость по NOACK, ASTM D5800","Плотность при 15°С, ASTM D4052",-0.06064627519935595,-0.09638837274854534
"Испаряемость по NOACK, ASTM D5800","Плотность при 20°С, ASTM D4052",-0.060645856908987494,-0.09638837274854534
"Delta Kin. Viscosity KV100 - relative | - Daimler Oxidation Test (DOT), %","Динамическая вязкость CCS -20°C, ASTM D5293",-0.05990488865284616,-0.058811730439333146
"Испаряемость по NOACK, ASTM D5800","Массовая доля цинка, ASTM D6481",-0.05923465903761529,0.3503687925743598
"Кинематическая вязкость, при 40°C, ASTM D445","Щелочное число, ASTM D2896",-0.058918065395540904,-0.3253203372621954
Деаэрация | ASTM D3427,"Динамическая вязкость CCS -25°C, ASTM D5293",0.058808177122455986,0.11905149861798191
"Динамическая вязкость CCS -25°C, ASTM D5293",Температура проведения теста | -,0.058808177122455986,0.11905149861798191
"Массовая доля серы, ASTM D6481","Щелочное число, ASTM D2896",-0.058766010895831874,0.07182348306518802
"Массовая доля, %","Кинематическая вязкость, при 40°C, ASTM D445",-0.058411374709406834,0.20415613847927339
Деэм.вода | ASTM D1401,"Массовая доля серы, ASTM D6481",-0.05770532159281154,0.4945203379504107
Деэм.масло | ASTM D1401,"Массовая доля серы, ASTM D6481",-0.05764636506580377,0.49890543403715837
"Количество биотоплива | - Daimler Oxidation Test (DOT), % масс","Динамическая вязкость CCS -30°C, ASTM D5293",-0.05722242785080818,-0.03460516214151514
"Динамическая вязкость CCS -30°C, ASTM D5293","Массовая доля серы, ASTM D6481",-0.05704169880250085,0.2799169494009805
"Delta Kin. Viscosity KV100 - relative | - Daimler Oxidation Test (DOT), %","Динамическая вязкость CCS -25°C, ASTM D5293",-0.0569554132828428,-0.05950152870147555
"Кислотное число, ГОСТ 11362","Температура застывания, ГОСТ 20287, метод Б",0.05631684107114256,0.06492621707941647
"Количество биотоплива | - Daimler Oxidation Test (DOT), % масс","Массовая доля серы, ASTM D6481",0.05621105301850691,-0.09249705066885318
Деэм.время | ASTM D1401,"Массовая доля фосфора, ASTM D6481",-0.05528829606413545,0.348654555690383
"Delta Kin. Viscosity KV100 - relative | - Daimler Oxidation Test (DOT), %",Деэм.время | ASTM D1401,-0.05499592680452975,-0.06582137285693065
"Массовая доля цинка, ASTM D6481","Щелочное число, ГОСТ 11362",0.054579879409429634,0.20830819588888191
Деэм.время | ASTM D1401,"Плотность при 15°С, ASTM D4052",-0.0545334151043391,-0.07556842853498065
Деэм.время | ASTM D1401,"Плотность при 20°С, ASTM D4052",-0.05453303897567784,-0.07556842853498065
"Массовая доля, %","Щелочное число, ASTM D2896",-0.054412266759052,-0.030094523791657366
"Дозировка катализатора, категория",Деэм.время | ASTM D1401,-0.05392206200239839,-0.07473536459259127
Деэм.время | ASTM D1401,"Массовая доля цинка, ASTM D6481",-0.053261699144850384,0.32620517152195017
"Динамическая вязкость CCS -20°C, ASTM D5293","Массовая доля серы, ASTM D6481",-0.052990882635381056,0.35050996830868375
"Oxidation EOT | DIN 51453 Daimler Oxidation Test (DOT), A/cm","Кислотное число, ГОСТ 11362",0.052959424246142556,0.050390762377978494
"Массовая доля серы, ASTM D6481","Плотность при 15°С, ASTM D4052",-0.05221523194118097,-0.10428220654747723
"Массовая доля серы, ASTM D6481","Плотность при 20°С, ASTM D4052",-0.052214874159793735,-0.10428220654747723
"Дозировка катализатора, категория","Массовая доля кальция, ASTM D6481",-0.051099919647489236,-0.0269963841557933
"Динамическая вязкость CCS -25°C, ASTM D5293","Массовая доля серы, ASTM D6481",-0.051070479443410484,0.3371855139663066
"Динамическая вязкость CCS -35°C, ASTM D5293","Массовая доля кальция, ASTM D6481",-0.05099808352550215,0.033066574282571634
"Динамическая вязкость CCS -15°C, ASTM D5293","Массовая доля серы, ASTM D6481",-0.050244239509858284,0.4816531612244934
"Массовая доля фосфора, ASTM D6481","Щелочное число, ГОСТ 11362",0.04989269049368487,0.2069679870005418
"Индекс вязкости, ГОСТ 25371",Цвет Сейболт | -,0.04983011545034267,0.04805791905898603
"Oxidation EOT | DIN 51453 Daimler Oxidation Test (DOT), A/cm",Температура проведения теста | -,-0.04979554869391863,-0.050945867457681204
"Oxidation EOT | DIN 51453 Daimler Oxidation Test (DOT), A/cm",Деаэрация | ASTM D3427,-0.049795548693918626,-0.050945867457681204
"Количество биотоплива | - Daimler Oxidation Test (DOT), % масс","Динамическая вязкость CCS -35°C, ASTM D5293",-0.04903047501732654,-0.1314900441575226
"Количество биотоплива | - Daimler Oxidation Test (DOT), % масс","Массовая доля кальция, ASTM D6481",-0.04902738120239784,-0.12888619194299908
"Массовая доля, %",Деэм.масло | ASTM D1401,0.04844875540533495,0.04255188290924246
"Кинематическая вязкость, при 40°C, ASTM D445","Массовая доля кальция, ASTM D6481",-0.04837121626193252,0.023972762640256835
"Delta Kin. Viscosity KV100 - relative | - Daimler Oxidation Test (DOT), %","Массовая доля серы, ASTM D6481",0.04807935482342435,-0.021893776447913706
"Время испытания | - Daimler Oxidation Test (DOT), ч","Динамическая вязкость CCS -35°C, ASTM D5293",-0.047938952969785766,-0.07477424301145802
"Дозировка катализатора, категория",Температура проведения теста | -,0.04766952029469539,0.04766952029469541
"Дозировка катализатора, категория",Деаэрация | ASTM D3427,0.047669520294695365,0.04766952029469541
"Массовая доля, %","Щелочное число, ГОСТ 11362",0.04761543825303443,0.09230514411752558
"Испаряемость по NOACK, ASTM D5800","Массовая доля серы, ASTM D6481",-0.04737644672293683,0.5226271568167541
"Время испытания | - Daimler Oxidation Test (DOT), ч","Кинематическая вязкость, при 40°C, ASTM D445",-0.0468365482505673,-0.05451473569128152
"Количество биотоплива | - Daimler Oxidation Test (DOT), % масс",Последовательность 1 | ASTM D892,-0.04634682516454597,-0.07355362911759401
"Индекс вязкости, ГОСТ 25371","Щелочное число, ГОСТ 11362",-0.04632251165397576,-0.07610002930647583
"Время испытания | - Daimler Oxidation Test (DOT), ч","Плотность при 15°С, ASTM D4052",0.046066473625862074,0.04596621175013192
"Время испытания | - Daimler Oxidation Test (DOT), ч","Плотность при 20°С, ASTM D4052",0.046049620763999606,0.04586729468258427
"Массовая доля, %",Деэм.вода | ASTM D1401,0.04553288123413321,0.036244635430656216
"Время испытания | - Daimler Oxidation Test (DOT), ч","Кислотное число, ГОСТ 11362",-0.045248094048125895,-0.032334638635394555
"Температура испытания | ASTM D445 Daimler Oxidation Test (DOT), °C","Динамическая вязкость CCS -30°C, ASTM D5293",0.04462452161664199,0.018908435750396736
"Количество биотоплива | - Daimler Oxidation Test (DOT), % масс",Последовательность 3 | ASTM D892,-0.04361961799077912,-0.05757055131153636
"Температура застывания, ГОСТ 20287, метод Б","Щелочное число, ГОСТ 11362",0.042885995890500545,0.07410792500802232
"Динамическая вязкость CCS -35°C, ASTM D5293","Массовая доля фосфора, ASTM D6481",-0.04281226002331378,0.11558427857135013
"Массовая доля кальция, ASTM D6481","Массовая доля серы, ASTM D6481",-0.04267091798706008,0.5677552454805459
"Температура испытания | ASTM D445 Daimler Oxidation Test (DOT), °C","Плотность при 15°С, ASTM D4052",-0.04213905192735977,-0.04391928129155887
"Температура испытания | ASTM D445 Daimler Oxidation Test (DOT), °C","Плотность при 20°С, ASTM D4052",-0.042110839381718355,-0.0438449989759025
Деэм.время | ASTM D1401,"Массовая доля серы, ASTM D6481",-0.04160094350244341,0.4968810301937094
"Delta Kin. Viscosity KV100 - relative | - Daimler Oxidation Test (DOT), %","Динамическая вязкость CCS -35°C, ASTM D5293",-0.041579671318692266,-0.09092127774648538
"Динамическая вязкость CCS -35°C, ASTM D5293","Массовая доля цинка, ASTM D6481",-0.04122547824947844,0.09726904854617274
Деэм.масло | ASTM D1401,"Кислотное число, ГОСТ 11362",-0.04116893837817675,-0.04501121766704383
Деэм.вода | ASTM D1401,"Кислотное число, ГОСТ 11362",-0.04116382781931087,-0.04501066838101553
"Кислотное число, ГОСТ 11362",Общее содержание азота | ASTM D3228,0.04100652787781466,0.20322609902012082
"Количество биотоплива | - Daimler Oxidation Test (DOT), % масс",Последовательность 2 | ASTM D892,-0.040663060344416455,-0.04063547476420681
"Количество биотоплива | - Daimler Oxidation Test (DOT), % масс",Деэм.эмульсия | ASTM D1401,-0.04066306034441625,-0.04063547476420681
"Кинематическая вязкость, при 40°C, ASTM D445","Массовая доля фосфора, ASTM D6481",-0.04061011479303875,0.11416969851493852
"Массовая доля, %",Определение содержания воды методом Карла Фишера | ASTM D 6304,0.040599295561140086,0.043819386338912227
"Динамическая вязкость CCS -30°C, ASTM D5293","Кислотное число, ГОСТ 11362",-0.04050506245031666,-0.08707530033499344
"Кинематическая вязкость, при 40°C, ASTM D445","Массовая доля цинка, ASTM D6481",-0.039101041626657215,0.10365992089224901
"Динамическая вязкость CCS -20°C, ASTM D5293","Кислотное число, ГОСТ 11362",-0.03818555379012267,-0.08348456359522743
"Динамическая вязкость CCS -25°C, ASTM D5293","Кислотное число, ГОСТ 11362",-0.03668363904454254,-0.08288244768516577
"Кислотное число, ГОСТ 11362","Массовая доля фосфора, ASTM D6481",-0.03641557460704424,-0.09103334869926968
"Динамическая вязкость CCS -15°C, ASTM D5293","Кислотное число, ГОСТ 11362",-0.03635250053855839,-0.06645252549046683
"Oxidation EOT | DIN 51453 Daimler Oxidation Test (DOT), A/cm","Массовая доля сульфатной золы, ГОСТ 12417",-0.03622028841654352,-0.034066050586038434
"Delta Kin. Viscosity KV100 - relative | - Daimler Oxidation Test (DOT), %","Кислотное число, ГОСТ 11362",-0.03611694392209986,-0.03303793065104849
"Кислотное число, ГОСТ 11362","Плотность при 15°С, ASTM D4052",-0.035895482938967854,-0.03926668433663708
"Кислотное число, ГОСТ 11362","Плотность при 20°С, ASTM D4052",-0.03589523536012256,-0.03926668433663708
"Массовая доля, %","Динамическая вязкость CCS -35°C, ASTM D5293",0.035674905797952544,0.08080680720738885
"Время испытания | - Daimler Oxidation Test (DOT), ч","Динамическая вязкость CCS -30°C, ASTM D5293",-0.03560482082522108,-0.01478356339044881
"Дозировка катализатора, категория","Плотность при 15°С, ASTM D4052",0.035413967680089475,0.03471565715087044
"Дозировка катализатора, категория","Плотность при 20°С, ASTM D4052",0.03540742654111819,0.03513535076945843
"Время испытания | - Daimler Oxidation Test (DOT), ч","Массовая доля серы, ASTM D6481",0.0350984059588511,-0.03690080320852567
"Кислотное число, ГОСТ 11362","Массовая доля цинка, ASTM D6481",-0.035061684858018714,-0.09231845780508151
"Дозировка катализатора, категория","Кинематическая вязкость, при 40°C, ASTM D445",-0.03446184185474535,-0.03083462735816061
"Delta Kin. Viscosity KV100 - relative | - Daimler Oxidation Test (DOT), %","Дозировка катализатора, категория",-0.033583459245162046,0.1329379454748015
"Кинематическая вязкость, при 100°C, ASTM D445","Щелочное число, ASTM D2896",0.0335263981961447,0.38239803398043304
"Delta Kin. Viscosity KV100 - relative | - Daimler Oxidation Test (DOT), %","Плотность при 15°С, ASTM D4052",0.03351792949327186,0.09244695738849906
"Delta Kin. Viscosity KV100 - relative | - Daimler Oxidation Test (DOT), %","Плотность при 20°С, ASTM D4052",0.03349719299315316,0.09245136014617332
"Дозировка катализатора, категория","Щелочное число, ASTM D2896",-0.03311261936789977,-0.004326142246828107
"Испаряемость по NOACK, ASTM D5800","Кислотное число, ГОСТ 11362",-0.03302948354965082,-0.05744743883870206
"Динамическая вязкость CCS -35°C, ASTM D5293","Массовая доля серы, ASTM D6481",-0.03268863376060479,0.17912209408346322
"Количество биотоплива | - Daimler Oxidation Test (DOT), % масс",Массовая доля фосфора | ASTM D6481,-0.032118878775147255,-0.03517548505832811
"Количество биотоплива | - Daimler Oxidation Test (DOT), % масс",Массовая доля цинка | ASTM D6481,-0.032106542639336745,-0.03517548505832811
"Количество биотоплива | - Daimler Oxidation Test (DOT), % масс",Массовая доля серы | ASTM D6481,-0.03208502131436807,-0.03210347291475842
"Температура испытания | ASTM D445 Daimler Oxidation Test (DOT), °C",Последовательность 1 | ASTM D892,0.03189291033688998,0.050940053398950406
"Массовая доля, %",Массовая доля кальция | ASTM D6481,-0.03172397458298296,-0.004864755747214322
"Кинематическая вязкость, при 40°C, ASTM D445","Массовая доля серы, ASTM D6481",-0.03160219137525589,0.26784197435939083
Деэм.масло | ASTM D1401,"Щелочное число, ГОСТ 11362",-0.03135067394622487,-0.05137659474767961
Деэм.вода | ASTM D1401,"Щелочное число, ГОСТ 11362",-0.03134678219018266,-0.05137596778295528
"Кинематическая вязкость, при 100°C, ASTM D445","Плотность при 20°С, ASTM D4052",0.03129349327023132,0.009099229011474986
"Кинематическая вязкость, при 100°C, ASTM D445","Плотность при 15°С, ASTM D4052",0.03122091079960637,0.00913852733203553
"Кинематическая вязкость, при 100°C, ASTM D445",Последовательность 1 | ASTM D892,-0.03116625278221556,0.04679537390131317
"Delta Kin. Viscosity KV100 - relative | - Daimler Oxidation Test (DOT), %","Кинематическая вязкость, при 40°C, ASTM D445",-0.031017903361666804,-0.03216348035615297
"Динамическая вязкость CCS -30°C, ASTM D5293","Щелочное число, ГОСТ 11362",-0.03084512392295512,-0.0993892778226024
"Oxidation EOT | DIN 51453 Daimler Oxidation Test (DOT), A/cm","Массовая доля цинка, ASTM D6481",0.030647763291835307,0.017820949102356796
"Температура испытания | ASTM D445 Daimler Oxidation Test (DOT), °C",Последовательность 3 | ASTM D892,0.030016221403953065,0.03987086691981033
Общее содержание азота | ASTM D3228,"Щелочное число, ASTM D2896",0.02980807726023305,0.07314099701763395
Деэм.время | ASTM D1401,"Кислотное число, ГОСТ 11362",-0.029700266523774457,-0.04503875885243269
"Индекс вязкости, ГОСТ 25371",Цвет | ASTM D1500,-0.029613156957700892,-0.03205628479992219
"Кинематическая вязкость, при 40°C, ASTM D445","Плотность при 20°С, ASTM D4052",-0.02958661696946341,0.23850686382507777
"Кинематическая вязкость, при 40°C, ASTM D445","Плотность при 15°С, ASTM D4052",-0.029586134428656676,0.23853063348230308
"Кинематическая вязкость, при 100°C, ASTM D445",Последовательность 3 | ASTM D892,-0.029559772984090127,0.013474039780505171
"Oxidation EOT | DIN 51453 Daimler Oxidation Test (DOT), A/cm",Общее содержание азота | ASTM D3228,-0.029191841409579672,-0.055574476025020136
"Динамическая вязкость CCS -20°C, ASTM D5293","Щелочное число, ГОСТ 11362",-0.02907878836547201,-0.09529074781416777
"Кислотное число, ГОСТ 11362","Массовая доля серы, ASTM D6481",-0.02844043689003244,-0.08015814619826603
"Массовая доля, %","Массовая доля кальция, ASTM D6481",-0.028273688030437515,0.08435235692215062
"Количество биотоплива | - Daimler Oxidation Test (DOT), % масс","Щелочное число, ASTM D2896",-0.028252096662553284,-0.02241468865009646
"Дозировка катализатора, категория","Индекс вязкости, ГОСТ 25371",-0.028208085411192386,-0.027547811214014627
"Oxidation EOT | DIN 51453 Daimler Oxidation Test (DOT), A/cm","Массовая доля фосфора, ASTM D6481",0.028010913035509847,0.008210068536671515
"Температура испытания | ASTM D445 Daimler Oxidation Test (DOT), °C",Последовательность 2 | ASTM D892,0.02798170819648905,0.028142367402035632
"Температура испытания | ASTM D445 Daimler Oxidation Test (DOT), °C",Деэм.эмульсия | ASTM D1401,0.027981708196488972,0.028142367402035632
"Динамическая вязкость CCS -25°C, ASTM D5293","Щелочное число, ГОСТ 11362",-0.02793506104728934,-0.09460348213450546
"Динамическая вязкость CCS -15°C, ASTM D5293","Щелочное число, ГОСТ 11362",-0.02768289483312102,-0.0758500802475133
"Кинематическая вязкость, при 100°C, ASTM D445",Последовательность 2 | ASTM D892,-0.027571088823839057,0.0088821987427217
"Температура застывания, ГОСТ 20287, метод Б",Цвет | ASTM D1500,0.027416253615075933,0.031217133181659407
"Плотность при 15°С, ASTM D4052","Щелочное число, ГОСТ 11362",-0.027334870076669165,-0.04481968346582961
"Плотность при 20°С, ASTM D4052","Щелочное число, ГОСТ 11362",-0.027334681542207043,-0.04481968346582961
"Oxidation EOT | DIN 51453 Daimler Oxidation Test (DOT), A/cm",Массовая доля цинка | ASTM D6481,-0.027310323153763,-0.005338103266161685
"Oxidation EOT | DIN 51453 Daimler Oxidation Test (DOT), A/cm",Массовая доля фосфора | ASTM D6481,-0.027214041117763182,-0.0053327964939580055
"Oxidation EOT | DIN 51453 Daimler Oxidation Test (DOT), A/cm",Массовая доля серы | ASTM D6481,-0.02716316996030561,-0.016221567620624815
"Кинематическая вязкость, при 100°C, ASTM D445",Температура проведения теста | -,-0.027032531818114956,0.014914494145532692
Деаэрация | ASTM D3427,"Кинематическая вязкость, при 100°C, ASTM D445",-0.02703253181811495,0.014914494145532692
Деэм.эмульсия | ASTM D1401,"Кинематическая вязкость, при 100°C, ASTM D445",-0.026474577632099736,0.023737319902006254
"Индекс вязкости, ГОСТ 25371",Определение содержания воды методом Карла Фишера | ASTM D 6304,-0.02606866114570093,-0.02615034411018879
"Кинематическая вязкость, при 100°C, ASTM D445",Общее содержание азота | ASTM D3228,0.026012891735148033,0.057258252422121875
Последовательность 1 | ASTM D892,"Щелочное число, ASTM D2896",-0.02584126428542837,-0.05770018498330761
Деэм.эмульсия | ASTM D1401,"Динамическая вязкость CCS -30°C, ASTM D5293",0.025780714730906772,0.023422917456905577
"Oxidation EOT | DIN 51453 Daimler Oxidation Test (DOT), A/cm",Определение содержания воды методом Карла Фишера | ASTM D 6304,-0.025552307741952385,-0.022587254005309632
"Испаряемость по NOACK, ASTM D5800","Щелочное число, ГОСТ 11362",-0.025152374828450966,-0.06557151611272875
"Массовая доля, %",Общее содержание азота | ASTM D3228,-0.02514514733359939,-0.021582941830130268
"Delta Kin. Viscosity KV100 - relative | - Daimler Oxidation Test (DOT), %","Массовая доля фосфора, ASTM D6481",0.02489291108905601,-0.05751268139423914
"Кинематическая вязкость, при 40°C, ASTM D445","Температура застывания, ГОСТ 20287, метод Б",0.024347574141501908,-0.6830016826027213
Последовательность 3 | ASTM D892,"Щелочное число, ASTM D2896",-0.024320675095376616,-0.045162033472962514
Определение содержания воды методом Карла Фишера | ASTM D 6304,"Температура застывания, ГОСТ 20287, метод Б",0.024134712364402452,0.025465794926927018
"Испаряемость по NOACK, ASTM D5800","Кинематическая вязкость, при 40°C, ASTM D445",-0.023894403356569727,0.5925281311402483
"Массовая доля, %","Oxidation EOT | DIN 51453 Daimler Oxidation Test (DOT), A/cm",0.023740087798770067,0.020296507813615756
Массовая доля кальция | ASTM D6481,"Щелочное число, ASTM D2896",0.02369181054181945,0.009189992442811917
"Массовая доля, %",Деаэрация | ASTM D3427,0.02336667742832424,0.028780808628782618
"Массовая доля, %",Температура проведения теста | -,0.02336667742832423,0.028780808628782618
"Время испытания | - Daimler Oxidation Test (DOT), ч",Последовательность 1 | ASTM D892,-0.02313593692742163,-0.036742265446106356
"Дозировка катализатора, категория","Температура застывания, ГОСТ 20287, метод Б",0.023090033998237645,0.029336790481193316
"Динамическая вязкость CCS -35°C, ASTM D5293","Кислотное число, ГОСТ 11362",-0.02298696064954622,-0.04794787415773247
"Oxidation EOT | DIN 51453 Daimler Oxidation Test (DOT), A/cm","Испаряемость по NOACK, ASTM D5800",0.022847012144161773,0.05083947725360301
Деэм.эмульсия | ASTM D1401,"Щелочное число, ASTM D2896",-0.022672208620197136,-0.03187707308133917
Деаэрация | ASTM D3427,"Щелочное число, ASTM D2896",-0.022672208620197094,-0.03187707308133917
Температура проведения теста | -,"Щелочное число, ASTM D2896",-0.022672208620197074,-0.03187707308133917
Последовательность 2 | ASTM D892,"Щелочное число, ASTM D2896",-0.022672208620196987,-0.03187707308133917
Деэм.время | ASTM D1401,"Щелочное число, ГОСТ 11362",-0.02261713341620698,-0.05140803074061499
"Температура испытания | ASTM D445 Daimler Oxidation Test (DOT), °C","Массовая доля кальция, ASTM D6481",0.022365648138977717,0.08532239658907254
"Время испытания | - Daimler Oxidation Test (DOT), ч","Массовая доля кальция, ASTM D6481",-0.022302797701373046,-0.06147756055443958
"Индекс вязкости, ГОСТ 25371","Кинематическая вязкость, при 40°C, ASTM D445",-0.022285863399571986,0.70901250856178
"Температура испытания | ASTM D445 Daimler Oxidation Test (DOT), °C",Массовая доля фосфора | ASTM D6481,0.02210215084335098,0.024361015339440382
"Температура испытания | ASTM D445 Daimler Oxidation Test (DOT), °C",Массовая доля цинка | ASTM D6481,0.022093661906473164,0.024361015339440382
"Температура испытания | ASTM D445 Daimler Oxidation Test (DOT), °C",Массовая доля серы | ASTM D6481,0.022078852311962296,0.02223347296643962
"Oxidation EOT | DIN 51453 Daimler Oxidation Test (DOT), A/cm",Массовая доля кальция | ASTM D6481,0.022032692458943372,-0.0052778050669973755
"Кинематическая вязкость, при 40°C, ASTM D445","Кислотное число, ГОСТ 11362",-0.021802000283161368,-0.09367870295908007
"Время испытания | - Daimler Oxidation Test (DOT), ч",Последовательность 3 | ASTM D892,-0.0217745385374291,-0.02875823400617472
"Дозировка катализатора, категория","Массовая доля фосфора, ASTM D6481",-0.02162935498312698,-0.02014840290873841
"Динамическая вязкость CCS -15°C, ASTM D5293","Плотность при 15°С, ASTM D4052",0.021317966079837193,0.08042096876463463
"Динамическая вязкость CCS -15°C, ASTM D5293","Плотность при 20°С, ASTM D4052",0.021309875127916763,0.07990727875017076
"Количество биотоплива | - Daimler Oxidation Test (DOT), % масс",Общее содержание азота | ASTM D3228,-0.021246833981751624,-0.028707777326424988
"Массовая доля кальция, ASTM D6481",Последовательность 1 | ASTM D892,-0.021215073037977577,0.08460292223480081
"Массовая доля кальция, ASTM D6481",Цвет | ASTM D1500,-0.02111568226598476,-0.050241142645452985
"Дозировка катализатора, категория","Массовая доля серы, ASTM D6481",-0.021056031298449483,-0.023561594307637
"Индекс вязкости, ГОСТ 25371","Массовая доля сульфатной золы, ГОСТ 12417",-0.02062367967833408,-0.02065975360013774
"Индекс вязкости, ГОСТ 25371",Массовая доля фосфора | ASTM D6481,-0.020619562279738633,-0.022636687007209617
"Индекс вязкости, ГОСТ 25371",Массовая доля цинка | ASTM D6481,-0.02061164277163825,-0.022636687007209617
"Индекс вязкости, ГОСТ 25371",Массовая доля серы | ASTM D6481,-0.02059782658883697,-0.020659736944942605
"Динамическая вязкость CCS -30°C, ASTM D5293","Плотность при 20°С, ASTM D4052",-0.02050832504996909,0.2470461974740488
"Динамическая вязкость CCS -30°C, ASTM D5293","Плотность при 15°С, ASTM D4052",-0.020502036746536053,0.2470924280702605
"Кинематическая вязкость, при 100°C, ASTM D445",Массовая доля фосфора | ASTM D6481,-0.02043587461187088,0.03134946664641825
"Кинематическая вязкость, при 100°C, ASTM D445",Массовая доля серы | ASTM D6481,-0.02041777492817103,0.02491019477231941
"Кинематическая вязкость, при 100°C, ASTM D445",Массовая доля цинка | ASTM D6481,-0.020416945694089583,0.03135223231434129
"Дозировка катализатора, категория","Щелочное число, ГОСТ 11362",-0.020334151864037385,-0.011059011513745939
"Время испытания | - Daimler Oxidation Test (DOT), ч",Последовательность 2 | ASTM D892,-0.02029865036201071,-0.02029865036201059
"Время испытания | - Daimler Oxidation Test (DOT), ч",Деэм.эмульсия | ASTM D1401,-0.020298650362010687,-0.02029865036201059
Деэм.масло | ASTM D1401,Цвет | ASTM D1500,-0.020041927675128097,-0.021641814967627817
Деэм.вода | ASTM D1401,Цвет | ASTM D1500,-0.02003943974478054,-0.02164155086576155
"Массовая доля кальция, ASTM D6481",Последовательность 3 | ASTM D892,-0.01996660507637362,0.07544284820490794
"Delta Kin. Viscosity KV100 - relative | - Daimler Oxidation Test (DOT), %","Динамическая вязкость CCS -30°C, ASTM D5293",-0.01996422543191481,-0.011432938906824055
"Кинематическая вязкость, при 100°C, ASTM D445",Определение содержания воды методом Карла Фишера | ASTM D 6304,-0.019777753457429856,0.05714328127064807
"Oxidation EOT | DIN 51453 Daimler Oxidation Test (DOT), A/cm","Температура застывания, ГОСТ 20287, метод Б",0.019772734545138226,-0.0021421379253234573
"Динамическая вязкость CCS -30°C, ASTM D5293",Цвет | ASTM D1500,-0.019718738546246513,-0.04186661982886795
"Температура испытания | ASTM D445 Daimler Oxidation Test (DOT), °C","Массовая доля фосфора, ASTM D6481",-0.01909450846438273,0.077193382515889
"Массовая доля сульфатной золы, ГОСТ 12417","Температура застывания, ГОСТ 20287, метод Б",0.019093676278585936,0.020118934045573886
Массовая доля фосфора | ASTM D6481,"Температура застывания, ГОСТ 20287, метод Б",0.019089864336337036,0.022044116387976345
Массовая доля цинка | ASTM D6481,"Температура застывания, ГОСТ 20287, метод Б",0.019082532350662686,0.022044116387976345
Массовая доля серы | ASTM D6481,"Температура застывания, ГОСТ 20287, метод Б",0.019069741145313922,0.0201189178263692
"Delta Kin. Viscosity KV100 - relative | - Daimler Oxidation Test (DOT), %",Массовая доля цинка | ASTM D6481,-0.01902992291278785,-0.03904396038869326
"Delta Kin. Viscosity KV100 - relative | - Daimler Oxidation Test (DOT), %",Массовая доля фосфора | ASTM D6481,-0.019003963587491006,-0.039028220981526314
"Delta Kin. Viscosity KV100 - relative | - Daimler Oxidation Test (DOT), %",Массовая доля серы | ASTM D6481,-0.018970573836737725,-0.05293420259603848
"Массовая доля кальция, ASTM D6481",Последовательность 2 | ASTM D892,-0.01861349041598269,0.04633808844756126
Деэм.эмульсия | ASTM D1401,"Массовая доля кальция, ASTM D6481",-0.018610163622854406,0.056082469862978025
"Массовая доля кальция, ASTM D6481",Температура проведения теста | -,-0.018602610337827445,0.0730480094660713
Деаэрация | ASTM D3427,"Массовая доля кальция, ASTM D6481",-0.018602610337827435,0.0730480094660713
"Динамическая вязкость CCS -20°C, ASTM D5293",Цвет | ASTM D1500,-0.01858955167282214,-0.040140159978474324
"Oxidation EOT | DIN 51453 Daimler Oxidation Test (DOT), A/cm",Цвет | ASTM D1500,-0.018574510841896503,-0.004546664115752978
"Delta Kin. Viscosity KV100 - relative | - Daimler Oxidation Test (DOT), %",Деэм.эмульсия | ASTM D1401,-0.01853207613878276,-0.022778545777495694
"Количество биотоплива | - Daimler Oxidation Test (DOT), % масс","Массовая доля фосфора, ASTM D6481",0.018507440159731568,-0.11685086579961343
"Динамическая вязкость CCS -25°C, ASTM D5293","Плотность при 15°С, ASTM D4052",0.017874748011539793,0.29593844314145984
"Динамическая вязкость CCS -25°C, ASTM D5293","Плотность при 20°С, ASTM D4052",0.017870233186388865,0.2958735815911446
"Динамическая вязкость CCS -25°C, ASTM D5293",Цвет | ASTM D1500,-0.017858387161641225,-0.03985065701032512
"Массовая доля фосфора, ASTM D6481",Последовательность 1 | ASTM D892,-0.0178107756851915,0.12272789340505773
"Массовая доля фосфора, ASTM D6481",Цвет | ASTM D1500,-0.017727887608330706,-0.04376968654806285
"Динамическая вязкость CCS -15°C, ASTM D5293",Цвет | ASTM D1500,-0.01769718179058146,-0.031950996559003034
Деэм.масло | ASTM D1401,Температура проведения теста | -,-0.01766745152739567,-0.017654629219262752
Деаэрация | ASTM D3427,Деэм.масло | ASTM D1401,-0.017667451527395656,-0.017654629219262752
Деэм.вода | ASTM D1401,Температура проведения теста | -,-0.01766525835568434,-0.017654413774276647
Деаэрация | ASTM D3427,Деэм.вода | ASTM D1401,-0.017665258355684322,-0.017654413774276647
"Дозировка катализатора, категория","Динамическая вязкость CCS -30°C, ASTM D5293",0.017652213280539165,0.012931854963483242
Деэм.масло | ASTM D1401,Определение содержания воды методом Карла Фишера | ASTM D 6304,-0.017643043665214218,-0.0176546007157347
Деэм.вода | ASTM D1401,Определение содержания воды методом Карла Фишера | ASTM D 6304,-0.01764085352340413,-0.01765438527109643
Деэм.эмульсия | ASTM D1401,"Испаряемость по NOACK, ASTM D5800",0.017586242065002693,0.05159281416382697
"Плотность при 15°С, ASTM D4052",Последовательность 1 | ASTM D892,-0.017557552260362774,-0.027877950181982452
"Плотность при 20°С, ASTM D4052",Последовательность 1 | ASTM D892,-0.017557431162158826,-0.027877950181982452
"Динамическая вязкость CCS -35°C, ASTM D5293","Щелочное число, ГОСТ 11362",-0.017504864995999903,-0.05472854606682201
"Плотность при 15°С, ASTM D4052",Цвет | ASTM D1500,-0.017474695760139915,-0.018879789546950083
"Плотность при 20°С, ASTM D4052",Цвет | ASTM D1500,-0.017474575233415064,-0.018879789546950083
"Дозировка катализатора, категория",Последовательность 1 | ASTM D892,-0.01736072130788487,-0.027570624549643985
"Динамическая вязкость CCS -30°C, ASTM D5293",Определение содержания воды методом Карла Фишера | ASTM D 6304,-0.01735853810240573,-0.03415325643906207
"Дозировка катализатора, категория",Цвет | ASTM D1500,-0.017278793679956803,-0.01867165935003613
"Массовая доля цинка, ASTM D6481",Последовательность 1 | ASTM D892,-0.01714927518868661,0.11121656192829985
"Массовая доля цинка, ASTM D6481",Цвет | ASTM D1500,-0.01706878486002067,-0.04438757904070599
"Delta Kin. Viscosity KV100 - relative | - Daimler Oxidation Test (DOT), %","Массовая доля цинка, ASTM D6481",0.01704891873364436,-0.060810470310740404
Массовая доля цинка | ASTM D6481,"Щелочное число, ASTM D2896",-0.016926433031623892,0.009111483578198224
Массовая доля серы | ASTM D6481,"Щелочное число, ASTM D2896",-0.016898331746158506,-0.007616399003386762
Массовая доля фосфора | ASTM D6481,"Щелочное число, ASTM D2896",-0.01688971916409478,0.009125882656125898
"Массовая доля фосфора, ASTM D6481",Последовательность 3 | ASTM D892,-0.016762753602001107,0.106650937153489
"Дозировка катализатора, категория","Массовая доля цинка, ASTM D6481",-0.016672211488066403,-0.023321598094418763
"Кинематическая вязкость, при 40°C, ASTM D445","Щелочное число, ГОСТ 11362",-0.016602502497737814,-0.10692651760764962
"Плотность при 15°С, ASTM D4052",Последовательность 3 | ASTM D892,-0.016524405279782193,-0.021820119288014462
"Плотность при 20°С, ASTM D4052",Последовательность 3 | ASTM D892,-0.016524291307414563,-0.021820119288014462
"Динамическая вязкость CCS -20°C, ASTM D5293",Определение содержания воды методом Карла Фишера | ASTM D 6304,-0.016364507306718585,-0.03274487366913086
"Дозировка катализатора, категория",Последовательность 3 | ASTM D892,-0.01633915653997398,-0.02157957498995399
"Динамическая вязкость CCS -35°C, ASTM D5293","Плотность при 20°С, ASTM D4052",0.016319798778284062,0.15225852772034307
"Динамическая вязкость CCS -35°C, ASTM D5293","Плотность при 15°С, ASTM D4052",0.016317009200951645,0.1522823692558587
"Массовая доля цинка, ASTM D6481",Последовательность 3 | ASTM D892,-0.0161400842124045,0.10147009082237517
"Испаряемость по NOACK, ASTM D5800",Цвет | ASTM D1500,-0.01607946540588581,-0.027621266567547157
"Время испытания | - Daimler Oxidation Test (DOT), ч",Массовая доля фосфора | ASTM D6481,-0.016033468331068338,-0.017571220138470248
"Время испытания | - Daimler Oxidation Test (DOT), ч",Массовая доля цинка | ASTM D6481,-0.01602731023805923,-0.017571220138470248
"Время испытания | - Daimler Oxidation Test (DOT), ч",Массовая доля серы | ASTM D6481,-0.016016566977538185,-0.016036657031431107
"Кинематическая вязкость, при 100°C, ASTM D445","Массовая доля сульфатной золы, ГОСТ 12417",-0.01590477286365035,0.045968676174999064
"Динамическая вязкость CCS -25°C, ASTM D5293",Определение содержания воды методом Карла Фишера | ASTM D 6304,-0.015720858272238212,-0.03250870774144229
"Динамическая вязкость CCS -20°C, ASTM D5293","Плотность при 15°С, ASTM D4052",0.015633834760641296,0.29395056628798905
"Динамическая вязкость CCS -20°C, ASTM D5293","Плотность при 20°С, ASTM D4052",0.015629212026478566,0.2938905988133119
"Массовая доля фосфора, ASTM D6481",Последовательность 2 | ASTM D892,-0.015626672119186582,0.07200961909178805
Деэм.эмульсия | ASTM D1401,"Массовая доля фосфора, ASTM D6481",-0.015625738524919625,0.07832690814209545
Деаэрация | ASTM D3427,"Массовая доля фосфора, ASTM D6481",-0.01562308711720144,0.08779910367669838
"Массовая доля фосфора, ASTM D6481",Температура проведения теста | -,-0.015623087117201428,0.08779910367669838
"Массовая доля фосфора, ASTM D6481",Определение содержания воды методом Карла Фишера | ASTM D 6304,-0.015605978638169668,-0.03570570863001951
"Динамическая вязкость CCS -15°C, ASTM D5293",Определение содержания воды методом Карла Фишера | ASTM D 6304,-0.015578948100383664,-0.026064453816039702
Деэм.эмульсия | ASTM D1401,"Плотность при 15°С, ASTM D4052",-0.015404373536453651,-0.015401466313601496
"Плотность при 15°С, ASTM D4052",Последовательность 2 | ASTM D892,-0.015404373536453643,-0.015401466313601496
"Плотность при 20°С, ASTM D4052",Последовательность 2 | ASTM D892,-0.015404267289185243,-0.015401466313601496
Деэм.эмульсия | ASTM D1401,"Плотность при 20°С, ASTM D4052",-0.015404267289185208,-0.015401466313601496
Определение содержания воды методом Карла Фишера | ASTM D 6304,"Плотность при 15°С, ASTM D4052",-0.015383092152113264,-0.015401441447821441
Определение содержания воды методом Карла Фишера | ASTM D 6304,"Плотность при 20°С, ASTM D4052",-0.015382986051627075,-0.015401441447821441
"Дозировка катализатора, категория",Последовательность 2 | ASTM D892,-0.015231681040908655,-0.015231681040908593
"Дозировка катализатора, категория",Деэм.эмульсия | ASTM D1401,-0.015231681040908577,-0.015231681040908593
"Oxidation EOT | DIN 51453 Daimler Oxidation Test (DOT), A/cm","Массовая доля серы, ASTM D6481",-0.015214328320542644,0.015222510326567426
"Дозировка катализатора, категория",Определение содержания воды методом Карла Фишера | ASTM D 6304,-0.015210638233967197,-0.015231656449248104
"Время испытания | - Daimler Oxidation Test (DOT), ч","Массовая доля сульфатной золы, ГОСТ 12417",0.015196320442116358,0.015196320442116083
"Массовая доля цинка, ASTM D6481",Последовательность 2 | ASTM D892,-0.015046227071814907,0.06577128174284584
Деэм.эмульсия | ASTM D1401,"Массовая доля цинка, ASTM D6481",-0.015045194624614138,0.0778807957099402
"Массовая доля цинка, ASTM D6481",Температура проведения теста | -,-0.015041662568401117,0.09497658013407342
Деаэрация | ASTM D3427,"Массовая доля цинка, ASTM D6481",-0.015041662568401101,0.09497658013407342
"Массовая доля цинка, ASTM D6481",Определение содержания воды методом Карла Фишера | ASTM D 6304,-0.015025766057983145,-0.03620976271509426
"Oxidation EOT | DIN 51453 Daimler Oxidation Test (DOT), A/cm",Цвет Сейболт | -,-0.014730068026686067,-0.011466844211734073
"Массовая доля кальция, ASTM D6481",Массовая доля фосфора | ASTM D6481,-0.014702793295039767,-0.035478004642398586
"Массовая доля кальция, ASTM D6481",Массовая доля цинка | ASTM D6481,-0.014697146284253646,-0.035478004642398586
"Массовая доля кальция, ASTM D6481",Массовая доля серы | ASTM D6481,-0.01468729464545071,-0.03237957228502399
"Oxidation EOT | DIN 51453 Daimler Oxidation Test (DOT), A/cm","Массовая доля кальция, ASTM D6481",-0.014682323819288492,0.012955286959321815
"Температура испытания | ASTM D445 Daimler Oxidation Test (DOT), °C",Общее содержание азота | ASTM D3228,0.01462070743178229,0.019881761478217352
Деэм.время | ASTM D1401,Цвет | ASTM D1500,-0.014458730709389755,-0.02165505702747574
"Количество биотоплива | - Daimler Oxidation Test (DOT), % масс",Массовая доля кальция | ASTM D6481,-0.014406453464120955,-0.03517548505832811
"Количество биотоплива | - Daimler Oxidation Test (DOT), % масс",Цвет Сейболт | -,-0.014353970870546707,-0.01434423322140222
"Испаряемость по NOACK, ASTM D5800",Температура проведения теста | -,-0.01417444370869918,-0.022532454904816823
Деаэрация | ASTM D3427,"Испаряемость по NOACK, ASTM D5800",-0.014174443708699169,-0.022532454904816823
"Испаряемость по NOACK, ASTM D5800",Определение содержания воды методом Карла Фишера | ASTM D 6304,-0.014154861491761732,-0.02253241852600351
"Температура испытания | ASTM D445 Daimler Oxidation Test (DOT), °C",Определение содержания воды методом Карла Фишера | ASTM D 6304,-0.013991712531321103,-0.011383565947181071
Деэм.масло | ASTM D1401,"Массовая доля сульфатной золы, ГОСТ 12417",-0.013957927454292997,-0.013947797365839752
Деэм.вода | ASTM D1401,"Массовая доля сульфатной золы, ГОСТ 12417",-0.01395619476910104,-0.013947627156487159
Деэм.масло | ASTM D1401,Массовая доля фосфора | ASTM D6481,-0.01395514083465028,-0.0152824631658914
Деэм.вода | ASTM D1401,Массовая доля фосфора | ASTM D6481,-0.013953408495378851,-0.015282276669192796
Деэм.масло | ASTM D1401,Массовая доля цинка | ASTM D6481,-0.013949780980285655,-0.0152824631658914
Деэм.вода | ASTM D1401,Массовая доля цинка | ASTM D6481,-0.013948049306366679,-0.015282276669192796
Деэм.масло | ASTM D1401,Массовая доля серы | ASTM D6481,-0.013940430307649016,-0.013947786121596896
Деэм.вода | ASTM D1401,Массовая доля серы | ASTM D6481,-0.013938699794487608,-0.013947615912381518
"Массовая доля, %","Массовая доля сульфатной золы, ГОСТ 12417",0.013932038994311342,0.01685337936280879
"Массовая доля сульфатной золы, ГОСТ 12417","Щелочное число, ASTM D2896",-0.013884993675686378,0.06243018479018435
"Массовая доля серы, ASTM D6481",Цвет | ASTM D1500,-0.013845418455124084,-0.038540787343353505
"Динамическая вязкость CCS -30°C, ASTM D5293","Массовая доля сульфатной золы, ГОСТ 12417",-0.013732846788996344,-0.026982354790445095
"Динамическая вязкость CCS -30°C, ASTM D5293",Массовая доля фосфора | ASTM D6481,-0.01373010510540911,-0.029564298390505315
"Динамическая вязкость CCS -30°C, ASTM D5293",Массовая доля цинка | ASTM D6481,-0.013724831682184838,-0.029564298390505315
"Динамическая вязкость CCS -30°C, ASTM D5293",Массовая доля серы | ASTM D6481,-0.013715631795230738,-0.026982333038182555
"Индекс вязкости, ГОСТ 25371",Общее содержание азота | ASTM D3228,-0.01363996606484856,-0.018474484969670482
Деэм.вода | ASTM D1401,"Кинематическая вязкость, при 40°C, ASTM D445",-0.013558741480286204,0.48966413589182517
"Delta Kin. Viscosity KV100 - relative | - Daimler Oxidation Test (DOT), %","Щелочное число, ГОСТ 11362",-0.013303406803535596,-0.021951872346879352
Деэм.масло | ASTM D1401,"Кинематическая вязкость, при 40°C, ASTM D445",-0.013210132856905372,0.49389151429049993
"Массовая доля серы, ASTM D6481",Последовательность 1 | ASTM D892,-0.013105327908990112,0.201345493082149
"Динамическая вязкость CCS -20°C, ASTM D5293","Массовая доля сульфатной золы, ГОСТ 12417",-0.012946439976384384,-0.025869679527784916
"Динамическая вязкость CCS -20°C, ASTM D5293",Массовая доля фосфора | ASTM D6481,-0.012943855294377702,-0.028345151146593597
"Динамическая вязкость CCS -20°C, ASTM D5293",Массовая доля цинка | ASTM D6481,-0.012938883851945365,-0.028345151146593597
"Динамическая вязкость CCS -20°C, ASTM D5293",Массовая доля серы | ASTM D6481,-0.012930210793396676,-0.025869658672523572
Деэм.время | ASTM D1401,Температура проведения теста | -,-0.012745726264286515,-0.017665431624563053
Деаэрация | ASTM D3427,Деэм.время | ASTM D1401,-0.012745726264286503,-0.017665431624563053
Деэм.время | ASTM D1401,Определение содержания воды методом Карла Фишера | ASTM D 6304,-0.012728117842971225,-0.017665403103594438
Общее содержание азота | ASTM D3228,"Температура застывания, ГОСТ 20287, метод Б",0.012628061556188494,0.01799087016353711
"Массовая доля, %","Температура испытания | ASTM D445 Daimler Oxidation Test (DOT), °C",-0.012582933969218767,-0.010975593543756802
"Массовая доля, %","Delta Kin. Viscosity KV100 - relative | - Daimler Oxidation Test (DOT), %",0.012503314898496664,0.017940871232654868
"Массовая доля серы, ASTM D6481",Последовательность 3 | ASTM D892,-0.01248931419453045,0.15908313870999613
"Динамическая вязкость CCS -25°C, ASTM D5293","Массовая доля сульфатной золы, ГОСТ 12417",-0.012437230414826982,-0.02568309957861733
"Динамическая вязкость CCS -25°C, ASTM D5293",Массовая доля фосфора | ASTM D6481,-0.012434747393569817,-0.02814071734777522
"Динамическая вязкость CCS -25°C, ASTM D5293",Массовая доля цинка | ASTM D6481,-0.012429971487981988,-0.02814071734777522
"Динамическая вязкость CCS -25°C, ASTM D5293",Массовая доля серы | ASTM D6481,-0.01242163955829559,-0.025683078873770433
Массовая доля фосфора | ASTM D6481,"Массовая доля фосфора, ASTM D6481",-0.01234388090234072,-0.03090815735435994
"Массовая доля фосфора, ASTM D6481",Массовая доля цинка | ASTM D6481,-0.012339139896519639,-0.03090815735435994
Массовая доля серы | ASTM D6481,"Массовая доля фосфора, ASTM D6481",-0.012330868852124494,-0.02820882756344136
"Динамическая вязкость CCS -15°C, ASTM D5293","Массовая доля сульфатной золы, ГОСТ 12417",-0.012324961130606087,-0.020591897043211127
"Динамическая вязкость CCS -15°C, ASTM D5293",Массовая доля фосфора | ASTM D6481,-0.012322500523263362,-0.022562337251144544
"Динамическая вязкость CCS -15°C, ASTM D5293",Массовая доля цинка | ASTM D6481,-0.012317767729163012,-0.022562337251144544
"Динамическая вязкость CCS -15°C, ASTM D5293",Массовая доля серы | ASTM D6481,-0.012309511010737571,-0.020591880442719656
"Количество биотоплива | - Daimler Oxidation Test (DOT), % масс","Массовая доля цинка, ASTM D6481",0.01218562783363646,-0.13096020713535356
"Массовая доля серы, ASTM D6481",Температура проведения теста | -,-0.012184430156991933,0.09792853777517242
Деаэрация | ASTM D3427,"Массовая доля серы, ASTM D6481",-0.01218443015699193,0.09792853777517242
"Массовая доля сульфатной золы, ГОСТ 12417","Плотность при 15°С, ASTM D4052",-0.01217001376611928,-0.012167716954629494
"Массовая доля сульфатной золы, ГОСТ 12417","Плотность при 20°С, ASTM D4052",-0.012169929826923895,-0.012167716954629494
Массовая доля фосфора | ASTM D6481,"Плотность при 15°С, ASTM D4052",-0.012167584093123473,-0.013332046723559627
Массовая доля фосфора | ASTM D6481,"Плотность при 20°С, ASTM D4052",-0.01216750017068613,-0.013332046723559627
Массовая доля цинка | ASTM D6481,"Плотность при 15°С, ASTM D4052",-0.01216291079892449,-0.013332046723559627
Массовая доля цинка | ASTM D6481,"Плотность при 20°С, ASTM D4052",-0.012162826908719839,-0.013332046723559627
Массовая доля серы | ASTM D6481,"Плотность при 15°С, ASTM D4052",-0.012154757882591877,-0.012167707145427304
Массовая доля серы | ASTM D6481,"Плотность при 20°С, ASTM D4052",-0.012154674048619637,-0.012167707145427304
"Delta Kin. Viscosity KV100 - relative | - Daimler Oxidation Test (DOT), %",Определение содержания воды методом Карла Фишера | ASTM D 6304,-0.012149852384937406,0.008342494055359138
"Дозировка катализатора, категория","Массовая доля сульфатной золы, ГОСТ 12417",-0.012033580431578568,-0.012033580431578607
"Дозировка катализатора, категория",Массовая доля фосфора | ASTM D6481,-0.01203117799671046,-0.013185074666326669
"Дозировка катализатора, категория",Массовая доля цинка | ASTM D6481,-0.012026557093011814,-0.013185074666326669
"Дозировка катализатора, категория",Массовая доля серы | ASTM D6481,-0.012018495575882419,-0.01203357073051275
"Время испытания | - Daimler Oxidation Test (DOT), ч","Щелочное число, ASTM D2896",-0.011954023695699482,-0.010090855706926319
"Delta Kin. Viscosity KV100 - relative | - Daimler Oxidation Test (DOT), %","Щелочное число, ASTM D2896",0.011951047224274064,-0.010910428780213163
Массовая доля фосфора | ASTM D6481,"Массовая доля цинка, ASTM D6481",-0.011884949414997499,-0.031344484865403935
Массовая доля цинка | ASTM D6481,"Массовая доля цинка, ASTM D6481",-0.01188038467439398,-0.031344484865403935
Массовая доля серы | ASTM D6481,"Массовая доля цинка, ASTM D6481",-0.011872421138045628,-0.028607048893141213
"Температура испытания | ASTM D445 Daimler Oxidation Test (DOT), °C","Массовая доля цинка, ASTM D6481",-0.011707572351515089,0.08736482988277458
"Массовая доля серы, ASTM D6481",Последовательность 2 | ASTM D892,-0.011642172863770145,0.11455061852911616
Деэм.эмульсия | ASTM D1401,"Массовая доля серы, ASTM D6481",-0.011467385457697989,0.1143251251855549
"Oxidation EOT | DIN 51453 Daimler Oxidation Test (DOT), A/cm","Щелочное число, ГОСТ 11362",-0.011399316498806364,0.0097532626202545
"Массовая доля кальция, ASTM D6481","Массовая доля сульфатной золы, ГОСТ 12417",-0.011360035282921836,0.07757887450599366
"Массовая доля сульфатной золы, ГОСТ 12417","Массовая доля цинка, ASTM D6481",-0.011290595114478962,0.08990124088214818
"Испаряемость по NOACK, ASTM D5800","Массовая доля сульфатной золы, ГОСТ 12417",-0.01119832459617602,-0.017801456562135103
"Испаряемость по NOACK, ASTM D5800",Массовая доля фосфора | ASTM D6481,-0.011196088915313878,-0.019504879306343877
"Испаряемость по NOACK, ASTM D5800",Массовая доля цинка | ASTM D6481,-0.011191788750467781,-0.019504879306343877
"Динамическая вязкость CCS -35°C, ASTM D5293",Цвет | ASTM D1500,-0.011190548529020015,-0.02305378690904676
"Испаряемость по NOACK, ASTM D5800",Массовая доля серы | ASTM D6481,-0.011184286786603716,-0.01780144221120244
"Oxidation EOT | DIN 51453 Daimler Oxidation Test (DOT), A/cm",Деэм.эмульсия | ASTM D1401,0.01113938378128138,0.019306415638050946
Общее содержание азота | ASTM D3228,"Щелочное число, ГОСТ 11362",0.010934930250509055,0.18151561505564742
"Количество биотоплива | - Daimler Oxidation Test (DOT), % масс",Температура проведения теста | -,-0.01081492849186582,-0.010846044606694668
"Количество биотоплива | - Daimler Oxidation Test (DOT), % масс",Деаэрация | ASTM D3427,-0.01081492849186579,-0.010846044606694668
"Кинематическая вязкость, при 40°C, ASTM D445",Цвет | ASTM D1500,-0.010613684249868006,-0.045041597648938475
"Время испытания | - Daimler Oxidation Test (DOT), ч",Общее содержание азота | ASTM D3228,-0.010606236978778829,-0.014340404240406338
"Время испытания | - Daimler Oxidation Test (DOT), ч","Массовая доля фосфора, ASTM D6481",0.010439187938693114,-0.05315362836862269
"Delta Kin. Viscosity KV100 - relative | - Daimler Oxidation Test (DOT), %",Общее содержание азота | ASTM D3228,-0.010320752609400506,-0.0475168963394268
"Дозировка катализатора, категория","Динамическая вязкость CCS -15°C, ASTM D5293",-0.010145623917389464,-0.028389061421528243
Деэм.время | ASTM D1401,"Массовая доля сульфатной золы, ГОСТ 12417",-0.010069585999617678,-0.01395633165779916
Деэм.время | ASTM D1401,Массовая доля фосфора | ASTM D6481,-0.010067575664900583,-0.015291814104903175
Деэм.время | ASTM D1401,Массовая доля цинка | ASTM D6481,-0.01006370893650224,-0.015291814104903175
Деэм.время | ASTM D1401,Массовая доля серы | ASTM D6481,-0.010056963135409722,-0.013956320406676243
"Массовая доля серы, ASTM D6481","Щелочное число, ГОСТ 11362",0.010031861955045228,0.04021227735655562
"Массовая доля сульфатной золы, ГОСТ 12417","Щелочное число, ГОСТ 11362",0.009957765359712656,0.2637515451773361
"Температура испытания | ASTM D445 Daimler Oxidation Test (DOT), °C",Массовая доля кальция | ASTM D6481,0.009913596605000866,0.024361015339440382
"Температура испытания | ASTM D445 Daimler Oxidation Test (DOT), °C",Цвет Сейболт | -,0.009877481452664288,0.00993419379888144
"Кинематическая вязкость, при 100°C, ASTM D445",Цвет Сейболт | -,-0.009875921344591782,-0.004677944691812823
Деаэрация | ASTM D3427,"Динамическая вязкость CCS -35°C, ASTM D5293",-0.009864743397252431,-0.018806466120698313
"Динамическая вязкость CCS -35°C, ASTM D5293",Температура проведения теста | -,-0.00986474339725243,-0.018806466120698313
Деэм.эмульсия | ASTM D1401,"Динамическая вязкость CCS -35°C, ASTM D5293",-0.00986474339725241,-0.018806466120698313
"Динамическая вязкость CCS -35°C, ASTM D5293",Определение содержания воды методом Карла Фишера | ASTM D 6304,-0.009851115099083787,-0.018806435757521157
"Массовая доля, %",Последовательность 1 | ASTM D892,0.009786013454427749,0.06841996802841546
"Массовая доля кальция, ASTM D6481",Общее содержание азота | ASTM D3228,-0.00972598733581685,-0.028954672709444632
"Массовая доля серы, ASTM D6481","Массовая доля сульфатной золы, ГОСТ 12417",-0.009642453036629707,-0.02483890990608255
"Массовая доля серы, ASTM D6481",Массовая доля фосфора | ASTM D6481,-0.009640527976543006,-0.027215747100706966
"Массовая доля серы, ASTM D6481",Массовая доля цинка | ASTM D6481,-0.009636825267515189,-0.027215747100706966
Массовая доля серы | ASTM D6481,"Массовая доля серы, ASTM D6481",-0.009630365610660302,-0.024838889881792836
"Кислотное число, ГОСТ 11362",Последовательность 1 | ASTM D892,-0.009562283613453414,-0.016615249250091623
"Oxidation EOT | DIN 51453 Daimler Oxidation Test (DOT), A/cm","Плотность при 20°С, ASTM D4052",0.009393402497847734,0.0049796992997451816
"Oxidation EOT | DIN 51453 Daimler Oxidation Test (DOT), A/cm","Плотность при 15°С, ASTM D4052",0.009390515578501209,0.004692387676302199
"Кинематическая вязкость, при 40°C, ASTM D445",Определение содержания воды методом Карла Фишера | ASTM D 6304,-0.009343297596149125,-0.03674328716331066
"Индекс вязкости, ГОСТ 25371",Массовая доля кальция | ASTM D6481,-0.009248603181735277,-0.022636687007209617
Деэм.масло | ASTM D1401,Общее содержание азота | ASTM D3228,-0.009231410678482462,-0.01247248044591868
Деэм.вода | ASTM D1401,Общее содержание азота | ASTM D3228,-0.00923026472550077,-0.012472328240321892
"Delta Kin. Viscosity KV100 - relative | - Daimler Oxidation Test (DOT), %",Цвет Сейболт | -,-0.009158915545396183,-0.030616644874072573
"Дозировка катализатора, категория","Кинематическая вязкость, при 100°C, ASTM D445",-0.009152876531172338,-0.007930694707139242
"Динамическая вязкость CCS -30°C, ASTM D5293",Общее содержание азота | ASTM D3228,-0.009082548172645245,-0.02412831816247173
"Кислотное число, ГОСТ 11362",Последовательность 3 | ASTM D892,-0.008999605838317395,-0.013004784005654992
"Массовая доля, %","Дозировка катализатора, категория",-0.00869694236796328,-0.007275308793400307
Массовая доля кальция | ASTM D6481,"Температура застывания, ГОСТ 20287, метод Б",0.008562479534952589,0.022044116387976345
"Динамическая вязкость CCS -20°C, ASTM D5293",Общее содержание азота | ASTM D3228,-0.008562439132721535,-0.023133335220564693
"Температура застывания, ГОСТ 20287, метод Б",Цвет Сейболт | -,0.008531286491186436,0.008989384115230637
"Delta Kin. Viscosity KV100 - relative | - Daimler Oxidation Test (DOT), %","Массовая доля сульфатной золы, ГОСТ 12417",-0.008481855280948103,0.008976767017954405
"Кислотное число, ГОСТ 11362",Последовательность 2 | ASTM D892,-0.008389608440789715,-0.009179268918514914
"Кислотное число, ГОСТ 11362",Температура проведения теста | -,-0.008389608440789705,-0.009179268918514914
Деаэрация | ASTM D3427,"Кислотное число, ГОСТ 11362",-0.008389608440789694,-0.009179268918514914
Деэм.эмульсия | ASTM D1401,"Кислотное число, ГОСТ 11362",-0.008389608440789616,-0.009179268918514914
"Кислотное число, ГОСТ 11362",Определение содержания воды методом Карла Фишера | ASTM D 6304,-0.008378018064766216,-0.00917925409851808
"Массовая доля, %","Время испытания | - Daimler Oxidation Test (DOT), ч",0.008329244387260393,0.007538290072207758
"Температура испытания | ASTM D445 Daimler Oxidation Test (DOT), °C","Щелочное число, ASTM D2896",0.008267420730849979,0.009843720177309893
"Delta Kin. Viscosity KV100 - relative | - Daimler Oxidation Test (DOT), %",Температура проведения теста | -,-0.008261662784966152,0.018752976689963844
"Delta Kin. Viscosity KV100 - relative | - Daimler Oxidation Test (DOT), %",Деаэрация | ASTM D3427,-0.008261662784966128,0.018752976689963844
"Динамическая вязкость CCS -25°C, ASTM D5293",Общее содержание азота | ASTM D3228,-0.008225661154791824,-0.02296649061373862
"Массовая доля фосфора, ASTM D6481",Общее содержание азота | ASTM D3228,-0.00816555241727442,-0.025225082111241352
"Динамическая вязкость CCS -15°C, ASTM D5293",Общее содержание азота | ASTM D3228,-0.008151409166263,-0.01841380588485187
"Массовая доля, %",Последовательность 3 | ASTM D892,0.008082447049572566,0.028942829499614783
Общее содержание азота | ASTM D3228,"Плотность при 15°С, ASTM D4052",-0.008048931003956305,-0.010880686592119304
Общее содержание азота | ASTM D3228,"Плотность при 20°С, ASTM D4052",-0.00804887548875273,-0.010880686592119304
"Массовая доля, %","Количество биотоплива | - Daimler Oxidation Test (DOT), % масс",0.008048319899197636,0.008197152502390026
"Температура испытания | ASTM D445 Daimler Oxidation Test (DOT), °C",Температура проведения теста | -,0.00803311187993824,0.008414777349740183
"Температура испытания | ASTM D445 Daimler Oxidation Test (DOT), °C",Деаэрация | ASTM D3427,0.008033111879938222,0.008414777349740183
Цвет Сейболт | -,"Щелочное число, ASTM D2896",-0.008003239779515328,-0.011252536689867249
"Дозировка катализатора, категория",Общее содержание азота | ASTM D3228,-0.00795869754017707,-0.010760738250674856
"Массовая доля цинка, ASTM D6481",Общее содержание азота | ASTM D3228,-0.0078619664425322,-0.02558118219081875
"Динамическая вязкость CCS -35°C, ASTM D5293","Массовая доля сульфатной золы, ГОСТ 12417",-0.007793505049698707,-0.014857790291785258
"Динамическая вязкость CCS -35°C, ASTM D5293",Массовая доля фосфора | ASTM D6481,-0.007791949121404307,-0.01627953338473786
"Динамическая вязкость CCS -35°C, ASTM D5293",Массовая доля цинка | ASTM D6481,-0.0077889564097576285,-0.01627953338473786
"Динамическая вязкость CCS -35°C, ASTM D5293",Массовая доля серы | ASTM D6481,-0.0077837353972074665,-0.014857778313936856
"Массовая доля, %",Массовая доля серы | ASTM D6481,0.007702529705451591,0.011009988769333607
"Испаряемость по NOACK, ASTM D5800",Общее содержание азота | ASTM D3228,-0.0074062810253721694,-0.015918521975654847
"Кинематическая вязкость, при 40°C, ASTM D445","Массовая доля сульфатной золы, ГОСТ 12417",-0.007391755782368077,-0.029028576299205796
"Кинематическая вязкость, при 40°C, ASTM D445",Массовая доля фосфора | ASTM D6481,-0.0073902800609957475,-0.031806322992431225
"Кинематическая вязкость, при 40°C, ASTM D445",Массовая доля цинка | ASTM D6481,-0.0073874416213619174,-0.031806322992431225
"Кинематическая вязкость, при 40°C, ASTM D445",Массовая доля серы | ASTM D6481,-0.0073824897480442115,-0.029028552897348636
Последовательность 1 | ASTM D892,"Щелочное число, ГОСТ 11362",-0.007281801463834184,-0.01896493744444191
"Массовая доля, %","Кислотное число, ГОСТ 11362",-0.007223367969535527,0.013338058520806438
"Время испытания | - Daimler Oxidation Test (DOT), ч",Массовая доля кальция | ASTM D6481,-0.007191577794388098,-0.017571220138470248
"Время испытания | - Daimler Oxidation Test (DOT), ч",Цвет Сейболт | -,-0.007165378934586818,-0.00716537893458679
"Дозировка катализатора, категория","Кислотное число, ГОСТ 11362",0.007069858620813979,-0.0008968156479851376
Деэм.время | ASTM D1401,"Кинематическая вязкость, при 40°C, ASTM D445",-0.007036453661245411,0.4925910382154139
"Массовая доля, %",Массовая доля фосфора | ASTM D6481,0.0068891825699841135,-0.0047698781442365576
Последовательность 3 | ASTM D892,"Щелочное число, ГОСТ 11362",-0.0068533151302048664,-0.014843888974122107
"Дозировка катализатора, категория","Динамическая вязкость CCS -20°C, ASTM D5293",-0.0067591402381198245,-0.018583021849372244
Деэм.время | ASTM D1401,Общее содержание азота | ASTM D3228,-0.006659762635188193,-0.012480112030088676
"Кислотное число, ГОСТ 11362","Массовая доля сульфатной золы, ГОСТ 12417",-0.006628094935191167,-0.007251955351308335
"Кислотное число, ГОСТ 11362",Массовая доля фосфора | ASTM D6481,-0.006626771674298703,-0.007945895515265543
"Кислотное число, ГОСТ 11362",Массовая доля цинка | ASTM D6481,-0.006624226480989498,-0.007945895515265543
"Кислотное число, ГОСТ 11362",Массовая доля серы | ASTM D6481,-0.006619786198136134,-0.007251949505027019
"Delta Kin. Viscosity KV100 - relative | - Daimler Oxidation Test (DOT), %",Цвет | ASTM D1500,0.0066044319330249976,-0.029410516947227117
Массовая доля кальция | ASTM D6481,"Массовая доля кальция, ASTM D6481",-0.006594722962791491,-0.035478004642398586
"Массовая доля кальция, ASTM D6481",Цвет Сейболт | -,-0.00657069844031946,-0.014467597873254292
"Время испытания | - Daimler Oxidation Test (DOT), ч","Массовая доля цинка, ASTM D6481",0.006423786733829935,-0.0600989774908505
Последовательность 2 | ASTM D892,"Щелочное число, ГОСТ 11362",-0.0063887942979632215,-0.010477378834650062
Деаэрация | ASTM D3427,"Щелочное число, ГОСТ 11362",-0.006388794297963217,-0.010477378834650062
Температура проведения теста | -,"Щелочное число, ГОСТ 11362",-0.006388794297963215,-0.010477378834650062
Деэм.эмульсия | ASTM D1401,"Щелочное число, ГОСТ 11362",-0.006388794297963178,-0.010477378834650062
"Массовая доля серы, ASTM D6481",Общее содержание азота | ASTM D3228,-0.006377267987714845,-0.022211594417072905
"Массовая доля, %",Массовая доля цинка | ASTM D6481,0.0062817670841072695,-0.004809707555671625
Деэм.масло | ASTM D1401,Массовая доля кальция | ASTM D6481,-0.006259374383118423,-0.0152824631658914
Деэм.вода | ASTM D1401,Массовая доля кальция | ASTM D6481,-0.006258597367666798,-0.015282276669192796
Деэм.масло | ASTM D1401,Цвет Сейболт | -,-0.006236571532812727,-0.006232045286242157
Деэм.вода | ASTM D1401,Цвет Сейболт | -,-0.006235797348022037,-0.006231969234635894
"Динамическая вязкость CCS -30°C, ASTM D5293",Массовая доля кальция | ASTM D6481,-0.006158437897017144,-0.029564298390505315
"Динамическая вязкость CCS -20°C, ASTM D5293",Массовая доля кальция | ASTM D6481,-0.0058057770400459195,-0.028345151146593597
"Динамическая вязкость CCS -20°C, ASTM D5293",Цвет Сейболт | -,-0.005784626641196243,-0.011558887050695308
"Динамическая вязкость CCS -35°C, ASTM D5293","Кинематическая вязкость, при 40°C, ASTM D445",-0.00572376546070207,0.4449381979764555
"Время испытания | - Daimler Oxidation Test (DOT), ч",Определение содержания воды методом Карла Фишера | ASTM D 6304,0.005699779330436137,0.004454172637039195
"Динамическая вязкость CCS -25°C, ASTM D5293",Массовая доля кальция | ASTM D6481,-0.005577424134810631,-0.02814071734777522
"Динамическая вязкость CCS -25°C, ASTM D5293",Цвет Сейболт | -,-0.005557105623749682,-0.01147552086303008
Массовая доля кальция | ASTM D6481,"Массовая доля фосфора, ASTM D6481",-0.005536667298729732,-0.03090815735435994
"Динамическая вязкость CCS -15°C, ASTM D5293",Массовая доля кальция | ASTM D6481,-0.005527077442297384,-0.022562337251144544
"Массовая доля фосфора, ASTM D6481",Цвет Сейболт | -,-0.005516497264493421,-0.012604056967503543
"Динамическая вязкость CCS -15°C, ASTM D5293",Цвет Сейболт | -,-0.005506942343830549,-0.009200709727632424
"Динамическая вязкость CCS -20°C, ASTM D5293","Кинематическая вязкость, при 40°C, ASTM D445",0.005498034390352503,0.8530672463701067
Массовая доля кальция | ASTM D6481,"Плотность при 15°С, ASTM D4052",-0.005457591942592895,-0.013332046723559627
Массовая доля кальция | ASTM D6481,"Плотность при 20°С, ASTM D4052",-0.005457554300410635,-0.013332046723559627
"Плотность при 15°С, ASTM D4052",Цвет Сейболт | -,-0.0054377099792401115,-0.005436683735967227
"Плотность при 20°С, ASTM D4052",Цвет Сейболт | -,-0.005437672474188037,-0.005436683735967227
"Дозировка катализатора, категория",Массовая доля кальция | ASTM D6481,-0.005396408982441844,-0.013185074666326669
"Дозировка катализатора, категория",Цвет Сейболт | -,-0.0053767499081185804,-0.00537674990811857
"Массовая доля серы, ASTM D6481",Определение содержания воды методом Карла Фишера | ASTM D 6304,-0.005355236743261908,0.12969125431236192
Массовая доля кальция | ASTM D6481,"Массовая доля цинка, ASTM D6481",-0.005330820290124136,-0.031344484865403935
"Массовая доля цинка, ASTM D6481",Цвет Сейболт | -,-0.005311400154877034,-0.01278198723822904
"Динамическая вязкость CCS -15°C, ASTM D5293","Кинематическая вязкость, при 40°C, ASTM D445",0.0052276265402552485,0.7100037779804332
"Динамическая вязкость CCS -35°C, ASTM D5293",Общее содержание азота | ASTM D3228,-0.005154421813280554,-0.01328621961039616
Массовая доля фосфора | ASTM D6481,"Щелочное число, ГОСТ 11362",-0.00504637151846367,-0.00906958476029191
Массовая доля цинка | ASTM D6481,"Щелочное число, ГОСТ 11362",-0.005044433321154944,-0.00906958476029191
Массовая доля серы | ASTM D6481,"Щелочное число, ГОСТ 11362",-0.00504105198888239,-0.008277502590719816
"Температура испытания | ASTM D445 Daimler Oxidation Test (DOT), °C","Щелочное число, ГОСТ 11362",-0.005038564802530694,0.014163481251332776
"Испаряемость по NOACK, ASTM D5800",Массовая доля кальция | ASTM D6481,-0.005021841984827796,-0.019504879306343877
"Испаряемость по NOACK, ASTM D5800",Цвет Сейболт | -,-0.005003547455050534,-0.007953907025349108
"Массовая доля, %",Последовательность 2 | ASTM D892,0.004996053573006732,0.006159407718287756
"Кинематическая вязкость, при 40°C, ASTM D445",Общее содержание азота | ASTM D3228,-0.0048887152828050685,-0.025958102255732363
"Количество биотоплива | - Daimler Oxidation Test (DOT), % масс","Щелочное число, ГОСТ 11362",-0.0046904010398890385,-0.00019514171639827783
Последовательность 1 | ASTM D892,Цвет | ASTM D1500,-0.004655126028012564,-0.007988767435073834
Деэм.время | ASTM D1401,Массовая доля кальция | ASTM D6481,-0.004515663866359278,-0.015291814104903175
Деэм.время | ASTM D1401,Цвет Сейболт | -,-0.004499213339377975,-0.00623585851155523
"Oxidation EOT | DIN 51453 Daimler Oxidation Test (DOT), A/cm","Кинематическая вязкость, при 100°C, ASTM D445",0.004458305529774609,0.04248327899736331
"Время испытания | - Daimler Oxidation Test (DOT), ч",Температура проведения теста | -,0.0044098596310481785,0.0044098596310481524
"Время испытания | - Daimler Oxidation Test (DOT), ч",Деаэрация | ASTM D3427,0.004409859631048168,0.0044098596310481524
Последовательность 3 | ASTM D892,Цвет | ASTM D1500,-0.004381202343848399,-0.00625282193488447
Массовая доля кальция | ASTM D6481,"Массовая доля серы, ASTM D6481",-0.004324117869615301,-0.027215747100706966
"Массовая доля серы, ASTM D6481",Цвет Сейболт | -,-0.004307677587003485,0.031657521956789864
Деаэрация | ASTM D3427,Последовательность 1 | ASTM D892,-0.0041036079356725165,-0.00651695466374319
Последовательность 1 | ASTM D892,Температура проведения теста | -,-0.004103607935672512,-0.00651695466374319
Деэм.эмульсия | ASTM D1401,Последовательность 1 | ASTM D892,-0.004103607935672495,-0.00651695466374319
Определение содержания воды методом Карла Фишера | ASTM D 6304,Последовательность 1 | ASTM D892,-0.004097938736762564,-0.006516944142072201
Последовательность 2 | ASTM D892,Цвет | ASTM D1500,-0.0040842424462925525,-0.004413478456461492
Деаэрация | ASTM D3427,Цвет | ASTM D1500,-0.004084242446292541,-0.004413478456461492
Деэм.эмульсия | ASTM D1401,Цвет | ASTM D1500,-0.00408424244629254,-0.004413478456461492
Температура проведения теста | -,Цвет | ASTM D1500,-0.004084242446292536,-0.004413478456461492
Определение содержания воды методом Карла Фишера | ASTM D 6304,Цвет | ASTM D1500,-0.0040786000011107885,-0.004413471330868231
"Динамическая вязкость CCS -25°C, ASTM D5293","Кинематическая вязкость, при 40°C, ASTM D445",0.0040213517656235405,0.8417812128552388
"Количество биотоплива | - Daimler Oxidation Test (DOT), % масс",Определение содержания воды методом Карла Фишера | ASTM D 6304,-0.004005643161391436,-0.0057040560034778524
Последовательность 3 | ASTM D892,Температура проведения теста | -,-0.0038621374798050692,-0.005100831561474095
Деаэрация | ASTM D3427,Последовательность 3 | ASTM D892,-0.003862137479805061,-0.005100831561474095
Деэм.эмульсия | ASTM D1401,Последовательность 3 | ASTM D892,-0.003862137479805008,-0.005100831561474095
Определение содержания воды методом Карла Фишера | ASTM D 6304,Последовательность 3 | ASTM D892,-0.003856801876128042,-0.005100823326144217
Деаэрация | ASTM D3427,Последовательность 2 | ASTM D892,-0.0036003600360036228,-0.0036003600360036
Последовательность 2 | ASTM D892,Температура проведения теста | -,-0.00360036003600362,-0.0036003600360036
Деэм.эмульсия | ASTM D1401,Температура проведения теста | -,-0.003600360036003606,-0.0036003600360036
Деаэрация | ASTM D3427,Деэм.эмульсия | ASTM D1401,-0.003600360036003604,-0.0036003600360036
Деэм.эмульсия | ASTM D1401,Последовательность 2 | ASTM D892,-0.0036003600360035577,-0.0036003600360036
Определение содержания воды методом Карла Фишера | ASTM D 6304,Последовательность 2 | ASTM D892,-0.0035953860819827907,-0.0036003542231959782
Деэм.эмульсия | ASTM D1401,Определение содержания воды методом Карла Фишера | ASTM D 6304,-0.003595386081982783,-0.0036003542231959782
Определение содержания воды методом Карла Фишера | ASTM D 6304,Температура проведения теста | -,-0.003595386081982778,-0.0036003542231959782
Деаэрация | ASTM D3427,Определение содержания воды методом Карла Фишера | ASTM D 6304,-0.003595386081982776,-0.0036003542231959782
"Динамическая вязкость CCS -35°C, ASTM D5293",Массовая доля кальция | ASTM D6481,-0.0034949648522341462,-0.01627953338473786
"Динамическая вязкость CCS -35°C, ASTM D5293",Цвет Сейболт | -,-0.0034822327235146896,-0.006638641179192381
"Кислотное число, ГОСТ 11362","Щелочное число, ГОСТ 11362",-0.0033152737898140506,0.1831133562752788
"Кинематическая вязкость, при 40°C, ASTM D445",Массовая доля кальция | ASTM D6481,-0.0033148020679955436,-0.031806322992431225
"Массовая доля сульфатной золы, ГОСТ 12417",Последовательность 1 | ASTM D892,-0.003241999095237994,-0.005148630535558207
Массовая доля фосфора | ASTM D6481,Последовательность 1 | ASTM D892,-0.003241351848833366,-0.00564130338652326
Массовая доля цинка | ASTM D6481,Последовательность 1 | ASTM D892,-0.0032401069188065174,-0.00564130338652326
Массовая доля серы | ASTM D6481,Последовательность 1 | ASTM D892,-0.003237935043911245,-0.005148626384906272
"Delta Kin. Viscosity KV100 - relative | - Daimler Oxidation Test (DOT), %","Массовая доля кальция, ASTM D6481",0.0032352203568658767,-0.07903384817793081
"Массовая доля сульфатной золы, ГОСТ 12417",Цвет | ASTM D1500,-0.0032266996562972114,-0.003486808044773808
Массовая доля фосфора | ASTM D6481,Цвет | ASTM D1500,-0.003226055464337281,-0.0038204609740959826
Массовая доля цинка | ASTM D6481,Цвет | ASTM D1500,-0.003224816409306181,-0.0038204609740959826
Массовая доля серы | ASTM D6481,Цвет | ASTM D1500,-0.0032226547837867882,-0.003486805233827002
"Кинематическая вязкость, при 40°C, ASTM D445",Последовательность 3 | ASTM D892,-0.003190764680810512,0.1528601400698868
"Динамическая вязкость CCS -30°C, ASTM D5293",Цвет Сейболт | -,0.003179344270819478,0.03434998496858363
"Температура испытания | ASTM D445 Daimler Oxidation Test (DOT), °C","Массовая доля сульфатной золы, ГОСТ 12417",-0.00310961901795922,-0.0027033276764915634
"Кинематическая вязкость, при 40°C, ASTM D445",Последовательность 2 | ASTM D892,-0.0030541803232166944,0.11023003945713723
"Массовая доля сульфатной золы, ГОСТ 12417",Последовательность 3 | ASTM D892,-0.0030512286776638088,-0.004029841926053864
Массовая доля фосфора | ASTM D6481,Последовательность 3 | ASTM D892,-0.003050619517471814,-0.004415457809138823
Массовая доля цинка | ASTM D6481,Последовательность 3 | ASTM D892,-0.003049447843425014,-0.004415457809138823
Массовая доля серы | ASTM D6481,Последовательность 3 | ASTM D892,-0.0030474037691455183,-0.004029838677331496
"Delta Kin. Viscosity KV100 - relative | - Daimler Oxidation Test (DOT), %",Последовательность 2 | ASTM D892,0.002980545482946688,0.07244859214550804
"Кислотное число, ГОСТ 11362",Массовая доля кальция | ASTM D6481,-0.002972341544406892,-0.007945895515265543
"Кислотное число, ГОСТ 11362",Цвет Сейболт | -,-0.0029615133281753565,-0.0032402617400972464
"Массовая доля сульфатной золы, ГОСТ 12417",Температура проведения теста | -,-0.002844415003145721,-0.0028444150031457175
"Массовая доля сульфатной золы, ГОСТ 12417",Последовательность 2 | ASTM D892,-0.0028444150031457197,-0.0028444150031457175
Деаэрация | ASTM D3427,"Массовая доля сульфатной золы, ГОСТ 12417",-0.002844415003145717,-0.0028444150031457175
Деэм.эмульсия | ASTM D1401,"Массовая доля сульфатной золы, ГОСТ 12417",-0.0028444150031457097,-0.0028444150031457175
Деэм.эмульсия | ASTM D1401,Массовая доля фосфора | ASTM D6481,-0.0028438471321100083,-0.00311659729302829
Деаэрация | ASTM D3427,Массовая доля фосфора | ASTM D6481,-0.002843847132110008,-0.00311659729302829
Массовая доля фосфора | ASTM D6481,Температура проведения теста | -,-0.002843847132110008,-0.00311659729302829
Массовая доля фосфора | ASTM D6481,Последовательность 2 | ASTM D892,-0.002843847132109989,-0.00311659729302829
Массовая доля цинка | ASTM D6481,Последовательность 2 | ASTM D892,-0.0028427548746656796,-0.00311659729302829
Массовая доля цинка | ASTM D6481,Температура проведения теста | -,-0.0028427548746656644,-0.00311659729302829
Деаэрация | ASTM D3427,Массовая доля цинка | ASTM D6481,-0.002842754874665658,-0.00311659729302829
Деэм.эмульсия | ASTM D1401,Массовая доля цинка | ASTM D6481,-0.0028427548746656514,-0.00311659729302829
Массовая доля серы | ASTM D6481,Последовательность 2 | ASTM D892,-0.002840849348675207,-0.002844412710074471
Деэм.эмульсия | ASTM D1401,Массовая доля серы | ASTM D6481,-0.0028408493486752023,-0.002844412710074471
Массовая доля серы | ASTM D6481,Температура проведения теста | -,-0.0028408493486751806,-0.002844412710074471
Деаэрация | ASTM D3427,Массовая доля серы | ASTM D6481,-0.0028408493486751724,-0.002844412710074471
"Массовая доля сульфатной золы, ГОСТ 12417",Определение содержания воды методом Карла Фишера | ASTM D 6304,-0.002840485399078259,-0.002844410410816882
Массовая доля фосфора | ASTM D6481,Определение содержания воды методом Карла Фишера | ASTM D 6304,-0.0028399183125653272,-0.0031165922612591563
Массовая доля цинка | ASTM D6481,Определение содержания воды методом Карла Фишера | ASTM D 6304,-0.0028388275640918222,-0.0031165922612591563
Массовая доля серы | ASTM D6481,Определение содержания воды методом Карла Фишера | ASTM D 6304,-0.0028369246706154653,-0.0028444081177493386
"Oxidation EOT | DIN 51453 Daimler Oxidation Test (DOT), A/cm","Индекс вязкости, ГОСТ 25371",0.0024200493939103103,0.019858672344721814
"Oxidation EOT | DIN 51453 Daimler Oxidation Test (DOT), A/cm","Щелочное число, ASTM D2896",0.002381076113211051,0.007414821753949323
Деэм.эмульсия | ASTM D1401,"Кинематическая вязкость, при 40°C, ASTM D445",0.0023413226231000436,0.11619200072585259
Массовая доля кальция | ASTM D6481,"Щелочное число, ГОСТ 11362",-0.00226347616155474,-0.00906958476029191
Цвет Сейболт | -,"Щелочное число, ГОСТ 11362",-0.0022552303361857316,-0.0036984916855354365
"Delta Kin. Viscosity KV100 - relative | - Daimler Oxidation Test (DOT), %",Последовательность 1 | ASTM D892,0.002251972406896743,0.07267062321368341
"Массовая доля сульфатной золы, ГОСТ 12417",Массовая доля фосфора | ASTM D6481,-0.002246742372522694,-0.00246222489151197
"Массовая доля сульфатной золы, ГОСТ 12417",Массовая доля цинка | ASTM D6481,-0.0022458794495286297,-0.00246222489151197
Массовая доля серы | ASTM D6481,"Массовая доля сульфатной золы, ГОСТ 12417",-0.002244374014888197,-0.0022471891996265077
"Массовая доля, %",Цвет | ASTM D1500,-0.00220610647843564,0.017738626855496386
"Кинематическая вязкость, при 40°C, ASTM D445",Последовательность 1 | ASTM D892,-0.002174688779475065,0.21707528858462288
"Количество биотоплива | - Daimler Oxidation Test (DOT), % масс",Цвет | ASTM D1500,-0.0021545091586654113,0.021235211907982433
"Массовая доля сульфатной золы, ГОСТ 12417","Массовая доля фосфора, ASTM D6481",-0.002150132069647032,0.09058017761081376
"Время испытания | - Daimler Oxidation Test (DOT), ч","Щелочное число, ГОСТ 11362",0.002149644338424769,0.002259031560174822
Общее содержание азота | ASTM D3228,Последовательность 1 | ASTM D892,-0.0021441739947004428,-0.0046040383290400135
Общее содержание азота | ASTM D3228,Последовательность 3 | ASTM D892,-0.0020180033955409346,-0.0036035886745780796
"Массовая доля, %",Цвет Сейболт | -,0.0020141838126177913,0.00692800269563632
"Время испытания | - Daimler Oxidation Test (DOT), ч",Цвет | ASTM D1500,0.0019343959404959602,0.01539339574377639
"Кинематическая вязкость, при 100°C, ASTM D445","Массовая доля кальция, ASTM D6481",0.00192804585332885,0.36431188101234896
Общее содержание азота | ASTM D3228,Последовательность 2 | ASTM D892,-0.0018812222029423828,-0.0025435493201027533
Общее содержание азота | ASTM D3228,Температура проведения теста | -,-0.0018812222029423785,-0.0025435493201027533
Деаэрация | ASTM D3427,Общее содержание азота | ASTM D3228,-0.0018812222029423768,-0.0025435493201027533
Деэм.эмульсия | ASTM D1401,Общее содержание азота | ASTM D3228,-0.0018812222029423592,-0.0025435493201027533
Общее содержание азота | ASTM D3228,Определение содержания воды методом Карла Фишера | ASTM D 6304,-0.0018786232648787353,-0.002543545213523765
"Delta Kin. Viscosity KV100 - relative | - Daimler Oxidation Test (DOT), %",Последовательность 3 | ASTM D892,0.0018547257151829445,0.05871263045269312
"Динамическая вязкость CCS -30°C, ASTM D5293","Кинематическая вязкость, при 40°C, ASTM D445",-0.0018519713203662797,0.8236864025599874
"Кинематическая вязкость, при 40°C, ASTM D445",Цвет Сейболт | -,-0.0017935569751759324,0.03103315465575786
Деаэрация | ASTM D3427,"Кинематическая вязкость, при 40°C, ASTM D445",-0.0016373678551872652,0.11282091645292465
"Кинематическая вязкость, при 40°C, ASTM D445",Температура проведения теста | -,-0.0016373678551872641,0.11282091645292465
"Температура испытания | ASTM D445 Daimler Oxidation Test (DOT), °C",Цвет | ASTM D1500,0.0015135512429246948,-0.013737607099456584
"Массовая доля сульфатной золы, ГОСТ 12417",Общее содержание азота | ASTM D3228,-0.001486233766842866,-0.002009496210099063
Массовая доля фосфора | ASTM D6481,Общее содержание азота | ASTM D3228,-0.0014859370488507495,-0.0022017850566176714
Массовая доля цинка | ASTM D6481,Общее содержание азота | ASTM D3228,-0.0014853663339958266,-0.0022017850566176714
Массовая доля серы | ASTM D6481,Общее содержание азота | ASTM D3228,-0.001484370678626439,-0.002009494590111131
Массовая доля кальция | ASTM D6481,Последовательность 1 | ASTM D892,-0.0014538609799540424,-0.00564130338652326
Последовательность 1 | ASTM D892,Цвет Сейболт | -,-0.0014485645761503883,-0.002300470663440566
Массовая доля кальция | ASTM D6481,Цвет | ASTM D1500,-0.0014470000103369103,-0.0038204609740959826
Цвет | ASTM D1500,Цвет Сейболт | -,-0.0014417286009901539,-0.001557948188484853
Массовая доля кальция | ASTM D6481,Последовательность 3 | ASTM D892,-0.0013683107814212831,-0.004415457809138823
Последовательность 3 | ASTM D892,Цвет Сейболт | -,-0.0013633260362996861,-0.001800582322845709
Массовая доля кальция | ASTM D6481,Последовательность 2 | ASTM D892,-0.0012755660511885013,-0.00311659729302829
Деэм.эмульсия | ASTM D1401,Массовая доля кальция | ASTM D6481,-0.001275566051188497,-0.00311659729302829
Массовая доля кальция | ASTM D6481,Температура проведения теста | -,-0.001275566051188496,-0.00311659729302829
Деаэрация | ASTM D3427,Массовая доля кальция | ASTM D6481,-0.0012755660511884943,-0.00311659729302829
Массовая доля кальция | ASTM D6481,Определение содержания воды методом Карла Фишера | ASTM D 6304,-0.001273803836625038,-0.0031165922612591563
Деаэрация | ASTM D3427,Цвет Сейболт | -,-0.0012709191743698342,-0.0012709191743698293
Температура проведения теста | -,Цвет Сейболт | -,-0.0012709191743698336,-0.0012709191743698293
Последовательность 2 | ASTM D892,Цвет Сейболт | -,-0.0012709191743698143,-0.0012709191743698293
Деэм.эмульсия | ASTM D1401,Цвет Сейболт | -,-0.0012709191743698132,-0.0012709191743698293
Определение содержания воды методом Карла Фишера | ASTM D 6304,Цвет Сейболт | -,-0.001269163379539792,-0.001270917122461523
Массовая доля кальция | ASTM D6481,"Массовая доля сульфатной золы, ГОСТ 12417",-0.0010077434415507055,-0.00246222489151197
"Массовая доля сульфатной золы, ГОСТ 12417",Цвет Сейболт | -,-0.0010040722403351027,-0.0010040722403351038
Массовая доля фосфора | ASTM D6481,Цвет Сейболт | -,-0.0010038717831084233,-0.0011001519900480303
Массовая доля цинка | ASTM D6481,Цвет Сейболт | -,-0.0010034862186327931,-0.0011001519900480303
Массовая доля серы | ASTM D6481,Цвет Сейболт | -,-0.0010028135721490174,-0.0010040714308859973
"Кинематическая вязкость, при 100°C, ASTM D445",Массовая доля кальция | ASTM D6481,0.000836693123276997,0.031367584844278505
"Delta Kin. Viscosity KV100 - relative | - Daimler Oxidation Test (DOT), %",Массовая доля кальция | ASTM D6481,-0.0007622709173199043,-0.03894972294969023
"Дозировка катализатора, категория","Испаряемость по NOACK, ASTM D5800",0.0007149399816016073,-0.04414887990491885
Цвет | ASTM D1500,"Щелочное число, ASTM D2896",-0.000698476945841417,0.12328357186330542
"Количество биотоплива | - Daimler Oxidation Test (DOT), % масс","Массовая доля сульфатной золы, ГОСТ 12417",-0.0006838168451217655,-0.0008686302324030338
Массовая доля кальция | ASTM D6481,Общее содержание азота | ASTM D3228,-0.0006664953373604585,-0.0022017850566176714
Общее содержание азота | ASTM D3228,Цвет Сейболт | -,-0.0006640673002313409,-0.0008978673159204847
Массовая доля кальция | ASTM D6481,Массовая доля серы | ASTM D6481,0.0006604721903133567,0.9122543229671357
Массовая доля кальция | ASTM D6481,Массовая доля фосфора | ASTM D6481,0.000650576521039162,0.9999974459954049
Массовая доля кальция | ASTM D6481,Массовая доля цинка | ASTM D6481,0.0006504466726542561,0.9999967738889324
"Дозировка катализатора, категория","Динамическая вязкость CCS -25°C, ASTM D5293",-0.000621031024961744,-0.017200097173928324
"Кинематическая вязкость, при 100°C, ASTM D445","Щелочное число, ГОСТ 11362",0.0004850266142320241,0.16149567978576962
Массовая доля кальция | ASTM D6481,Цвет Сейболт | -,-0.00045027201069316845,-0.0011001519900480303
"Массовая доля, %",% масс. (Mo),,
"Массовая доля, %",CAS,,
"Массовая доля, %",COC (°C),,
"Массовая доля, %",SMILES для наиболее вероятной (средней) молекулы сульфокислоты,,
"Массовая доля, %","Активный Азот / Кислород, % масс. (N или O)",,
"Массовая доля, %",Анилиновая точка,,
"Массовая доля, %",Атомное отношение P:Zn,,
"Массовая доля, %",Группа по API,,
"Массовая доля, %","Дипольный момент, Д",,
"Массовая доля, %",Длина углеродной цепи,,
"Массовая доля, %",Индекс полидисперсности,,
"Массовая доля, %","Индекс стабильности, %",,
"Массовая доля, %",Категория,,
"Массовая доля, %",Кинематическая вязкость,,
"Массовая доля, %","Кинематическая вязкость, при -30⁰С | ASTM D445",,
"Массовая доля, %",Класс полиамина,,
"Массовая доля, %",Класс субстрата,,
"Массовая доля, %","Масса гидрофобного хвоста, г/моль",,
"Массовая доля, %",Модификация,,
"Массовая доля, %",Номер CAS,,
"Массовая доля, %",Номер CAS / SMILES,,
"Массовая доля, %",Отношение S:Mo,,
"Массовая доля, %",Отношение Мыло/Основание,,
"Массовая доля, %","Потенциал ионизации,эВ",,
"Массовая доля, %",Происхождение,,
"Массовая доля, %",Разветвленность радикала / радикалов,,
"Массовая доля, %","Размер мицелл, нм",,
"Массовая доля, %","Содержание MgCO3, CaCO3, % масс.",,
"Массовая доля, %",Содержание Азота,,
"Массовая доля, %",Содержание Бора,,
"Массовая доля, %",Содержание ароматики,,
"Массовая доля, %","Содержание воды, % масс.",,
"Массовая доля, %","Содержание других элементов (например, бора)",,
"Массовая доля, %",Содержание масла,,
"Массовая доля, %","Содержание масла, % масс.",,
"Массовая доля, %","Содержание металла (Ca/Mg), % масс.",,
"Массовая доля, %","Содержание мыла, % масс.",,
"Массовая доля, %",Содержание насыщ. у/в,,
"Массовая доля, %",Содержание полимера,,
"Массовая доля, %","Содержание серы, % масс.",,
"Массовая доля, %","Содержание серы, мг/кг",,
"Массовая доля, %",Соотношение мономеров (EO:PO),,
"Массовая доля, %",Средневесовая масса,,
"Массовая доля, %",Степень полисульфидности,,
"Массовая доля, %","Стерический фактор, Å3",,
"Массовая доля, %",Структура УВ-радикала,,
"Массовая доля, %","Температура плавления, °C",,
"Массовая доля, %","Температура разложения, °C",,
"Массовая доля, %",Тип АО,,
"Массовая доля, %",Тип лиганда,,
"Массовая доля, %",Тип полимера,,
"Массовая доля, %",Тип спиртового радикала,,
"Массовая доля, %",Тип сукцинимида,,
"Массовая доля, %","Химический потенциал, Дж/моль",,
"Массовая доля, %","Энергия ВЗМО, эВ",,
"Массовая доля, %","Энергия НСМО, эВ",,
"Массовая доля, %","Энергия диссоциации связи Х-Н, ккал/моль",,
"Температура испытания | ASTM D445 Daimler Oxidation Test (DOT), °C",% масс. (Mo),,
"Температура испытания | ASTM D445 Daimler Oxidation Test (DOT), °C",CAS,,
"Температура испытания | ASTM D445 Daimler Oxidation Test (DOT), °C",COC (°C),,
"Температура испытания | ASTM D445 Daimler Oxidation Test (DOT), °C",SMILES для наиболее вероятной (средней) молекулы сульфокислоты,,
"Температура испытания | ASTM D445 Daimler Oxidation Test (DOT), °C","Активный Азот / Кислород, % масс. (N или O)",,
"Температура испытания | ASTM D445 Daimler Oxidation Test (DOT), °C",Анилиновая точка,,
"Температура испытания | ASTM D445 Daimler Oxidation Test (DOT), °C",Атомное отношение P:Zn,,
"Температура испытания | ASTM D445 Daimler Oxidation Test (DOT), °C",Группа по API,,
"Температура испытания | ASTM D445 Daimler Oxidation Test (DOT), °C","Дипольный момент, Д",,
"Температура испытания | ASTM D445 Daimler Oxidation Test (DOT), °C",Длина углеродной цепи,,
"Температура испытания | ASTM D445 Daimler Oxidation Test (DOT), °C",Индекс полидисперсности,,
"Температура испытания | ASTM D445 Daimler Oxidation Test (DOT), °C","Индекс стабильности, %",,
"Температура испытания | ASTM D445 Daimler Oxidation Test (DOT), °C",Категория,,
"Температура испытания | ASTM D445 Daimler Oxidation Test (DOT), °C",Кинематическая вязкость,,
"Температура испытания | ASTM D445 Daimler Oxidation Test (DOT), °C","Кинематическая вязкость, при -30⁰С | ASTM D445",,
"Температура испытания | ASTM D445 Daimler Oxidation Test (DOT), °C",Класс полиамина,,
"Температура испытания | ASTM D445 Daimler Oxidation Test (DOT), °C",Класс субстрата,,
"Температура испытания | ASTM D445 Daimler Oxidation Test (DOT), °C","Масса гидрофобного хвоста, г/моль",,
"Температура испытания | ASTM D445 Daimler Oxidation Test (DOT), °C",Модификация,,
"Температура испытания | ASTM D445 Daimler Oxidation Test (DOT), °C",Номер CAS,,
"Температура испытания | ASTM D445 Daimler Oxidation Test (DOT), °C",Номер CAS / SMILES,,
"Температура испытания | ASTM D445 Daimler Oxidation Test (DOT), °C",Отношение S:Mo,,
"Температура испытания | ASTM D445 Daimler Oxidation Test (DOT), °C",Отношение Мыло/Основание,,
"Температура испытания | ASTM D445 Daimler Oxidation Test (DOT), °C","Потенциал ионизации,эВ",,
"Температура испытания | ASTM D445 Daimler Oxidation Test (DOT), °C",Происхождение,,
"Температура испытания | ASTM D445 Daimler Oxidation Test (DOT), °C",Разветвленность радикала / радикалов,,
"Температура испытания | ASTM D445 Daimler Oxidation Test (DOT), °C","Размер мицелл, нм",,
"Температура испытания | ASTM D445 Daimler Oxidation Test (DOT), °C","Содержание MgCO3, CaCO3, % масс.",,
"Температура испытания | ASTM D445 Daimler Oxidation Test (DOT), °C",Содержание Азота,,
"Температура испытания | ASTM D445 Daimler Oxidation Test (DOT), °C",Содержание Бора,,
"Температура испытания | ASTM D445 Daimler Oxidation Test (DOT), °C",Содержание ароматики,,
"Температура испытания | ASTM D445 Daimler Oxidation Test (DOT), °C","Содержание воды, % масс.",,
"Температура испытания | ASTM D445 Daimler Oxidation Test (DOT), °C","Содержание других элементов (например, бора)",,
"Температура испытания | ASTM D445 Daimler Oxidation Test (DOT), °C",Содержание масла,,
"Температура испытания | ASTM D445 Daimler Oxidation Test (DOT), °C","Содержание масла, % масс.",,
"Температура испытания | ASTM D445 Daimler Oxidation Test (DOT), °C","Содержание металла (Ca/Mg), % масс.",,
"Температура испытания | ASTM D445 Daimler Oxidation Test (DOT), °C","Содержание мыла, % масс.",,
"Температура испытания | ASTM D445 Daimler Oxidation Test (DOT), °C",Содержание насыщ. у/в,,
"Температура испытания | ASTM D445 Daimler Oxidation Test (DOT), °C",Содержание полимера,,
"Температура испытания | ASTM D445 Daimler Oxidation Test (DOT), °C","Содержание серы, % масс.",,
"Температура испытания | ASTM D445 Daimler Oxidation Test (DOT), °C","Содержание серы, мг/кг",,
"Температура испытания | ASTM D445 Daimler Oxidation Test (DOT), °C",Соотношение мономеров (EO:PO),,
"Температура испытания | ASTM D445 Daimler Oxidation Test (DOT), °C",Средневесовая масса,,
"Температура испытания | ASTM D445 Daimler Oxidation Test (DOT), °C",Степень полисульфидности,,
"Температура испытания | ASTM D445 Daimler Oxidation Test (DOT), °C","Стерический фактор, Å3",,
"Температура испытания | ASTM D445 Daimler Oxidation Test (DOT), °C",Структура УВ-радикала,,
"Температура испытания | ASTM D445 Daimler Oxidation Test (DOT), °C","Температура плавления, °C",,
"Температура испытания | ASTM D445 Daimler Oxidation Test (DOT), °C","Температура разложения, °C",,
"Температура испытания | ASTM D445 Daimler Oxidation Test (DOT), °C",Тип АО,,
"Температура испытания | ASTM D445 Daimler Oxidation Test (DOT), °C",Тип лиганда,,
"Температура испытания | ASTM D445 Daimler Oxidation Test (DOT), °C",Тип полимера,,
"Температура испытания | ASTM D445 Daimler Oxidation Test (DOT), °C",Тип спиртового радикала,,
"Температура испытания | ASTM D445 Daimler Oxidation Test (DOT), °C",Тип сукцинимида,,
"Температура испытания | ASTM D445 Daimler Oxidation Test (DOT), °C","Химический потенциал, Дж/моль",,
"Температура испытания | ASTM D445 Daimler Oxidation Test (DOT), °C","Энергия ВЗМО, эВ",,
"Температура испытания | ASTM D445 Daimler Oxidation Test (DOT), °C","Энергия НСМО, эВ",,
"Температура испытания | ASTM D445 Daimler Oxidation Test (DOT), °C","Энергия диссоциации связи Х-Н, ккал/моль",,
"Время испытания | - Daimler Oxidation Test (DOT), ч",% масс. (Mo),,
"Время испытания | - Daimler Oxidation Test (DOT), ч",CAS,,
"Время испытания | - Daimler Oxidation Test (DOT), ч",COC (°C),,
"Время испытания | - Daimler Oxidation Test (DOT), ч",SMILES для наиболее вероятной (средней) молекулы сульфокислоты,,
"Время испытания | - Daimler Oxidation Test (DOT), ч","Активный Азот / Кислород, % масс. (N или O)",,
"Время испытания | - Daimler Oxidation Test (DOT), ч",Анилиновая точка,,
"Время испытания | - Daimler Oxidation Test (DOT), ч",Атомное отношение P:Zn,,
"Время испытания | - Daimler Oxidation Test (DOT), ч",Группа по API,,
"Время испытания | - Daimler Oxidation Test (DOT), ч","Дипольный момент, Д",,
"Время испытания | - Daimler Oxidation Test (DOT), ч",Длина углеродной цепи,,
"Время испытания | - Daimler Oxidation Test (DOT), ч",Индекс полидисперсности,,
"Время испытания | - Daimler Oxidation Test (DOT), ч","Индекс стабильности, %",,
"Время испытания | - Daimler Oxidation Test (DOT), ч",Категория,,
"Время испытания | - Daimler Oxidation Test (DOT), ч",Кинематическая вязкость,,
"Время испытания | - Daimler Oxidation Test (DOT), ч","Кинематическая вязкость, при -30⁰С | ASTM D445",,
"Время испытания | - Daimler Oxidation Test (DOT), ч",Класс полиамина,,
"Время испытания | - Daimler Oxidation Test (DOT), ч",Класс субстрата,,
"Время испытания | - Daimler Oxidation Test (DOT), ч","Масса гидрофобного хвоста, г/моль",,
"Время испытания | - Daimler Oxidation Test (DOT), ч",Модификация,,
"Время испытания | - Daimler Oxidation Test (DOT), ч",Номер CAS,,
"Время испытания | - Daimler Oxidation Test (DOT), ч",Номер CAS / SMILES,,
"Время испытания | - Daimler Oxidation Test (DOT), ч",Отношение S:Mo,,
"Время испытания | - Daimler Oxidation Test (DOT), ч",Отношение Мыло/Основание,,
"Время испытания | - Daimler Oxidation Test (DOT), ч","Потенциал ионизации,эВ",,
"Время испытания | - Daimler Oxidation Test (DOT), ч",Происхождение,,
"Время испытания | - Daimler Oxidation Test (DOT), ч",Разветвленность радикала / радикалов,,
"Время испытания | - Daimler Oxidation Test (DOT), ч","Размер мицелл, нм",,
"Время испытания | - Daimler Oxidation Test (DOT), ч","Содержание MgCO3, CaCO3, % масс.",,
"Время испытания | - Daimler Oxidation Test (DOT), ч",Содержание Азота,,
"Время испытания | - Daimler Oxidation Test (DOT), ч",Содержание Бора,,
"Время испытания | - Daimler Oxidation Test (DOT), ч",Содержание ароматики,,
"Время испытания | - Daimler Oxidation Test (DOT), ч","Содержание воды, % масс.",,
"Время испытания | - Daimler Oxidation Test (DOT), ч","Содержание других элементов (например, бора)",,
"Время испытания | - Daimler Oxidation Test (DOT), ч",Содержание масла,,
"Время испытания | - Daimler Oxidation Test (DOT), ч","Содержание масла, % масс.",,
"Время испытания | - Daimler Oxidation Test (DOT), ч","Содержание металла (Ca/Mg), % масс.",,
"Время испытания | - Daimler Oxidation Test (DOT), ч","Содержание мыла, % масс.",,
"Время испытания | - Daimler Oxidation Test (DOT), ч",Содержание насыщ. у/в,,
"Время испытания | - Daimler Oxidation Test (DOT), ч",Содержание полимера,,
"Время испытания | - Daimler Oxidation Test (DOT), ч","Содержание серы, % масс.",,
"Время испытания | - Daimler Oxidation Test (DOT), ч","Содержание серы, мг/кг",,
"Время испытания | - Daimler Oxidation Test (DOT), ч",Соотношение мономеров (EO:PO),,
"Время испытания | - Daimler Oxidation Test (DOT), ч",Средневесовая масса,,
"Время испытания | - Daimler Oxidation Test (DOT), ч",Степень полисульфидности,,
"Время испытания | - Daimler Oxidation Test (DOT), ч","Стерический фактор, Å3",,
"Время испытания | - Daimler Oxidation Test (DOT), ч",Структура УВ-радикала,,
"Время испытания | - Daimler Oxidation Test (DOT), ч","Температура плавления, °C",,
"Время испытания | - Daimler Oxidation Test (DOT), ч","Температура разложения, °C",,
"Время испытания | - Daimler Oxidation Test (DOT), ч",Тип АО,,
"Время испытания | - Daimler Oxidation Test (DOT), ч",Тип лиганда,,
"Время испытания | - Daimler Oxidation Test (DOT), ч",Тип полимера,,
"Время испытания | - Daimler Oxidation Test (DOT), ч",Тип спиртового радикала,,
"Время испытания | - Daimler Oxidation Test (DOT), ч",Тип сукцинимида,,
"Время испытания | - Daimler Oxidation Test (DOT), ч","Химический потенциал, Дж/моль",,
"Время испытания | - Daimler Oxidation Test (DOT), ч","Энергия ВЗМО, эВ",,
"Время испытания | - Daimler Oxidation Test (DOT), ч","Энергия НСМО, эВ",,
"Время испытания | - Daimler Oxidation Test (DOT), ч","Энергия диссоциации связи Х-Н, ккал/моль",,
"Delta Kin. Viscosity KV100 - relative | - Daimler Oxidation Test (DOT), %",% масс. (Mo),,
"Delta Kin. Viscosity KV100 - relative | - Daimler Oxidation Test (DOT), %",CAS,,
"Delta Kin. Viscosity KV100 - relative | - Daimler Oxidation Test (DOT), %",COC (°C),,
"Delta Kin. Viscosity KV100 - relative | - Daimler Oxidation Test (DOT), %",SMILES для наиболее вероятной (средней) молекулы сульфокислоты,,
"Delta Kin. Viscosity KV100 - relative | - Daimler Oxidation Test (DOT), %","Активный Азот / Кислород, % масс. (N или O)",,
"Delta Kin. Viscosity KV100 - relative | - Daimler Oxidation Test (DOT), %",Анилиновая точка,,
"Delta Kin. Viscosity KV100 - relative | - Daimler Oxidation Test (DOT), %",Атомное отношение P:Zn,,
"Delta Kin. Viscosity KV100 - relative | - Daimler Oxidation Test (DOT), %",Группа по API,,
"Delta Kin. Viscosity KV100 - relative | - Daimler Oxidation Test (DOT), %","Дипольный момент, Д",,
"Delta Kin. Viscosity KV100 - relative | - Daimler Oxidation Test (DOT), %",Длина углеродной цепи,,
"Delta Kin. Viscosity KV100 - relative | - Daimler Oxidation Test (DOT), %",Индекс полидисперсности,,
"Delta Kin. Viscosity KV100 - relative | - Daimler Oxidation Test (DOT), %","Индекс стабильности, %",,
"Delta Kin. Viscosity KV100 - relative | - Daimler Oxidation Test (DOT), %",Категория,,
"Delta Kin. Viscosity KV100 - relative | - Daimler Oxidation Test (DOT), %",Кинематическая вязкость,,
"Delta Kin. Viscosity KV100 - relative | - Daimler Oxidation Test (DOT), %","Кинематическая вязкость, при -30⁰С | ASTM D445",,
"Delta Kin. Viscosity KV100 - relative | - Daimler Oxidation Test (DOT), %",Класс полиамина,,
"Delta Kin. Viscosity KV100 - relative | - Daimler Oxidation Test (DOT), %",Класс субстрата,,
"Delta Kin. Viscosity KV100 - relative | - Daimler Oxidation Test (DOT), %","Масса гидрофобного хвоста, г/моль",,
"Delta Kin. Viscosity KV100 - relative | - Daimler Oxidation Test (DOT), %",Модификация,,
"Delta Kin. Viscosity KV100 - relative | - Daimler Oxidation Test (DOT), %",Номер CAS,,
"Delta Kin. Viscosity KV100 - relative | - Daimler Oxidation Test (DOT), %",Номер CAS / SMILES,,
"Delta Kin. Viscosity KV100 - relative | - Daimler Oxidation Test (DOT), %",Отношение S:Mo,,
"Delta Kin. Viscosity KV100 - relative | - Daimler Oxidation Test (DOT), %",Отношение Мыло/Основание,,
"Delta Kin. Viscosity KV100 - relative | - Daimler Oxidation Test (DOT), %","Потенциал ионизации,эВ",,
"Delta Kin. Viscosity KV100 - relative | - Daimler Oxidation Test (DOT), %",Происхождение,,
"Delta Kin. Viscosity KV100 - relative | - Daimler Oxidation Test (DOT), %",Разветвленность радикала / радикалов,,
"Delta Kin. Viscosity KV100 - relative | - Daimler Oxidation Test (DOT), %","Размер мицелл, нм",,
"Delta Kin. Viscosity KV100 - relative | - Daimler Oxidation Test (DOT), %","Содержание MgCO3, CaCO3, % масс.",,
"Delta Kin. Viscosity KV100 - relative | - Daimler Oxidation Test (DOT), %",Содержание Азота,,
"Delta Kin. Viscosity KV100 - relative | - Daimler Oxidation Test (DOT), %",Содержание Бора,,
"Delta Kin. Viscosity KV100 - relative | - Daimler Oxidation Test (DOT), %",Содержание ароматики,,
"Delta Kin. Viscosity KV100 - relative | - Daimler Oxidation Test (DOT), %","Содержание воды, % масс.",,
"Delta Kin. Viscosity KV100 - relative | - Daimler Oxidation Test (DOT), %","Содержание других элементов (например, бора)",,
"Delta Kin. Viscosity KV100 - relative | - Daimler Oxidation Test (DOT), %",Содержание масла,,
"Delta Kin. Viscosity KV100 - relative | - Daimler Oxidation Test (DOT), %","Содержание масла, % масс.",,
"Delta Kin. Viscosity KV100 - relative | - Daimler Oxidation Test (DOT), %","Содержание металла (Ca/Mg), % масс.",,
"Delta Kin. Viscosity KV100 - relative | - Daimler Oxidation Test (DOT), %","Содержание мыла, % масс.",,
"Delta Kin. Viscosity KV100 - relative | - Daimler Oxidation Test (DOT), %",Содержание насыщ. у/в,,
"Delta Kin. Viscosity KV100 - relative | - Daimler Oxidation Test (DOT), %",Содержание полимера,,
"Delta Kin. Viscosity KV100 - relative | - Daimler Oxidation Test (DOT), %","Содержание серы, % масс.",,
"Delta Kin. Viscosity KV100 - relative | - Daimler Oxidation Test (DOT), %","Содержание серы, мг/кг",,
"Delta Kin. Viscosity KV100 - relative | - Daimler Oxidation Test (DOT), %",Соотношение мономеров (EO:PO),,
"Delta Kin. Viscosity KV100 - relative | - Daimler Oxidation Test (DOT), %",Средневесовая масса,,
"Delta Kin. Viscosity KV100 - relative | - Daimler Oxidation Test (DOT), %",Степень полисульфидности,,
"Delta Kin. Viscosity KV100 - relative | - Daimler Oxidation Test (DOT), %","Стерический фактор, Å3",,
"Delta Kin. Viscosity KV100 - relative | - Daimler Oxidation Test (DOT), %",Структура УВ-радикала,,
"Delta Kin. Viscosity KV100 - relative | - Daimler Oxidation Test (DOT), %","Температура плавления, °C",,
"Delta Kin. Viscosity KV100 - relative | - Daimler Oxidation Test (DOT), %","Температура разложения, °C",,
"Delta Kin. Viscosity KV100 - relative | - Daimler Oxidation Test (DOT), %",Тип АО,,
"Delta Kin. Viscosity KV100 - relative | - Daimler Oxidation Test (DOT), %",Тип лиганда,,
"Delta Kin. Viscosity KV100 - relative | - Daimler Oxidation Test (DOT), %",Тип полимера,,
"Delta Kin. Viscosity KV100 - relative | - Daimler Oxidation Test (DOT), %",Тип спиртового радикала,,
"Delta Kin. Viscosity KV100 - relative | - Daimler Oxidation Test (DOT), %",Тип сукцинимида,,
"Delta Kin. Viscosity KV100 - relative | - Daimler Oxidation Test (DOT), %","Химический потенциал, Дж/моль",,
"Delta Kin. Viscosity KV100 - relative | - Daimler Oxidation Test (DOT), %","Энергия ВЗМО, эВ",,
"Delta Kin. Viscosity KV100 - relative | - Daimler Oxidation Test (DOT), %","Энергия НСМО, эВ",,
"Delta Kin. Viscosity KV100 - relative | - Daimler Oxidation Test (DOT), %","Энергия диссоциации связи Х-Н, ккал/моль",,
"Oxidation EOT | DIN 51453 Daimler Oxidation Test (DOT), A/cm",% масс. (Mo),,
"Oxidation EOT | DIN 51453 Daimler Oxidation Test (DOT), A/cm",CAS,,
"Oxidation EOT | DIN 51453 Daimler Oxidation Test (DOT), A/cm",COC (°C),,
"Oxidation EOT | DIN 51453 Daimler Oxidation Test (DOT), A/cm",SMILES для наиболее вероятной (средней) молекулы сульфокислоты,,
"Oxidation EOT | DIN 51453 Daimler Oxidation Test (DOT), A/cm","Активный Азот / Кислород, % масс. (N или O)",,
"Oxidation EOT | DIN 51453 Daimler Oxidation Test (DOT), A/cm",Анилиновая точка,,
"Oxidation EOT | DIN 51453 Daimler Oxidation Test (DOT), A/cm",Атомное отношение P:Zn,,
"Oxidation EOT | DIN 51453 Daimler Oxidation Test (DOT), A/cm",Группа по API,,
"Oxidation EOT | DIN 51453 Daimler Oxidation Test (DOT), A/cm","Дипольный момент, Д",,
"Oxidation EOT | DIN 51453 Daimler Oxidation Test (DOT), A/cm",Длина углеродной цепи,,
"Oxidation EOT | DIN 51453 Daimler Oxidation Test (DOT), A/cm",Индекс полидисперсности,,
"Oxidation EOT | DIN 51453 Daimler Oxidation Test (DOT), A/cm","Индекс стабильности, %",,
"Oxidation EOT | DIN 51453 Daimler Oxidation Test (DOT), A/cm",Категория,,
"Oxidation EOT | DIN 51453 Daimler Oxidation Test (DOT), A/cm",Кинематическая вязкость,,
"Oxidation EOT | DIN 51453 Daimler Oxidation Test (DOT), A/cm","Кинематическая вязкость, при -30⁰С | ASTM D445",,
"Oxidation EOT | DIN 51453 Daimler Oxidation Test (DOT), A/cm",Класс полиамина,,
"Oxidation EOT | DIN 51453 Daimler Oxidation Test (DOT), A/cm",Класс субстрата,,
"Oxidation EOT | DIN 51453 Daimler Oxidation Test (DOT), A/cm","Масса гидрофобного хвоста, г/моль",,
"Oxidation EOT | DIN 51453 Daimler Oxidation Test (DOT), A/cm",Модификация,,
"Oxidation EOT | DIN 51453 Daimler Oxidation Test (DOT), A/cm",Номер CAS,,
"Oxidation EOT | DIN 51453 Daimler Oxidation Test (DOT), A/cm",Номер CAS / SMILES,,
"Oxidation EOT | DIN 51453 Daimler Oxidation Test (DOT), A/cm",Отношение S:Mo,,
"Oxidation EOT | DIN 51453 Daimler Oxidation Test (DOT), A/cm",Отношение Мыло/Основание,,
"Oxidation EOT | DIN 51453 Daimler Oxidation Test (DOT), A/cm","Потенциал ионизации,эВ",,
"Oxidation EOT | DIN 51453 Daimler Oxidation Test (DOT), A/cm",Происхождение,,
"Oxidation EOT | DIN 51453 Daimler Oxidation Test (DOT), A/cm",Разветвленность радикала / радикалов,,
"Oxidation EOT | DIN 51453 Daimler Oxidation Test (DOT), A/cm","Размер мицелл, нм",,
"Oxidation EOT | DIN 51453 Daimler Oxidation Test (DOT), A/cm","Содержание MgCO3, CaCO3, % масс.",,
"Oxidation EOT | DIN 51453 Daimler Oxidation Test (DOT), A/cm",Содержание Азота,,
"Oxidation EOT | DIN 51453 Daimler Oxidation Test (DOT), A/cm",Содержание Бора,,
"Oxidation EOT | DIN 51453 Daimler Oxidation Test (DOT), A/cm",Содержание ароматики,,
"Oxidation EOT | DIN 51453 Daimler Oxidation Test (DOT), A/cm","Содержание воды, % масс.",,
"Oxidation EOT | DIN 51453 Daimler Oxidation Test (DOT), A/cm","Содержание других элементов (например, бора)",,
"Oxidation EOT | DIN 51453 Daimler Oxidation Test (DOT), A/cm",Содержание масла,,
"Oxidation EOT | DIN 51453 Daimler Oxidation Test (DOT), A/cm","Содержание масла, % масс.",,
"Oxidation EOT | DIN 51453 Daimler Oxidation Test (DOT), A/cm","Содержание металла (Ca/Mg), % масс.",,
"Oxidation EOT | DIN 51453 Daimler Oxidation Test (DOT), A/cm","Содержание мыла, % масс.",,
"Oxidation EOT | DIN 51453 Daimler Oxidation Test (DOT), A/cm",Содержание насыщ. у/в,,
"Oxidation EOT | DIN 51453 Daimler Oxidation Test (DOT), A/cm",Содержание полимера,,
"Oxidation EOT | DIN 51453 Daimler Oxidation Test (DOT), A/cm","Содержание серы, % масс.",,
"Oxidation EOT | DIN 51453 Daimler Oxidation Test (DOT), A/cm","Содержание серы, мг/кг",,
"Oxidation EOT | DIN 51453 Daimler Oxidation Test (DOT), A/cm",Соотношение мономеров (EO:PO),,
"Oxidation EOT | DIN 51453 Daimler Oxidation Test (DOT), A/cm",Средневесовая масса,,
"Oxidation EOT | DIN 51453 Daimler Oxidation Test (DOT), A/cm",Степень полисульфидности,,
"Oxidation EOT | DIN 51453 Daimler Oxidation Test (DOT), A/cm","Стерический фактор, Å3",,
"Oxidation EOT | DIN 51453 Daimler Oxidation Test (DOT), A/cm",Структура УВ-радикала,,
"Oxidation EOT | DIN 51453 Daimler Oxidation Test (DOT), A/cm","Температура плавления, °C",,
"Oxidation EOT | DIN 51453 Daimler Oxidation Test (DOT), A/cm","Температура разложения, °C",,
"Oxidation EOT | DIN 51453 Daimler Oxidation Test (DOT), A/cm",Тип АО,,
"Oxidation EOT | DIN 51453 Daimler Oxidation Test (DOT), A/cm",Тип лиганда,,
"Oxidation EOT | DIN 51453 Daimler Oxidation Test (DOT), A/cm",Тип полимера,,
"Oxidation EOT | DIN 51453 Daimler Oxidation Test (DOT), A/cm",Тип спиртового радикала,,
"Oxidation EOT | DIN 51453 Daimler Oxidation Test (DOT), A/cm",Тип сукцинимида,,
"Oxidation EOT | DIN 51453 Daimler Oxidation Test (DOT), A/cm","Химический потенциал, Дж/моль",,
"Oxidation EOT | DIN 51453 Daimler Oxidation Test (DOT), A/cm","Энергия ВЗМО, эВ",,
"Oxidation EOT | DIN 51453 Daimler Oxidation Test (DOT), A/cm","Энергия НСМО, эВ",,
"Oxidation EOT | DIN 51453 Daimler Oxidation Test (DOT), A/cm","Энергия диссоциации связи Х-Н, ккал/моль",,
"Количество биотоплива | - Daimler Oxidation Test (DOT), % масс",% масс. (Mo),,
"Количество биотоплива | - Daimler Oxidation Test (DOT), % масс",CAS,,
"Количество биотоплива | - Daimler Oxidation Test (DOT), % масс",COC (°C),,
"Количество биотоплива | - Daimler Oxidation Test (DOT), % масс",SMILES для наиболее вероятной (средней) молекулы сульфокислоты,,
"Количество биотоплива | - Daimler Oxidation Test (DOT), % масс","Активный Азот / Кислород, % масс. (N или O)",,
"Количество биотоплива | - Daimler Oxidation Test (DOT), % масс",Анилиновая точка,,
"Количество биотоплива | - Daimler Oxidation Test (DOT), % масс",Атомное отношение P:Zn,,
"Количество биотоплива | - Daimler Oxidation Test (DOT), % масс",Группа по API,,
"Количество биотоплива | - Daimler Oxidation Test (DOT), % масс","Дипольный момент, Д",,
"Количество биотоплива | - Daimler Oxidation Test (DOT), % масс",Длина углеродной цепи,,
"Количество биотоплива | - Daimler Oxidation Test (DOT), % масс",Индекс полидисперсности,,
"Количество биотоплива | - Daimler Oxidation Test (DOT), % масс","Индекс стабильности, %",,
"Количество биотоплива | - Daimler Oxidation Test (DOT), % масс",Категория,,
"Количество биотоплива | - Daimler Oxidation Test (DOT), % масс",Кинематическая вязкость,,
"Количество биотоплива | - Daimler Oxidation Test (DOT), % масс","Кинематическая вязкость, при -30⁰С | ASTM D445",,
"Количество биотоплива | - Daimler Oxidation Test (DOT), % масс",Класс полиамина,,
"Количество биотоплива | - Daimler Oxidation Test (DOT), % масс",Класс субстрата,,
"Количество биотоплива | - Daimler Oxidation Test (DOT), % масс","Масса гидрофобного хвоста, г/моль",,
"Количество биотоплива | - Daimler Oxidation Test (DOT), % масс",Модификация,,
"Количество биотоплива | - Daimler Oxidation Test (DOT), % масс",Номер CAS,,
"Количество биотоплива | - Daimler Oxidation Test (DOT), % масс",Номер CAS / SMILES,,
"Количество биотоплива | - Daimler Oxidation Test (DOT), % масс",Отношение S:Mo,,
"Количество биотоплива | - Daimler Oxidation Test (DOT), % масс",Отношение Мыло/Основание,,
"Количество биотоплива | - Daimler Oxidation Test (DOT), % масс","Потенциал ионизации,эВ",,
"Количество биотоплива | - Daimler Oxidation Test (DOT), % масс",Происхождение,,
"Количество биотоплива | - Daimler Oxidation Test (DOT), % масс",Разветвленность радикала / радикалов,,
"Количество биотоплива | - Daimler Oxidation Test (DOT), % масс","Размер мицелл, нм",,
"Количество биотоплива | - Daimler Oxidation Test (DOT), % масс","Содержание MgCO3, CaCO3, % масс.",,
"Количество биотоплива | - Daimler Oxidation Test (DOT), % масс",Содержание Азота,,
"Количество биотоплива | - Daimler Oxidation Test (DOT), % масс",Содержание Бора,,
"Количество биотоплива | - Daimler Oxidation Test (DOT), % масс",Содержание ароматики,,
"Количество биотоплива | - Daimler Oxidation Test (DOT), % масс","Содержание воды, % масс.",,
"Количество биотоплива | - Daimler Oxidation Test (DOT), % масс","Содержание других элементов (например, бора)",,
"Количество биотоплива | - Daimler Oxidation Test (DOT), % масс",Содержание масла,,
"Количество биотоплива | - Daimler Oxidation Test (DOT), % масс","Содержание масла, % масс.",,
"Количество биотоплива | - Daimler Oxidation Test (DOT), % масс","Содержание металла (Ca/Mg), % масс.",,
"Количество биотоплива | - Daimler Oxidation Test (DOT), % масс","Содержание мыла, % масс.",,
"Количество биотоплива | - Daimler Oxidation Test (DOT), % масс",Содержание насыщ. у/в,,
"Количество биотоплива | - Daimler Oxidation Test (DOT), % масс",Содержание полимера,,
"Количество биотоплива | - Daimler Oxidation Test (DOT), % масс","Содержание серы, % масс.",,
"Количество биотоплива | - Daimler Oxidation Test (DOT), % масс","Содержание серы, мг/кг",,
"Количество биотоплива | - Daimler Oxidation Test (DOT), % масс",Соотношение мономеров (EO:PO),,
"Количество биотоплива | - Daimler Oxidation Test (DOT), % масс",Средневесовая масса,,
"Количество биотоплива | - Daimler Oxidation Test (DOT), % масс",Степень полисульфидности,,
"Количество биотоплива | - Daimler Oxidation Test (DOT), % масс","Стерический фактор, Å3",,
"Количество биотоплива | - Daimler Oxidation Test (DOT), % масс",Структура УВ-радикала,,
"Количество биотоплива | - Daimler Oxidation Test (DOT), % масс","Температура плавления, °C",,
"Количество биотоплива | - Daimler Oxidation Test (DOT), % масс","Температура разложения, °C",,
"Количество биотоплива | - Daimler Oxidation Test (DOT), % масс",Тип АО,,
"Количество биотоплива | - Daimler Oxidation Test (DOT), % масс",Тип лиганда,,
"Количество биотоплива | - Daimler Oxidation Test (DOT), % масс",Тип полимера,,
"Количество биотоплива | - Daimler Oxidation Test (DOT), % масс",Тип спиртового радикала,,
"Количество биотоплива | - Daimler Oxidation Test (DOT), % масс",Тип сукцинимида,,
"Количество биотоплива | - Daimler Oxidation Test (DOT), % масс","Химический потенциал, Дж/моль",,
"Количество биотоплива | - Daimler Oxidation Test (DOT), % масс","Энергия ВЗМО, эВ",,
"Количество биотоплива | - Daimler Oxidation Test (DOT), % масс","Энергия НСМО, эВ",,
"Количество биотоплива | - Daimler Oxidation Test (DOT), % масс","Энергия диссоциации связи Х-Н, ккал/моль",,
"Дозировка катализатора, категория",% масс. (Mo),,
"Дозировка катализатора, категория",CAS,,
"Дозировка катализатора, категория",COC (°C),,
"Дозировка катализатора, категория",SMILES для наиболее вероятной (средней) молекулы сульфокислоты,,
"Дозировка катализатора, категория","Активный Азот / Кислород, % масс. (N или O)",,
"Дозировка катализатора, категория",Анилиновая точка,,
"Дозировка катализатора, категория",Атомное отношение P:Zn,,
"Дозировка катализатора, категория",Группа по API,,
"Дозировка катализатора, категория","Дипольный момент, Д",,
"Дозировка катализатора, категория",Длина углеродной цепи,,
"Дозировка катализатора, категория",Индекс полидисперсности,,
"Дозировка катализатора, категория","Индекс стабильности, %",,
"Дозировка катализатора, категория",Категория,,
"Дозировка катализатора, категория",Кинематическая вязкость,,
"Дозировка катализатора, категория","Кинематическая вязкость, при -30⁰С | ASTM D445",,
"Дозировка катализатора, категория",Класс полиамина,,
"Дозировка катализатора, категория",Класс субстрата,,
"Дозировка катализатора, категория","Масса гидрофобного хвоста, г/моль",,
"Дозировка катализатора, категория",Модификация,,
"Дозировка катализатора, категория",Номер CAS,,
"Дозировка катализатора, категория",Номер CAS / SMILES,,
"Дозировка катализатора, категория",Отношение S:Mo,,
"Дозировка катализатора, категория",Отношение Мыло/Основание,,
"Дозировка катализатора, категория","Потенциал ионизации,эВ",,
"Дозировка катализатора, категория",Происхождение,,
"Дозировка катализатора, категория",Разветвленность радикала / радикалов,,
"Дозировка катализатора, категория","Размер мицелл, нм",,
"Дозировка катализатора, категория","Содержание MgCO3, CaCO3, % масс.",,
"Дозировка катализатора, категория",Содержание Азота,,
"Дозировка катализатора, категория",Содержание Бора,,
"Дозировка катализатора, категория",Содержание ароматики,,
"Дозировка катализатора, категория","Содержание воды, % масс.",,
"Дозировка катализатора, категория","Содержание других элементов (например, бора)",,
"Дозировка катализатора, категория",Содержание масла,,
"Дозировка катализатора, категория","Содержание масла, % масс.",,
"Дозировка катализатора, категория","Содержание металла (Ca/Mg), % масс.",,
"Дозировка катализатора, категория","Содержание мыла, % масс.",,
"Дозировка катализатора, категория",Содержание насыщ. у/в,,
"Дозировка катализатора, категория",Содержание полимера,,
"Дозировка катализатора, категория","Содержание серы, % масс.",,
"Дозировка катализатора, категория","Содержание серы, мг/кг",,
"Дозировка катализатора, категория",Соотношение мономеров (EO:PO),,
"Дозировка катализатора, категория",Средневесовая масса,,
"Дозировка катализатора, категория",Степень полисульфидности,,
"Дозировка катализатора, категория","Стерический фактор, Å3",,
"Дозировка катализатора, категория",Структура УВ-радикала,,
"Дозировка катализатора, категория","Температура плавления, °C",,
"Дозировка катализатора, категория","Температура разложения, °C",,
"Дозировка катализатора, категория",Тип АО,,
"Дозировка катализатора, категория",Тип лиганда,,
"Дозировка катализатора, категория",Тип полимера,,
"Дозировка катализатора, категория",Тип спиртового радикала,,
"Дозировка катализатора, категория",Тип сукцинимида,,
"Дозировка катализатора, категория","Химический потенциал, Дж/моль",,
"Дозировка катализатора, категория","Энергия ВЗМО, эВ",,
"Дозировка катализатора, категория","Энергия НСМО, эВ",,
"Дозировка катализатора, категория","Энергия диссоциации связи Х-Н, ккал/моль",,
% масс. (Mo),CAS,,
% масс. (Mo),COC (°C),,
% масс. (Mo),SMILES для наиболее вероятной (средней) молекулы сульфокислоты,,
% масс. (Mo),"Активный Азот / Кислород, % масс. (N или O)",,
% масс. (Mo),Анилиновая точка,,
% масс. (Mo),Атомное отношение P:Zn,,
% масс. (Mo),Группа по API,,
% масс. (Mo),Деаэрация | ASTM D3427,,
% масс. (Mo),Деэм.вода | ASTM D1401,,
% масс. (Mo),Деэм.время | ASTM D1401,,
% масс. (Mo),Деэм.масло | ASTM D1401,,
% масс. (Mo),Деэм.эмульсия | ASTM D1401,,
% масс. (Mo),"Динамическая вязкость CCS -15°C, ASTM D5293",,
% масс. (Mo),"Динамическая вязкость CCS -20°C, ASTM D5293",,
% масс. (Mo),"Динамическая вязкость CCS -25°C, ASTM D5293",,
% масс. (Mo),"Динамическая вязкость CCS -30°C, ASTM D5293",,
% масс. (Mo),"Динамическая вязкость CCS -35°C, ASTM D5293",,
% масс. (Mo),"Дипольный момент, Д",,
% масс. (Mo),Длина углеродной цепи,,
% масс. (Mo),"Индекс вязкости, ГОСТ 25371",,
% масс. (Mo),Индекс полидисперсности,,
% масс. (Mo),"Индекс стабильности, %",,
% масс. (Mo),"Испаряемость по NOACK, ASTM D5800",,
% масс. (Mo),Категория,,
% масс. (Mo),Кинематическая вязкость,,
% масс. (Mo),"Кинематическая вязкость, при -30⁰С | ASTM D445",,
% масс. (Mo),"Кинематическая вязкость, при 100°C, ASTM D445",,
% масс. (Mo),"Кинематическая вязкость, при 40°C, ASTM D445",,
% масс. (Mo),"Кислотное число, ГОСТ 11362",,
% масс. (Mo),Класс полиамина,,
% масс. (Mo),Класс субстрата,,
% масс. (Mo),"Масса гидрофобного хвоста, г/моль",,
% масс. (Mo),Массовая доля кальция | ASTM D6481,,
% масс. (Mo),"Массовая доля кальция, ASTM D6481",,
% масс. (Mo),Массовая доля серы | ASTM D6481,,
% масс. (Mo),"Массовая доля серы, ASTM D6481",,
% масс. (Mo),"Массовая доля сульфатной золы, ГОСТ 12417",,
% масс. (Mo),Массовая доля фосфора | ASTM D6481,,
% масс. (Mo),"Массовая доля фосфора, ASTM D6481",,
% масс. (Mo),Массовая доля цинка | ASTM D6481,,
% масс. (Mo),"Массовая доля цинка, ASTM D6481",,
% масс. (Mo),Модификация,,
% масс. (Mo),Номер CAS,,
% масс. (Mo),Номер CAS / SMILES,,
% масс. (Mo),Общее содержание азота | ASTM D3228,,
% масс. (Mo),Определение содержания воды методом Карла Фишера | ASTM D 6304,,
% масс. (Mo),Отношение S:Mo,,
% масс. (Mo),Отношение Мыло/Основание,,
% масс. (Mo),"Плотность при 15°С, ASTM D4052",,
% масс. (Mo),"Плотность при 20°С, ASTM D4052",,
% масс. (Mo),Последовательность 1 | ASTM D892,,
% масс. (Mo),Последовательность 2 | ASTM D892,,
% масс. (Mo),Последовательность 3 | ASTM D892,,
% масс. (Mo),"Потенциал ионизации,эВ",,
% масс. (Mo),Происхождение,,
% масс. (Mo),Разветвленность радикала / радикалов,,
% масс. (Mo),"Размер мицелл, нм",,
% масс. (Mo),"Содержание MgCO3, CaCO3, % масс.",,
% масс. (Mo),Содержание Азота,,
% масс. (Mo),Содержание Бора,,
% масс. (Mo),Содержание ароматики,,
% масс. (Mo),"Содержание воды, % масс.",,
% масс. (Mo),"Содержание других элементов (например, бора)",,
% масс. (Mo),Содержание масла,,
% масс. (Mo),"Содержание масла, % масс.",,
% масс. (Mo),"Содержание металла (Ca/Mg), % масс.",,
% масс. (Mo),"Содержание мыла, % масс.",,
% масс. (Mo),Содержание насыщ. у/в,,
% масс. (Mo),Содержание полимера,,
% масс. (Mo),"Содержание серы, % масс.",,
% масс. (Mo),"Содержание серы, мг/кг",,
% масс. (Mo),Соотношение мономеров (EO:PO),,
% масс. (Mo),Средневесовая масса,,
% масс. (Mo),Степень полисульфидности,,
% масс. (Mo),"Стерический фактор, Å3",,
% масс. (Mo),Структура УВ-радикала,,
% масс. (Mo),"Температура застывания, ГОСТ 20287, метод Б",,
% масс. (Mo),"Температура плавления, °C",,
% масс. (Mo),Температура проведения теста | -,,
% масс. (Mo),"Температура разложения, °C",,
% масс. (Mo),Тип АО,,
% масс. (Mo),Тип лиганда,,
% масс. (Mo),Тип полимера,,
% масс. (Mo),Тип спиртового радикала,,
% масс. (Mo),Тип сукцинимида,,
% масс. (Mo),"Химический потенциал, Дж/моль",,
% масс. (Mo),Цвет | ASTM D1500,,
% масс. (Mo),Цвет Сейболт | -,,
% масс. (Mo),"Щелочное число, ASTM D2896",,
% масс. (Mo),"Щелочное число, ГОСТ 11362",,
% масс. (Mo),"Энергия ВЗМО, эВ",,
% масс. (Mo),"Энергия НСМО, эВ",,
% масс. (Mo),"Энергия диссоциации связи Х-Н, ккал/моль",,
CAS,COC (°C),,
CAS,SMILES для наиболее вероятной (средней) молекулы сульфокислоты,,
CAS,"Активный Азот / Кислород, % масс. (N или O)",,
CAS,Анилиновая точка,,
CAS,Атомное отношение P:Zn,,
CAS,Группа по API,,
CAS,Деаэрация | ASTM D3427,,
CAS,Деэм.вода | ASTM D1401,,
CAS,Деэм.время | ASTM D1401,,
CAS,Деэм.масло | ASTM D1401,,
CAS,Деэм.эмульсия | ASTM D1401,,
CAS,"Динамическая вязкость CCS -15°C, ASTM D5293",,
CAS,"Динамическая вязкость CCS -20°C, ASTM D5293",,
CAS,"Динамическая вязкость CCS -25°C, ASTM D5293",,
CAS,"Динамическая вязкость CCS -30°C, ASTM D5293",,
CAS,"Динамическая вязкость CCS -35°C, ASTM D5293",,
CAS,"Дипольный момент, Д",,
CAS,Длина углеродной цепи,,
CAS,"Индекс вязкости, ГОСТ 25371",,
CAS,Индекс полидисперсности,,
CAS,"Индекс стабильности, %",,
CAS,"Испаряемость по NOACK, ASTM D5800",,
CAS,Категория,,
CAS,Кинематическая вязкость,,
CAS,"Кинематическая вязкость, при -30⁰С | ASTM D445",,
CAS,"Кинематическая вязкость, при 100°C, ASTM D445",,
CAS,"Кинематическая вязкость, при 40°C, ASTM D445",,
CAS,"Кислотное число, ГОСТ 11362",,
CAS,Класс полиамина,,
CAS,Класс субстрата,,
CAS,"Масса гидрофобного хвоста, г/моль",,
CAS,Массовая доля кальция | ASTM D6481,,
CAS,"Массовая доля кальция, ASTM D6481",,
CAS,Массовая доля серы | ASTM D6481,,
CAS,"Массовая доля серы, ASTM D6481",,
CAS,"Массовая доля сульфатной золы, ГОСТ 12417",,
CAS,Массовая доля фосфора | ASTM D6481,,
CAS,"Массовая доля фосфора, ASTM D6481",,
CAS,Массовая доля цинка | ASTM D6481,,
CAS,"Массовая доля цинка, ASTM D6481",,
CAS,Модификация,,
CAS,Номер CAS,,
CAS,Номер CAS / SMILES,,
CAS,Общее содержание азота | ASTM D3228,,
CAS,Определение содержания воды методом Карла Фишера | ASTM D 6304,,
CAS,Отношение S:Mo,,
CAS,Отношение Мыло/Основание,,
CAS,"Плотность при 15°С, ASTM D4052",,
CAS,"Плотность при 20°С, ASTM D4052",,
CAS,Последовательность 1 | ASTM D892,,
CAS,Последовательность 2 | ASTM D892,,
CAS,Последовательность 3 | ASTM D892,,
CAS,"Потенциал ионизации,эВ",,
CAS,Происхождение,,
CAS,Разветвленность радикала / радикалов,,
CAS,"Размер мицелл, нм",,
CAS,"Содержание MgCO3, CaCO3, % масс.",,
CAS,Содержание Азота,,
CAS,Содержание Бора,,
CAS,Содержание ароматики,,
CAS,"Содержание воды, % масс.",,
CAS,"Содержание других элементов (например, бора)",,
CAS,Содержание масла,,
CAS,"Содержание масла, % масс.",,
CAS,"Содержание металла (Ca/Mg), % масс.",,
CAS,"Содержание мыла, % масс.",,
CAS,Содержание насыщ. у/в,,
CAS,Содержание полимера,,
CAS,"Содержание серы, % масс.",,
CAS,"Содержание серы, мг/кг",,
CAS,Соотношение мономеров (EO:PO),,
CAS,Средневесовая масса,,
CAS,Степень полисульфидности,,
CAS,"Стерический фактор, Å3",,
CAS,Структура УВ-радикала,,
CAS,"Температура застывания, ГОСТ 20287, метод Б",,
CAS,"Температура плавления, °C",,
CAS,Температура проведения теста | -,,
CAS,"Температура разложения, °C",,
CAS,Тип АО,,
CAS,Тип лиганда,,
CAS,Тип полимера,,
CAS,Тип спиртового радикала,,
CAS,Тип сукцинимида,,
CAS,"Химический потенциал, Дж/моль",,
CAS,Цвет | ASTM D1500,,
CAS,Цвет Сейболт | -,,
CAS,"Щелочное число, ASTM D2896",,
CAS,"Щелочное число, ГОСТ 11362",,
CAS,"Энергия ВЗМО, эВ",,
CAS,"Энергия НСМО, эВ",,
CAS,"Энергия диссоциации связи Х-Н, ккал/моль",,
COC (°C),SMILES для наиболее вероятной (средней) молекулы сульфокислоты,,
COC (°C),"Активный Азот / Кислород, % масс. (N или O)",,
COC (°C),Анилиновая точка,,
COC (°C),Атомное отношение P:Zn,,
COC (°C),Группа по API,,
COC (°C),Деаэрация | ASTM D3427,,
COC (°C),Деэм.вода | ASTM D1401,,
COC (°C),Деэм.время | ASTM D1401,,
COC (°C),Деэм.масло | ASTM D1401,,
COC (°C),Деэм.эмульсия | ASTM D1401,,
COC (°C),"Динамическая вязкость CCS -15°C, ASTM D5293",,
COC (°C),"Динамическая вязкость CCS -20°C, ASTM D5293",,
COC (°C),"Динамическая вязкость CCS -25°C, ASTM D5293",,
COC (°C),"Динамическая вязкость CCS -30°C, ASTM D5293",,
COC (°C),"Динамическая вязкость CCS -35°C, ASTM D5293",,
COC (°C),"Дипольный момент, Д",,
COC (°C),Длина углеродной цепи,,
COC (°C),"Индекс вязкости, ГОСТ 25371",,
COC (°C),Индекс полидисперсности,,
COC (°C),"Индекс стабильности, %",,
COC (°C),"Испаряемость по NOACK, ASTM D5800",,
COC (°C),Категория,,
COC (°C),Кинематическая вязкость,,
COC (°C),"Кинематическая вязкость, при -30⁰С | ASTM D445",,
COC (°C),"Кинематическая вязкость, при 100°C, ASTM D445",,
COC (°C),"Кинематическая вязкость, при 40°C, ASTM D445",,
COC (°C),"Кислотное число, ГОСТ 11362",,
COC (°C),Класс полиамина,,
COC (°C),Класс субстрата,,
COC (°C),"Масса гидрофобного хвоста, г/моль",,
COC (°C),Массовая доля кальция | ASTM D6481,,
COC (°C),"Массовая доля кальция, ASTM D6481",,
COC (°C),Массовая доля серы | ASTM D6481,,
COC (°C),"Массовая доля серы, ASTM D6481",,
COC (°C),"Массовая доля сульфатной золы, ГОСТ 12417",,
COC (°C),Массовая доля фосфора | ASTM D6481,,
COC (°C),"Массовая доля фосфора, ASTM D6481",,
COC (°C),Массовая доля цинка | ASTM D6481,,
COC (°C),"Массовая доля цинка, ASTM D6481",,
COC (°C),Модификация,,
COC (°C),Номер CAS,,
COC (°C),Номер CAS / SMILES,,
COC (°C),Общее содержание азота | ASTM D3228,,
COC (°C),Определение содержания воды методом Карла Фишера | ASTM D 6304,,
COC (°C),Отношение S:Mo,,
COC (°C),Отношение Мыло/Основание,,
COC (°C),"Плотность при 15°С, ASTM D4052",,
COC (°C),"Плотность при 20°С, ASTM D4052",,
COC (°C),Последовательность 1 | ASTM D892,,
COC (°C),Последовательность 2 | ASTM D892,,
COC (°C),Последовательность 3 | ASTM D892,,
COC (°C),"Потенциал ионизации,эВ",,
COC (°C),Происхождение,,
COC (°C),Разветвленность радикала / радикалов,,
COC (°C),"Размер мицелл, нм",,
COC (°C),"Содержание MgCO3, CaCO3, % масс.",,
COC (°C),Содержание Азота,,
COC (°C),Содержание Бора,,
COC (°C),Содержание ароматики,,
COC (°C),"Содержание воды, % масс.",,
COC (°C),"Содержание других элементов (например, бора)",,
COC (°C),Содержание масла,,
COC (°C),"Содержание масла, % масс.",,
COC (°C),"Содержание металла (Ca/Mg), % масс.",,
COC (°C),"Содержание мыла, % масс.",,
COC (°C),Содержание насыщ. у/в,,
COC (°C),Содержание полимера,,
COC (°C),"Содержание серы, % масс.",,
COC (°C),"Содержание серы, мг/кг",,
COC (°C),Соотношение мономеров (EO:PO),,
COC (°C),Средневесовая масса,,
COC (°C),Степень полисульфидности,,
COC (°C),"Стерический фактор, Å3",,
COC (°C),Структура УВ-радикала,,
COC (°C),"Температура застывания, ГОСТ 20287, метод Б",,
COC (°C),"Температура плавления, °C",,
COC (°C),Температура проведения теста | -,,
COC (°C),"Температура разложения, °C",,
COC (°C),Тип АО,,
COC (°C),Тип лиганда,,
COC (°C),Тип полимера,,
COC (°C),Тип спиртового радикала,,
COC (°C),Тип сукцинимида,,
COC (°C),"Химический потенциал, Дж/моль",,
COC (°C),Цвет | ASTM D1500,,
COC (°C),Цвет Сейболт | -,,
COC (°C),"Щелочное число, ASTM D2896",,
COC (°C),"Щелочное число, ГОСТ 11362",,
COC (°C),"Энергия ВЗМО, эВ",,
COC (°C),"Энергия НСМО, эВ",,
COC (°C),"Энергия диссоциации связи Х-Н, ккал/моль",,
SMILES для наиболее вероятной (средней) молекулы сульфокислоты,"Активный Азот / Кислород, % масс. (N или O)",,
SMILES для наиболее вероятной (средней) молекулы сульфокислоты,Анилиновая точка,,
SMILES для наиболее вероятной (средней) молекулы сульфокислоты,Атомное отношение P:Zn,,
SMILES для наиболее вероятной (средней) молекулы сульфокислоты,Группа по API,,
SMILES для наиболее вероятной (средней) молекулы сульфокислоты,Деаэрация | ASTM D3427,,
SMILES для наиболее вероятной (средней) молекулы сульфокислоты,Деэм.вода | ASTM D1401,,
SMILES для наиболее вероятной (средней) молекулы сульфокислоты,Деэм.время | ASTM D1401,,
SMILES для наиболее вероятной (средней) молекулы сульфокислоты,Деэм.масло | ASTM D1401,,
SMILES для наиболее вероятной (средней) молекулы сульфокислоты,Деэм.эмульсия | ASTM D1401,,
SMILES для наиболее вероятной (средней) молекулы сульфокислоты,"Динамическая вязкость CCS -15°C, ASTM D5293",,
SMILES для наиболее вероятной (средней) молекулы сульфокислоты,"Динамическая вязкость CCS -20°C, ASTM D5293",,
SMILES для наиболее вероятной (средней) молекулы сульфокислоты,"Динамическая вязкость CCS -25°C, ASTM D5293",,
SMILES для наиболее вероятной (средней) молекулы сульфокислоты,"Динамическая вязкость CCS -30°C, ASTM D5293",,
SMILES для наиболее вероятной (средней) молекулы сульфокислоты,"Динамическая вязкость CCS -35°C, ASTM D5293",,
SMILES для наиболее вероятной (средней) молекулы сульфокислоты,"Дипольный момент, Д",,
SMILES для наиболее вероятной (средней) молекулы сульфокислоты,Длина углеродной цепи,,
SMILES для наиболее вероятной (средней) молекулы сульфокислоты,"Индекс вязкости, ГОСТ 25371",,
SMILES для наиболее вероятной (средней) молекулы сульфокислоты,Индекс полидисперсности,,
SMILES для наиболее вероятной (средней) молекулы сульфокислоты,"Индекс стабильности, %",,
SMILES для наиболее вероятной (средней) молекулы сульфокислоты,"Испаряемость по NOACK, ASTM D5800",,
SMILES для наиболее вероятной (средней) молекулы сульфокислоты,Категория,,
SMILES для наиболее вероятной (средней) молекулы сульфокислоты,Кинематическая вязкость,,
SMILES для наиболее вероятной (средней) молекулы сульфокислоты,"Кинематическая вязкость, при -30⁰С | ASTM D445",,
SMILES для наиболее вероятной (средней) молекулы сульфокислоты,"Кинематическая вязкость, при 100°C, ASTM D445",,
SMILES для наиболее вероятной (средней) молекулы сульфокислоты,"Кинематическая вязкость, при 40°C, ASTM D445",,
SMILES для наиболее вероятной (средней) молекулы сульфокислоты,"Кислотное число, ГОСТ 11362",,
SMILES для наиболее вероятной (средней) молекулы сульфокислоты,Класс полиамина,,
SMILES для наиболее вероятной (средней) молекулы сульфокислоты,Класс субстрата,,
SMILES для наиболее вероятной (средней) молекулы сульфокислоты,"Масса гидрофобного хвоста, г/моль",,
SMILES для наиболее вероятной (средней) молекулы сульфокислоты,Массовая доля кальция | ASTM D6481,,
SMILES для наиболее вероятной (средней) молекулы сульфокислоты,"Массовая доля кальция, ASTM D6481",,
SMILES для наиболее вероятной (средней) молекулы сульфокислоты,Массовая доля серы | ASTM D6481,,
SMILES для наиболее вероятной (средней) молекулы сульфокислоты,"Массовая доля серы, ASTM D6481",,
SMILES для наиболее вероятной (средней) молекулы сульфокислоты,"Массовая доля сульфатной золы, ГОСТ 12417",,
SMILES для наиболее вероятной (средней) молекулы сульфокислоты,Массовая доля фосфора | ASTM D6481,,
SMILES для наиболее вероятной (средней) молекулы сульфокислоты,"Массовая доля фосфора, ASTM D6481",,
SMILES для наиболее вероятной (средней) молекулы сульфокислоты,Массовая доля цинка | ASTM D6481,,
SMILES для наиболее вероятной (средней) молекулы сульфокислоты,"Массовая доля цинка, ASTM D6481",,
SMILES для наиболее вероятной (средней) молекулы сульфокислоты,Модификация,,
SMILES для наиболее вероятной (средней) молекулы сульфокислоты,Номер CAS,,
SMILES для наиболее вероятной (средней) молекулы сульфокислоты,Номер CAS / SMILES,,
SMILES для наиболее вероятной (средней) молекулы сульфокислоты,Общее содержание азота | ASTM D3228,,
SMILES для наиболее вероятной (средней) молекулы сульфокислоты,Определение содержания воды методом Карла Фишера | ASTM D 6304,,
SMILES для наиболее вероятной (средней) молекулы сульфокислоты,Отношение S:Mo,,
SMILES для наиболее вероятной (средней) молекулы сульфокислоты,Отношение Мыло/Основание,,
SMILES для наиболее вероятной (средней) молекулы сульфокислоты,"Плотность при 15°С, ASTM D4052",,
SMILES для наиболее вероятной (средней) молекулы сульфокислоты,"Плотность при 20°С, ASTM D4052",,
SMILES для наиболее вероятной (средней) молекулы сульфокислоты,Последовательность 1 | ASTM D892,,
SMILES для наиболее вероятной (средней) молекулы сульфокислоты,Последовательность 2 | ASTM D892,,
SMILES для наиболее вероятной (средней) молекулы сульфокислоты,Последовательность 3 | ASTM D892,,
SMILES для наиболее вероятной (средней) молекулы сульфокислоты,"Потенциал ионизации,эВ",,
SMILES для наиболее вероятной (средней) молекулы сульфокислоты,Происхождение,,
SMILES для наиболее вероятной (средней) молекулы сульфокислоты,Разветвленность радикала / радикалов,,
SMILES для наиболее вероятной (средней) молекулы сульфокислоты,"Размер мицелл, нм",,
SMILES для наиболее вероятной (средней) молекулы сульфокислоты,"Содержание MgCO3, CaCO3, % масс.",,
SMILES для наиболее вероятной (средней) молекулы сульфокислоты,Содержание Азота,,
SMILES для наиболее вероятной (средней) молекулы сульфокислоты,Содержание Бора,,
SMILES для наиболее вероятной (средней) молекулы сульфокислоты,Содержание ароматики,,
SMILES для наиболее вероятной (средней) молекулы сульфокислоты,"Содержание воды, % масс.",,
SMILES для наиболее вероятной (средней) молекулы сульфокислоты,"Содержание других элементов (например, бора)",,
SMILES для наиболее вероятной (средней) молекулы сульфокислоты,Содержание масла,,
SMILES для наиболее вероятной (средней) молекулы сульфокислоты,"Содержание масла, % масс.",,
SMILES для наиболее вероятной (средней) молекулы сульфокислоты,"Содержание металла (Ca/Mg), % масс.",,
SMILES для наиболее вероятной (средней) молекулы сульфокислоты,"Содержание мыла, % масс.",,
SMILES для наиболее вероятной (средней) молекулы сульфокислоты,Содержание насыщ. у/в,,
SMILES для наиболее вероятной (средней) молекулы сульфокислоты,Содержание полимера,,
SMILES для наиболее вероятной (средней) молекулы сульфокислоты,"Содержание серы, % масс.",,
SMILES для наиболее вероятной (средней) молекулы сульфокислоты,"Содержание серы, мг/кг",,
SMILES для наиболее вероятной (средней) молекулы сульфокислоты,Соотношение мономеров (EO:PO),,
SMILES для наиболее вероятной (средней) молекулы сульфокислоты,Средневесовая масса,,
SMILES для наиболее вероятной (средней) молекулы сульфокислоты,Степень полисульфидности,,
SMILES для наиболее вероятной (средней) молекулы сульфокислоты,"Стерический фактор, Å3",,
SMILES для наиболее вероятной (средней) молекулы сульфокислоты,Структура УВ-радикала,,
SMILES для наиболее вероятной (средней) молекулы сульфокислоты,"Температура застывания, ГОСТ 20287, метод Б",,
SMILES для наиболее вероятной (средней) молекулы сульфокислоты,"Температура плавления, °C",,
SMILES для наиболее вероятной (средней) молекулы сульфокислоты,Температура проведения теста | -,,
SMILES для наиболее вероятной (средней) молекулы сульфокислоты,"Температура разложения, °C",,
SMILES для наиболее вероятной (средней) молекулы сульфокислоты,Тип АО,,
SMILES для наиболее вероятной (средней) молекулы сульфокислоты,Тип лиганда,,
SMILES для наиболее вероятной (средней) молекулы сульфокислоты,Тип полимера,,
SMILES для наиболее вероятной (средней) молекулы сульфокислоты,Тип спиртового радикала,,
SMILES для наиболее вероятной (средней) молекулы сульфокислоты,Тип сукцинимида,,
SMILES для наиболее вероятной (средней) молекулы сульфокислоты,"Химический потенциал, Дж/моль",,
SMILES для наиболее вероятной (средней) молекулы сульфокислоты,Цвет | ASTM D1500,,
SMILES для наиболее вероятной (средней) молекулы сульфокислоты,Цвет Сейболт | -,,
SMILES для наиболее вероятной (средней) молекулы сульфокислоты,"Щелочное число, ASTM D2896",,
SMILES для наиболее вероятной (средней) молекулы сульфокислоты,"Щелочное число, ГОСТ 11362",,
SMILES для наиболее вероятной (средней) молекулы сульфокислоты,"Энергия ВЗМО, эВ",,
SMILES для наиболее вероятной (средней) молекулы сульфокислоты,"Энергия НСМО, эВ",,
SMILES для наиболее вероятной (средней) молекулы сульфокислоты,"Энергия диссоциации связи Х-Н, ккал/моль",,
"Активный Азот / Кислород, % масс. (N или O)",Анилиновая точка,,
"Активный Азот / Кислород, % масс. (N или O)",Атомное отношение P:Zn,,
"Активный Азот / Кислород, % масс. (N или O)",Группа по API,,
"Активный Азот / Кислород, % масс. (N или O)",Деаэрация | ASTM D3427,,
"Активный Азот / Кислород, % масс. (N или O)",Деэм.вода | ASTM D1401,,
"Активный Азот / Кислород, % масс. (N или O)",Деэм.время | ASTM D1401,,
"Активный Азот / Кислород, % масс. (N или O)",Деэм.масло | ASTM D1401,,
"Активный Азот / Кислород, % масс. (N или O)",Деэм.эмульсия | ASTM D1401,,
"Активный Азот / Кислород, % масс. (N или O)","Динамическая вязкость CCS -15°C, ASTM D5293",,
"Активный Азот / Кислород, % масс. (N или O)","Динамическая вязкость CCS -20°C, ASTM D5293",,
"Активный Азот / Кислород, % масс. (N или O)","Динамическая вязкость CCS -25°C, ASTM D5293",,
"Активный Азот / Кислород, % масс. (N или O)","Динамическая вязкость CCS -30°C, ASTM D5293",,
"Активный Азот / Кислород, % масс. (N или O)","Динамическая вязкость CCS -35°C, ASTM D5293",,
"Активный Азот / Кислород, % масс. (N или O)","Дипольный момент, Д",,
"Активный Азот / Кислород, % масс. (N или O)",Длина углеродной цепи,,
"Активный Азот / Кислород, % масс. (N или O)","Индекс вязкости, ГОСТ 25371",,
"Активный Азот / Кислород, % масс. (N или O)",Индекс полидисперсности,,
"Активный Азот / Кислород, % масс. (N или O)","Индекс стабильности, %",,
"Активный Азот / Кислород, % масс. (N или O)","Испаряемость по NOACK, ASTM D5800",,
"Активный Азот / Кислород, % масс. (N или O)",Категория,,
"Активный Азот / Кислород, % масс. (N или O)",Кинематическая вязкость,,
"Активный Азот / Кислород, % масс. (N или O)","Кинематическая вязкость, при -30⁰С | ASTM D445",,
"Активный Азот / Кислород, % масс. (N или O)","Кинематическая вязкость, при 100°C, ASTM D445",,
"Активный Азот / Кислород, % масс. (N или O)","Кинематическая вязкость, при 40°C, ASTM D445",,
"Активный Азот / Кислород, % масс. (N или O)","Кислотное число, ГОСТ 11362",,
"Активный Азот / Кислород, % масс. (N или O)",Класс полиамина,,
"Активный Азот / Кислород, % масс. (N или O)",Класс субстрата,,
"Активный Азот / Кислород, % масс. (N или O)","Масса гидрофобного хвоста, г/моль",,
"Активный Азот / Кислород, % масс. (N или O)",Массовая доля кальция | ASTM D6481,,
"Активный Азот / Кислород, % масс. (N или O)","Массовая доля кальция, ASTM D6481",,
"Активный Азот / Кислород, % масс. (N или O)",Массовая доля серы | ASTM D6481,,
"Активный Азот / Кислород, % масс. (N или O)","Массовая доля серы, ASTM D6481",,
"Активный Азот / Кислород, % масс. (N или O)","Массовая доля сульфатной золы, ГОСТ 12417",,
"Активный Азот / Кислород, % масс. (N или O)",Массовая доля фосфора | ASTM D6481,,
"Активный Азот / Кислород, % масс. (N или O)","Массовая доля фосфора, ASTM D6481",,
"Активный Азот / Кислород, % масс. (N или O)",Массовая доля цинка | ASTM D6481,,
"Активный Азот / Кислород, % масс. (N или O)","Массовая доля цинка, ASTM D6481",,
"Активный Азот / Кислород, % масс. (N или O)",Модификация,,
"Активный Азот / Кислород, % масс. (N или O)",Номер CAS,,
"Активный Азот / Кислород, % масс. (N или O)",Номер CAS / SMILES,,
"Активный Азот / Кислород, % масс. (N или O)",Общее содержание азота | ASTM D3228,,
"Активный Азот / Кислород, % масс. (N или O)",Определение содержания воды методом Карла Фишера | ASTM D 6304,,
"Активный Азот / Кислород, % масс. (N или O)",Отношение S:Mo,,
"Активный Азот / Кислород, % масс. (N или O)",Отношение Мыло/Основание,,
"Активный Азот / Кислород, % масс. (N или O)","Плотность при 15°С, ASTM D4052",,
"Активный Азот / Кислород, % масс. (N или O)","Плотность при 20°С, ASTM D4052",,
"Активный Азот / Кислород, % масс. (N или O)",Последовательность 1 | ASTM D892,,
"Активный Азот / Кислород, % масс. (N или O)",Последовательность 2 | ASTM D892,,
"Активный Азот / Кислород, % масс. (N или O)",Последовательность 3 | ASTM D892,,
"Активный Азот / Кислород, % масс. (N или O)","Потенциал ионизации,эВ",,
"Активный Азот / Кислород, % масс. (N или O)",Происхождение,,
"Активный Азот / Кислород, % масс. (N или O)",Разветвленность радикала / радикалов,,
"Активный Азот / Кислород, % масс. (N или O)","Размер мицелл, нм",,
"Активный Азот / Кислород, % масс. (N или O)","Содержание MgCO3, CaCO3, % масс.",,
"Активный Азот / Кислород, % масс. (N или O)",Содержание Азота,,
"Активный Азот / Кислород, % масс. (N или O)",Содержание Бора,,
"Активный Азот / Кислород, % масс. (N или O)",Содержание ароматики,,
"Активный Азот / Кислород, % масс. (N или O)","Содержание воды, % масс.",,
"Активный Азот / Кислород, % масс. (N или O)","Содержание других элементов (например, бора)",,
"Активный Азот / Кислород, % масс. (N или O)",Содержание масла,,
"Активный Азот / Кислород, % масс. (N или O)","Содержание масла, % масс.",,
"Активный Азот / Кислород, % масс. (N или O)","Содержание металла (Ca/Mg), % масс.",,
"Активный Азот / Кислород, % масс. (N или O)","Содержание мыла, % масс.",,
"Активный Азот / Кислород, % масс. (N или O)",Содержание насыщ. у/в,,
"Активный Азот / Кислород, % масс. (N или O)",Содержание полимера,,
"Активный Азот / Кислород, % масс. (N или O)","Содержание серы, % масс.",,
"Активный Азот / Кислород, % масс. (N или O)","Содержание серы, мг/кг",,
"Активный Азот / Кислород, % масс. (N или O)",Соотношение мономеров (EO:PO),,
"Активный Азот / Кислород, % масс. (N или O)",Средневесовая масса,,
"Активный Азот / Кислород, % масс. (N или O)",Степень полисульфидности,,
"Активный Азот / Кислород, % масс. (N или O)","Стерический фактор, Å3",,
"Активный Азот / Кислород, % масс. (N или O)",Структура УВ-радикала,,
"Активный Азот / Кислород, % масс. (N или O)","Температура застывания, ГОСТ 20287, метод Б",,
"Активный Азот / Кислород, % масс. (N или O)","Температура плавления, °C",,
"Активный Азот / Кислород, % масс. (N или O)",Температура проведения теста | -,,
"Активный Азот / Кислород, % масс. (N или O)","Температура разложения, °C",,
"Активный Азот / Кислород, % масс. (N или O)",Тип АО,,
"Активный Азот / Кислород, % масс. (N или O)",Тип лиганда,,
"Активный Азот / Кислород, % масс. (N или O)",Тип полимера,,
"Активный Азот / Кислород, % масс. (N или O)",Тип спиртового радикала,,
"Активный Азот / Кислород, % масс. (N или O)",Тип сукцинимида,,
"Активный Азот / Кислород, % масс. (N или O)","Химический потенциал, Дж/моль",,
"Активный Азот / Кислород, % масс. (N или O)",Цвет | ASTM D1500,,
"Активный Азот / Кислород, % масс. (N или O)",Цвет Сейболт | -,,
"Активный Азот / Кислород, % масс. (N или O)","Щелочное число, ASTM D2896",,
"Активный Азот / Кислород, % масс. (N или O)","Щелочное число, ГОСТ 11362",,
"Активный Азот / Кислород, % масс. (N или O)","Энергия ВЗМО, эВ",,
"Активный Азот / Кислород, % масс. (N или O)","Энергия НСМО, эВ",,
"Активный Азот / Кислород, % масс. (N или O)","Энергия диссоциации связи Х-Н, ккал/моль",,
Анилиновая точка,Атомное отношение P:Zn,,
Анилиновая точка,Группа по API,,
Анилиновая точка,Деаэрация | ASTM D3427,,
Анилиновая точка,Деэм.вода | ASTM D1401,,
Анилиновая точка,Деэм.время | ASTM D1401,,
Анилиновая точка,Деэм.масло | ASTM D1401,,
Анилиновая точка,Деэм.эмульсия | ASTM D1401,,
Анилиновая точка,"Динамическая вязкость CCS -15°C, ASTM D5293",,
Анилиновая точка,"Динамическая вязкость CCS -20°C, ASTM D5293",,
Анилиновая точка,"Динамическая вязкость CCS -25°C, ASTM D5293",,
Анилиновая точка,"Динамическая вязкость CCS -30°C, ASTM D5293",,
Анилиновая точка,"Динамическая вязкость CCS -35°C, ASTM D5293",,
Анилиновая точка,"Дипольный момент, Д",,
Анилиновая точка,Длина углеродной цепи,,
Анилиновая точка,"Индекс вязкости, ГОСТ 25371",,
Анилиновая точка,Индекс полидисперсности,,
Анилиновая точка,"Индекс стабильности, %",,
Анилиновая точка,"Испаряемость по NOACK, ASTM D5800",,
Анилиновая точка,Категория,,
Анилиновая точка,Кинематическая вязкость,,
Анилиновая точка,"Кинематическая вязкость, при -30⁰С | ASTM D445",,
Анилиновая точка,"Кинематическая вязкость, при 100°C, ASTM D445",,
Анилиновая точка,"Кинематическая вязкость, при 40°C, ASTM D445",,
Анилиновая точка,"Кислотное число, ГОСТ 11362",,
Анилиновая точка,Класс полиамина,,
Анилиновая точка,Класс субстрата,,
Анилиновая точка,"Масса гидрофобного хвоста, г/моль",,
Анилиновая точка,Массовая доля кальция | ASTM D6481,,
Анилиновая точка,"Массовая доля кальция, ASTM D6481",,
Анилиновая точка,Массовая доля серы | ASTM D6481,,
Анилиновая точка,"Массовая доля серы, ASTM D6481",,
Анилиновая точка,"Массовая доля сульфатной золы, ГОСТ 12417",,
Анилиновая точка,Массовая доля фосфора | ASTM D6481,,
Анилиновая точка,"Массовая доля фосфора, ASTM D6481",,
Анилиновая точка,Массовая доля цинка | ASTM D6481,,
Анилиновая точка,"Массовая доля цинка, ASTM D6481",,
Анилиновая точка,Модификация,,
Анилиновая точка,Номер CAS,,
Анилиновая точка,Номер CAS / SMILES,,
Анилиновая точка,Общее содержание азота | ASTM D3228,,
Анилиновая точка,Определение содержания воды методом Карла Фишера | ASTM D 6304,,
Анилиновая точка,Отношение S:Mo,,
Анилиновая точка,Отношение Мыло/Основание,,
Анилиновая точка,"Плотность при 15°С, ASTM D4052",,
Анилиновая точка,"Плотность при 20°С, ASTM D4052",,
Анилиновая точка,Последовательность 1 | ASTM D892,,
Анилиновая точка,Последовательность 2 | ASTM D892,,
Анилиновая точка,Последовательность 3 | ASTM D892,,
Анилиновая точка,"Потенциал ионизации,эВ",,
Анилиновая точка,Происхождение,,
Анилиновая точка,Разветвленность радикала / радикалов,,
Анилиновая точка,"Размер мицелл, нм",,
Анилиновая точка,"Содержание MgCO3, CaCO3, % масс.",,
Анилиновая точка,Содержание Азота,,
Анилиновая точка,Содержание Бора,,
Анилиновая точка,Содержание ароматики,,
Анилиновая точка,"Содержание воды, % масс.",,
Анилиновая точка,"Содержание других элементов (например, бора)",,
Анилиновая точка,Содержание масла,,
Анилиновая точка,"Содержание масла, % масс.",,
Анилиновая точка,"Содержание металла (Ca/Mg), % масс.",,
Анилиновая точка,"Содержание мыла, % масс.",,
Анилиновая точка,Содержание насыщ. у/в,,
Анилиновая точка,Содержание полимера,,
Анилиновая точка,"Содержание серы, % масс.",,
Анилиновая точка,"Содержание серы, мг/кг",,
Анилиновая точка,Соотношение мономеров (EO:PO),,
Анилиновая точка,Средневесовая масса,,
Анилиновая точка,Степень полисульфидности,,
Анилиновая точка,"Стерический фактор, Å3",,
Анилиновая точка,Структура УВ-радикала,,
Анилиновая точка,"Температура застывания, ГОСТ 20287, метод Б",,
Анилиновая точка,"Температура плавления, °C",,
Анилиновая точка,Температура проведения теста | -,,
Анилиновая точка,"Температура разложения, °C",,
Анилиновая точка,Тип АО,,
Анилиновая точка,Тип лиганда,,
Анилиновая точка,Тип полимера,,
Анилиновая точка,Тип спиртового радикала,,
Анилиновая точка,Тип сукцинимида,,
Анилиновая точка,"Химический потенциал, Дж/моль",,
Анилиновая точка,Цвет | ASTM D1500,,
Анилиновая точка,Цвет Сейболт | -,,
Анилиновая точка,"Щелочное число, ASTM D2896",,
Анилиновая точка,"Щелочное число, ГОСТ 11362",,
Анилиновая точка,"Энергия ВЗМО, эВ",,
Анилиновая точка,"Энергия НСМО, эВ",,
Анилиновая точка,"Энергия диссоциации связи Х-Н, ккал/моль",,
Атомное отношение P:Zn,Группа по API,,
Атомное отношение P:Zn,Деаэрация | ASTM D3427,,
Атомное отношение P:Zn,Деэм.вода | ASTM D1401,,
Атомное отношение P:Zn,Деэм.время | ASTM D1401,,
Атомное отношение P:Zn,Деэм.масло | ASTM D1401,,
Атомное отношение P:Zn,Деэм.эмульсия | ASTM D1401,,
Атомное отношение P:Zn,"Динамическая вязкость CCS -15°C, ASTM D5293",,
Атомное отношение P:Zn,"Динамическая вязкость CCS -20°C, ASTM D5293",,
Атомное отношение P:Zn,"Динамическая вязкость CCS -25°C, ASTM D5293",,
Атомное отношение P:Zn,"Динамическая вязкость CCS -30°C, ASTM D5293",,
Атомное отношение P:Zn,"Динамическая вязкость CCS -35°C, ASTM D5293",,
Атомное отношение P:Zn,"Дипольный момент, Д",,
Атомное отношение P:Zn,Длина углеродной цепи,,
Атомное отношение P:Zn,"Индекс вязкости, ГОСТ 25371",,
Атомное отношение P:Zn,Индекс полидисперсности,,
Атомное отношение P:Zn,"Индекс стабильности, %",,
Атомное отношение P:Zn,"Испаряемость по NOACK, ASTM D5800",,
Атомное отношение P:Zn,Категория,,
Атомное отношение P:Zn,Кинематическая вязкость,,
Атомное отношение P:Zn,"Кинематическая вязкость, при -30⁰С | ASTM D445",,
Атомное отношение P:Zn,"Кинематическая вязкость, при 100°C, ASTM D445",,
Атомное отношение P:Zn,"Кинематическая вязкость, при 40°C, ASTM D445",,
Атомное отношение P:Zn,"Кислотное число, ГОСТ 11362",,
Атомное отношение P:Zn,Класс полиамина,,
Атомное отношение P:Zn,Класс субстрата,,
Атомное отношение P:Zn,"Масса гидрофобного хвоста, г/моль",,
Атомное отношение P:Zn,Массовая доля кальция | ASTM D6481,,
Атомное отношение P:Zn,"Массовая доля кальция, ASTM D6481",,
Атомное отношение P:Zn,Массовая доля серы | ASTM D6481,,
Атомное отношение P:Zn,"Массовая доля серы, ASTM D6481",,
Атомное отношение P:Zn,"Массовая доля сульфатной золы, ГОСТ 12417",,
Атомное отношение P:Zn,Массовая доля фосфора | ASTM D6481,,
Атомное отношение P:Zn,"Массовая доля фосфора, ASTM D6481",,
Атомное отношение P:Zn,Массовая доля цинка | ASTM D6481,,
Атомное отношение P:Zn,"Массовая доля цинка, ASTM D6481",,
Атомное отношение P:Zn,Модификация,,
Атомное отношение P:Zn,Номер CAS,,
Атомное отношение P:Zn,Номер CAS / SMILES,,
Атомное отношение P:Zn,Общее содержание азота | ASTM D3228,,
Атомное отношение P:Zn,Определение содержания воды методом Карла Фишера | ASTM D 6304,,
Атомное отношение P:Zn,Отношение S:Mo,,
Атомное отношение P:Zn,Отношение Мыло/Основание,,
Атомное отношение P:Zn,"Плотность при 15°С, ASTM D4052",,
Атомное отношение P:Zn,"Плотность при 20°С, ASTM D4052",,
Атомное отношение P:Zn,Последовательность 1 | ASTM D892,,
Атомное отношение P:Zn,Последовательность 2 | ASTM D892,,
Атомное отношение P:Zn,Последовательность 3 | ASTM D892,,
Атомное отношение P:Zn,"Потенциал ионизации,эВ",,
Атомное отношение P:Zn,Происхождение,,
Атомное отношение P:Zn,Разветвленность радикала / радикалов,,
Атомное отношение P:Zn,"Размер мицелл, нм",,
Атомное отношение P:Zn,"Содержание MgCO3, CaCO3, % масс.",,
Атомное отношение P:Zn,Содержание Азота,,
Атомное отношение P:Zn,Содержание Бора,,
Атомное отношение P:Zn,Содержание ароматики,,
Атомное отношение P:Zn,"Содержание воды, % масс.",,
Атомное отношение P:Zn,"Содержание других элементов (например, бора)",,
Атомное отношение P:Zn,Содержание масла,,
Атомное отношение P:Zn,"Содержание масла, % масс.",,
Атомное отношение P:Zn,"Содержание металла (Ca/Mg), % масс.",,
Атомное отношение P:Zn,"Содержание мыла, % масс.",,
Атомное отношение P:Zn,Содержание насыщ. у/в,,
Атомное отношение P:Zn,Содержание полимера,,
Атомное отношение P:Zn,"Содержание серы, % масс.",,
Атомное отношение P:Zn,"Содержание серы, мг/кг",,
Атомное отношение P:Zn,Соотношение мономеров (EO:PO),,
Атомное отношение P:Zn,Средневесовая масса,,
Атомное отношение P:Zn,Степень полисульфидности,,
Атомное отношение P:Zn,"Стерический фактор, Å3",,
Атомное отношение P:Zn,Структура УВ-радикала,,
Атомное отношение P:Zn,"Температура застывания, ГОСТ 20287, метод Б",,
Атомное отношение P:Zn,"Температура плавления, °C",,
Атомное отношение P:Zn,Температура проведения теста | -,,
Атомное отношение P:Zn,"Температура разложения, °C",,
Атомное отношение P:Zn,Тип АО,,
Атомное отношение P:Zn,Тип лиганда,,
Атомное отношение P:Zn,Тип полимера,,
Атомное отношение P:Zn,Тип спиртового радикала,,
Атомное отношение P:Zn,Тип сукцинимида,,
Атомное отношение P:Zn,"Химический потенциал, Дж/моль",,
Атомное отношение P:Zn,Цвет | ASTM D1500,,
Атомное отношение P:Zn,Цвет Сейболт | -,,
Атомное отношение P:Zn,"Щелочное число, ASTM D2896",,
Атомное отношение P:Zn,"Щелочное число, ГОСТ 11362",,
Атомное отношение P:Zn,"Энергия ВЗМО, эВ",,
Атомное отношение P:Zn,"Энергия НСМО, эВ",,
Атомное отношение P:Zn,"Энергия диссоциации связи Х-Н, ккал/моль",,
Группа по API,Деаэрация | ASTM D3427,,
Группа по API,Деэм.вода | ASTM D1401,,
Группа по API,Деэм.время | ASTM D1401,,
Группа по API,Деэм.масло | ASTM D1401,,
Группа по API,Деэм.эмульсия | ASTM D1401,,
Группа по API,"Динамическая вязкость CCS -15°C, ASTM D5293",,
Группа по API,"Динамическая вязкость CCS -20°C, ASTM D5293",,
Группа по API,"Динамическая вязкость CCS -25°C, ASTM D5293",,
Группа по API,"Динамическая вязкость CCS -30°C, ASTM D5293",,
Группа по API,"Динамическая вязкость CCS -35°C, ASTM D5293",,
Группа по API,"Дипольный момент, Д",,
Группа по API,Длина углеродной цепи,,
Группа по API,"Индекс вязкости, ГОСТ 25371",,
Группа по API,Индекс полидисперсности,,
Группа по API,"Индекс стабильности, %",,
Группа по API,"Испаряемость по NOACK, ASTM D5800",,
Группа по API,Категория,,
Группа по API,Кинематическая вязкость,,
Группа по API,"Кинематическая вязкость, при -30⁰С | ASTM D445",,
Группа по API,"Кинематическая вязкость, при 100°C, ASTM D445",,
Группа по API,"Кинематическая вязкость, при 40°C, ASTM D445",,
Группа по API,"Кислотное число, ГОСТ 11362",,
Группа по API,Класс полиамина,,
Группа по API,Класс субстрата,,
Группа по API,"Масса гидрофобного хвоста, г/моль",,
Группа по API,Массовая доля кальция | ASTM D6481,,
Группа по API,"Массовая доля кальция, ASTM D6481",,
Группа по API,Массовая доля серы | ASTM D6481,,
Группа по API,"Массовая доля серы, ASTM D6481",,
Группа по API,"Массовая доля сульфатной золы, ГОСТ 12417",,
Группа по API,Массовая доля фосфора | ASTM D6481,,
Группа по API,"Массовая доля фосфора, ASTM D6481",,
Группа по API,Массовая доля цинка | ASTM D6481,,
Группа по API,"Массовая доля цинка, ASTM D6481",,
Группа по API,Модификация,,
Группа по API,Номер CAS,,
Группа по API,Номер CAS / SMILES,,
Группа по API,Общее содержание азота | ASTM D3228,,
Группа по API,Определение содержания воды методом Карла Фишера | ASTM D 6304,,
Группа по API,Отношение S:Mo,,
Группа по API,Отношение Мыло/Основание,,
Группа по API,"Плотность при 15°С, ASTM D4052",,
Группа по API,"Плотность при 20°С, ASTM D4052",,
Группа по API,Последовательность 1 | ASTM D892,,
Группа по API,Последовательность 2 | ASTM D892,,
Группа по API,Последовательность 3 | ASTM D892,,
Группа по API,"Потенциал ионизации,эВ",,
Группа по API,Происхождение,,
Группа по API,Разветвленность радикала / радикалов,,
Группа по API,"Размер мицелл, нм",,
Группа по API,"Содержание MgCO3, CaCO3, % масс.",,
Группа по API,Содержание Азота,,
Группа по API,Содержание Бора,,
Группа по API,Содержание ароматики,,
Группа по API,"Содержание воды, % масс.",,
Группа по API,"Содержание других элементов (например, бора)",,
Группа по API,Содержание масла,,
Группа по API,"Содержание масла, % масс.",,
Группа по API,"Содержание металла (Ca/Mg), % масс.",,
Группа по API,"Содержание мыла, % масс.",,
Группа по API,Содержание насыщ. у/в,,
Группа по API,Содержание полимера,,
Группа по API,"Содержание серы, % масс.",,
Группа по API,"Содержание серы, мг/кг",,
Группа по API,Соотношение мономеров (EO:PO),,
Группа по API,Средневесовая масса,,
Группа по API,Степень полисульфидности,,
Группа по API,"Стерический фактор, Å3",,
Группа по API,Структура УВ-радикала,,
Группа по API,"Температура застывания, ГОСТ 20287, метод Б",,
Группа по API,"Температура плавления, °C",,
Группа по API,Температура проведения теста | -,,
Группа по API,"Температура разложения, °C",,
Группа по API,Тип АО,,
Группа по API,Тип лиганда,,
Группа по API,Тип полимера,,
Группа по API,Тип спиртового радикала,,
Группа по API,Тип сукцинимида,,
Группа по API,"Химический потенциал, Дж/моль",,
Группа по API,Цвет | ASTM D1500,,
Группа по API,Цвет Сейболт | -,,
Группа по API,"Щелочное число, ASTM D2896",,
Группа по API,"Щелочное число, ГОСТ 11362",,
Группа по API,"Энергия ВЗМО, эВ",,
Группа по API,"Энергия НСМО, эВ",,
Группа по API,"Энергия диссоциации связи Х-Н, ккал/моль",,
Деаэрация | ASTM D3427,"Дипольный момент, Д",,
Деаэрация | ASTM D3427,Длина углеродной цепи,,
Деаэрация | ASTM D3427,Индекс полидисперсности,,
Деаэрация | ASTM D3427,"Индекс стабильности, %",,
Деаэрация | ASTM D3427,Категория,,
Деаэрация | ASTM D3427,Кинематическая вязкость,,
Деаэрация | ASTM D3427,"Кинематическая вязкость, при -30⁰С | ASTM D445",,
Деаэрация | ASTM D3427,Класс полиамина,,
Деаэрация | ASTM D3427,Класс субстрата,,
Деаэрация | ASTM D3427,"Масса гидрофобного хвоста, г/моль",,
Деаэрация | ASTM D3427,Модификация,,
Деаэрация | ASTM D3427,Номер CAS,,
Деаэрация | ASTM D3427,Номер CAS / SMILES,,
Деаэрация | ASTM D3427,Отношение S:Mo,,
Деаэрация | ASTM D3427,Отношение Мыло/Основание,,
Деаэрация | ASTM D3427,"Потенциал ионизации,эВ",,
Деаэрация | ASTM D3427,Происхождение,,
Деаэрация | ASTM D3427,Разветвленность радикала / радикалов,,
Деаэрация | ASTM D3427,"Размер мицелл, нм",,
Деаэрация | ASTM D3427,"Содержание MgCO3, CaCO3, % масс.",,
Деаэрация | ASTM D3427,Содержание Азота,,
Деаэрация | ASTM D3427,Содержание Бора,,
Деаэрация | ASTM D3427,Содержание ароматики,,
Деаэрация | ASTM D3427,"Содержание воды, % масс.",,
Деаэрация | ASTM D3427,"Содержание других элементов (например, бора)",,
Деаэрация | ASTM D3427,Содержание масла,,
Деаэрация | ASTM D3427,"Содержание масла, % масс.",,
Деаэрация | ASTM D3427,"Содержание металла (Ca/Mg), % масс.",,
Деаэрация | ASTM D3427,"Содержание мыла, % масс.",,
Деаэрация | ASTM D3427,Содержание насыщ. у/в,,
Деаэрация | ASTM D3427,Содержание полимера,,
Деаэрация | ASTM D3427,"Содержание серы, % масс.",,
Деаэрация | ASTM D3427,"Содержание серы, мг/кг",,
Деаэрация | ASTM D3427,Соотношение мономеров (EO:PO),,
Деаэрация | ASTM D3427,Средневесовая масса,,
Деаэрация | ASTM D3427,Степень полисульфидности,,
Деаэрация | ASTM D3427,"Стерический фактор, Å3",,
Деаэрация | ASTM D3427,Структура УВ-радикала,,
Деаэрация | ASTM D3427,"Температура плавления, °C",,
Деаэрация | ASTM D3427,"Температура разложения, °C",,
Деаэрация | ASTM D3427,Тип АО,,
Деаэрация | ASTM D3427,Тип лиганда,,
Деаэрация | ASTM D3427,Тип полимера,,
Деаэрация | ASTM D3427,Тип спиртового радикала,,
Деаэрация | ASTM D3427,Тип сукцинимида,,
Деаэрация | ASTM D3427,"Химический потенциал, Дж/моль",,
Деаэрация | ASTM D3427,"Энергия ВЗМО, эВ",,
Деаэрация | ASTM D3427,"Энергия НСМО, эВ",,
Деаэрация | ASTM D3427,"Энергия диссоциации связи Х-Н, ккал/моль",,
Деэм.вода | ASTM D1401,"Дипольный момент, Д",,
Деэм.вода | ASTM D1401,Длина углеродной цепи,,
Деэм.вода | ASTM D1401,Индекс полидисперсности,,
Деэм.вода | ASTM D1401,"Индекс стабильности, %",,
Деэм.вода | ASTM D1401,Категория,,
Деэм.вода | ASTM D1401,Кинематическая вязкость,,
Деэм.вода | ASTM D1401,"Кинематическая вязкость, при -30⁰С | ASTM D445",,
Деэм.вода | ASTM D1401,Класс полиамина,,
Деэм.вода | ASTM D1401,Класс субстрата,,
Деэм.вода | ASTM D1401,"Масса гидрофобного хвоста, г/моль",,
Деэм.вода | ASTM D1401,Модификация,,
Деэм.вода | ASTM D1401,Номер CAS,,
Деэм.вода | ASTM D1401,Номер CAS / SMILES,,
Деэм.вода | ASTM D1401,Отношение S:Mo,,
Деэм.вода | ASTM D1401,Отношение Мыло/Основание,,
Деэм.вода | ASTM D1401,"Потенциал ионизации,эВ",,
Деэм.вода | ASTM D1401,Происхождение,,
Деэм.вода | ASTM D1401,Разветвленность радикала / радикалов,,
Деэм.вода | ASTM D1401,"Размер мицелл, нм",,
Деэм.вода | ASTM D1401,"Содержание MgCO3, CaCO3, % масс.",,
Деэм.вода | ASTM D1401,Содержание Азота,,
Деэм.вода | ASTM D1401,Содержание Бора,,
Деэм.вода | ASTM D1401,Содержание ароматики,,
Деэм.вода | ASTM D1401,"Содержание воды, % масс.",,
Деэм.вода | ASTM D1401,"Содержание других элементов (например, бора)",,
Деэм.вода | ASTM D1401,Содержание масла,,
Деэм.вода | ASTM D1401,"Содержание масла, % масс.",,
Деэм.вода | ASTM D1401,"Содержание металла (Ca/Mg), % масс.",,
Деэм.вода | ASTM D1401,"Содержание мыла, % масс.",,
Деэм.вода | ASTM D1401,Содержание насыщ. у/в,,
Деэм.вода | ASTM D1401,Содержание полимера,,
Деэм.вода | ASTM D1401,"Содержание серы, % масс.",,
Деэм.вода | ASTM D1401,"Содержание серы, мг/кг",,
Деэм.вода | ASTM D1401,Соотношение мономеров (EO:PO),,
Деэм.вода | ASTM D1401,Средневесовая масса,,
Деэм.вода | ASTM D1401,Степень полисульфидности,,
Деэм.вода | ASTM D1401,"Стерический фактор, Å3",,
Деэм.вода | ASTM D1401,Структура УВ-радикала,,
Деэм.вода | ASTM D1401,"Температура плавления, °C",,
Деэм.вода | ASTM D1401,"Температура разложения, °C",,
Деэм.вода | ASTM D1401,Тип АО,,
Деэм.вода | ASTM D1401,Тип лиганда,,
Деэм.вода | ASTM D1401,Тип полимера,,
Деэм.вода | ASTM D1401,Тип спиртового радикала,,
Деэм.вода | ASTM D1401,Тип сукцинимида,,
Деэм.вода | ASTM D1401,"Химический потенциал, Дж/моль",,
Деэм.вода | ASTM D1401,"Энергия ВЗМО, эВ",,
Деэм.вода | ASTM D1401,"Энергия НСМО, эВ",,
Деэм.вода | ASTM D1401,"Энергия диссоциации связи Х-Н, ккал/моль",,
Деэм.время | ASTM D1401,"Дипольный момент, Д",,
Деэм.время | ASTM D1401,Длина углеродной цепи,,
Деэм.время | ASTM D1401,Индекс полидисперсности,,
Деэм.время | ASTM D1401,"Индекс стабильности, %",,
Деэм.время | ASTM D1401,Категория,,
Деэм.время | ASTM D1401,Кинематическая вязкость,,
Деэм.время | ASTM D1401,"Кинематическая вязкость, при -30⁰С | ASTM D445",,
Деэм.время | ASTM D1401,Класс полиамина,,
Деэм.время | ASTM D1401,Класс субстрата,,
Деэм.время | ASTM D1401,"Масса гидрофобного хвоста, г/моль",,
Деэм.время | ASTM D1401,Модификация,,
Деэм.время | ASTM D1401,Номер CAS,,
Деэм.время | ASTM D1401,Номер CAS / SMILES,,
Деэм.время | ASTM D1401,Отношение S:Mo,,
Деэм.время | ASTM D1401,Отношение Мыло/Основание,,
Деэм.время | ASTM D1401,"Потенциал ионизации,эВ",,
Деэм.время | ASTM D1401,Происхождение,,
Деэм.время | ASTM D1401,Разветвленность радикала / радикалов,,
Деэм.время | ASTM D1401,"Размер мицелл, нм",,
Деэм.время | ASTM D1401,"Содержание MgCO3, CaCO3, % масс.",,
Деэм.время | ASTM D1401,Содержание Азота,,
Деэм.время | ASTM D1401,Содержание Бора,,
Деэм.время | ASTM D1401,Содержание ароматики,,
Деэм.время | ASTM D1401,"Содержание воды, % масс.",,
Деэм.время | ASTM D1401,"Содержание других элементов (например, бора)",,
Деэм.время | ASTM D1401,Содержание масла,,
Деэм.время | ASTM D1401,"Содержание масла, % масс.",,
Деэм.время | ASTM D1401,"Содержание металла (Ca/Mg), % масс.",,
Деэм.время | ASTM D1401,"Содержание мыла, % масс.",,
Деэм.время | ASTM D1401,Содержание насыщ. у/в,,
Деэм.время | ASTM D1401,Содержание полимера,,
Деэм.время | ASTM D1401,"Содержание серы, % масс.",,
Деэм.время | ASTM D1401,"Содержание серы, мг/кг",,
Деэм.время | ASTM D1401,Соотношение мономеров (EO:PO),,
Деэм.время | ASTM D1401,Средневесовая масса,,
Деэм.время | ASTM D1401,Степень полисульфидности,,
Деэм.время | ASTM D1401,"Стерический фактор, Å3",,
Деэм.время | ASTM D1401,Структура УВ-радикала,,
Деэм.время | ASTM D1401,"Температура плавления, °C",,
Деэм.время | ASTM D1401,"Температура разложения, °C",,
Деэм.время | ASTM D1401,Тип АО,,
Деэм.время | ASTM D1401,Тип лиганда,,
Деэм.время | ASTM D1401,Тип полимера,,
Деэм.время | ASTM D1401,Тип спиртового радикала,,
Деэм.время | ASTM D1401,Тип сукцинимида,,
Деэм.время | ASTM D1401,"Химический потенциал, Дж/моль",,
Деэм.время | ASTM D1401,"Энергия ВЗМО, эВ",,
Деэм.время | ASTM D1401,"Энергия НСМО, эВ",,
Деэм.время | ASTM D1401,"Энергия диссоциации связи Х-Н, ккал/моль",,
Деэм.масло | ASTM D1401,"Дипольный момент, Д",,
Деэм.масло | ASTM D1401,Длина углеродной цепи,,
Деэм.масло | ASTM D1401,Индекс полидисперсности,,
Деэм.масло | ASTM D1401,"Индекс стабильности, %",,
Деэм.масло | ASTM D1401,Категория,,
Деэм.масло | ASTM D1401,Кинематическая вязкость,,
Деэм.масло | ASTM D1401,"Кинематическая вязкость, при -30⁰С | ASTM D445",,
Деэм.масло | ASTM D1401,Класс полиамина,,
Деэм.масло | ASTM D1401,Класс субстрата,,
Деэм.масло | ASTM D1401,"Масса гидрофобного хвоста, г/моль",,
Деэм.масло | ASTM D1401,Модификация,,
Деэм.масло | ASTM D1401,Номер CAS,,
Деэм.масло | ASTM D1401,Номер CAS / SMILES,,
Деэм.масло | ASTM D1401,Отношение S:Mo,,
Деэм.масло | ASTM D1401,Отношение Мыло/Основание,,
Деэм.масло | ASTM D1401,"Потенциал ионизации,эВ",,
Деэм.масло | ASTM D1401,Происхождение,,
Деэм.масло | ASTM D1401,Разветвленность радикала / радикалов,,
Деэм.масло | ASTM D1401,"Размер мицелл, нм",,
Деэм.масло | ASTM D1401,"Содержание MgCO3, CaCO3, % масс.",,
Деэм.масло | ASTM D1401,Содержание Азота,,
Деэм.масло | ASTM D1401,Содержание Бора,,
Деэм.масло | ASTM D1401,Содержание ароматики,,
Деэм.масло | ASTM D1401,"Содержание воды, % масс.",,
Деэм.масло | ASTM D1401,"Содержание других элементов (например, бора)",,
Деэм.масло | ASTM D1401,Содержание масла,,
Деэм.масло | ASTM D1401,"Содержание масла, % масс.",,
Деэм.масло | ASTM D1401,"Содержание металла (Ca/Mg), % масс.",,
Деэм.масло | ASTM D1401,"Содержание мыла, % масс.",,
Деэм.масло | ASTM D1401,Содержание насыщ. у/в,,
Деэм.масло | ASTM D1401,Содержание полимера,,
Деэм.масло | ASTM D1401,"Содержание серы, % масс.",,
Деэм.масло | ASTM D1401,"Содержание серы, мг/кг",,
Деэм.масло | ASTM D1401,Соотношение мономеров (EO:PO),,
Деэм.масло | ASTM D1401,Средневесовая масса,,
Деэм.масло | ASTM D1401,Степень полисульфидности,,
Деэм.масло | ASTM D1401,"Стерический фактор, Å3",,
Деэм.масло | ASTM D1401,Структура УВ-радикала,,
Деэм.масло | ASTM D1401,"Температура плавления, °C",,
Деэм.масло | ASTM D1401,"Температура разложения, °C",,
Деэм.масло | ASTM D1401,Тип АО,,
Деэм.масло | ASTM D1401,Тип лиганда,,
Деэм.масло | ASTM D1401,Тип полимера,,
Деэм.масло | ASTM D1401,Тип спиртового радикала,,
Деэм.масло | ASTM D1401,Тип сукцинимида,,
Деэм.масло | ASTM D1401,"Химический потенциал, Дж/моль",,
Деэм.масло | ASTM D1401,"Энергия ВЗМО, эВ",,
Деэм.масло | ASTM D1401,"Энергия НСМО, эВ",,
Деэм.масло | ASTM D1401,"Энергия диссоциации связи Х-Н, ккал/моль",,
Деэм.эмульсия | ASTM D1401,"Дипольный момент, Д",,
Деэм.эмульсия | ASTM D1401,Длина углеродной цепи,,
Деэм.эмульсия | ASTM D1401,Индекс полидисперсности,,
Деэм.эмульсия | ASTM D1401,"Индекс стабильности, %",,
Деэм.эмульсия | ASTM D1401,Категория,,
Деэм.эмульсия | ASTM D1401,Кинематическая вязкость,,
Деэм.эмульсия | ASTM D1401,"Кинематическая вязкость, при -30⁰С | ASTM D445",,
Деэм.эмульсия | ASTM D1401,Класс полиамина,,
Деэм.эмульсия | ASTM D1401,Класс субстрата,,
Деэм.эмульсия | ASTM D1401,"Масса гидрофобного хвоста, г/моль",,
Деэм.эмульсия | ASTM D1401,Модификация,,
Деэм.эмульсия | ASTM D1401,Номер CAS,,
Деэм.эмульсия | ASTM D1401,Номер CAS / SMILES,,
Деэм.эмульсия | ASTM D1401,Отношение S:Mo,,
Деэм.эмульсия | ASTM D1401,Отношение Мыло/Основание,,
Деэм.эмульсия | ASTM D1401,"Потенциал ионизации,эВ",,
Деэм.эмульсия | ASTM D1401,Происхождение,,
Деэм.эмульсия | ASTM D1401,Разветвленность радикала / радикалов,,
Деэм.эмульсия | ASTM D1401,"Размер мицелл, нм",,
Деэм.эмульсия | ASTM D1401,"Содержание MgCO3, CaCO3, % масс.",,
Деэм.эмульсия | ASTM D1401,Содержание Азота,,
Деэм.эмульсия | ASTM D1401,Содержание Бора,,
Деэм.эмульсия | ASTM D1401,Содержание ароматики,,
Деэм.эмульсия | ASTM D1401,"Содержание воды, % масс.",,
Деэм.эмульсия | ASTM D1401,"Содержание других элементов (например, бора)",,
Деэм.эмульсия | ASTM D1401,Содержание масла,,
Деэм.эмульсия | ASTM D1401,"Содержание масла, % масс.",,
Деэм.эмульсия | ASTM D1401,"Содержание металла (Ca/Mg), % масс.",,
Деэм.эмульсия | ASTM D1401,"Содержание мыла, % масс.",,
Деэм.эмульсия | ASTM D1401,Содержание насыщ. у/в,,
Деэм.эмульсия | ASTM D1401,Содержание полимера,,
Деэм.эмульсия | ASTM D1401,"Содержание серы, % масс.",,
Деэм.эмульсия | ASTM D1401,"Содержание серы, мг/кг",,
Деэм.эмульсия | ASTM D1401,Соотношение мономеров (EO:PO),,
Деэм.эмульсия | ASTM D1401,Средневесовая масса,,
Деэм.эмульсия | ASTM D1401,Степень полисульфидности,,
Деэм.эмульсия | ASTM D1401,"Стерический фактор, Å3",,
Деэм.эмульсия | ASTM D1401,Структура УВ-радикала,,
Деэм.эмульсия | ASTM D1401,"Температура плавления, °C",,
Деэм.эмульсия | ASTM D1401,"Температура разложения, °C",,
Деэм.эмульсия | ASTM D1401,Тип АО,,
Деэм.эмульсия | ASTM D1401,Тип лиганда,,
Деэм.эмульсия | ASTM D1401,Тип полимера,,
Деэм.эмульсия | ASTM D1401,Тип спиртового радикала,,
Деэм.эмульсия | ASTM D1401,Тип сукцинимида,,
Деэм.эмульсия | ASTM D1401,"Химический потенциал, Дж/моль",,
Деэм.эмульсия | ASTM D1401,"Энергия ВЗМО, эВ",,
Деэм.эмульсия | ASTM D1401,"Энергия НСМО, эВ",,
Деэм.эмульсия | ASTM D1401,"Энергия диссоциации связи Х-Н, ккал/моль",,
"Динамическая вязкость CCS -15°C, ASTM D5293","Дипольный момент, Д",,
"Динамическая вязкость CCS -15°C, ASTM D5293",Длина углеродной цепи,,
"Динамическая вязкость CCS -15°C, ASTM D5293",Индекс полидисперсности,,
"Динамическая вязкость CCS -15°C, ASTM D5293","Индекс стабильности, %",,
"Динамическая вязкость CCS -15°C, ASTM D5293",Категория,,
"Динамическая вязкость CCS -15°C, ASTM D5293",Кинематическая вязкость,,
"Динамическая вязкость CCS -15°C, ASTM D5293","Кинематическая вязкость, при -30⁰С | ASTM D445",,
"Динамическая вязкость CCS -15°C, ASTM D5293",Класс полиамина,,
"Динамическая вязкость CCS -15°C, ASTM D5293",Класс субстрата,,
"Динамическая вязкость CCS -15°C, ASTM D5293","Масса гидрофобного хвоста, г/моль",,
"Динамическая вязкость CCS -15°C, ASTM D5293",Модификация,,
"Динамическая вязкость CCS -15°C, ASTM D5293",Номер CAS,,
"Динамическая вязкость CCS -15°C, ASTM D5293",Номер CAS / SMILES,,
"Динамическая вязкость CCS -15°C, ASTM D5293",Отношение S:Mo,,
"Динамическая вязкость CCS -15°C, ASTM D5293",Отношение Мыло/Основание,,
"Динамическая вязкость CCS -15°C, ASTM D5293","Потенциал ионизации,эВ",,
"Динамическая вязкость CCS -15°C, ASTM D5293",Происхождение,,
"Динамическая вязкость CCS -15°C, ASTM D5293",Разветвленность радикала / радикалов,,
"Динамическая вязкость CCS -15°C, ASTM D5293","Размер мицелл, нм",,
"Динамическая вязкость CCS -15°C, ASTM D5293","Содержание MgCO3, CaCO3, % масс.",,
"Динамическая вязкость CCS -15°C, ASTM D5293",Содержание Азота,,
"Динамическая вязкость CCS -15°C, ASTM D5293",Содержание Бора,,
"Динамическая вязкость CCS -15°C, ASTM D5293",Содержание ароматики,,
"Динамическая вязкость CCS -15°C, ASTM D5293","Содержание воды, % масс.",,
"Динамическая вязкость CCS -15°C, ASTM D5293","Содержание других элементов (например, бора)",,
"Динамическая вязкость CCS -15°C, ASTM D5293",Содержание масла,,
"Динамическая вязкость CCS -15°C, ASTM D5293","Содержание масла, % масс.",,
"Динамическая вязкость CCS -15°C, ASTM D5293","Содержание металла (Ca/Mg), % масс.",,
"Динамическая вязкость CCS -15°C, ASTM D5293","Содержание мыла, % масс.",,
"Динамическая вязкость CCS -15°C, ASTM D5293",Содержание насыщ. у/в,,
"Динамическая вязкость CCS -15°C, ASTM D5293",Содержание полимера,,
"Динамическая вязкость CCS -15°C, ASTM D5293","Содержание серы, % масс.",,
"Динамическая вязкость CCS -15°C, ASTM D5293","Содержание серы, мг/кг",,
"Динамическая вязкость CCS -15°C, ASTM D5293",Соотношение мономеров (EO:PO),,
"Динамическая вязкость CCS -15°C, ASTM D5293",Средневесовая масса,,
"Динамическая вязкость CCS -15°C, ASTM D5293",Степень полисульфидности,,
"Динамическая вязкость CCS -15°C, ASTM D5293","Стерический фактор, Å3",,
"Динамическая вязкость CCS -15°C, ASTM D5293",Структура УВ-радикала,,
"Динамическая вязкость CCS -15°C, ASTM D5293","Температура плавления, °C",,
"Динамическая вязкость CCS -15°C, ASTM D5293","Температура разложения, °C",,
"Динамическая вязкость CCS -15°C, ASTM D5293",Тип АО,,
"Динамическая вязкость CCS -15°C, ASTM D5293",Тип лиганда,,
"Динамическая вязкость CCS -15°C, ASTM D5293",Тип полимера,,
"Динамическая вязкость CCS -15°C, ASTM D5293",Тип спиртового радикала,,
"Динамическая вязкость CCS -15°C, ASTM D5293",Тип сукцинимида,,
"Динамическая вязкость CCS -15°C, ASTM D5293","Химический потенциал, Дж/моль",,
"Динамическая вязкость CCS -15°C, ASTM D5293","Энергия ВЗМО, эВ",,
"Динамическая вязкость CCS -15°C, ASTM D5293","Энергия НСМО, эВ",,
"Динамическая вязкость CCS -15°C, ASTM D5293","Энергия диссоциации связи Х-Н, ккал/моль",,
"Динамическая вязкость CCS -20°C, ASTM D5293","Дипольный момент, Д",,
"Динамическая вязкость CCS -20°C, ASTM D5293",Длина углеродной цепи,,
"Динамическая вязкость CCS -20°C, ASTM D5293",Индекс полидисперсности,,
"Динамическая вязкость CCS -20°C, ASTM D5293","Индекс стабильности, %",,
"Динамическая вязкость CCS -20°C, ASTM D5293",Категория,,
"Динамическая вязкость CCS -20°C, ASTM D5293",Кинематическая вязкость,,
"Динамическая вязкость CCS -20°C, ASTM D5293","Кинематическая вязкость, при -30⁰С | ASTM D445",,
"Динамическая вязкость CCS -20°C, ASTM D5293",Класс полиамина,,
"Динамическая вязкость CCS -20°C, ASTM D5293",Класс субстрата,,
"Динамическая вязкость CCS -20°C, ASTM D5293","Масса гидрофобного хвоста, г/моль",,
"Динамическая вязкость CCS -20°C, ASTM D5293",Модификация,,
"Динамическая вязкость CCS -20°C, ASTM D5293",Номер CAS,,
"Динамическая вязкость CCS -20°C, ASTM D5293",Номер CAS / SMILES,,
"Динамическая вязкость CCS -20°C, ASTM D5293",Отношение S:Mo,,
"Динамическая вязкость CCS -20°C, ASTM D5293",Отношение Мыло/Основание,,
"Динамическая вязкость CCS -20°C, ASTM D5293","Потенциал ионизации,эВ",,
"Динамическая вязкость CCS -20°C, ASTM D5293",Происхождение,,
"Динамическая вязкость CCS -20°C, ASTM D5293",Разветвленность радикала / радикалов,,
"Динамическая вязкость CCS -20°C, ASTM D5293","Размер мицелл, нм",,
"Динамическая вязкость CCS -20°C, ASTM D5293","Содержание MgCO3, CaCO3, % масс.",,
"Динамическая вязкость CCS -20°C, ASTM D5293",Содержание Азота,,
"Динамическая вязкость CCS -20°C, ASTM D5293",Содержание Бора,,
"Динамическая вязкость CCS -20°C, ASTM D5293",Содержание ароматики,,
"Динамическая вязкость CCS -20°C, ASTM D5293","Содержание воды, % масс.",,
"Динамическая вязкость CCS -20°C, ASTM D5293","Содержание других элементов (например, бора)",,
"Динамическая вязкость CCS -20°C, ASTM D5293",Содержание масла,,
"Динамическая вязкость CCS -20°C, ASTM D5293","Содержание масла, % масс.",,
"Динамическая вязкость CCS -20°C, ASTM D5293","Содержание металла (Ca/Mg), % масс.",,
"Динамическая вязкость CCS -20°C, ASTM D5293","Содержание мыла, % масс.",,
"Динамическая вязкость CCS -20°C, ASTM D5293",Содержание насыщ. у/в,,
"Динамическая вязкость CCS -20°C, ASTM D5293",Содержание полимера,,
"Динамическая вязкость CCS -20°C, ASTM D5293","Содержание серы, % масс.",,
"Динамическая вязкость CCS -20°C, ASTM D5293","Содержание серы, мг/кг",,
"Динамическая вязкость CCS -20°C, ASTM D5293",Соотношение мономеров (EO:PO),,
"Динамическая вязкость CCS -20°C, ASTM D5293",Средневесовая масса,,
"Динамическая вязкость CCS -20°C, ASTM D5293",Степень полисульфидности,,
"Динамическая вязкость CCS -20°C, ASTM D5293","Стерический фактор, Å3",,
"Динамическая вязкость CCS -20°C, ASTM D5293",Структура УВ-радикала,,
"Динамическая вязкость CCS -20°C, ASTM D5293","Температура плавления, °C",,
"Динамическая вязкость CCS -20°C, ASTM D5293","Температура разложения, °C",,
"Динамическая вязкость CCS -20°C, ASTM D5293",Тип АО,,
"Динамическая вязкость CCS -20°C, ASTM D5293",Тип лиганда,,
"Динамическая вязкость CCS -20°C, ASTM D5293",Тип полимера,,
"Динамическая вязкость CCS -20°C, ASTM D5293",Тип спиртового радикала,,
"Динамическая вязкость CCS -20°C, ASTM D5293",Тип сукцинимида,,
"Динамическая вязкость CCS -20°C, ASTM D5293","Химический потенциал, Дж/моль",,
"Динамическая вязкость CCS -20°C, ASTM D5293","Энергия ВЗМО, эВ",,
"Динамическая вязкость CCS -20°C, ASTM D5293","Энергия НСМО, эВ",,
"Динамическая вязкость CCS -20°C, ASTM D5293","Энергия диссоциации связи Х-Н, ккал/моль",,
"Динамическая вязкость CCS -25°C, ASTM D5293","Дипольный момент, Д",,
"Динамическая вязкость CCS -25°C, ASTM D5293",Длина углеродной цепи,,
"Динамическая вязкость CCS -25°C, ASTM D5293",Индекс полидисперсности,,
"Динамическая вязкость CCS -25°C, ASTM D5293","Индекс стабильности, %",,
"Динамическая вязкость CCS -25°C, ASTM D5293",Категория,,
"Динамическая вязкость CCS -25°C, ASTM D5293",Кинематическая вязкость,,
"Динамическая вязкость CCS -25°C, ASTM D5293","Кинематическая вязкость, при -30⁰С | ASTM D445",,
"Динамическая вязкость CCS -25°C, ASTM D5293",Класс полиамина,,
"Динамическая вязкость CCS -25°C, ASTM D5293",Класс субстрата,,
"Динамическая вязкость CCS -25°C, ASTM D5293","Масса гидрофобного хвоста, г/моль",,
"Динамическая вязкость CCS -25°C, ASTM D5293",Модификация,,
"Динамическая вязкость CCS -25°C, ASTM D5293",Номер CAS,,
"Динамическая вязкость CCS -25°C, ASTM D5293",Номер CAS / SMILES,,
"Динамическая вязкость CCS -25°C, ASTM D5293",Отношение S:Mo,,
"Динамическая вязкость CCS -25°C, ASTM D5293",Отношение Мыло/Основание,,
"Динамическая вязкость CCS -25°C, ASTM D5293","Потенциал ионизации,эВ",,
"Динамическая вязкость CCS -25°C, ASTM D5293",Происхождение,,
"Динамическая вязкость CCS -25°C, ASTM D5293",Разветвленность радикала / радикалов,,
"Динамическая вязкость CCS -25°C, ASTM D5293","Размер мицелл, нм",,
"Динамическая вязкость CCS -25°C, ASTM D5293","Содержание MgCO3, CaCO3, % масс.",,
"Динамическая вязкость CCS -25°C, ASTM D5293",Содержание Азота,,
"Динамическая вязкость CCS -25°C, ASTM D5293",Содержание Бора,,
"Динамическая вязкость CCS -25°C, ASTM D5293",Содержание ароматики,,
"Динамическая вязкость CCS -25°C, ASTM D5293","Содержание воды, % масс.",,
"Динамическая вязкость CCS -25°C, ASTM D5293","Содержание других элементов (например, бора)",,
"Динамическая вязкость CCS -25°C, ASTM D5293",Содержание масла,,
"Динамическая вязкость CCS -25°C, ASTM D5293","Содержание масла, % масс.",,
"Динамическая вязкость CCS -25°C, ASTM D5293","Содержание металла (Ca/Mg), % масс.",,
"Динамическая вязкость CCS -25°C, ASTM D5293","Содержание мыла, % масс.",,
"Динамическая вязкость CCS -25°C, ASTM D5293",Содержание насыщ. у/в,,
"Динамическая вязкость CCS -25°C, ASTM D5293",Содержание полимера,,
"Динамическая вязкость CCS -25°C, ASTM D5293","Содержание серы, % масс.",,
"Динамическая вязкость CCS -25°C, ASTM D5293","Содержание серы, мг/кг",,
"Динамическая вязкость CCS -25°C, ASTM D5293",Соотношение мономеров (EO:PO),,
"Динамическая вязкость CCS -25°C, ASTM D5293",Средневесовая масса,,
"Динамическая вязкость CCS -25°C, ASTM D5293",Степень полисульфидности,,
"Динамическая вязкость CCS -25°C, ASTM D5293","Стерический фактор, Å3",,
"Динамическая вязкость CCS -25°C, ASTM D5293",Структура УВ-радикала,,
"Динамическая вязкость CCS -25°C, ASTM D5293","Температура плавления, °C",,
"Динамическая вязкость CCS -25°C, ASTM D5293","Температура разложения, °C",,
"Динамическая вязкость CCS -25°C, ASTM D5293",Тип АО,,
"Динамическая вязкость CCS -25°C, ASTM D5293",Тип лиганда,,
"Динамическая вязкость CCS -25°C, ASTM D5293",Тип полимера,,
"Динамическая вязкость CCS -25°C, ASTM D5293",Тип спиртового радикала,,
"Динамическая вязкость CCS -25°C, ASTM D5293",Тип сукцинимида,,
"Динамическая вязкость CCS -25°C, ASTM D5293","Химический потенциал, Дж/моль",,
"Динамическая вязкость CCS -25°C, ASTM D5293","Энергия ВЗМО, эВ",,
"Динамическая вязкость CCS -25°C, ASTM D5293","Энергия НСМО, эВ",,
"Динамическая вязкость CCS -25°C, ASTM D5293","Энергия диссоциации связи Х-Н, ккал/моль",,
"Динамическая вязкость CCS -30°C, ASTM D5293","Дипольный момент, Д",,
"Динамическая вязкость CCS -30°C, ASTM D5293",Длина углеродной цепи,,
"Динамическая вязкость CCS -30°C, ASTM D5293",Индекс полидисперсности,,
"Динамическая вязкость CCS -30°C, ASTM D5293","Индекс стабильности, %",,
"Динамическая вязкость CCS -30°C, ASTM D5293",Категория,,
"Динамическая вязкость CCS -30°C, ASTM D5293",Кинематическая вязкость,,
"Динамическая вязкость CCS -30°C, ASTM D5293","Кинематическая вязкость, при -30⁰С | ASTM D445",,
"Динамическая вязкость CCS -30°C, ASTM D5293",Класс полиамина,,
"Динамическая вязкость CCS -30°C, ASTM D5293",Класс субстрата,,
"Динамическая вязкость CCS -30°C, ASTM D5293","Масса гидрофобного хвоста, г/моль",,
"Динамическая вязкость CCS -30°C, ASTM D5293",Модификация,,
"Динамическая вязкость CCS -30°C, ASTM D5293",Номер CAS,,
"Динамическая вязкость CCS -30°C, ASTM D5293",Номер CAS / SMILES,,
"Динамическая вязкость CCS -30°C, ASTM D5293",Отношение S:Mo,,
"Динамическая вязкость CCS -30°C, ASTM D5293",Отношение Мыло/Основание,,
"Динамическая вязкость CCS -30°C, ASTM D5293","Потенциал ионизации,эВ",,
"Динамическая вязкость CCS -30°C, ASTM D5293",Происхождение,,
"Динамическая вязкость CCS -30°C, ASTM D5293",Разветвленность радикала / радикалов,,
"Динамическая вязкость CCS -30°C, ASTM D5293","Размер мицелл, нм",,
"Динамическая вязкость CCS -30°C, ASTM D5293","Содержание MgCO3, CaCO3, % масс.",,
"Динамическая вязкость CCS -30°C, ASTM D5293",Содержание Азота,,
"Динамическая вязкость CCS -30°C, ASTM D5293",Содержание Бора,,
"Динамическая вязкость CCS -30°C, ASTM D5293",Содержание ароматики,,
"Динамическая вязкость CCS -30°C, ASTM D5293","Содержание воды, % масс.",,
"Динамическая вязкость CCS -30°C, ASTM D5293","Содержание других элементов (например, бора)",,
"Динамическая вязкость CCS -30°C, ASTM D5293",Содержание масла,,
"Динамическая вязкость CCS -30°C, ASTM D5293","Содержание масла, % масс.",,
"Динамическая вязкость CCS -30°C, ASTM D5293","Содержание металла (Ca/Mg), % масс.",,
"Динамическая вязкость CCS -30°C, ASTM D5293","Содержание мыла, % масс.",,
"Динамическая вязкость CCS -30°C, ASTM D5293",Содержание насыщ. у/в,,
"Динамическая вязкость CCS -30°C, ASTM D5293",Содержание полимера,,
"Динамическая вязкость CCS -30°C, ASTM D5293","Содержание серы, % масс.",,
"Динамическая вязкость CCS -30°C, ASTM D5293","Содержание серы, мг/кг",,
"Динамическая вязкость CCS -30°C, ASTM D5293",Соотношение мономеров (EO:PO),,
"Динамическая вязкость CCS -30°C, ASTM D5293",Средневесовая масса,,
"Динамическая вязкость CCS -30°C, ASTM D5293",Степень полисульфидности,,
"Динамическая вязкость CCS -30°C, ASTM D5293","Стерический фактор, Å3",,
"Динамическая вязкость CCS -30°C, ASTM D5293",Структура УВ-радикала,,
"Динамическая вязкость CCS -30°C, ASTM D5293","Температура плавления, °C",,
"Динамическая вязкость CCS -30°C, ASTM D5293","Температура разложения, °C",,
"Динамическая вязкость CCS -30°C, ASTM D5293",Тип АО,,
"Динамическая вязкость CCS -30°C, ASTM D5293",Тип лиганда,,
"Динамическая вязкость CCS -30°C, ASTM D5293",Тип полимера,,
"Динамическая вязкость CCS -30°C, ASTM D5293",Тип спиртового радикала,,
"Динамическая вязкость CCS -30°C, ASTM D5293",Тип сукцинимида,,
"Динамическая вязкость CCS -30°C, ASTM D5293","Химический потенциал, Дж/моль",,
"Динамическая вязкость CCS -30°C, ASTM D5293","Энергия ВЗМО, эВ",,
"Динамическая вязкость CCS -30°C, ASTM D5293","Энергия НСМО, эВ",,
"Динамическая вязкость CCS -30°C, ASTM D5293","Энергия диссоциации связи Х-Н, ккал/моль",,
"Динамическая вязкость CCS -35°C, ASTM D5293","Дипольный момент, Д",,
"Динамическая вязкость CCS -35°C, ASTM D5293",Длина углеродной цепи,,
"Динамическая вязкость CCS -35°C, ASTM D5293",Индекс полидисперсности,,
"Динамическая вязкость CCS -35°C, ASTM D5293","Индекс стабильности, %",,
"Динамическая вязкость CCS -35°C, ASTM D5293",Категория,,
"Динамическая вязкость CCS -35°C, ASTM D5293",Кинематическая вязкость,,
"Динамическая вязкость CCS -35°C, ASTM D5293","Кинематическая вязкость, при -30⁰С | ASTM D445",,
"Динамическая вязкость CCS -35°C, ASTM D5293",Класс полиамина,,
"Динамическая вязкость CCS -35°C, ASTM D5293",Класс субстрата,,
"Динамическая вязкость CCS -35°C, ASTM D5293","Масса гидрофобного хвоста, г/моль",,
"Динамическая вязкость CCS -35°C, ASTM D5293",Модификация,,
"Динамическая вязкость CCS -35°C, ASTM D5293",Номер CAS,,
"Динамическая вязкость CCS -35°C, ASTM D5293",Номер CAS / SMILES,,
"Динамическая вязкость CCS -35°C, ASTM D5293",Отношение S:Mo,,
"Динамическая вязкость CCS -35°C, ASTM D5293",Отношение Мыло/Основание,,
"Динамическая вязкость CCS -35°C, ASTM D5293","Потенциал ионизации,эВ",,
"Динамическая вязкость CCS -35°C, ASTM D5293",Происхождение,,
"Динамическая вязкость CCS -35°C, ASTM D5293",Разветвленность радикала / радикалов,,
"Динамическая вязкость CCS -35°C, ASTM D5293","Размер мицелл, нм",,
"Динамическая вязкость CCS -35°C, ASTM D5293","Содержание MgCO3, CaCO3, % масс.",,
"Динамическая вязкость CCS -35°C, ASTM D5293",Содержание Азота,,
"Динамическая вязкость CCS -35°C, ASTM D5293",Содержание Бора,,
"Динамическая вязкость CCS -35°C, ASTM D5293",Содержание ароматики,,
"Динамическая вязкость CCS -35°C, ASTM D5293","Содержание воды, % масс.",,
"Динамическая вязкость CCS -35°C, ASTM D5293","Содержание других элементов (например, бора)",,
"Динамическая вязкость CCS -35°C, ASTM D5293",Содержание масла,,
"Динамическая вязкость CCS -35°C, ASTM D5293","Содержание масла, % масс.",,
"Динамическая вязкость CCS -35°C, ASTM D5293","Содержание металла (Ca/Mg), % масс.",,
"Динамическая вязкость CCS -35°C, ASTM D5293","Содержание мыла, % масс.",,
"Динамическая вязкость CCS -35°C, ASTM D5293",Содержание насыщ. у/в,,
"Динамическая вязкость CCS -35°C, ASTM D5293",Содержание полимера,,
"Динамическая вязкость CCS -35°C, ASTM D5293","Содержание серы, % масс.",,
"Динамическая вязкость CCS -35°C, ASTM D5293","Содержание серы, мг/кг",,
"Динамическая вязкость CCS -35°C, ASTM D5293",Соотношение мономеров (EO:PO),,
"Динамическая вязкость CCS -35°C, ASTM D5293",Средневесовая масса,,
"Динамическая вязкость CCS -35°C, ASTM D5293",Степень полисульфидности,,
"Динамическая вязкость CCS -35°C, ASTM D5293","Стерический фактор, Å3",,
"Динамическая вязкость CCS -35°C, ASTM D5293",Структура УВ-радикала,,
"Динамическая вязкость CCS -35°C, ASTM D5293","Температура плавления, °C",,
"Динамическая вязкость CCS -35°C, ASTM D5293","Температура разложения, °C",,
"Динамическая вязкость CCS -35°C, ASTM D5293",Тип АО,,
"Динамическая вязкость CCS -35°C, ASTM D5293",Тип лиганда,,
"Динамическая вязкость CCS -35°C, ASTM D5293",Тип полимера,,
"Динамическая вязкость CCS -35°C, ASTM D5293",Тип спиртового радикала,,
"Динамическая вязкость CCS -35°C, ASTM D5293",Тип сукцинимида,,
"Динамическая вязкость CCS -35°C, ASTM D5293","Химический потенциал, Дж/моль",,
"Динамическая вязкость CCS -35°C, ASTM D5293","Энергия ВЗМО, эВ",,
"Динамическая вязкость CCS -35°C, ASTM D5293","Энергия НСМО, эВ",,
"Динамическая вязкость CCS -35°C, ASTM D5293","Энергия диссоциации связи Х-Н, ккал/моль",,
"Дипольный момент, Д",Длина углеродной цепи,,
"Дипольный момент, Д","Индекс вязкости, ГОСТ 25371",,
"Дипольный момент, Д",Индекс полидисперсности,,
"Дипольный момент, Д","Индекс стабильности, %",,
"Дипольный момент, Д","Испаряемость по NOACK, ASTM D5800",,
"Дипольный момент, Д",Категория,,
"Дипольный момент, Д",Кинематическая вязкость,,
"Дипольный момент, Д","Кинематическая вязкость, при -30⁰С | ASTM D445",,
"Дипольный момент, Д","Кинематическая вязкость, при 100°C, ASTM D445",,
"Дипольный момент, Д","Кинематическая вязкость, при 40°C, ASTM D445",,
"Дипольный момент, Д","Кислотное число, ГОСТ 11362",,
"Дипольный момент, Д",Класс полиамина,,
"Дипольный момент, Д",Класс субстрата,,
"Дипольный момент, Д","Масса гидрофобного хвоста, г/моль",,
"Дипольный момент, Д",Массовая доля кальция | ASTM D6481,,
"Дипольный момент, Д","Массовая доля кальция, ASTM D6481",,
"Дипольный момент, Д",Массовая доля серы | ASTM D6481,,
"Дипольный момент, Д","Массовая доля серы, ASTM D6481",,
"Дипольный момент, Д","Массовая доля сульфатной золы, ГОСТ 12417",,
"Дипольный момент, Д",Массовая доля фосфора | ASTM D6481,,
"Дипольный момент, Д","Массовая доля фосфора, ASTM D6481",,
"Дипольный момент, Д",Массовая доля цинка | ASTM D6481,,
"Дипольный момент, Д","Массовая доля цинка, ASTM D6481",,
"Дипольный момент, Д",Модификация,,
"Дипольный момент, Д",Номер CAS,,
"Дипольный момент, Д",Номер CAS / SMILES,,
"Дипольный момент, Д",Общее содержание азота | ASTM D3228,,
"Дипольный момент, Д",Определение содержания воды методом Карла Фишера | ASTM D 6304,,
"Дипольный момент, Д",Отношение S:Mo,,
"Дипольный момент, Д",Отношение Мыло/Основание,,
"Дипольный момент, Д","Плотность при 15°С, ASTM D4052",,
"Дипольный момент, Д","Плотность при 20°С, ASTM D4052",,
"Дипольный момент, Д",Последовательность 1 | ASTM D892,,
"Дипольный момент, Д",Последовательность 2 | ASTM D892,,
"Дипольный момент, Д",Последовательность 3 | ASTM D892,,
"Дипольный момент, Д","Потенциал ионизации,эВ",,
"Дипольный момент, Д",Происхождение,,
"Дипольный момент, Д",Разветвленность радикала / радикалов,,
"Дипольный момент, Д","Размер мицелл, нм",,
"Дипольный момент, Д","Содержание MgCO3, CaCO3, % масс.",,
"Дипольный момент, Д",Содержание Азота,,
"Дипольный момент, Д",Содержание Бора,,
"Дипольный момент, Д",Содержание ароматики,,
"Дипольный момент, Д","Содержание воды, % масс.",,
"Дипольный момент, Д","Содержание других элементов (например, бора)",,
"Дипольный момент, Д",Содержание масла,,
"Дипольный момент, Д","Содержание масла, % масс.",,
"Дипольный момент, Д","Содержание металла (Ca/Mg), % масс.",,
"Дипольный момент, Д","Содержание мыла, % масс.",,
"Дипольный момент, Д",Содержание насыщ. у/в,,
"Дипольный момент, Д",Содержание полимера,,
"Дипольный момент, Д","Содержание серы, % масс.",,
"Дипольный момент, Д","Содержание серы, мг/кг",,
"Дипольный момент, Д",Соотношение мономеров (EO:PO),,
"Дипольный момент, Д",Средневесовая масса,,
"Дипольный момент, Д",Степень полисульфидности,,
"Дипольный момент, Д","Стерический фактор, Å3",,
"Дипольный момент, Д",Структура УВ-радикала,,
"Дипольный момент, Д","Температура застывания, ГОСТ 20287, метод Б",,
"Дипольный момент, Д","Температура плавления, °C",,
"Дипольный момент, Д",Температура проведения теста | -,,
"Дипольный момент, Д","Температура разложения, °C",,
"Дипольный момент, Д",Тип АО,,
"Дипольный момент, Д",Тип лиганда,,
"Дипольный момент, Д",Тип полимера,,
"Дипольный момент, Д",Тип спиртового радикала,,
"Дипольный момент, Д",Тип сукцинимида,,
"Дипольный момент, Д","Химический потенциал, Дж/моль",,
"Дипольный момент, Д",Цвет | ASTM D1500,,
"Дипольный момент, Д",Цвет Сейболт | -,,
"Дипольный момент, Д","Щелочное число, ASTM D2896",,
"Дипольный момент, Д","Щелочное число, ГОСТ 11362",,
"Дипольный момент, Д","Энергия ВЗМО, эВ",,
"Дипольный момент, Д","Энергия НСМО, эВ",,
"Дипольный момент, Д","Энергия диссоциации связи Х-Н, ккал/моль",,
Длина углеродной цепи,"Индекс вязкости, ГОСТ 25371",,
Длина углеродной цепи,Индекс полидисперсности,,
Длина углеродной цепи,"Индекс стабильности, %",,
Длина углеродной цепи,"Испаряемость по NOACK, ASTM D5800",,
Длина углеродной цепи,Категория,,
Длина углеродной цепи,Кинематическая вязкость,,
Длина углеродной цепи,"Кинематическая вязкость, при -30⁰С | ASTM D445",,
Длина углеродной цепи,"Кинематическая вязкость, при 100°C, ASTM D445",,
Длина углеродной цепи,"Кинематическая вязкость, при 40°C, ASTM D445",,
Длина углеродной цепи,"Кислотное число, ГОСТ 11362",,
Длина углеродной цепи,Класс полиамина,,
Длина углеродной цепи,Класс субстрата,,
Длина углеродной цепи,"Масса гидрофобного хвоста, г/моль",,
Длина углеродной цепи,Массовая доля кальция | ASTM D6481,,
Длина углеродной цепи,"Массовая доля кальция, ASTM D6481",,
Длина углеродной цепи,Массовая доля серы | ASTM D6481,,
Длина углеродной цепи,"Массовая доля серы, ASTM D6481",,
Длина углеродной цепи,"Массовая доля сульфатной золы, ГОСТ 12417",,
Длина углеродной цепи,Массовая доля фосфора | ASTM D6481,,
Длина углеродной цепи,"Массовая доля фосфора, ASTM D6481",,
Длина углеродной цепи,Массовая доля цинка | ASTM D6481,,
Длина углеродной цепи,"Массовая доля цинка, ASTM D6481",,
Длина углеродной цепи,Модификация,,
Длина углеродной цепи,Номер CAS,,
Длина углеродной цепи,Номер CAS / SMILES,,
Длина углеродной цепи,Общее содержание азота | ASTM D3228,,
Длина углеродной цепи,Определение содержания воды методом Карла Фишера | ASTM D 6304,,
Длина углеродной цепи,Отношение S:Mo,,
Длина углеродной цепи,Отношение Мыло/Основание,,
Длина углеродной цепи,"Плотность при 15°С, ASTM D4052",,
Длина углеродной цепи,"Плотность при 20°С, ASTM D4052",,
Длина углеродной цепи,Последовательность 1 | ASTM D892,,
Длина углеродной цепи,Последовательность 2 | ASTM D892,,
Длина углеродной цепи,Последовательность 3 | ASTM D892,,
Длина углеродной цепи,"Потенциал ионизации,эВ",,
Длина углеродной цепи,Происхождение,,
Длина углеродной цепи,Разветвленность радикала / радикалов,,
Длина углеродной цепи,"Размер мицелл, нм",,
Длина углеродной цепи,"Содержание MgCO3, CaCO3, % масс.",,
Длина углеродной цепи,Содержание Азота,,
Длина углеродной цепи,Содержание Бора,,
Длина углеродной цепи,Содержание ароматики,,
Длина углеродной цепи,"Содержание воды, % масс.",,
Длина углеродной цепи,"Содержание других элементов (например, бора)",,
Длина углеродной цепи,Содержание масла,,
Длина углеродной цепи,"Содержание масла, % масс.",,
Длина углеродной цепи,"Содержание металла (Ca/Mg), % масс.",,
Длина углеродной цепи,"Содержание мыла, % масс.",,
Длина углеродной цепи,Содержание насыщ. у/в,,
Длина углеродной цепи,Содержание полимера,,
Длина углеродной цепи,"Содержание серы, % масс.",,
Длина углеродной цепи,"Содержание серы, мг/кг",,
Длина углеродной цепи,Соотношение мономеров (EO:PO),,
Длина углеродной цепи,Средневесовая масса,,
Длина углеродной цепи,Степень полисульфидности,,
Длина углеродной цепи,"Стерический фактор, Å3",,
Длина углеродной цепи,Структура УВ-радикала,,
Длина углеродной цепи,"Температура застывания, ГОСТ 20287, метод Б",,
Длина углеродной цепи,"Температура плавления, °C",,
Длина углеродной цепи,Температура проведения теста | -,,
Длина углеродной цепи,"Температура разложения, °C",,
Длина углеродной цепи,Тип АО,,
Длина углеродной цепи,Тип лиганда,,
Длина углеродной цепи,Тип полимера,,
Длина углеродной цепи,Тип спиртового радикала,,
Длина углеродной цепи,Тип сукцинимида,,
Длина углеродной цепи,"Химический потенциал, Дж/моль",,
Длина углеродной цепи,Цвет | ASTM D1500,,
Длина углеродной цепи,Цвет Сейболт | -,,
Длина углеродной цепи,"Щелочное число, ASTM D2896",,
Длина углеродной цепи,"Щелочное число, ГОСТ 11362",,
Длина углеродной цепи,"Энергия ВЗМО, эВ",,
Длина углеродной цепи,"Энергия НСМО, эВ",,
Длина углеродной цепи,"Энергия диссоциации связи Х-Н, ккал/моль",,
"Индекс вязкости, ГОСТ 25371",Индекс полидисперсности,,
"Индекс вязкости, ГОСТ 25371","Индекс стабильности, %",,
"Индекс вязкости, ГОСТ 25371",Категория,,
"Индекс вязкости, ГОСТ 25371",Кинематическая вязкость,,
"Индекс вязкости, ГОСТ 25371","Кинематическая вязкость, при -30⁰С | ASTM D445",,
"Индекс вязкости, ГОСТ 25371",Класс полиамина,,
"Индекс вязкости, ГОСТ 25371",Класс субстрата,,
"Индекс вязкости, ГОСТ 25371","Масса гидрофобного хвоста, г/моль",,
"Индекс вязкости, ГОСТ 25371",Модификация,,
"Индекс вязкости, ГОСТ 25371",Номер CAS,,
"Индекс вязкости, ГОСТ 25371",Номер CAS / SMILES,,
"Индекс вязкости, ГОСТ 25371",Отношение S:Mo,,
"Индекс вязкости, ГОСТ 25371",Отношение Мыло/Основание,,
"Индекс вязкости, ГОСТ 25371","Потенциал ионизации,эВ",,
"Индекс вязкости, ГОСТ 25371",Происхождение,,
"Индекс вязкости, ГОСТ 25371",Разветвленность радикала / радикалов,,
"Индекс вязкости, ГОСТ 25371","Размер мицелл, нм",,
"Индекс вязкости, ГОСТ 25371","Содержание MgCO3, CaCO3, % масс.",,
"Индекс вязкости, ГОСТ 25371",Содержание Азота,,
"Индекс вязкости, ГОСТ 25371",Содержание Бора,,
"Индекс вязкости, ГОСТ 25371",Содержание ароматики,,
"Индекс вязкости, ГОСТ 25371","Содержание воды, % масс.",,
"Индекс вязкости, ГОСТ 25371","Содержание других элементов (например, бора)",,
"Индекс вязкости, ГОСТ 25371",Содержание масла,,
"Индекс вязкости, ГОСТ 25371","Содержание масла, % масс.",,
"Индекс вязкости, ГОСТ 25371","Содержание металла (Ca/Mg), % масс.",,
"Индекс вязкости, ГОСТ 25371","Содержание мыла, % масс.",,
"Индекс вязкости, ГОСТ 25371",Содержание насыщ. у/в,,
"Индекс вязкости, ГОСТ 25371",Содержание полимера,,
"Индекс вязкости, ГОСТ 25371","Содержание серы, % масс.",,
"Индекс вязкости, ГОСТ 25371","Содержание серы, мг/кг",,
"Индекс вязкости, ГОСТ 25371",Соотношение мономеров (EO:PO),,
"Индекс вязкости, ГОСТ 25371",Средневесовая масса,,
"Индекс вязкости, ГОСТ 25371",Степень полисульфидности,,
"Индекс вязкости, ГОСТ 25371","Стерический фактор, Å3",,
"Индекс вязкости, ГОСТ 25371",Структура УВ-радикала,,
"Индекс вязкости, ГОСТ 25371","Температура плавления, °C",,
"Индекс вязкости, ГОСТ 25371","Температура разложения, °C",,
"Индекс вязкости, ГОСТ 25371",Тип АО,,
"Индекс вязкости, ГОСТ 25371",Тип лиганда,,
"Индекс вязкости, ГОСТ 25371",Тип полимера,,
"Индекс вязкости, ГОСТ 25371",Тип спиртового радикала,,
"Индекс вязкости, ГОСТ 25371",Тип сукцинимида,,
"Индекс вязкости, ГОСТ 25371","Химический потенциал, Дж/моль",,
"Индекс вязкости, ГОСТ 25371","Энергия ВЗМО, эВ",,
"Индекс вязкости, ГОСТ 25371","Энергия НСМО, эВ",,
"Индекс вязкости, ГОСТ 25371","Энергия диссоциации связи Х-Н, ккал/моль",,
Индекс полидисперсности,"Индекс стабильности, %",,
Индекс полидисперсности,"Испаряемость по NOACK, ASTM D5800",,
Индекс полидисперсности,Категория,,
Индекс полидисперсности,Кинематическая вязкость,,
Индекс полидисперсности,"Кинематическая вязкость, при -30⁰С | ASTM D445",,
Индекс полидисперсности,"Кинематическая вязкость, при 100°C, ASTM D445",,
Индекс полидисперсности,"Кинематическая вязкость, при 40°C, ASTM D445",,
Индекс полидисперсности,"Кислотное число, ГОСТ 11362",,
Индекс полидисперсности,Класс полиамина,,
Индекс полидисперсности,Класс субстрата,,
Индекс полидисперсности,"Масса гидрофобного хвоста, г/моль",,
Индекс полидисперсности,Массовая доля кальция | ASTM D6481,,
Индекс полидисперсности,"Массовая доля кальция, ASTM D6481",,
Индекс полидисперсности,Массовая доля серы | ASTM D6481,,
Индекс полидисперсности,"Массовая доля серы, ASTM D6481",,
Индекс полидисперсности,"Массовая доля сульфатной золы, ГОСТ 12417",,
Индекс полидисперсности,Массовая доля фосфора | ASTM D6481,,
Индекс полидисперсности,"Массовая доля фосфора, ASTM D6481",,
Индекс полидисперсности,Массовая доля цинка | ASTM D6481,,
Индекс полидисперсности,"Массовая доля цинка, ASTM D6481",,
Индекс полидисперсности,Модификация,,
Индекс полидисперсности,Номер CAS,,
Индекс полидисперсности,Номер CAS / SMILES,,
Индекс полидисперсности,Общее содержание азота | ASTM D3228,,
Индекс полидисперсности,Определение содержания воды методом Карла Фишера | ASTM D 6304,,
Индекс полидисперсности,Отношение S:Mo,,
Индекс полидисперсности,Отношение Мыло/Основание,,
Индекс полидисперсности,"Плотность при 15°С, ASTM D4052",,
Индекс полидисперсности,"Плотность при 20°С, ASTM D4052",,
Индекс полидисперсности,Последовательность 1 | ASTM D892,,
Индекс полидисперсности,Последовательность 2 | ASTM D892,,
Индекс полидисперсности,Последовательность 3 | ASTM D892,,
Индекс полидисперсности,"Потенциал ионизации,эВ",,
Индекс полидисперсности,Происхождение,,
Индекс полидисперсности,Разветвленность радикала / радикалов,,
Индекс полидисперсности,"Размер мицелл, нм",,
Индекс полидисперсности,"Содержание MgCO3, CaCO3, % масс.",,
Индекс полидисперсности,Содержание Азота,,
Индекс полидисперсности,Содержание Бора,,
Индекс полидисперсности,Содержание ароматики,,
Индекс полидисперсности,"Содержание воды, % масс.",,
Индекс полидисперсности,"Содержание других элементов (например, бора)",,
Индекс полидисперсности,Содержание масла,,
Индекс полидисперсности,"Содержание масла, % масс.",,
Индекс полидисперсности,"Содержание металла (Ca/Mg), % масс.",,
Индекс полидисперсности,"Содержание мыла, % масс.",,
Индекс полидисперсности,Содержание насыщ. у/в,,
Индекс полидисперсности,Содержание полимера,,
Индекс полидисперсности,"Содержание серы, % масс.",,
Индекс полидисперсности,"Содержание серы, мг/кг",,
Индекс полидисперсности,Соотношение мономеров (EO:PO),,
Индекс полидисперсности,Средневесовая масса,,
Индекс полидисперсности,Степень полисульфидности,,
Индекс полидисперсности,"Стерический фактор, Å3",,
Индекс полидисперсности,Структура УВ-радикала,,
Индекс полидисперсности,"Температура застывания, ГОСТ 20287, метод Б",,
Индекс полидисперсности,"Температура плавления, °C",,
Индекс полидисперсности,Температура проведения теста | -,,
Индекс полидисперсности,"Температура разложения, °C",,
Индекс полидисперсности,Тип АО,,
Индекс полидисперсности,Тип лиганда,,
Индекс полидисперсности,Тип полимера,,
Индекс полидисперсности,Тип спиртового радикала,,
Индекс полидисперсности,Тип сукцинимида,,
Индекс полидисперсности,"Химический потенциал, Дж/моль",,
Индекс полидисперсности,Цвет | ASTM D1500,,
Индекс полидисперсности,Цвет Сейболт | -,,
Индекс полидисперсности,"Щелочное число, ASTM D2896",,
Индекс полидисперсности,"Щелочное число, ГОСТ 11362",,
Индекс полидисперсности,"Энергия ВЗМО, эВ",,
Индекс полидисперсности,"Энергия НСМО, эВ",,
Индекс полидисперсности,"Энергия диссоциации связи Х-Н, ккал/моль",,
"Индекс стабильности, %","Испаряемость по NOACK, ASTM D5800",,
"Индекс стабильности, %",Категория,,
"Индекс стабильности, %",Кинематическая вязкость,,
"Индекс стабильности, %","Кинематическая вязкость, при -30⁰С | ASTM D445",,
"Индекс стабильности, %","Кинематическая вязкость, при 100°C, ASTM D445",,
"Индекс стабильности, %","Кинематическая вязкость, при 40°C, ASTM D445",,
"Индекс стабильности, %","Кислотное число, ГОСТ 11362",,
"Индекс стабильности, %",Класс полиамина,,
"Индекс стабильности, %",Класс субстрата,,
"Индекс стабильности, %","Масса гидрофобного хвоста, г/моль",,
"Индекс стабильности, %",Массовая доля кальция | ASTM D6481,,
"Индекс стабильности, %","Массовая доля кальция, ASTM D6481",,
"Индекс стабильности, %",Массовая доля серы | ASTM D6481,,
"Индекс стабильности, %","Массовая доля серы, ASTM D6481",,
"Индекс стабильности, %","Массовая доля сульфатной золы, ГОСТ 12417",,
"Индекс стабильности, %",Массовая доля фосфора | ASTM D6481,,
"Индекс стабильности, %","Массовая доля фосфора, ASTM D6481",,
"Индекс стабильности, %",Массовая доля цинка | ASTM D6481,,
"Индекс стабильности, %","Массовая доля цинка, ASTM D6481",,
"Индекс стабильности, %",Модификация,,
"Индекс стабильности, %",Номер CAS,,
"Индекс стабильности, %",Номер CAS / SMILES,,
"Индекс стабильности, %",Общее содержание азота | ASTM D3228,,
"Индекс стабильности, %",Определение содержания воды методом Карла Фишера | ASTM D 6304,,
"Индекс стабильности, %",Отношение S:Mo,,
"Индекс стабильности, %",Отношение Мыло/Основание,,
"Индекс стабильности, %","Плотность при 15°С, ASTM D4052",,
"Индекс стабильности, %","Плотность при 20°С, ASTM D4052",,
"Индекс стабильности, %",Последовательность 1 | ASTM D892,,
"Индекс стабильности, %",Последовательность 2 | ASTM D892,,
"Индекс стабильности, %",Последовательность 3 | ASTM D892,,
"Индекс стабильности, %","Потенциал ионизации,эВ",,
"Индекс стабильности, %",Происхождение,,
"Индекс стабильности, %",Разветвленность радикала / радикалов,,
"Индекс стабильности, %","Размер мицелл, нм",,
"Индекс стабильности, %","Содержание MgCO3, CaCO3, % масс.",,
"Индекс стабильности, %",Содержание Азота,,
"Индекс стабильности, %",Содержание Бора,,
"Индекс стабильности, %",Содержание ароматики,,
"Индекс стабильности, %","Содержание воды, % масс.",,
"Индекс стабильности, %","Содержание других элементов (например, бора)",,
"Индекс стабильности, %",Содержание масла,,
"Индекс стабильности, %","Содержание масла, % масс.",,
"Индекс стабильности, %","Содержание металла (Ca/Mg), % масс.",,
"Индекс стабильности, %","Содержание мыла, % масс.",,
"Индекс стабильности, %",Содержание насыщ. у/в,,
"Индекс стабильности, %",Содержание полимера,,
"Индекс стабильности, %","Содержание серы, % масс.",,
"Индекс стабильности, %","Содержание серы, мг/кг",,
"Индекс стабильности, %",Соотношение мономеров (EO:PO),,
"Индекс стабильности, %",Средневесовая масса,,
"Индекс стабильности, %",Степень полисульфидности,,
"Индекс стабильности, %","Стерический фактор, Å3",,
"Индекс стабильности, %",Структура УВ-радикала,,
"Индекс стабильности, %","Температура застывания, ГОСТ 20287, метод Б",,
"Индекс стабильности, %","Температура плавления, °C",,
"Индекс стабильности, %",Температура проведения теста | -,,
"Индекс стабильности, %","Температура разложения, °C",,
"Индекс стабильности, %",Тип АО,,
"Индекс стабильности, %",Тип лиганда,,
"Индекс стабильности, %",Тип полимера,,
"Индекс стабильности, %",Тип спиртового радикала,,
"Индекс стабильности, %",Тип сукцинимида,,
"Индекс стабильности, %","Химический потенциал, Дж/моль",,
"Индекс стабильности, %",Цвет | ASTM D1500,,
"Индекс стабильности, %",Цвет Сейболт | -,,
"Индекс стабильности, %","Щелочное число, ASTM D2896",,
"Индекс стабильности, %","Щелочное число, ГОСТ 11362",,
"Индекс стабильности, %","Энергия ВЗМО, эВ",,
"Индекс стабильности, %","Энергия НСМО, эВ",,
"Индекс стабильности, %","Энергия диссоциации связи Х-Н, ккал/моль",,
"Испаряемость по NOACK, ASTM D5800",Категория,,
"Испаряемость по NOACK, ASTM D5800",Кинематическая вязкость,,
"Испаряемость по NOACK, ASTM D5800","Кинематическая вязкость, при -30⁰С | ASTM D445",,
"Испаряемость по NOACK, ASTM D5800",Класс полиамина,,
"Испаряемость по NOACK, ASTM D5800",Класс субстрата,,
"Испаряемость по NOACK, ASTM D5800","Масса гидрофобного хвоста, г/моль",,
"Испаряемость по NOACK, ASTM D5800",Модификация,,
"Испаряемость по NOACK, ASTM D5800",Номер CAS,,
"Испаряемость по NOACK, ASTM D5800",Номер CAS / SMILES,,
"Испаряемость по NOACK, ASTM D5800",Отношение S:Mo,,
"Испаряемость по NOACK, ASTM D5800",Отношение Мыло/Основание,,
"Испаряемость по NOACK, ASTM D5800","Потенциал ионизации,эВ",,
"Испаряемость по NOACK, ASTM D5800",Происхождение,,
"Испаряемость по NOACK, ASTM D5800",Разветвленность радикала / радикалов,,
"Испаряемость по NOACK, ASTM D5800","Размер мицелл, нм",,
"Испаряемость по NOACK, ASTM D5800","Содержание MgCO3, CaCO3, % масс.",,
"Испаряемость по NOACK, ASTM D5800",Содержание Азота,,
"Испаряемость по NOACK, ASTM D5800",Содержание Бора,,
"Испаряемость по NOACK, ASTM D5800",Содержание ароматики,,
"Испаряемость по NOACK, ASTM D5800","Содержание воды, % масс.",,
"Испаряемость по NOACK, ASTM D5800","Содержание других элементов (например, бора)",,
"Испаряемость по NOACK, ASTM D5800",Содержание масла,,
"Испаряемость по NOACK, ASTM D5800","Содержание масла, % масс.",,
"Испаряемость по NOACK, ASTM D5800","Содержание металла (Ca/Mg), % масс.",,
"Испаряемость по NOACK, ASTM D5800","Содержание мыла, % масс.",,
"Испаряемость по NOACK, ASTM D5800",Содержание насыщ. у/в,,
"Испаряемость по NOACK, ASTM D5800",Содержание полимера,,
"Испаряемость по NOACK, ASTM D5800","Содержание серы, % масс.",,
"Испаряемость по NOACK, ASTM D5800","Содержание серы, мг/кг",,
"Испаряемость по NOACK, ASTM D5800",Соотношение мономеров (EO:PO),,
"Испаряемость по NOACK, ASTM D5800",Средневесовая масса,,
"Испаряемость по NOACK, ASTM D5800",Степень полисульфидности,,
"Испаряемость по NOACK, ASTM D5800","Стерический фактор, Å3",,
"Испаряемость по NOACK, ASTM D5800",Структура УВ-радикала,,
"Испаряемость по NOACK, ASTM D5800","Температура плавления, °C",,
"Испаряемость по NOACK, ASTM D5800","Температура разложения, °C",,
"Испаряемость по NOACK, ASTM D5800",Тип АО,,
"Испаряемость по NOACK, ASTM D5800",Тип лиганда,,
"Испаряемость по NOACK, ASTM D5800",Тип полимера,,
"Испаряемость по NOACK, ASTM D5800",Тип спиртового радикала,,
"Испаряемость по NOACK, ASTM D5800",Тип сукцинимида,,
"Испаряемость по NOACK, ASTM D5800","Химический потенциал, Дж/моль",,
"Испаряемость по NOACK, ASTM D5800","Энергия ВЗМО, эВ",,
"Испаряемость по NOACK, ASTM D5800","Энергия НСМО, эВ",,
"Испаряемость по NOACK, ASTM D5800","Энергия диссоциации связи Х-Н, ккал/моль",,
Категория,Кинематическая вязкость,,
Категория,"Кинематическая вязкость, при -30⁰С | ASTM D445",,
Категория,"Кинематическая вязкость, при 100°C, ASTM D445",,
Категория,"Кинематическая вязкость, при 40°C, ASTM D445",,
Категория,"Кислотное число, ГОСТ 11362",,
Категория,Класс полиамина,,
Категория,Класс субстрата,,
Категория,"Масса гидрофобного хвоста, г/моль",,
Категория,Массовая доля кальция | ASTM D6481,,
Категория,"Массовая доля кальция, ASTM D6481",,
Категория,Массовая доля серы | ASTM D6481,,
Категория,"Массовая доля серы, ASTM D6481",,
Категория,"Массовая доля сульфатной золы, ГОСТ 12417",,
Категория,Массовая доля фосфора | ASTM D6481,,
Категория,"Массовая доля фосфора, ASTM D6481",,
Категория,Массовая доля цинка | ASTM D6481,,
Категория,"Массовая доля цинка, ASTM D6481",,
Категория,Модификация,,
Категория,Номер CAS,,
Категория,Номер CAS / SMILES,,
Категория,Общее содержание азота | ASTM D3228,,
Категория,Определение содержания воды методом Карла Фишера | ASTM D 6304,,
Категория,Отношение S:Mo,,
Категория,Отношение Мыло/Основание,,
Категория,"Плотность при 15°С, ASTM D4052",,
Категория,"Плотность при 20°С, ASTM D4052",,
Категория,Последовательность 1 | ASTM D892,,
Категория,Последовательность 2 | ASTM D892,,
Категория,Последовательность 3 | ASTM D892,,
Категория,"Потенциал ионизации,эВ",,
Категория,Происхождение,,
Категория,Разветвленность радикала / радикалов,,
Категория,"Размер мицелл, нм",,
Категория,"Содержание MgCO3, CaCO3, % масс.",,
Категория,Содержание Азота,,
Категория,Содержание Бора,,
Категория,Содержание ароматики,,
Категория,"Содержание воды, % масс.",,
Категория,"Содержание других элементов (например, бора)",,
Категория,Содержание масла,,
Категория,"Содержание масла, % масс.",,
Категория,"Содержание металла (Ca/Mg), % масс.",,
Категория,"Содержание мыла, % масс.",,
Категория,Содержание насыщ. у/в,,
Категория,Содержание полимера,,
Категория,"Содержание серы, % масс.",,
Категория,"Содержание серы, мг/кг",,
Категория,Соотношение мономеров (EO:PO),,
Категория,Средневесовая масса,,
Категория,Степень полисульфидности,,
Категория,"Стерический фактор, Å3",,
Категория,Структура УВ-радикала,,
Категория,"Температура застывания, ГОСТ 20287, метод Б",,
Категория,"Температура плавления, °C",,
Категория,Температура проведения теста | -,,
Категория,"Температура разложения, °C",,
Категория,Тип АО,,
Категория,Тип лиганда,,
Категория,Тип полимера,,
Категория,Тип спиртового радикала,,
Категория,Тип сукцинимида,,
Категория,"Химический потенциал, Дж/моль",,
Категория,Цвет | ASTM D1500,,
Категория,Цвет Сейболт | -,,
Категория,"Щелочное число, ASTM D2896",,
Категория,"Щелочное число, ГОСТ 11362",,
Категория,"Энергия ВЗМО, эВ",,
Категория,"Энергия НСМО, эВ",,
Категория,"Энергия диссоциации связи Х-Н, ккал/моль",,
Кинематическая вязкость,"Кинематическая вязкость, при -30⁰С | ASTM D445",,
Кинематическая вязкость,"Кинематическая вязкость, при 100°C, ASTM D445",,
Кинематическая вязкость,"Кинематическая вязкость, при 40°C, ASTM D445",,
Кинематическая вязкость,"Кислотное число, ГОСТ 11362",,
Кинематическая вязкость,Класс полиамина,,
Кинематическая вязкость,Класс субстрата,,
Кинематическая вязкость,"Масса гидрофобного хвоста, г/моль",,
Кинематическая вязкость,Массовая доля кальция | ASTM D6481,,
Кинематическая вязкость,"Массовая доля кальция, ASTM D6481",,
Кинематическая вязкость,Массовая доля серы | ASTM D6481,,
Кинематическая вязкость,"Массовая доля серы, ASTM D6481",,
Кинематическая вязкость,"Массовая доля сульфатной золы, ГОСТ 12417",,
Кинематическая вязкость,Массовая доля фосфора | ASTM D6481,,
Кинематическая вязкость,"Массовая доля фосфора, ASTM D6481",,
Кинематическая вязкость,Массовая доля цинка | ASTM D6481,,
Кинематическая вязкость,"Массовая доля цинка, ASTM D6481",,
Кинематическая вязкость,Модификация,,
Кинематическая вязкость,Номер CAS,,
Кинематическая вязкость,Номер CAS / SMILES,,
Кинематическая вязкость,Общее содержание азота | ASTM D3228,,
Кинематическая вязкость,Определение содержания воды методом Карла Фишера | ASTM D 6304,,
Кинематическая вязкость,Отношение S:Mo,,
Кинематическая вязкость,Отношение Мыло/Основание,,
Кинематическая вязкость,"Плотность при 15°С, ASTM D4052",,
Кинематическая вязкость,"Плотность при 20°С, ASTM D4052",,
Кинематическая вязкость,Последовательность 1 | ASTM D892,,
Кинематическая вязкость,Последовательность 2 | ASTM D892,,
Кинематическая вязкость,Последовательность 3 | ASTM D892,,
Кинематическая вязкость,"Потенциал ионизации,эВ",,
Кинематическая вязкость,Происхождение,,
Кинематическая вязкость,Разветвленность радикала / радикалов,,
Кинематическая вязкость,"Размер мицелл, нм",,
Кинематическая вязкость,"Содержание MgCO3, CaCO3, % масс.",,
Кинематическая вязкость,Содержание Азота,,
Кинематическая вязкость,Содержание Бора,,
Кинематическая вязкость,Содержание ароматики,,
Кинематическая вязкость,"Содержание воды, % масс.",,
Кинематическая вязкость,"Содержание других элементов (например, бора)",,
Кинематическая вязкость,Содержание масла,,
Кинематическая вязкость,"Содержание масла, % масс.",,
Кинематическая вязкость,"Содержание металла (Ca/Mg), % масс.",,
Кинематическая вязкость,"Содержание мыла, % масс.",,
Кинематическая вязкость,Содержание насыщ. у/в,,
Кинематическая вязкость,Содержание полимера,,
Кинематическая вязкость,"Содержание серы, % масс.",,
Кинематическая вязкость,"Содержание серы, мг/кг",,
Кинематическая вязкость,Соотношение мономеров (EO:PO),,
Кинематическая вязкость,Средневесовая масса,,
Кинематическая вязкость,Степень полисульфидности,,
Кинематическая вязкость,"Стерический фактор, Å3",,
Кинематическая вязкость,Структура УВ-радикала,,
Кинематическая вязкость,"Температура застывания, ГОСТ 20287, метод Б",,
Кинематическая вязкость,"Температура плавления, °C",,
Кинематическая вязкость,Температура проведения теста | -,,
Кинематическая вязкость,"Температура разложения, °C",,
Кинематическая вязкость,Тип АО,,
Кинематическая вязкость,Тип лиганда,,
Кинематическая вязкость,Тип полимера,,
Кинематическая вязкость,Тип спиртового радикала,,
Кинематическая вязкость,Тип сукцинимида,,
Кинематическая вязкость,"Химический потенциал, Дж/моль",,
Кинематическая вязкость,Цвет | ASTM D1500,,
Кинематическая вязкость,Цвет Сейболт | -,,
Кинематическая вязкость,"Щелочное число, ASTM D2896",,
Кинематическая вязкость,"Щелочное число, ГОСТ 11362",,
Кинематическая вязкость,"Энергия ВЗМО, эВ",,
Кинематическая вязкость,"Энергия НСМО, эВ",,
Кинематическая вязкость,"Энергия диссоциации связи Х-Н, ккал/моль",,
"Кинематическая вязкость, при -30⁰С | ASTM D445","Кинематическая вязкость, при 100°C, ASTM D445",,
"Кинематическая вязкость, при -30⁰С | ASTM D445","Кинематическая вязкость, при 40°C, ASTM D445",,
"Кинематическая вязкость, при -30⁰С | ASTM D445","Кислотное число, ГОСТ 11362",,
"Кинематическая вязкость, при -30⁰С | ASTM D445",Класс полиамина,,
"Кинематическая вязкость, при -30⁰С | ASTM D445",Класс субстрата,,
"Кинематическая вязкость, при -30⁰С | ASTM D445","Масса гидрофобного хвоста, г/моль",,
"Кинематическая вязкость, при -30⁰С | ASTM D445",Массовая доля кальция | ASTM D6481,,
"Кинематическая вязкость, при -30⁰С | ASTM D445","Массовая доля кальция, ASTM D6481",,
"Кинематическая вязкость, при -30⁰С | ASTM D445",Массовая доля серы | ASTM D6481,,
"Кинематическая вязкость, при -30⁰С | ASTM D445","Массовая доля серы, ASTM D6481",,
"Кинематическая вязкость, при -30⁰С | ASTM D445","Массовая доля сульфатной золы, ГОСТ 12417",,
"Кинематическая вязкость, при -30⁰С | ASTM D445",Массовая доля фосфора | ASTM D6481,,
"Кинематическая вязкость, при -30⁰С | ASTM D445","Массовая доля фосфора, ASTM D6481",,
"Кинематическая вязкость, при -30⁰С | ASTM D445",Массовая доля цинка | ASTM D6481,,
"Кинематическая вязкость, при -30⁰С | ASTM D445","Массовая доля цинка, ASTM D6481",,
"Кинематическая вязкость, при -30⁰С | ASTM D445",Модификация,,
"Кинематическая вязкость, при -30⁰С | ASTM D445",Номер CAS,,
"Кинематическая вязкость, при -30⁰С | ASTM D445",Номер CAS / SMILES,,
"Кинематическая вязкость, при -30⁰С | ASTM D445",Общее содержание азота | ASTM D3228,,
"Кинематическая вязкость, при -30⁰С | ASTM D445",Определение содержания воды методом Карла Фишера | ASTM D 6304,,
"Кинематическая вязкость, при -30⁰С | ASTM D445",Отношение S:Mo,,
"Кинематическая вязкость, при -30⁰С | ASTM D445",Отношение Мыло/Основание,,
"Кинематическая вязкость, при -30⁰С | ASTM D445","Плотность при 15°С, ASTM D4052",,
"Кинематическая вязкость, при -30⁰С | ASTM D445","Плотность при 20°С, ASTM D4052",,
"Кинематическая вязкость, при -30⁰С | ASTM D445",Последовательность 1 | ASTM D892,,
"Кинематическая вязкость, при -30⁰С | ASTM D445",Последовательность 2 | ASTM D892,,
"Кинематическая вязкость, при -30⁰С | ASTM D445",Последовательность 3 | ASTM D892,,
"Кинематическая вязкость, при -30⁰С | ASTM D445","Потенциал ионизации,эВ",,
"Кинематическая вязкость, при -30⁰С | ASTM D445",Происхождение,,
"Кинематическая вязкость, при -30⁰С | ASTM D445",Разветвленность радикала / радикалов,,
"Кинематическая вязкость, при -30⁰С | ASTM D445","Размер мицелл, нм",,
"Кинематическая вязкость, при -30⁰С | ASTM D445","Содержание MgCO3, CaCO3, % масс.",,
"Кинематическая вязкость, при -30⁰С | ASTM D445",Содержание Азота,,
"Кинематическая вязкость, при -30⁰С | ASTM D445",Содержание Бора,,
"Кинематическая вязкость, при -30⁰С | ASTM D445",Содержание ароматики,,
"Кинематическая вязкость, при -30⁰С | ASTM D445","Содержание воды, % масс.",,
"Кинематическая вязкость, при -30⁰С | ASTM D445","Содержание других элементов (например, бора)",,
"Кинематическая вязкость, при -30⁰С | ASTM D445",Содержание масла,,
"Кинематическая вязкость, при -30⁰С | ASTM D445","Содержание масла, % масс.",,
"Кинематическая вязкость, при -30⁰С | ASTM D445","Содержание металла (Ca/Mg), % масс.",,
"Кинематическая вязкость, при -30⁰С | ASTM D445","Содержание мыла, % масс.",,
"Кинематическая вязкость, при -30⁰С | ASTM D445",Содержание насыщ. у/в,,
"Кинематическая вязкость, при -30⁰С | ASTM D445",Содержание полимера,,
"Кинематическая вязкость, при -30⁰С | ASTM D445","Содержание серы, % масс.",,
"Кинематическая вязкость, при -30⁰С | ASTM D445","Содержание серы, мг/кг",,
"Кинематическая вязкость, при -30⁰С | ASTM D445",Соотношение мономеров (EO:PO),,
"Кинематическая вязкость, при -30⁰С | ASTM D445",Средневесовая масса,,
"Кинематическая вязкость, при -30⁰С | ASTM D445",Степень полисульфидности,,
"Кинематическая вязкость, при -30⁰С | ASTM D445","Стерический фактор, Å3",,
"Кинематическая вязкость, при -30⁰С | ASTM D445",Структура УВ-радикала,,
"Кинематическая вязкость, при -30⁰С | ASTM D445","Температура застывания, ГОСТ 20287, метод Б",,
"Кинематическая вязкость, при -30⁰С | ASTM D445","Температура плавления, °C",,
"Кинематическая вязкость, при -30⁰С | ASTM D445",Температура проведения теста | -,,
"Кинематическая вязкость, при -30⁰С | ASTM D445","Температура разложения, °C",,
"Кинематическая вязкость, при -30⁰С | ASTM D445",Тип АО,,
"Кинематическая вязкость, при -30⁰С | ASTM D445",Тип лиганда,,
"Кинематическая вязкость, при -30⁰С | ASTM D445",Тип полимера,,
"Кинематическая вязкость, при -30⁰С | ASTM D445",Тип спиртового радикала,,
"Кинематическая вязкость, при -30⁰С | ASTM D445",Тип сукцинимида,,
"Кинематическая вязкость, при -30⁰С | ASTM D445","Химический потенциал, Дж/моль",,
"Кинематическая вязкость, при -30⁰С | ASTM D445",Цвет | ASTM D1500,,
"Кинематическая вязкость, при -30⁰С | ASTM D445",Цвет Сейболт | -,,
"Кинематическая вязкость, при -30⁰С | ASTM D445","Щелочное число, ASTM D2896",,
"Кинематическая вязкость, при -30⁰С | ASTM D445","Щелочное число, ГОСТ 11362",,
"Кинематическая вязкость, при -30⁰С | ASTM D445","Энергия ВЗМО, эВ",,
"Кинематическая вязкость, при -30⁰С | ASTM D445","Энергия НСМО, эВ",,
"Кинематическая вязкость, при -30⁰С | ASTM D445","Энергия диссоциации связи Х-Н, ккал/моль",,
"Кинематическая вязкость, при 100°C, ASTM D445",Класс полиамина,,
"Кинематическая вязкость, при 100°C, ASTM D445",Класс субстрата,,
"Кинематическая вязкость, при 100°C, ASTM D445","Масса гидрофобного хвоста, г/моль",,
"Кинематическая вязкость, при 100°C, ASTM D445",Модификация,,
"Кинематическая вязкость, при 100°C, ASTM D445",Номер CAS,,
"Кинематическая вязкость, при 100°C, ASTM D445",Номер CAS / SMILES,,
"Кинематическая вязкость, при 100°C, ASTM D445",Отношение S:Mo,,
"Кинематическая вязкость, при 100°C, ASTM D445",Отношение Мыло/Основание,,
"Кинематическая вязкость, при 100°C, ASTM D445","Потенциал ионизации,эВ",,
"Кинематическая вязкость, при 100°C, ASTM D445",Происхождение,,
"Кинематическая вязкость, при 100°C, ASTM D445",Разветвленность радикала / радикалов,,
"Кинематическая вязкость, при 100°C, ASTM D445","Размер мицелл, нм",,
"Кинематическая вязкость, при 100°C, ASTM D445","Содержание MgCO3, CaCO3, % масс.",,
"Кинематическая вязкость, при 100°C, ASTM D445",Содержание Азота,,
"Кинематическая вязкость, при 100°C, ASTM D445",Содержание Бора,,
"Кинематическая вязкость, при 100°C, ASTM D445",Содержание ароматики,,
"Кинематическая вязкость, при 100°C, ASTM D445","Содержание воды, % масс.",,
"Кинематическая вязкость, при 100°C, ASTM D445","Содержание других элементов (например, бора)",,
"Кинематическая вязкость, при 100°C, ASTM D445",Содержание масла,,
"Кинематическая вязкость, при 100°C, ASTM D445","Содержание масла, % масс.",,
"Кинематическая вязкость, при 100°C, ASTM D445","Содержание металла (Ca/Mg), % масс.",,
"Кинематическая вязкость, при 100°C, ASTM D445","Содержание мыла, % масс.",,
"Кинематическая вязкость, при 100°C, ASTM D445",Содержание насыщ. у/в,,
"Кинематическая вязкость, при 100°C, ASTM D445",Содержание полимера,,
"Кинематическая вязкость, при 100°C, ASTM D445","Содержание серы, % масс.",,
"Кинематическая вязкость, при 100°C, ASTM D445","Содержание серы, мг/кг",,
"Кинематическая вязкость, при 100°C, ASTM D445",Соотношение мономеров (EO:PO),,
"Кинематическая вязкость, при 100°C, ASTM D445",Средневесовая масса,,
"Кинематическая вязкость, при 100°C, ASTM D445",Степень полисульфидности,,
"Кинематическая вязкость, при 100°C, ASTM D445","Стерический фактор, Å3",,
"Кинематическая вязкость, при 100°C, ASTM D445",Структура УВ-радикала,,
"Кинематическая вязкость, при 100°C, ASTM D445","Температура плавления, °C",,
"Кинематическая вязкость, при 100°C, ASTM D445","Температура разложения, °C",,
"Кинематическая вязкость, при 100°C, ASTM D445",Тип АО,,
"Кинематическая вязкость, при 100°C, ASTM D445",Тип лиганда,,
"Кинематическая вязкость, при 100°C, ASTM D445",Тип полимера,,
"Кинематическая вязкость, при 100°C, ASTM D445",Тип спиртового радикала,,
"Кинематическая вязкость, при 100°C, ASTM D445",Тип сукцинимида,,
"Кинематическая вязкость, при 100°C, ASTM D445","Химический потенциал, Дж/моль",,
"Кинематическая вязкость, при 100°C, ASTM D445","Энергия ВЗМО, эВ",,
"Кинематическая вязкость, при 100°C, ASTM D445","Энергия НСМО, эВ",,
"Кинематическая вязкость, при 100°C, ASTM D445","Энергия диссоциации связи Х-Н, ккал/моль",,
"Кинематическая вязкость, при 40°C, ASTM D445",Класс полиамина,,
"Кинематическая вязкость, при 40°C, ASTM D445",Класс субстрата,,
"Кинематическая вязкость, при 40°C, ASTM D445","Масса гидрофобного хвоста, г/моль",,
"Кинематическая вязкость, при 40°C, ASTM D445",Модификация,,
"Кинематическая вязкость, при 40°C, ASTM D445",Номер CAS,,
"Кинематическая вязкость, при 40°C, ASTM D445",Номер CAS / SMILES,,
"Кинематическая вязкость, при 40°C, ASTM D445",Отношение S:Mo,,
"Кинематическая вязкость, при 40°C, ASTM D445",Отношение Мыло/Основание,,
"Кинематическая вязкость, при 40°C, ASTM D445","Потенциал ионизации,эВ",,
"Кинематическая вязкость, при 40°C, ASTM D445",Происхождение,,
"Кинематическая вязкость, при 40°C, ASTM D445",Разветвленность радикала / радикалов,,
"Кинематическая вязкость, при 40°C, ASTM D445","Размер мицелл, нм",,
"Кинематическая вязкость, при 40°C, ASTM D445","Содержание MgCO3, CaCO3, % масс.",,
"Кинематическая вязкость, при 40°C, ASTM D445",Содержание Азота,,
"Кинематическая вязкость, при 40°C, ASTM D445",Содержание Бора,,
"Кинематическая вязкость, при 40°C, ASTM D445",Содержание ароматики,,
"Кинематическая вязкость, при 40°C, ASTM D445","Содержание воды, % масс.",,
"Кинематическая вязкость, при 40°C, ASTM D445","Содержание других элементов (например, бора)",,
"Кинематическая вязкость, при 40°C, ASTM D445",Содержание масла,,
"Кинематическая вязкость, при 40°C, ASTM D445","Содержание масла, % масс.",,
"Кинематическая вязкость, при 40°C, ASTM D445","Содержание металла (Ca/Mg), % масс.",,
"Кинематическая вязкость, при 40°C, ASTM D445","Содержание мыла, % масс.",,
"Кинематическая вязкость, при 40°C, ASTM D445",Содержание насыщ. у/в,,
"Кинематическая вязкость, при 40°C, ASTM D445",Содержание полимера,,
"Кинематическая вязкость, при 40°C, ASTM D445","Содержание серы, % масс.",,
"Кинематическая вязкость, при 40°C, ASTM D445","Содержание серы, мг/кг",,
"Кинематическая вязкость, при 40°C, ASTM D445",Соотношение мономеров (EO:PO),,
"Кинематическая вязкость, при 40°C, ASTM D445",Средневесовая масса,,
"Кинематическая вязкость, при 40°C, ASTM D445",Степень полисульфидности,,
"Кинематическая вязкость, при 40°C, ASTM D445","Стерический фактор, Å3",,
"Кинематическая вязкость, при 40°C, ASTM D445",Структура УВ-радикала,,
"Кинематическая вязкость, при 40°C, ASTM D445","Температура плавления, °C",,
"Кинематическая вязкость, при 40°C, ASTM D445","Температура разложения, °C",,
"Кинематическая вязкость, при 40°C, ASTM D445",Тип АО,,
"Кинематическая вязкость, при 40°C, ASTM D445",Тип лиганда,,
"Кинематическая вязкость, при 40°C, ASTM D445",Тип полимера,,
"Кинематическая вязкость, при 40°C, ASTM D445",Тип спиртового радикала,,
"Кинематическая вязкость, при 40°C, ASTM D445",Тип сукцинимида,,
"Кинематическая вязкость, при 40°C, ASTM D445","Химический потенциал, Дж/моль",,
"Кинематическая вязкость, при 40°C, ASTM D445","Энергия ВЗМО, эВ",,
"Кинематическая вязкость, при 40°C, ASTM D445","Энергия НСМО, эВ",,
"Кинематическая вязкость, при 40°C, ASTM D445","Энергия диссоциации связи Х-Н, ккал/моль",,
"Кислотное число, ГОСТ 11362",Класс полиамина,,
"Кислотное число, ГОСТ 11362",Класс субстрата,,
"Кислотное число, ГОСТ 11362","Масса гидрофобного хвоста, г/моль",,
"Кислотное число, ГОСТ 11362",Модификация,,
"Кислотное число, ГОСТ 11362",Номер CAS,,
"Кислотное число, ГОСТ 11362",Номер CAS / SMILES,,
"Кислотное число, ГОСТ 11362",Отношение S:Mo,,
"Кислотное число, ГОСТ 11362",Отношение Мыло/Основание,,
"Кислотное число, ГОСТ 11362","Потенциал ионизации,эВ",,
"Кислотное число, ГОСТ 11362",Происхождение,,
"Кислотное число, ГОСТ 11362",Разветвленность радикала / радикалов,,
"Кислотное число, ГОСТ 11362","Размер мицелл, нм",,
"Кислотное число, ГОСТ 11362","Содержание MgCO3, CaCO3, % масс.",,
"Кислотное число, ГОСТ 11362",Содержание Азота,,
"Кислотное число, ГОСТ 11362",Содержание Бора,,
"Кислотное число, ГОСТ 11362",Содержание ароматики,,
"Кислотное число, ГОСТ 11362","Содержание воды, % масс.",,
"Кислотное число, ГОСТ 11362","Содержание других элементов (например, бора)",,
"Кислотное число, ГОСТ 11362",Содержание масла,,
"Кислотное число, ГОСТ 11362","Содержание масла, % масс.",,
"Кислотное число, ГОСТ 11362","Содержание металла (Ca/Mg), % масс.",,
"Кислотное число, ГОСТ 11362","Содержание мыла, % масс.",,
"Кислотное число, ГОСТ 11362",Содержание насыщ. у/в,,
"Кислотное число, ГОСТ 11362",Содержание полимера,,
"Кислотное число, ГОСТ 11362","Содержание серы, % масс.",,
"Кислотное число, ГОСТ 11362","Содержание серы, мг/кг",,
"Кислотное число, ГОСТ 11362",Соотношение мономеров (EO:PO),,
"Кислотное число, ГОСТ 11362",Средневесовая масса,,
"Кислотное число, ГОСТ 11362",Степень полисульфидности,,
"Кислотное число, ГОСТ 11362","Стерический фактор, Å3",,
"Кислотное число, ГОСТ 11362",Структура УВ-радикала,,
"Кислотное число, ГОСТ 11362","Температура плавления, °C",,
"Кислотное число, ГОСТ 11362","Температура разложения, °C",,
"Кислотное число, ГОСТ 11362",Тип АО,,
"Кислотное число, ГОСТ 11362",Тип лиганда,,
"Кислотное число, ГОСТ 11362",Тип полимера,,
"Кислотное число, ГОСТ 11362",Тип спиртового радикала,,
"Кислотное число, ГОСТ 11362",Тип сукцинимида,,
"Кислотное число, ГОСТ 11362","Химический потенциал, Дж/моль",,
"Кислотное число, ГОСТ 11362","Энергия ВЗМО, эВ",,
"Кислотное число, ГОСТ 11362","Энергия НСМО, эВ",,
"Кислотное число, ГОСТ 11362","Энергия диссоциации связи Х-Н, ккал/моль",,
Класс полиамина,Класс субстрата,,
Класс полиамина,"Масса гидрофобного хвоста, г/моль",,
Класс полиамина,Массовая доля кальция | ASTM D6481,,
Класс полиамина,"Массовая доля кальция, ASTM D6481",,
Класс полиамина,Массовая доля серы | ASTM D6481,,
Класс полиамина,"Массовая доля серы, ASTM D6481",,
Класс полиамина,"Массовая доля сульфатной золы, ГОСТ 12417",,
Класс полиамина,Массовая доля фосфора | ASTM D6481,,
Класс полиамина,"Массовая доля фосфора, ASTM D6481",,
Класс полиамина,Массовая доля цинка | ASTM D6481,,
Класс полиамина,"Массовая доля цинка, ASTM D6481",,
Класс полиамина,Модификация,,
Класс полиамина,Номер CAS,,
Класс полиамина,Номер CAS / SMILES,,
Класс полиамина,Общее содержание азота | ASTM D3228,,
Класс полиамина,Определение содержания воды методом Карла Фишера | ASTM D 6304,,
Класс полиамина,Отношение S:Mo,,
Класс полиамина,Отношение Мыло/Основание,,
Класс полиамина,"Плотность при 15°С, ASTM D4052",,
Класс полиамина,"Плотность при 20°С, ASTM D4052",,
Класс полиамина,Последовательность 1 | ASTM D892,,
Класс полиамина,Последовательность 2 | ASTM D892,,
Класс полиамина,Последовательность 3 | ASTM D892,,
Класс полиамина,"Потенциал ионизации,эВ",,
Класс полиамина,Происхождение,,
Класс полиамина,Разветвленность радикала / радикалов,,
Класс полиамина,"Размер мицелл, нм",,
Класс полиамина,"Содержание MgCO3, CaCO3, % масс.",,
Класс полиамина,Содержание Азота,,
Класс полиамина,Содержание Бора,,
Класс полиамина,Содержание ароматики,,
Класс полиамина,"Содержание воды, % масс.",,
Класс полиамина,"Содержание других элементов (например, бора)",,
Класс полиамина,Содержание масла,,
Класс полиамина,"Содержание масла, % масс.",,
Класс полиамина,"Содержание металла (Ca/Mg), % масс.",,
Класс полиамина,"Содержание мыла, % масс.",,
Класс полиамина,Содержание насыщ. у/в,,
Класс полиамина,Содержание полимера,,
Класс полиамина,"Содержание серы, % масс.",,
Класс полиамина,"Содержание серы, мг/кг",,
Класс полиамина,Соотношение мономеров (EO:PO),,
Класс полиамина,Средневесовая масса,,
Класс полиамина,Степень полисульфидности,,
Класс полиамина,"Стерический фактор, Å3",,
Класс полиамина,Структура УВ-радикала,,
Класс полиамина,"Температура застывания, ГОСТ 20287, метод Б",,
Класс полиамина,"Температура плавления, °C",,
Класс полиамина,Температура проведения теста | -,,
Класс полиамина,"Температура разложения, °C",,
Класс полиамина,Тип АО,,
Класс полиамина,Тип лиганда,,
Класс полиамина,Тип полимера,,
Класс полиамина,Тип спиртового радикала,,
Класс полиамина,Тип сукцинимида,,
Класс полиамина,"Химический потенциал, Дж/моль",,
Класс полиамина,Цвет | ASTM D1500,,
Класс полиамина,Цвет Сейболт | -,,
Класс полиамина,"Щелочное число, ASTM D2896",,
Класс полиамина,"Щелочное число, ГОСТ 11362",,
Класс полиамина,"Энергия ВЗМО, эВ",,
Класс полиамина,"Энергия НСМО, эВ",,
Класс полиамина,"Энергия диссоциации связи Х-Н, ккал/моль",,
Класс субстрата,"Масса гидрофобного хвоста, г/моль",,
Класс субстрата,Массовая доля кальция | ASTM D6481,,
Класс субстрата,"Массовая доля кальция, ASTM D6481",,
Класс субстрата,Массовая доля серы | ASTM D6481,,
Класс субстрата,"Массовая доля серы, ASTM D6481",,
Класс субстрата,"Массовая доля сульфатной золы, ГОСТ 12417",,
Класс субстрата,Массовая доля фосфора | ASTM D6481,,
Класс субстрата,"Массовая доля фосфора, ASTM D6481",,
Класс субстрата,Массовая доля цинка | ASTM D6481,,
Класс субстрата,"Массовая доля цинка, ASTM D6481",,
Класс субстрата,Модификация,,
Класс субстрата,Номер CAS,,
Класс субстрата,Номер CAS / SMILES,,
Класс субстрата,Общее содержание азота | ASTM D3228,,
Класс субстрата,Определение содержания воды методом Карла Фишера | ASTM D 6304,,
Класс субстрата,Отношение S:Mo,,
Класс субстрата,Отношение Мыло/Основание,,
Класс субстрата,"Плотность при 15°С, ASTM D4052",,
Класс субстрата,"Плотность при 20°С, ASTM D4052",,
Класс субстрата,Последовательность 1 | ASTM D892,,
Класс субстрата,Последовательность 2 | ASTM D892,,
Класс субстрата,Последовательность 3 | ASTM D892,,
Класс субстрата,"Потенциал ионизации,эВ",,
Класс субстрата,Происхождение,,
Класс субстрата,Разветвленность радикала / радикалов,,
Класс субстрата,"Размер мицелл, нм",,
Класс субстрата,"Содержание MgCO3, CaCO3, % масс.",,
Класс субстрата,Содержание Азота,,
Класс субстрата,Содержание Бора,,
Класс субстрата,Содержание ароматики,,
Класс субстрата,"Содержание воды, % масс.",,
Класс субстрата,"Содержание других элементов (например, бора)",,
Класс субстрата,Содержание масла,,
Класс субстрата,"Содержание масла, % масс.",,
Класс субстрата,"Содержание металла (Ca/Mg), % масс.",,
Класс субстрата,"Содержание мыла, % масс.",,
Класс субстрата,Содержание насыщ. у/в,,
Класс субстрата,Содержание полимера,,
Класс субстрата,"Содержание серы, % масс.",,
Класс субстрата,"Содержание серы, мг/кг",,
Класс субстрата,Соотношение мономеров (EO:PO),,
Класс субстрата,Средневесовая масса,,
Класс субстрата,Степень полисульфидности,,
Класс субстрата,"Стерический фактор, Å3",,
Класс субстрата,Структура УВ-радикала,,
Класс субстрата,"Температура застывания, ГОСТ 20287, метод Б",,
Класс субстрата,"Температура плавления, °C",,
Класс субстрата,Температура проведения теста | -,,
Класс субстрата,"Температура разложения, °C",,
Класс субстрата,Тип АО,,
Класс субстрата,Тип лиганда,,
Класс субстрата,Тип полимера,,
Класс субстрата,Тип спиртового радикала,,
Класс субстрата,Тип сукцинимида,,
Класс субстрата,"Химический потенциал, Дж/моль",,
Класс субстрата,Цвет | ASTM D1500,,
Класс субстрата,Цвет Сейболт | -,,
Класс субстрата,"Щелочное число, ASTM D2896",,
Класс субстрата,"Щелочное число, ГОСТ 11362",,
Класс субстрата,"Энергия ВЗМО, эВ",,
Класс субстрата,"Энергия НСМО, эВ",,
Класс субстрата,"Энергия диссоциации связи Х-Н, ккал/моль",,
"Масса гидрофобного хвоста, г/моль",Массовая доля кальция | ASTM D6481,,
"Масса гидрофобного хвоста, г/моль","Массовая доля кальция, ASTM D6481",,
"Масса гидрофобного хвоста, г/моль",Массовая доля серы | ASTM D6481,,
"Масса гидрофобного хвоста, г/моль","Массовая доля серы, ASTM D6481",,
"Масса гидрофобного хвоста, г/моль","Массовая доля сульфатной золы, ГОСТ 12417",,
"Масса гидрофобного хвоста, г/моль",Массовая доля фосфора | ASTM D6481,,
"Масса гидрофобного хвоста, г/моль","Массовая доля фосфора, ASTM D6481",,
"Масса гидрофобного хвоста, г/моль",Массовая доля цинка | ASTM D6481,,
"Масса гидрофобного хвоста, г/моль","Массовая доля цинка, ASTM D6481",,
"Масса гидрофобного хвоста, г/моль",Модификация,,
"Масса гидрофобного хвоста, г/моль",Номер CAS,,
"Масса гидрофобного хвоста, г/моль",Номер CAS / SMILES,,
"Масса гидрофобного хвоста, г/моль",Общее содержание азота | ASTM D3228,,
"Масса гидрофобного хвоста, г/моль",Определение содержания воды методом Карла Фишера | ASTM D 6304,,
"Масса гидрофобного хвоста, г/моль",Отношение S:Mo,,
"Масса гидрофобного хвоста, г/моль",Отношение Мыло/Основание,,
"Масса гидрофобного хвоста, г/моль","Плотность при 15°С, ASTM D4052",,
"Масса гидрофобного хвоста, г/моль","Плотность при 20°С, ASTM D4052",,
"Масса гидрофобного хвоста, г/моль",Последовательность 1 | ASTM D892,,
"Масса гидрофобного хвоста, г/моль",Последовательность 2 | ASTM D892,,
"Масса гидрофобного хвоста, г/моль",Последовательность 3 | ASTM D892,,
"Масса гидрофобного хвоста, г/моль","Потенциал ионизации,эВ",,
"Масса гидрофобного хвоста, г/моль",Происхождение,,
"Масса гидрофобного хвоста, г/моль",Разветвленность радикала / радикалов,,
"Масса гидрофобного хвоста, г/моль","Размер мицелл, нм",,
"Масса гидрофобного хвоста, г/моль","Содержание MgCO3, CaCO3, % масс.",,
"Масса гидрофобного хвоста, г/моль",Содержание Азота,,
"Масса гидрофобного хвоста, г/моль",Содержание Бора,,
"Масса гидрофобного хвоста, г/моль",Содержание ароматики,,
"Масса гидрофобного хвоста, г/моль","Содержание воды, % масс.",,
"Масса гидрофобного хвоста, г/моль","Содержание других элементов (например, бора)",,
"Масса гидрофобного хвоста, г/моль",Содержание масла,,
"Масса гидрофобного хвоста, г/моль","Содержание масла, % масс.",,
"Масса гидрофобного хвоста, г/моль","Содержание металла (Ca/Mg), % масс.",,
"Масса гидрофобного хвоста, г/моль","Содержание мыла, % масс.",,
"Масса гидрофобного хвоста, г/моль",Содержание насыщ. у/в,,
"Масса гидрофобного хвоста, г/моль",Содержание полимера,,
"Масса гидрофобного хвоста, г/моль","Содержание серы, % масс.",,
"Масса гидрофобного хвоста, г/моль","Содержание серы, мг/кг",,
"Масса гидрофобного хвоста, г/моль",Соотношение мономеров (EO:PO),,
"Масса гидрофобного хвоста, г/моль",Средневесовая масса,,
"Масса гидрофобного хвоста, г/моль",Степень полисульфидности,,
"Масса гидрофобного хвоста, г/моль","Стерический фактор, Å3",,
"Масса гидрофобного хвоста, г/моль",Структура УВ-радикала,,
"Масса гидрофобного хвоста, г/моль","Температура застывания, ГОСТ 20287, метод Б",,
"Масса гидрофобного хвоста, г/моль","Температура плавления, °C",,
"Масса гидрофобного хвоста, г/моль",Температура проведения теста | -,,
"Масса гидрофобного хвоста, г/моль","Температура разложения, °C",,
"Масса гидрофобного хвоста, г/моль",Тип АО,,
"Масса гидрофобного хвоста, г/моль",Тип лиганда,,
"Масса гидрофобного хвоста, г/моль",Тип полимера,,
"Масса гидрофобного хвоста, г/моль",Тип спиртового радикала,,
"Масса гидрофобного хвоста, г/моль",Тип сукцинимида,,
"Масса гидрофобного хвоста, г/моль","Химический потенциал, Дж/моль",,
"Масса гидрофобного хвоста, г/моль",Цвет | ASTM D1500,,
"Масса гидрофобного хвоста, г/моль",Цвет Сейболт | -,,
"Масса гидрофобного хвоста, г/моль","Щелочное число, ASTM D2896",,
"Масса гидрофобного хвоста, г/моль","Щелочное число, ГОСТ 11362",,
"Масса гидрофобного хвоста, г/моль","Энергия ВЗМО, эВ",,
"Масса гидрофобного хвоста, г/моль","Энергия НСМО, эВ",,
"Масса гидрофобного хвоста, г/моль","Энергия диссоциации связи Х-Н, ккал/моль",,
Массовая доля кальция | ASTM D6481,Модификация,,
Массовая доля кальция | ASTM D6481,Номер CAS,,
Массовая доля кальция | ASTM D6481,Номер CAS / SMILES,,
Массовая доля кальция | ASTM D6481,Отношение S:Mo,,
Массовая доля кальция | ASTM D6481,Отношение Мыло/Основание,,
Массовая доля кальция | ASTM D6481,"Потенциал ионизации,эВ",,
Массовая доля кальция | ASTM D6481,Происхождение,,
Массовая доля кальция | ASTM D6481,Разветвленность радикала / радикалов,,
Массовая доля кальция | ASTM D6481,"Размер мицелл, нм",,
Массовая доля кальция | ASTM D6481,"Содержание MgCO3, CaCO3, % масс.",,
Массовая доля кальция | ASTM D6481,Содержание Азота,,
Массовая доля кальция | ASTM D6481,Содержание Бора,,
Массовая доля кальция | ASTM D6481,Содержание ароматики,,
Массовая доля кальция | ASTM D6481,"Содержание воды, % масс.",,
Массовая доля кальция | ASTM D6481,"Содержание других элементов (например, бора)",,
Массовая доля кальция | ASTM D6481,Содержание масла,,
Массовая доля кальция | ASTM D6481,"Содержание масла, % масс.",,
Массовая доля кальция | ASTM D6481,"Содержание металла (Ca/Mg), % масс.",,
Массовая доля кальция | ASTM D6481,"Содержание мыла, % масс.",,
Массовая доля кальция | ASTM D6481,Содержание насыщ. у/в,,
Массовая доля кальция | ASTM D6481,Содержание полимера,,
Массовая доля кальция | ASTM D6481,"Содержание серы, % масс.",,
Массовая доля кальция | ASTM D6481,"Содержание серы, мг/кг",,
Массовая доля кальция | ASTM D6481,Соотношение мономеров (EO:PO),,
Массовая доля кальция | ASTM D6481,Средневесовая масса,,
Массовая доля кальция | ASTM D6481,Степень полисульфидности,,
Массовая доля кальция | ASTM D6481,"Стерический фактор, Å3",,
Массовая доля кальция | ASTM D6481,Структура УВ-радикала,,
Массовая доля кальция | ASTM D6481,"Температура плавления, °C",,
Массовая доля кальция | ASTM D6481,"Температура разложения, °C",,
Массовая доля кальция | ASTM D6481,Тип АО,,
Массовая доля кальция | ASTM D6481,Тип лиганда,,
Массовая доля кальция | ASTM D6481,Тип полимера,,
Массовая доля кальция | ASTM D6481,Тип спиртового радикала,,
Массовая доля кальция | ASTM D6481,Тип сукцинимида,,
Массовая доля кальция | ASTM D6481,"Химический потенциал, Дж/моль",,
Массовая доля кальция | ASTM D6481,"Энергия ВЗМО, эВ",,
Массовая доля кальция | ASTM D6481,"Энергия НСМО, эВ",,
Массовая доля кальция | ASTM D6481,"Энергия диссоциации связи Х-Н, ккал/моль",,
"Массовая доля кальция, ASTM D6481",Модификация,,
"Массовая доля кальция, ASTM D6481",Номер CAS,,
"Массовая доля кальция, ASTM D6481",Номер CAS / SMILES,,
"Массовая доля кальция, ASTM D6481",Отношение S:Mo,,
"Массовая доля кальция, ASTM D6481",Отношение Мыло/Основание,,
"Массовая доля кальция, ASTM D6481","Потенциал ионизации,эВ",,
"Массовая доля кальция, ASTM D6481",Происхождение,,
"Массовая доля кальция, ASTM D6481",Разветвленность радикала / радикалов,,
"Массовая доля кальция, ASTM D6481","Размер мицелл, нм",,
"Массовая доля кальция, ASTM D6481","Содержание MgCO3, CaCO3, % масс.",,
"Массовая доля кальция, ASTM D6481",Содержание Азота,,
"Массовая доля кальция, ASTM D6481",Содержание Бора,,
"Массовая доля кальция, ASTM D6481",Содержание ароматики,,
"Массовая доля кальция, ASTM D6481","Содержание воды, % масс.",,
"Массовая доля кальция, ASTM D6481","Содержание других элементов (например, бора)",,
"Массовая доля кальция, ASTM D6481",Содержание масла,,
"Массовая доля кальция, ASTM D6481","Содержание масла, % масс.",,
"Массовая доля кальция, ASTM D6481","Содержание металла (Ca/Mg), % масс.",,
"Массовая доля кальция, ASTM D6481","Содержание мыла, % масс.",,
"Массовая доля кальция, ASTM D6481",Содержание насыщ. у/в,,
"Массовая доля кальция, ASTM D6481",Содержание полимера,,
"Массовая доля кальция, ASTM D6481","Содержание серы, % масс.",,
"Массовая доля кальция, ASTM D6481","Содержание серы, мг/кг",,
"Массовая доля кальция, ASTM D6481",Соотношение мономеров (EO:PO),,
"Массовая доля кальция, ASTM D6481",Средневесовая масса,,
"Массовая доля кальция, ASTM D6481",Степень полисульфидности,,
"Массовая доля кальция, ASTM D6481","Стерический фактор, Å3",,
"Массовая доля кальция, ASTM D6481",Структура УВ-радикала,,
"Массовая доля кальция, ASTM D6481","Температура плавления, °C",,
"Массовая доля кальция, ASTM D6481","Температура разложения, °C",,
"Массовая доля кальция, ASTM D6481",Тип АО,,
"Массовая доля кальция, ASTM D6481",Тип лиганда,,
"Массовая доля кальция, ASTM D6481",Тип полимера,,
"Массовая доля кальция, ASTM D6481",Тип спиртового радикала,,
"Массовая доля кальция, ASTM D6481",Тип сукцинимида,,
"Массовая доля кальция, ASTM D6481","Химический потенциал, Дж/моль",,
"Массовая доля кальция, ASTM D6481","Энергия ВЗМО, эВ",,
"Массовая доля кальция, ASTM D6481","Энергия НСМО, эВ",,
"Массовая доля кальция, ASTM D6481","Энергия диссоциации связи Х-Н, ккал/моль",,
Массовая доля серы | ASTM D6481,Модификация,,
Массовая доля серы | ASTM D6481,Номер CAS,,
Массовая доля серы | ASTM D6481,Номер CAS / SMILES,,
Массовая доля серы | ASTM D6481,Отношение S:Mo,,
Массовая доля серы | ASTM D6481,Отношение Мыло/Основание,,
Массовая доля серы | ASTM D6481,"Потенциал ионизации,эВ",,
Массовая доля серы | ASTM D6481,Происхождение,,
Массовая доля серы | ASTM D6481,Разветвленность радикала / радикалов,,
Массовая доля серы | ASTM D6481,"Размер мицелл, нм",,
Массовая доля серы | ASTM D6481,"Содержание MgCO3, CaCO3, % масс.",,
Массовая доля серы | ASTM D6481,Содержание Азота,,
Массовая доля серы | ASTM D6481,Содержание Бора,,
Массовая доля серы | ASTM D6481,Содержание ароматики,,
Массовая доля серы | ASTM D6481,"Содержание воды, % масс.",,
Массовая доля серы | ASTM D6481,"Содержание других элементов (например, бора)",,
Массовая доля серы | ASTM D6481,Содержание масла,,
Массовая доля серы | ASTM D6481,"Содержание масла, % масс.",,
Массовая доля серы | ASTM D6481,"Содержание металла (Ca/Mg), % масс.",,
Массовая доля серы | ASTM D6481,"Содержание мыла, % масс.",,
Массовая доля серы | ASTM D6481,Содержание насыщ. у/в,,
Массовая доля серы | ASTM D6481,Содержание полимера,,
Массовая доля серы | ASTM D6481,"Содержание серы, % масс.",,
Массовая доля серы | ASTM D6481,"Содержание серы, мг/кг",,
Массовая доля серы | ASTM D6481,Соотношение мономеров (EO:PO),,
Массовая доля серы | ASTM D6481,Средневесовая масса,,
Массовая доля серы | ASTM D6481,Степень полисульфидности,,
Массовая доля серы | ASTM D6481,"Стерический фактор, Å3",,
Массовая доля серы | ASTM D6481,Структура УВ-радикала,,
Массовая доля серы | ASTM D6481,"Температура плавления, °C",,
Массовая доля серы | ASTM D6481,"Температура разложения, °C",,
Массовая доля серы | ASTM D6481,Тип АО,,
Массовая доля серы | ASTM D6481,Тип лиганда,,
Массовая доля серы | ASTM D6481,Тип полимера,,
Массовая доля серы | ASTM D6481,Тип спиртового радикала,,
Массовая доля серы | ASTM D6481,Тип сукцинимида,,
Массовая доля серы | ASTM D6481,"Химический потенциал, Дж/моль",,
Массовая доля серы | ASTM D6481,"Энергия ВЗМО, эВ",,
Массовая доля серы | ASTM D6481,"Энергия НСМО, эВ",,
Массовая доля серы | ASTM D6481,"Энергия диссоциации связи Х-Н, ккал/моль",,
"Массовая доля серы, ASTM D6481",Модификация,,
"Массовая доля серы, ASTM D6481",Номер CAS,,
"Массовая доля серы, ASTM D6481",Номер CAS / SMILES,,
"Массовая доля серы, ASTM D6481",Отношение S:Mo,,
"Массовая доля серы, ASTM D6481",Отношение Мыло/Основание,,
"Массовая доля серы, ASTM D6481","Потенциал ионизации,эВ",,
"Массовая доля серы, ASTM D6481",Происхождение,,
"Массовая доля серы, ASTM D6481",Разветвленность радикала / радикалов,,
"Массовая доля серы, ASTM D6481","Размер мицелл, нм",,
"Массовая доля серы, ASTM D6481","Содержание MgCO3, CaCO3, % масс.",,
"Массовая доля серы, ASTM D6481",Содержание Азота,,
"Массовая доля серы, ASTM D6481",Содержание Бора,,
"Массовая доля серы, ASTM D6481",Содержание ароматики,,
"Массовая доля серы, ASTM D6481","Содержание воды, % масс.",,
"Массовая доля серы, ASTM D6481","Содержание других элементов (например, бора)",,
"Массовая доля серы, ASTM D6481",Содержание масла,,
"Массовая доля серы, ASTM D6481","Содержание масла, % масс.",,
"Массовая доля серы, ASTM D6481","Содержание металла (Ca/Mg), % масс.",,
"Массовая доля серы, ASTM D6481","Содержание мыла, % масс.",,
"Массовая доля серы, ASTM D6481",Содержание насыщ. у/в,,
"Массовая доля серы, ASTM D6481",Содержание полимера,,
"Массовая доля серы, ASTM D6481","Содержание серы, % масс.",,
"Массовая доля серы, ASTM D6481","Содержание серы, мг/кг",,
"Массовая доля серы, ASTM D6481",Соотношение мономеров (EO:PO),,
"Массовая доля серы, ASTM D6481",Средневесовая масса,,
"Массовая доля серы, ASTM D6481",Степень полисульфидности,,
"Массовая доля серы, ASTM D6481","Стерический фактор, Å3",,
"Массовая доля серы, ASTM D6481",Структура УВ-радикала,,
"Массовая доля серы, ASTM D6481","Температура плавления, °C",,
"Массовая доля серы, ASTM D6481","Температура разложения, °C",,
"Массовая доля серы, ASTM D6481",Тип АО,,
"Массовая доля серы, ASTM D6481",Тип лиганда,,
"Массовая доля серы, ASTM D6481",Тип полимера,,
"Массовая доля серы, ASTM D6481",Тип спиртового радикала,,
"Массовая доля серы, ASTM D6481",Тип сукцинимида,,
"Массовая доля серы, ASTM D6481","Химический потенциал, Дж/моль",,
"Массовая доля серы, ASTM D6481","Энергия ВЗМО, эВ",,
"Массовая доля серы, ASTM D6481","Энергия НСМО, эВ",,
"Массовая доля серы, ASTM D6481","Энергия диссоциации связи Х-Н, ккал/моль",,
"Массовая доля сульфатной золы, ГОСТ 12417",Модификация,,
"Массовая доля сульфатной золы, ГОСТ 12417",Номер CAS,,
"Массовая доля сульфатной золы, ГОСТ 12417",Номер CAS / SMILES,,
"Массовая доля сульфатной золы, ГОСТ 12417",Отношение S:Mo,,
"Массовая доля сульфатной золы, ГОСТ 12417",Отношение Мыло/Основание,,
"Массовая доля сульфатной золы, ГОСТ 12417","Потенциал ионизации,эВ",,
"Массовая доля сульфатной золы, ГОСТ 12417",Происхождение,,
"Массовая доля сульфатной золы, ГОСТ 12417",Разветвленность радикала / радикалов,,
"Массовая доля сульфатной золы, ГОСТ 12417","Размер мицелл, нм",,
"Массовая доля сульфатной золы, ГОСТ 12417","Содержание MgCO3, CaCO3, % масс.",,
"Массовая доля сульфатной золы, ГОСТ 12417",Содержание Азота,,
"Массовая доля сульфатной золы, ГОСТ 12417",Содержание Бора,,
"Массовая доля сульфатной золы, ГОСТ 12417",Содержание ароматики,,
"Массовая доля сульфатной золы, ГОСТ 12417","Содержание воды, % масс.",,
"Массовая доля сульфатной золы, ГОСТ 12417","Содержание других элементов (например, бора)",,
"Массовая доля сульфатной золы, ГОСТ 12417",Содержание масла,,
"Массовая доля сульфатной золы, ГОСТ 12417","Содержание масла, % масс.",,
"Массовая доля сульфатной золы, ГОСТ 12417","Содержание металла (Ca/Mg), % масс.",,
"Массовая доля сульфатной золы, ГОСТ 12417","Содержание мыла, % масс.",,
"Массовая доля сульфатной золы, ГОСТ 12417",Содержание насыщ. у/в,,
"Массовая доля сульфатной золы, ГОСТ 12417",Содержание полимера,,
"Массовая доля сульфатной золы, ГОСТ 12417","Содержание серы, % масс.",,
"Массовая доля сульфатной золы, ГОСТ 12417","Содержание серы, мг/кг",,
"Массовая доля сульфатной золы, ГОСТ 12417",Соотношение мономеров (EO:PO),,
"Массовая доля сульфатной золы, ГОСТ 12417",Средневесовая масса,,
"Массовая доля сульфатной золы, ГОСТ 12417",Степень полисульфидности,,
"Массовая доля сульфатной золы, ГОСТ 12417","Стерический фактор, Å3",,
"Массовая доля сульфатной золы, ГОСТ 12417",Структура УВ-радикала,,
"Массовая доля сульфатной золы, ГОСТ 12417","Температура плавления, °C",,
"Массовая доля сульфатной золы, ГОСТ 12417","Температура разложения, °C",,
"Массовая доля сульфатной золы, ГОСТ 12417",Тип АО,,
"Массовая доля сульфатной золы, ГОСТ 12417",Тип лиганда,,
"Массовая доля сульфатной золы, ГОСТ 12417",Тип полимера,,
"Массовая доля сульфатной золы, ГОСТ 12417",Тип спиртового радикала,,
"Массовая доля сульфатной золы, ГОСТ 12417",Тип сукцинимида,,
"Массовая доля сульфатной золы, ГОСТ 12417","Химический потенциал, Дж/моль",,
"Массовая доля сульфатной золы, ГОСТ 12417","Энергия ВЗМО, эВ",,
"Массовая доля сульфатной золы, ГОСТ 12417","Энергия НСМО, эВ",,
"Массовая доля сульфатной золы, ГОСТ 12417","Энергия диссоциации связи Х-Н, ккал/моль",,
Массовая доля фосфора | ASTM D6481,Модификация,,
Массовая доля фосфора | ASTM D6481,Номер CAS,,
Массовая доля фосфора | ASTM D6481,Номер CAS / SMILES,,
Массовая доля фосфора | ASTM D6481,Отношение S:Mo,,
Массовая доля фосфора | ASTM D6481,Отношение Мыло/Основание,,
Массовая доля фосфора | ASTM D6481,"Потенциал ионизации,эВ",,
Массовая доля фосфора | ASTM D6481,Происхождение,,
Массовая доля фосфора | ASTM D6481,Разветвленность радикала / радикалов,,
Массовая доля фосфора | ASTM D6481,"Размер мицелл, нм",,
Массовая доля фосфора | ASTM D6481,"Содержание MgCO3, CaCO3, % масс.",,
Массовая доля фосфора | ASTM D6481,Содержание Азота,,
Массовая доля фосфора | ASTM D6481,Содержание Бора,,
Массовая доля фосфора | ASTM D6481,Содержание ароматики,,
Массовая доля фосфора | ASTM D6481,"Содержание воды, % масс.",,
Массовая доля фосфора | ASTM D6481,"Содержание других элементов (например, бора)",,
Массовая доля фосфора | ASTM D6481,Содержание масла,,
Массовая доля фосфора | ASTM D6481,"Содержание масла, % масс.",,
Массовая доля фосфора | ASTM D6481,"Содержание металла (Ca/Mg), % масс.",,
Массовая доля фосфора | ASTM D6481,"Содержание мыла, % масс.",,
Массовая доля фосфора | ASTM D6481,Содержание насыщ. у/в,,
Массовая доля фосфора | ASTM D6481,Содержание полимера,,
Массовая доля фосфора | ASTM D6481,"Содержание серы, % масс.",,
Массовая доля фосфора | ASTM D6481,"Содержание серы, мг/кг",,
Массовая доля фосфора | ASTM D6481,Соотношение мономеров (EO:PO),,
Массовая доля фосфора | ASTM D6481,Средневесовая масса,,
Массовая доля фосфора | ASTM D6481,Степень полисульфидности,,
Массовая доля фосфора | ASTM D6481,"Стерический фактор, Å3",,
Массовая доля фосфора | ASTM D6481,Структура УВ-радикала,,
Массовая доля фосфора | ASTM D6481,"Температура плавления, °C",,
Массовая доля фосфора | ASTM D6481,"Температура разложения, °C",,
Массовая доля фосфора | ASTM D6481,Тип АО,,
Массовая доля фосфора | ASTM D6481,Тип лиганда,,
Массовая доля фосфора | ASTM D6481,Тип полимера,,
Массовая доля фосфора | ASTM D6481,Тип спиртового радикала,,
Массовая доля фосфора | ASTM D6481,Тип сукцинимида,,
Массовая доля фосфора | ASTM D6481,"Химический потенциал, Дж/моль",,
Массовая доля фосфора | ASTM D6481,"Энергия ВЗМО, эВ",,
Массовая доля фосфора | ASTM D6481,"Энергия НСМО, эВ",,
Массовая доля фосфора | ASTM D6481,"Энергия диссоциации связи Х-Н, ккал/моль",,
"Массовая доля фосфора, ASTM D6481",Модификация,,
"Массовая доля фосфора, ASTM D6481",Номер CAS,,
"Массовая доля фосфора, ASTM D6481",Номер CAS / SMILES,,
"Массовая доля фосфора, ASTM D6481",Отношение S:Mo,,
"Массовая доля фосфора, ASTM D6481",Отношение Мыло/Основание,,
"Массовая доля фосфора, ASTM D6481","Потенциал ионизации,эВ",,
"Массовая доля фосфора, ASTM D6481",Происхождение,,
"Массовая доля фосфора, ASTM D6481",Разветвленность радикала / радикалов,,
"Массовая доля фосфора, ASTM D6481","Размер мицелл, нм",,
"Массовая доля фосфора, ASTM D6481","Содержание MgCO3, CaCO3, % масс.",,
"Массовая доля фосфора, ASTM D6481",Содержание Азота,,
"Массовая доля фосфора, ASTM D6481",Содержание Бора,,
"Массовая доля фосфора, ASTM D6481",Содержание ароматики,,
"Массовая доля фосфора, ASTM D6481","Содержание воды, % масс.",,
"Массовая доля фосфора, ASTM D6481","Содержание других элементов (например, бора)",,
"Массовая доля фосфора, ASTM D6481",Содержание масла,,
"Массовая доля фосфора, ASTM D6481","Содержание масла, % масс.",,
"Массовая доля фосфора, ASTM D6481","Содержание металла (Ca/Mg), % масс.",,
"Массовая доля фосфора, ASTM D6481","Содержание мыла, % масс.",,
"Массовая доля фосфора, ASTM D6481",Содержание насыщ. у/в,,
"Массовая доля фосфора, ASTM D6481",Содержание полимера,,
"Массовая доля фосфора, ASTM D6481","Содержание серы, % масс.",,
"Массовая доля фосфора, ASTM D6481","Содержание серы, мг/кг",,
"Массовая доля фосфора, ASTM D6481",Соотношение мономеров (EO:PO),,
"Массовая доля фосфора, ASTM D6481",Средневесовая масса,,
"Массовая доля фосфора, ASTM D6481",Степень полисульфидности,,
"Массовая доля фосфора, ASTM D6481","Стерический фактор, Å3",,
"Массовая доля фосфора, ASTM D6481",Структура УВ-радикала,,
"Массовая доля фосфора, ASTM D6481","Температура плавления, °C",,
"Массовая доля фосфора, ASTM D6481","Температура разложения, °C",,
"Массовая доля фосфора, ASTM D6481",Тип АО,,
"Массовая доля фосфора, ASTM D6481",Тип лиганда,,
"Массовая доля фосфора, ASTM D6481",Тип полимера,,
"Массовая доля фосфора, ASTM D6481",Тип спиртового радикала,,
"Массовая доля фосфора, ASTM D6481",Тип сукцинимида,,
"Массовая доля фосфора, ASTM D6481","Химический потенциал, Дж/моль",,
"Массовая доля фосфора, ASTM D6481","Энергия ВЗМО, эВ",,
"Массовая доля фосфора, ASTM D6481","Энергия НСМО, эВ",,
"Массовая доля фосфора, ASTM D6481","Энергия диссоциации связи Х-Н, ккал/моль",,
Массовая доля цинка | ASTM D6481,Модификация,,
Массовая доля цинка | ASTM D6481,Номер CAS,,
Массовая доля цинка | ASTM D6481,Номер CAS / SMILES,,
Массовая доля цинка | ASTM D6481,Отношение S:Mo,,
Массовая доля цинка | ASTM D6481,Отношение Мыло/Основание,,
Массовая доля цинка | ASTM D6481,"Потенциал ионизации,эВ",,
Массовая доля цинка | ASTM D6481,Происхождение,,
Массовая доля цинка | ASTM D6481,Разветвленность радикала / радикалов,,
Массовая доля цинка | ASTM D6481,"Размер мицелл, нм",,
Массовая доля цинка | ASTM D6481,"Содержание MgCO3, CaCO3, % масс.",,
Массовая доля цинка | ASTM D6481,Содержание Азота,,
Массовая доля цинка | ASTM D6481,Содержание Бора,,
Массовая доля цинка | ASTM D6481,Содержание ароматики,,
Массовая доля цинка | ASTM D6481,"Содержание воды, % масс.",,
Массовая доля цинка | ASTM D6481,"Содержание других элементов (например, бора)",,
Массовая доля цинка | ASTM D6481,Содержание масла,,
Массовая доля цинка | ASTM D6481,"Содержание масла, % масс.",,
Массовая доля цинка | ASTM D6481,"Содержание металла (Ca/Mg), % масс.",,
Массовая доля цинка | ASTM D6481,"Содержание мыла, % масс.",,
Массовая доля цинка | ASTM D6481,Содержание насыщ. у/в,,
Массовая доля цинка | ASTM D6481,Содержание полимера,,
Массовая доля цинка | ASTM D6481,"Содержание серы, % масс.",,
Массовая доля цинка | ASTM D6481,"Содержание серы, мг/кг",,
Массовая доля цинка | ASTM D6481,Соотношение мономеров (EO:PO),,
Массовая доля цинка | ASTM D6481,Средневесовая масса,,
Массовая доля цинка | ASTM D6481,Степень полисульфидности,,
Массовая доля цинка | ASTM D6481,"Стерический фактор, Å3",,
Массовая доля цинка | ASTM D6481,Структура УВ-радикала,,
Массовая доля цинка | ASTM D6481,"Температура плавления, °C",,
Массовая доля цинка | ASTM D6481,"Температура разложения, °C",,
Массовая доля цинка | ASTM D6481,Тип АО,,
Массовая доля цинка | ASTM D6481,Тип лиганда,,
Массовая доля цинка | ASTM D6481,Тип полимера,,
Массовая доля цинка | ASTM D6481,Тип спиртового радикала,,
Массовая доля цинка | ASTM D6481,Тип сукцинимида,,
Массовая доля цинка | ASTM D6481,"Химический потенциал, Дж/моль",,
Массовая доля цинка | ASTM D6481,"Энергия ВЗМО, эВ",,
Массовая доля цинка | ASTM D6481,"Энергия НСМО, эВ",,
Массовая доля цинка | ASTM D6481,"Энергия диссоциации связи Х-Н, ккал/моль",,
"Массовая доля цинка, ASTM D6481",Модификация,,
"Массовая доля цинка, ASTM D6481",Номер CAS,,
"Массовая доля цинка, ASTM D6481",Номер CAS / SMILES,,
"Массовая доля цинка, ASTM D6481",Отношение S:Mo,,
"Массовая доля цинка, ASTM D6481",Отношение Мыло/Основание,,
"Массовая доля цинка, ASTM D6481","Потенциал ионизации,эВ",,
"Массовая доля цинка, ASTM D6481",Происхождение,,
"Массовая доля цинка, ASTM D6481",Разветвленность радикала / радикалов,,
"Массовая доля цинка, ASTM D6481","Размер мицелл, нм",,
"Массовая доля цинка, ASTM D6481","Содержание MgCO3, CaCO3, % масс.",,
"Массовая доля цинка, ASTM D6481",Содержание Азота,,
"Массовая доля цинка, ASTM D6481",Содержание Бора,,
"Массовая доля цинка, ASTM D6481",Содержание ароматики,,
"Массовая доля цинка, ASTM D6481","Содержание воды, % масс.",,
"Массовая доля цинка, ASTM D6481","Содержание других элементов (например, бора)",,
"Массовая доля цинка, ASTM D6481",Содержание масла,,
"Массовая доля цинка, ASTM D6481","Содержание масла, % масс.",,
"Массовая доля цинка, ASTM D6481","Содержание металла (Ca/Mg), % масс.",,
"Массовая доля цинка, ASTM D6481","Содержание мыла, % масс.",,
"Массовая доля цинка, ASTM D6481",Содержание насыщ. у/в,,
"Массовая доля цинка, ASTM D6481",Содержание полимера,,
"Массовая доля цинка, ASTM D6481","Содержание серы, % масс.",,
"Массовая доля цинка, ASTM D6481","Содержание серы, мг/кг",,
"Массовая доля цинка, ASTM D6481",Соотношение мономеров (EO:PO),,
"Массовая доля цинка, ASTM D6481",Средневесовая масса,,
"Массовая доля цинка, ASTM D6481",Степень полисульфидности,,
"Массовая доля цинка, ASTM D6481","Стерический фактор, Å3",,
"Массовая доля цинка, ASTM D6481",Структура УВ-радикала,,
"Массовая доля цинка, ASTM D6481","Температура плавления, °C",,
"Массовая доля цинка, ASTM D6481","Температура разложения, °C",,
"Массовая доля цинка, ASTM D6481",Тип АО,,
"Массовая доля цинка, ASTM D6481",Тип лиганда,,
"Массовая доля цинка, ASTM D6481",Тип полимера,,
"Массовая доля цинка, ASTM D6481",Тип спиртового радикала,,
"Массовая доля цинка, ASTM D6481",Тип сукцинимида,,
"Массовая доля цинка, ASTM D6481","Химический потенциал, Дж/моль",,
"Массовая доля цинка, ASTM D6481","Энергия ВЗМО, эВ",,
"Массовая доля цинка, ASTM D6481","Энергия НСМО, эВ",,
"Массовая доля цинка, ASTM D6481","Энергия диссоциации связи Х-Н, ккал/моль",,
Модификация,Номер CAS,,
Модификация,Номер CAS / SMILES,,
Модификация,Общее содержание азота | ASTM D3228,,
Модификация,Определение содержания воды методом Карла Фишера | ASTM D 6304,,
Модификация,Отношение S:Mo,,
Модификация,Отношение Мыло/Основание,,
Модификация,"Плотность при 15°С, ASTM D4052",,
Модификация,"Плотность при 20°С, ASTM D4052",,
Модификация,Последовательность 1 | ASTM D892,,
Модификация,Последовательность 2 | ASTM D892,,
Модификация,Последовательность 3 | ASTM D892,,
Модификация,"Потенциал ионизации,эВ",,
Модификация,Происхождение,,
Модификация,Разветвленность радикала / радикалов,,
Модификация,"Размер мицелл, нм",,
Модификация,"Содержание MgCO3, CaCO3, % масс.",,
Модификация,Содержание Азота,,
Модификация,Содержание Бора,,
Модификация,Содержание ароматики,,
Модификация,"Содержание воды, % масс.",,
Модификация,"Содержание других элементов (например, бора)",,
Модификация,Содержание масла,,
Модификация,"Содержание масла, % масс.",,
Модификация,"Содержание металла (Ca/Mg), % масс.",,
Модификация,"Содержание мыла, % масс.",,
Модификация,Содержание насыщ. у/в,,
Модификация,Содержание полимера,,
Модификация,"Содержание серы, % масс.",,
Модификация,"Содержание серы, мг/кг",,
Модификация,Соотношение мономеров (EO:PO),,
Модификация,Средневесовая масса,,
Модификация,Степень полисульфидности,,
Модификация,"Стерический фактор, Å3",,
Модификация,Структура УВ-радикала,,
Модификация,"Температура застывания, ГОСТ 20287, метод Б",,
Модификация,"Температура плавления, °C",,
Модификация,Температура проведения теста | -,,
Модификация,"Температура разложения, °C",,
Модификация,Тип АО,,
Модификация,Тип лиганда,,
Модификация,Тип полимера,,
Модификация,Тип спиртового радикала,,
Модификация,Тип сукцинимида,,
Модификация,"Химический потенциал, Дж/моль",,
Модификация,Цвет | ASTM D1500,,
Модификация,Цвет Сейболт | -,,
Модификация,"Щелочное число, ASTM D2896",,
Модификация,"Щелочное число, ГОСТ 11362",,
Модификация,"Энергия ВЗМО, эВ",,
Модификация,"Энергия НСМО, эВ",,
Модификация,"Энергия диссоциации связи Х-Н, ккал/моль",,
Номер CAS,Номер CAS / SMILES,,
Номер CAS,Общее содержание азота | ASTM D3228,,
Номер CAS,Определение содержания воды методом Карла Фишера | ASTM D 6304,,
Номер CAS,Отношение S:Mo,,
Номер CAS,Отношение Мыло/Основание,,
Номер CAS,"Плотность при 15°С, ASTM D4052",,
Номер CAS,"Плотность при 20°С, ASTM D4052",,
Номер CAS,Последовательность 1 | ASTM D892,,
Номер CAS,Последовательность 2 | ASTM D892,,
Номер CAS,Последовательность 3 | ASTM D892,,
Номер CAS,"Потенциал ионизации,эВ",,
Номер CAS,Происхождение,,
Номер CAS,Разветвленность радикала / радикалов,,
Номер CAS,"Размер мицелл, нм",,
Номер CAS,"Содержание MgCO3, CaCO3, % масс.",,
Номер CAS,Содержание Азота,,
Номер CAS,Содержание Бора,,
Номер CAS,Содержание ароматики,,
Номер CAS,"Содержание воды, % масс.",,
Номер CAS,"Содержание других элементов (например, бора)",,
Номер CAS,Содержание масла,,
Номер CAS,"Содержание масла, % масс.",,
Номер CAS,"Содержание металла (Ca/Mg), % масс.",,
Номер CAS,"Содержание мыла, % масс.",,
Номер CAS,Содержание насыщ. у/в,,
Номер CAS,Содержание полимера,,
Номер CAS,"Содержание серы, % масс.",,
Номер CAS,"Содержание серы, мг/кг",,
Номер CAS,Соотношение мономеров (EO:PO),,
Номер CAS,Средневесовая масса,,
Номер CAS,Степень полисульфидности,,
Номер CAS,"Стерический фактор, Å3",,
Номер CAS,Структура УВ-радикала,,
Номер CAS,"Температура застывания, ГОСТ 20287, метод Б",,
Номер CAS,"Температура плавления, °C",,
Номер CAS,Температура проведения теста | -,,
Номер CAS,"Температура разложения, °C",,
Номер CAS,Тип АО,,
Номер CAS,Тип лиганда,,
Номер CAS,Тип полимера,,
Номер CAS,Тип спиртового радикала,,
Номер CAS,Тип сукцинимида,,
Номер CAS,"Химический потенциал, Дж/моль",,
Номер CAS,Цвет | ASTM D1500,,
Номер CAS,Цвет Сейболт | -,,
Номер CAS,"Щелочное число, ASTM D2896",,
Номер CAS,"Щелочное число, ГОСТ 11362",,
Номер CAS,"Энергия ВЗМО, эВ",,
Номер CAS,"Энергия НСМО, эВ",,
Номер CAS,"Энергия диссоциации связи Х-Н, ккал/моль",,
Номер CAS / SMILES,Общее содержание азота | ASTM D3228,,
Номер CAS / SMILES,Определение содержания воды методом Карла Фишера | ASTM D 6304,,
Номер CAS / SMILES,Отношение S:Mo,,
Номер CAS / SMILES,Отношение Мыло/Основание,,
Номер CAS / SMILES,"Плотность при 15°С, ASTM D4052",,
Номер CAS / SMILES,"Плотность при 20°С, ASTM D4052",,
Номер CAS / SMILES,Последовательность 1 | ASTM D892,,
Номер CAS / SMILES,Последовательность 2 | ASTM D892,,
Номер CAS / SMILES,Последовательность 3 | ASTM D892,,
Номер CAS / SMILES,"Потенциал ионизации,эВ",,
Номер CAS / SMILES,Происхождение,,
Номер CAS / SMILES,Разветвленность радикала / радикалов,,
Номер CAS / SMILES,"Размер мицелл, нм",,
Номер CAS / SMILES,"Содержание MgCO3, CaCO3, % масс.",,
Номер CAS / SMILES,Содержание Азота,,
Номер CAS / SMILES,Содержание Бора,,
Номер CAS / SMILES,Содержание ароматики,,
Номер CAS / SMILES,"Содержание воды, % масс.",,
Номер CAS / SMILES,"Содержание других элементов (например, бора)",,
Номер CAS / SMILES,Содержание масла,,
Номер CAS / SMILES,"Содержание масла, % масс.",,
Номер CAS / SMILES,"Содержание металла (Ca/Mg), % масс.",,
Номер CAS / SMILES,"Содержание мыла, % масс.",,
Номер CAS / SMILES,Содержание насыщ. у/в,,
Номер CAS / SMILES,Содержание полимера,,
Номер CAS / SMILES,"Содержание серы, % масс.",,
Номер CAS / SMILES,"Содержание серы, мг/кг",,
Номер CAS / SMILES,Соотношение мономеров (EO:PO),,
Номер CAS / SMILES,Средневесовая масса,,
Номер CAS / SMILES,Степень полисульфидности,,
Номер CAS / SMILES,"Стерический фактор, Å3",,
Номер CAS / SMILES,Структура УВ-радикала,,
Номер CAS / SMILES,"Температура застывания, ГОСТ 20287, метод Б",,
Номер CAS / SMILES,"Температура плавления, °C",,
Номер CAS / SMILES,Температура проведения теста | -,,
Номер CAS / SMILES,"Температура разложения, °C",,
Номер CAS / SMILES,Тип АО,,
Номер CAS / SMILES,Тип лиганда,,
Номер CAS / SMILES,Тип полимера,,
Номер CAS / SMILES,Тип спиртового радикала,,
Номер CAS / SMILES,Тип сукцинимида,,
Номер CAS / SMILES,"Химический потенциал, Дж/моль",,
Номер CAS / SMILES,Цвет | ASTM D1500,,
Номер CAS / SMILES,Цвет Сейболт | -,,
Номер CAS / SMILES,"Щелочное число, ASTM D2896",,
Номер CAS / SMILES,"Щелочное число, ГОСТ 11362",,
Номер CAS / SMILES,"Энергия ВЗМО, эВ",,
Номер CAS / SMILES,"Энергия НСМО, эВ",,
Номер CAS / SMILES,"Энергия диссоциации связи Х-Н, ккал/моль",,
Общее содержание азота | ASTM D3228,Отношение S:Mo,,
Общее содержание азота | ASTM D3228,Отношение Мыло/Основание,,
Общее содержание азота | ASTM D3228,"Потенциал ионизации,эВ",,
Общее содержание азота | ASTM D3228,Происхождение,,
Общее содержание азота | ASTM D3228,Разветвленность радикала / радикалов,,
Общее содержание азота | ASTM D3228,"Размер мицелл, нм",,
Общее содержание азота | ASTM D3228,"Содержание MgCO3, CaCO3, % масс.",,
Общее содержание азота | ASTM D3228,Содержание Азота,,
Общее содержание азота | ASTM D3228,Содержание Бора,,
Общее содержание азота | ASTM D3228,Содержание ароматики,,
Общее содержание азота | ASTM D3228,"Содержание воды, % масс.",,
Общее содержание азота | ASTM D3228,"Содержание других элементов (например, бора)",,
Общее содержание азота | ASTM D3228,Содержание масла,,
Общее содержание азота | ASTM D3228,"Содержание масла, % масс.",,
Общее содержание азота | ASTM D3228,"Содержание металла (Ca/Mg), % масс.",,
Общее содержание азота | ASTM D3228,"Содержание мыла, % масс.",,
Общее содержание азота | ASTM D3228,Содержание насыщ. у/в,,
Общее содержание азота | ASTM D3228,Содержание полимера,,
Общее содержание азота | ASTM D3228,"Содержание серы, % масс.",,
Общее содержание азота | ASTM D3228,"Содержание серы, мг/кг",,
Общее содержание азота | ASTM D3228,Соотношение мономеров (EO:PO),,
Общее содержание азота | ASTM D3228,Средневесовая масса,,
Общее содержание азота | ASTM D3228,Степень полисульфидности,,
Общее содержание азота | ASTM D3228,"Стерический фактор, Å3",,
Общее содержание азота | ASTM D3228,Структура УВ-радикала,,
Общее содержание азота | ASTM D3228,"Температура плавления, °C",,
Общее содержание азота | ASTM D3228,"Температура разложения, °C",,
Общее содержание азота | ASTM D3228,Тип АО,,
Общее содержание азота | ASTM D3228,Тип лиганда,,
Общее содержание азота | ASTM D3228,Тип полимера,,
Общее содержание азота | ASTM D3228,Тип спиртового радикала,,
Общее содержание азота | ASTM D3228,Тип сукцинимида,,
Общее содержание азота | ASTM D3228,"Химический потенциал, Дж/моль",,
Общее содержание азота | ASTM D3228,"Энергия ВЗМО, эВ",,
Общее содержание азота | ASTM D3228,"Энергия НСМО, эВ",,
Общее содержание азота | ASTM D3228,"Энергия диссоциации связи Х-Н, ккал/моль",,
Определение содержания воды методом Карла Фишера | ASTM D 6304,Отношение S:Mo,,
Определение содержания воды методом Карла Фишера | ASTM D 6304,Отношение Мыло/Основание,,
Определение содержания воды методом Карла Фишера | ASTM D 6304,"Потенциал ионизации,эВ",,
Определение содержания воды методом Карла Фишера | ASTM D 6304,Происхождение,,
Определение содержания воды методом Карла Фишера | ASTM D 6304,Разветвленность радикала / радикалов,,
Определение содержания воды методом Карла Фишера | ASTM D 6304,"Размер мицелл, нм",,
Определение содержания воды методом Карла Фишера | ASTM D 6304,"Содержание MgCO3, CaCO3, % масс.",,
Определение содержания воды методом Карла Фишера | ASTM D 6304,Содержание Азота,,
Определение содержания воды методом Карла Фишера | ASTM D 6304,Содержание Бора,,
Определение содержания воды методом Карла Фишера | ASTM D 6304,Содержание ароматики,,
Определение содержания воды методом Карла Фишера | ASTM D 6304,"Содержание воды, % масс.",,
Определение содержания воды методом Карла Фишера | ASTM D 6304,"Содержание других элементов (например, бора)",,
Определение содержания воды методом Карла Фишера | ASTM D 6304,Содержание масла,,
Определение содержания воды методом Карла Фишера | ASTM D 6304,"Содержание масла, % масс.",,
Определение содержания воды методом Карла Фишера | ASTM D 6304,"Содержание металла (Ca/Mg), % масс.",,
Определение содержания воды методом Карла Фишера | ASTM D 6304,"Содержание мыла, % масс.",,
Определение содержания воды методом Карла Фишера | ASTM D 6304,Содержание насыщ. у/в,,
Определение содержания воды методом Карла Фишера | ASTM D 6304,Содержание полимера,,
Определение содержания воды методом Карла Фишера | ASTM D 6304,"Содержание серы, % масс.",,
Определение содержания воды методом Карла Фишера | ASTM D 6304,"Содержание серы, мг/кг",,
Определение содержания воды методом Карла Фишера | ASTM D 6304,Соотношение мономеров (EO:PO),,
Определение содержания воды методом Карла Фишера | ASTM D 6304,Средневесовая масса,,
Определение содержания воды методом Карла Фишера | ASTM D 6304,Степень полисульфидности,,
Определение содержания воды методом Карла Фишера | ASTM D 6304,"Стерический фактор, Å3",,
Определение содержания воды методом Карла Фишера | ASTM D 6304,Структура УВ-радикала,,
Определение содержания воды методом Карла Фишера | ASTM D 6304,"Температура плавления, °C",,
Определение содержания воды методом Карла Фишера | ASTM D 6304,"Температура разложения, °C",,
Определение содержания воды методом Карла Фишера | ASTM D 6304,Тип АО,,
Определение содержания воды методом Карла Фишера | ASTM D 6304,Тип лиганда,,
Определение содержания воды методом Карла Фишера | ASTM D 6304,Тип полимера,,
Определение содержания воды методом Карла Фишера | ASTM D 6304,Тип спиртового радикала,,
Определение содержания воды методом Карла Фишера | ASTM D 6304,Тип сукцинимида,,
Определение содержания воды методом Карла Фишера | ASTM D 6304,"Химический потенциал, Дж/моль",,
Определение содержания воды методом Карла Фишера | ASTM D 6304,"Энергия ВЗМО, эВ",,
Определение содержания воды методом Карла Фишера | ASTM D 6304,"Энергия НСМО, эВ",,
Определение содержания воды методом Карла Фишера | ASTM D 6304,"Энергия диссоциации связи Х-Н, ккал/моль",,
Отношение S:Mo,Отношение Мыло/Основание,,
Отношение S:Mo,"Плотность при 15°С, ASTM D4052",,
Отношение S:Mo,"Плотность при 20°С, ASTM D4052",,
Отношение S:Mo,Последовательность 1 | ASTM D892,,
Отношение S:Mo,Последовательность 2 | ASTM D892,,
Отношение S:Mo,Последовательность 3 | ASTM D892,,
Отношение S:Mo,"Потенциал ионизации,эВ",,
Отношение S:Mo,Происхождение,,
Отношение S:Mo,Разветвленность радикала / радикалов,,
Отношение S:Mo,"Размер мицелл, нм",,
Отношение S:Mo,"Содержание MgCO3, CaCO3, % масс.",,
Отношение S:Mo,Содержание Азота,,
Отношение S:Mo,Содержание Бора,,
Отношение S:Mo,Содержание ароматики,,
Отношение S:Mo,"Содержание воды, % масс.",,
Отношение S:Mo,"Содержание других элементов (например, бора)",,
Отношение S:Mo,Содержание масла,,
Отношение S:Mo,"Содержание масла, % масс.",,
Отношение S:Mo,"Содержание металла (Ca/Mg), % масс.",,
Отношение S:Mo,"Содержание мыла, % масс.",,
Отношение S:Mo,Содержание насыщ. у/в,,
Отношение S:Mo,Содержание полимера,,
Отношение S:Mo,"Содержание серы, % масс.",,
Отношение S:Mo,"Содержание серы, мг/кг",,
Отношение S:Mo,Соотношение мономеров (EO:PO),,
Отношение S:Mo,Средневесовая масса,,
Отношение S:Mo,Степень полисульфидности,,
Отношение S:Mo,"Стерический фактор, Å3",,
Отношение S:Mo,Структура УВ-радикала,,
Отношение S:Mo,"Температура застывания, ГОСТ 20287, метод Б",,
Отношение S:Mo,"Температура плавления, °C",,
Отношение S:Mo,Температура проведения теста | -,,
Отношение S:Mo,"Температура разложения, °C",,
Отношение S:Mo,Тип АО,,
Отношение S:Mo,Тип лиганда,,
Отношение S:Mo,Тип полимера,,
Отношение S:Mo,Тип спиртового радикала,,
Отношение S:Mo,Тип сукцинимида,,
Отношение S:Mo,"Химический потенциал, Дж/моль",,
Отношение S:Mo,Цвет | ASTM D1500,,
Отношение S:Mo,Цвет Сейболт | -,,
Отношение S:Mo,"Щелочное число, ASTM D2896",,
Отношение S:Mo,"Щелочное число, ГОСТ 11362",,
Отношение S:Mo,"Энергия ВЗМО, эВ",,
Отношение S:Mo,"Энергия НСМО, эВ",,
Отношение S:Mo,"Энергия диссоциации связи Х-Н, ккал/моль",,
Отношение Мыло/Основание,"Плотность при 15°С, ASTM D4052",,
Отношение Мыло/Основание,"Плотность при 20°С, ASTM D4052",,
Отношение Мыло/Основание,Последовательность 1 | ASTM D892,,
Отношение Мыло/Основание,Последовательность 2 | ASTM D892,,
Отношение Мыло/Основание,Последовательность 3 | ASTM D892,,
Отношение Мыло/Основание,"Потенциал ионизации,эВ",,
Отношение Мыло/Основание,Происхождение,,
Отношение Мыло/Основание,Разветвленность радикала / радикалов,,
Отношение Мыло/Основание,"Размер мицелл, нм",,
Отношение Мыло/Основание,"Содержание MgCO3, CaCO3, % масс.",,
Отношение Мыло/Основание,Содержание Азота,,
Отношение Мыло/Основание,Содержание Бора,,
Отношение Мыло/Основание,Содержание ароматики,,
Отношение Мыло/Основание,"Содержание воды, % масс.",,
Отношение Мыло/Основание,"Содержание других элементов (например, бора)",,
Отношение Мыло/Основание,Содержание масла,,
Отношение Мыло/Основание,"Содержание масла, % масс.",,
Отношение Мыло/Основание,"Содержание металла (Ca/Mg), % масс.",,
Отношение Мыло/Основание,"Содержание мыла, % масс.",,
Отношение Мыло/Основание,Содержание насыщ. у/в,,
Отношение Мыло/Основание,Содержание полимера,,
Отношение Мыло/Основание,"Содержание серы, % масс.",,
Отношение Мыло/Основание,"Содержание серы, мг/кг",,
Отношение Мыло/Основание,Соотношение мономеров (EO:PO),,
Отношение Мыло/Основание,Средневесовая масса,,
Отношение Мыло/Основание,Степень полисульфидности,,
Отношение Мыло/Основание,"Стерический фактор, Å3",,
Отношение Мыло/Основание,Структура УВ-радикала,,
Отношение Мыло/Основание,"Температура застывания, ГОСТ 20287, метод Б",,
Отношение Мыло/Основание,"Температура плавления, °C",,
Отношение Мыло/Основание,Температура проведения теста | -,,
Отношение Мыло/Основание,"Температура разложения, °C",,
Отношение Мыло/Основание,Тип АО,,
Отношение Мыло/Основание,Тип лиганда,,
Отношение Мыло/Основание,Тип полимера,,
Отношение Мыло/Основание,Тип спиртового радикала,,
Отношение Мыло/Основание,Тип сукцинимида,,
Отношение Мыло/Основание,"Химический потенциал, Дж/моль",,
Отношение Мыло/Основание,Цвет | ASTM D1500,,
Отношение Мыло/Основание,Цвет Сейболт | -,,
Отношение Мыло/Основание,"Щелочное число, ASTM D2896",,
Отношение Мыло/Основание,"Щелочное число, ГОСТ 11362",,
Отношение Мыло/Основание,"Энергия ВЗМО, эВ",,
Отношение Мыло/Основание,"Энергия НСМО, эВ",,
Отношение Мыло/Основание,"Энергия диссоциации связи Х-Н, ккал/моль",,
"Плотность при 15°С, ASTM D4052","Потенциал ионизации,эВ",,
"Плотность при 15°С, ASTM D4052",Происхождение,,
"Плотность при 15°С, ASTM D4052",Разветвленность радикала / радикалов,,
"Плотность при 15°С, ASTM D4052","Размер мицелл, нм",,
"Плотность при 15°С, ASTM D4052","Содержание MgCO3, CaCO3, % масс.",,
"Плотность при 15°С, ASTM D4052",Содержание Азота,,
"Плотность при 15°С, ASTM D4052",Содержание Бора,,
"Плотность при 15°С, ASTM D4052",Содержание ароматики,,
"Плотность при 15°С, ASTM D4052","Содержание воды, % масс.",,
"Плотность при 15°С, ASTM D4052","Содержание других элементов (например, бора)",,
"Плотность при 15°С, ASTM D4052",Содержание масла,,
"Плотность при 15°С, ASTM D4052","Содержание масла, % масс.",,
"Плотность при 15°С, ASTM D4052","Содержание металла (Ca/Mg), % масс.",,
"Плотность при 15°С, ASTM D4052","Содержание мыла, % масс.",,
"Плотность при 15°С, ASTM D4052",Содержание насыщ. у/в,,
"Плотность при 15°С, ASTM D4052",Содержание полимера,,
"Плотность при 15°С, ASTM D4052","Содержание серы, % масс.",,
"Плотность при 15°С, ASTM D4052","Содержание серы, мг/кг",,
"Плотность при 15°С, ASTM D4052",Соотношение мономеров (EO:PO),,
"Плотность при 15°С, ASTM D4052",Средневесовая масса,,
"Плотность при 15°С, ASTM D4052",Степень полисульфидности,,
"Плотность при 15°С, ASTM D4052","Стерический фактор, Å3",,
"Плотность при 15°С, ASTM D4052",Структура УВ-радикала,,
"Плотность при 15°С, ASTM D4052","Температура плавления, °C",,
"Плотность при 15°С, ASTM D4052","Температура разложения, °C",,
"Плотность при 15°С, ASTM D4052",Тип АО,,
"Плотность при 15°С, ASTM D4052",Тип лиганда,,
"Плотность при 15°С, ASTM D4052",Тип полимера,,
"Плотность при 15°С, ASTM D4052",Тип спиртового радикала,,
"Плотность при 15°С, ASTM D4052",Тип сукцинимида,,
"Плотность при 15°С, ASTM D4052","Химический потенциал, Дж/моль",,
"Плотность при 15°С, ASTM D4052","Энергия ВЗМО, эВ",,
"Плотность при 15°С, ASTM D4052","Энергия НСМО, эВ",,
"Плотность при 15°С, ASTM D4052","Энергия диссоциации связи Х-Н, ккал/моль",,
"Плотность при 20°С, ASTM D4052","Потенциал ионизации,эВ",,
"Плотность при 20°С, ASTM D4052",Происхождение,,
"Плотность при 20°С, ASTM D4052",Разветвленность радикала / радикалов,,
"Плотность при 20°С, ASTM D4052","Размер мицелл, нм",,
"Плотность при 20°С, ASTM D4052","Содержание MgCO3, CaCO3, % масс.",,
"Плотность при 20°С, ASTM D4052",Содержание Азота,,
"Плотность при 20°С, ASTM D4052",Содержание Бора,,
"Плотность при 20°С, ASTM D4052",Содержание ароматики,,
"Плотность при 20°С, ASTM D4052","Содержание воды, % масс.",,
"Плотность при 20°С, ASTM D4052","Содержание других элементов (например, бора)",,
"Плотность при 20°С, ASTM D4052",Содержание масла,,
"Плотность при 20°С, ASTM D4052","Содержание масла, % масс.",,
"Плотность при 20°С, ASTM D4052","Содержание металла (Ca/Mg), % масс.",,
"Плотность при 20°С, ASTM D4052","Содержание мыла, % масс.",,
"Плотность при 20°С, ASTM D4052",Содержание насыщ. у/в,,
"Плотность при 20°С, ASTM D4052",Содержание полимера,,
"Плотность при 20°С, ASTM D4052","Содержание серы, % масс.",,
"Плотность при 20°С, ASTM D4052","Содержание серы, мг/кг",,
"Плотность при 20°С, ASTM D4052",Соотношение мономеров (EO:PO),,
"Плотность при 20°С, ASTM D4052",Средневесовая масса,,
"Плотность при 20°С, ASTM D4052",Степень полисульфидности,,
"Плотность при 20°С, ASTM D4052","Стерический фактор, Å3",,
"Плотность при 20°С, ASTM D4052",Структура УВ-радикала,,
"Плотность при 20°С, ASTM D4052","Температура плавления, °C",,
"Плотность при 20°С, ASTM D4052","Температура разложения, °C",,
"Плотность при 20°С, ASTM D4052",Тип АО,,
"Плотность при 20°С, ASTM D4052",Тип лиганда,,
"Плотность при 20°С, ASTM D4052",Тип полимера,,
"Плотность при 20°С, ASTM D4052",Тип спиртового радикала,,
"Плотность при 20°С, ASTM D4052",Тип сукцинимида,,
"Плотность при 20°С, ASTM D4052","Химический потенциал, Дж/моль",,
"Плотность при 20°С, ASTM D4052","Энергия ВЗМО, эВ",,
"Плотность при 20°С, ASTM D4052","Энергия НСМО, эВ",,
"Плотность при 20°С, ASTM D4052","Энергия диссоциации связи Х-Н, ккал/моль",,
Последовательность 1 | ASTM D892,"Потенциал ионизации,эВ",,
Последовательность 1 | ASTM D892,Происхождение,,
Последовательность 1 | ASTM D892,Разветвленность радикала / радикалов,,
Последовательность 1 | ASTM D892,"Размер мицелл, нм",,
Последовательность 1 | ASTM D892,"Содержание MgCO3, CaCO3, % масс.",,
Последовательность 1 | ASTM D892,Содержание Азота,,
Последовательность 1 | ASTM D892,Содержание Бора,,
Последовательность 1 | ASTM D892,Содержание ароматики,,
Последовательность 1 | ASTM D892,"Содержание воды, % масс.",,
Последовательность 1 | ASTM D892,"Содержание других элементов (например, бора)",,
Последовательность 1 | ASTM D892,Содержание масла,,
Последовательность 1 | ASTM D892,"Содержание масла, % масс.",,
Последовательность 1 | ASTM D892,"Содержание металла (Ca/Mg), % масс.",,
Последовательность 1 | ASTM D892,"Содержание мыла, % масс.",,
Последовательность 1 | ASTM D892,Содержание насыщ. у/в,,
Последовательность 1 | ASTM D892,Содержание полимера,,
Последовательность 1 | ASTM D892,"Содержание серы, % масс.",,
Последовательность 1 | ASTM D892,"Содержание серы, мг/кг",,
Последовательность 1 | ASTM D892,Соотношение мономеров (EO:PO),,
Последовательность 1 | ASTM D892,Средневесовая масса,,
Последовательность 1 | ASTM D892,Степень полисульфидности,,
Последовательность 1 | ASTM D892,"Стерический фактор, Å3",,
Последовательность 1 | ASTM D892,Структура УВ-радикала,,
Последовательность 1 | ASTM D892,"Температура плавления, °C",,
Последовательность 1 | ASTM D892,"Температура разложения, °C",,
Последовательность 1 | ASTM D892,Тип АО,,
Последовательность 1 | ASTM D892,Тип лиганда,,
Последовательность 1 | ASTM D892,Тип полимера,,
Последовательность 1 | ASTM D892,Тип спиртового радикала,,
Последовательность 1 | ASTM D892,Тип сукцинимида,,
Последовательность 1 | ASTM D892,"Химический потенциал, Дж/моль",,
Последовательность 1 | ASTM D892,"Энергия ВЗМО, эВ",,
Последовательность 1 | ASTM D892,"Энергия НСМО, эВ",,
Последовательность 1 | ASTM D892,"Энергия диссоциации связи Х-Н, ккал/моль",,
Последовательность 2 | ASTM D892,"Потенциал ионизации,эВ",,
Последовательность 2 | ASTM D892,Происхождение,,
Последовательность 2 | ASTM D892,Разветвленность радикала / радикалов,,
Последовательность 2 | ASTM D892,"Размер мицелл, нм",,
Последовательность 2 | ASTM D892,"Содержание MgCO3, CaCO3, % масс.",,
Последовательность 2 | ASTM D892,Содержание Азота,,
Последовательность 2 | ASTM D892,Содержание Бора,,
Последовательность 2 | ASTM D892,Содержание ароматики,,
Последовательность 2 | ASTM D892,"Содержание воды, % масс.",,
Последовательность 2 | ASTM D892,"Содержание других элементов (например, бора)",,
Последовательность 2 | ASTM D892,Содержание масла,,
Последовательность 2 | ASTM D892,"Содержание масла, % масс.",,
Последовательность 2 | ASTM D892,"Содержание металла (Ca/Mg), % масс.",,
Последовательность 2 | ASTM D892,"Содержание мыла, % масс.",,
Последовательность 2 | ASTM D892,Содержание насыщ. у/в,,
Последовательность 2 | ASTM D892,Содержание полимера,,
Последовательность 2 | ASTM D892,"Содержание серы, % масс.",,
Последовательность 2 | ASTM D892,"Содержание серы, мг/кг",,
Последовательность 2 | ASTM D892,Соотношение мономеров (EO:PO),,
Последовательность 2 | ASTM D892,Средневесовая масса,,
Последовательность 2 | ASTM D892,Степень полисульфидности,,
Последовательность 2 | ASTM D892,"Стерический фактор, Å3",,
Последовательность 2 | ASTM D892,Структура УВ-радикала,,
Последовательность 2 | ASTM D892,"Температура плавления, °C",,
Последовательность 2 | ASTM D892,"Температура разложения, °C",,
Последовательность 2 | ASTM D892,Тип АО,,
Последовательность 2 | ASTM D892,Тип лиганда,,
Последовательность 2 | ASTM D892,Тип полимера,,
Последовательность 2 | ASTM D892,Тип спиртового радикала,,
Последовательность 2 | ASTM D892,Тип сукцинимида,,
Последовательность 2 | ASTM D892,"Химический потенциал, Дж/моль",,
Последовательность 2 | ASTM D892,"Энергия ВЗМО, эВ",,
Последовательность 2 | ASTM D892,"Энергия НСМО, эВ",,
Последовательность 2 | ASTM D892,"Энергия диссоциации связи Х-Н, ккал/моль",,
Последовательность 3 | ASTM D892,"Потенциал ионизации,эВ",,
Последовательность 3 | ASTM D892,Происхождение,,
Последовательность 3 | ASTM D892,Разветвленность радикала / радикалов,,
Последовательность 3 | ASTM D892,"Размер мицелл, нм",,
Последовательность 3 | ASTM D892,"Содержание MgCO3, CaCO3, % масс.",,
Последовательность 3 | ASTM D892,Содержание Азота,,
Последовательность 3 | ASTM D892,Содержание Бора,,
Последовательность 3 | ASTM D892,Содержание ароматики,,
Последовательность 3 | ASTM D892,"Содержание воды, % масс.",,
Последовательность 3 | ASTM D892,"Содержание других элементов (например, бора)",,
Последовательность 3 | ASTM D892,Содержание масла,,
Последовательность 3 | ASTM D892,"Содержание масла, % масс.",,
Последовательность 3 | ASTM D892,"Содержание металла (Ca/Mg), % масс.",,
Последовательность 3 | ASTM D892,"Содержание мыла, % масс.",,
Последовательность 3 | ASTM D892,Содержание насыщ. у/в,,
Последовательность 3 | ASTM D892,Содержание полимера,,
Последовательность 3 | ASTM D892,"Содержание серы, % масс.",,
Последовательность 3 | ASTM D892,"Содержание серы, мг/кг",,
Последовательность 3 | ASTM D892,Соотношение мономеров (EO:PO),,
Последовательность 3 | ASTM D892,Средневесовая масса,,
Последовательность 3 | ASTM D892,Степень полисульфидности,,
Последовательность 3 | ASTM D892,"Стерический фактор, Å3",,
Последовательность 3 | ASTM D892,Структура УВ-радикала,,
Последовательность 3 | ASTM D892,"Температура плавления, °C",,
Последовательность 3 | ASTM D892,"Температура разложения, °C",,
Последовательность 3 | ASTM D892,Тип АО,,
Последовательность 3 | ASTM D892,Тип лиганда,,
Последовательность 3 | ASTM D892,Тип полимера,,
Последовательность 3 | ASTM D892,Тип спиртового радикала,,
Последовательность 3 | ASTM D892,Тип сукцинимида,,
Последовательность 3 | ASTM D892,"Химический потенциал, Дж/моль",,
Последовательность 3 | ASTM D892,"Энергия ВЗМО, эВ",,
Последовательность 3 | ASTM D892,"Энергия НСМО, эВ",,
Последовательность 3 | ASTM D892,"Энергия диссоциации связи Х-Н, ккал/моль",,
"Потенциал ионизации,эВ",Происхождение,,
"Потенциал ионизации,эВ",Разветвленность радикала / радикалов,,
"Потенциал ионизации,эВ","Размер мицелл, нм",,
"Потенциал ионизации,эВ","Содержание MgCO3, CaCO3, % масс.",,
"Потенциал ионизации,эВ",Содержание Азота,,
"Потенциал ионизации,эВ",Содержание Бора,,
"Потенциал ионизации,эВ",Содержание ароматики,,
"Потенциал ионизации,эВ","Содержание воды, % масс.",,
"Потенциал ионизации,эВ","Содержание других элементов (например, бора)",,
"Потенциал ионизации,эВ",Содержание масла,,
"Потенциал ионизации,эВ","Содержание масла, % масс.",,
"Потенциал ионизации,эВ","Содержание металла (Ca/Mg), % масс.",,
"Потенциал ионизации,эВ","Содержание мыла, % масс.",,
"Потенциал ионизации,эВ",Содержание насыщ. у/в,,
"Потенциал ионизации,эВ",Содержание полимера,,
"Потенциал ионизации,эВ","Содержание серы, % масс.",,
"Потенциал ионизации,эВ","Содержание серы, мг/кг",,
"Потенциал ионизации,эВ",Соотношение мономеров (EO:PO),,
"Потенциал ионизации,эВ",Средневесовая масса,,
"Потенциал ионизации,эВ",Степень полисульфидности,,
"Потенциал ионизации,эВ","Стерический фактор, Å3",,
"Потенциал ионизации,эВ",Структура УВ-радикала,,
"Потенциал ионизации,эВ","Температура застывания, ГОСТ 20287, метод Б",,
"Потенциал ионизации,эВ","Температура плавления, °C",,
"Потенциал ионизации,эВ",Температура проведения теста | -,,
"Потенциал ионизации,эВ","Температура разложения, °C",,
"Потенциал ионизации,эВ",Тип АО,,
"Потенциал ионизации,эВ",Тип лиганда,,
"Потенциал ионизации,эВ",Тип полимера,,
"Потенциал ионизации,эВ",Тип спиртового радикала,,
"Потенциал ионизации,эВ",Тип сукцинимида,,
"Потенциал ионизации,эВ","Химический потенциал, Дж/моль",,
"Потенциал ионизации,эВ",Цвет | ASTM D1500,,
"Потенциал ионизации,эВ",Цвет Сейболт | -,,
"Потенциал ионизации,эВ","Щелочное число, ASTM D2896",,
"Потенциал ионизации,эВ","Щелочное число, ГОСТ 11362",,
"Потенциал ионизации,эВ","Энергия ВЗМО, эВ",,
"Потенциал ионизации,эВ","Энергия НСМО, эВ",,
"Потенциал ионизации,эВ","Энергия диссоциации связи Х-Н, ккал/моль",,
Происхождение,Разветвленность радикала / радикалов,,
Происхождение,"Размер мицелл, нм",,
Происхождение,"Содержание MgCO3, CaCO3, % масс.",,
Происхождение,Содержание Азота,,
Происхождение,Содержание Бора,,
Происхождение,Содержание ароматики,,
Происхождение,"Содержание воды, % масс.",,
Происхождение,"Содержание других элементов (например, бора)",,
Происхождение,Содержание масла,,
Происхождение,"Содержание масла, % масс.",,
Происхождение,"Содержание металла (Ca/Mg), % масс.",,
Происхождение,"Содержание мыла, % масс.",,
Происхождение,Содержание насыщ. у/в,,
Происхождение,Содержание полимера,,
Происхождение,"Содержание серы, % масс.",,
Происхождение,"Содержание серы, мг/кг",,
Происхождение,Соотношение мономеров (EO:PO),,
Происхождение,Средневесовая масса,,
Происхождение,Степень полисульфидности,,
Происхождение,"Стерический фактор, Å3",,
Происхождение,Структура УВ-радикала,,
Происхождение,"Температура застывания, ГОСТ 20287, метод Б",,
Происхождение,"Температура плавления, °C",,
Происхождение,Температура проведения теста | -,,
Происхождение,"Температура разложения, °C",,
Происхождение,Тип АО,,
Происхождение,Тип лиганда,,
Происхождение,Тип полимера,,
Происхождение,Тип спиртового радикала,,
Происхождение,Тип сукцинимида,,
Происхождение,"Химический потенциал, Дж/моль",,
Происхождение,Цвет | ASTM D1500,,
Происхождение,Цвет Сейболт | -,,
Происхождение,"Щелочное число, ASTM D2896",,
Происхождение,"Щелочное число, ГОСТ 11362",,
Происхождение,"Энергия ВЗМО, эВ",,
Происхождение,"Энергия НСМО, эВ",,
Происхождение,"Энергия диссоциации связи Х-Н, ккал/моль",,
Разветвленность радикала / радикалов,"Размер мицелл, нм",,
Разветвленность радикала / радикалов,"Содержание MgCO3, CaCO3, % масс.",,
Разветвленность радикала / радикалов,Содержание Азота,,
Разветвленность радикала / радикалов,Содержание Бора,,
Разветвленность радикала / радикалов,Содержание ароматики,,
Разветвленность радикала / радикалов,"Содержание воды, % масс.",,
Разветвленность радикала / радикалов,"Содержание других элементов (например, бора)",,
Разветвленность радикала / радикалов,Содержание масла,,
Разветвленность радикала / радикалов,"Содержание масла, % масс.",,
Разветвленность радикала / радикалов,"Содержание металла (Ca/Mg), % масс.",,
Разветвленность радикала / радикалов,"Содержание мыла, % масс.",,
Разветвленность радикала / радикалов,Содержание насыщ. у/в,,
Разветвленность радикала / радикалов,Содержание полимера,,
Разветвленность радикала / радикалов,"Содержание серы, % масс.",,
Разветвленность радикала / радикалов,"Содержание серы, мг/кг",,
Разветвленность радикала / радикалов,Соотношение мономеров (EO:PO),,
Разветвленность радикала / радикалов,Средневесовая масса,,
Разветвленность радикала / радикалов,Степень полисульфидности,,
Разветвленность радикала / радикалов,"Стерический фактор, Å3",,
Разветвленность радикала / радикалов,Структура УВ-радикала,,
Разветвленность радикала / радикалов,"Температура застывания, ГОСТ 20287, метод Б",,
Разветвленность радикала / радикалов,"Температура плавления, °C",,
Разветвленность радикала / радикалов,Температура проведения теста | -,,
Разветвленность радикала / радикалов,"Температура разложения, °C",,
Разветвленность радикала / радикалов,Тип АО,,
Разветвленность радикала / радикалов,Тип лиганда,,
Разветвленность радикала / радикалов,Тип полимера,,
Разветвленность радикала / радикалов,Тип спиртового радикала,,
Разветвленность радикала / радикалов,Тип сукцинимида,,
Разветвленность радикала / радикалов,"Химический потенциал, Дж/моль",,
Разветвленность радикала / радикалов,Цвет | ASTM D1500,,
Разветвленность радикала / радикалов,Цвет Сейболт | -,,
Разветвленность радикала / радикалов,"Щелочное число, ASTM D2896",,
Разветвленность радикала / радикалов,"Щелочное число, ГОСТ 11362",,
Разветвленность радикала / радикалов,"Энергия ВЗМО, эВ",,
Разветвленность радикала / радикалов,"Энергия НСМО, эВ",,
Разветвленность радикала / радикалов,"Энергия диссоциации связи Х-Н, ккал/моль",,
"Размер мицелл, нм","Содержание MgCO3, CaCO3, % масс.",,
"Размер мицелл, нм",Содержание Азота,,
"Размер мицелл, нм",Содержание Бора,,
"Размер мицелл, нм",Содержание ароматики,,
"Размер мицелл, нм","Содержание воды, % масс.",,
"Размер мицелл, нм","Содержание других элементов (например, бора)",,
"Размер мицелл, нм",Содержание масла,,
"Размер мицелл, нм","Содержание масла, % масс.",,
"Размер мицелл, нм","Содержание металла (Ca/Mg), % масс.",,
"Размер мицелл, нм","Содержание мыла, % масс.",,
"Размер мицелл, нм",Содержание насыщ. у/в,,
"Размер мицелл, нм",Содержание полимера,,
"Размер мицелл, нм","Содержание серы, % масс.",,
"Размер мицелл, нм","Содержание серы, мг/кг",,
"Размер мицелл, нм",Соотношение мономеров (EO:PO),,
"Размер мицелл, нм",Средневесовая масса,,
"Размер мицелл, нм",Степень полисульфидности,,
"Размер мицелл, нм","Стерический фактор, Å3",,
"Размер мицелл, нм",Структура УВ-радикала,,
"Размер мицелл, нм","Температура застывания, ГОСТ 20287, метод Б",,
"Размер мицелл, нм","Температура плавления, °C",,
"Размер мицелл, нм",Температура проведения теста | -,,
"Размер мицелл, нм","Температура разложения, °C",,
"Размер мицелл, нм",Тип АО,,
"Размер мицелл, нм",Тип лиганда,,
"Размер мицелл, нм",Тип полимера,,
"Размер мицелл, нм",Тип спиртового радикала,,
"Размер мицелл, нм",Тип сукцинимида,,
"Размер мицелл, нм","Химический потенциал, Дж/моль",,
"Размер мицелл, нм",Цвет | ASTM D1500,,
"Размер мицелл, нм",Цвет Сейболт | -,,
"Размер мицелл, нм","Щелочное число, ASTM D2896",,
"Размер мицелл, нм","Щелочное число, ГОСТ 11362",,
"Размер мицелл, нм","Энергия ВЗМО, эВ",,
"Размер мицелл, нм","Энергия НСМО, эВ",,
"Размер мицелл, нм","Энергия диссоциации связи Х-Н, ккал/моль",,
"Содержание MgCO3, CaCO3, % масс.",Содержание Азота,,
"Содержание MgCO3, CaCO3, % масс.",Содержание Бора,,
"Содержание MgCO3, CaCO3, % масс.",Содержание ароматики,,
"Содержание MgCO3, CaCO3, % масс.","Содержание воды, % масс.",,
"Содержание MgCO3, CaCO3, % масс.","Содержание других элементов (например, бора)",,
"Содержание MgCO3, CaCO3, % масс.",Содержание масла,,
"Содержание MgCO3, CaCO3, % масс.","Содержание масла, % масс.",,
"Содержание MgCO3, CaCO3, % масс.","Содержание металла (Ca/Mg), % масс.",,
"Содержание MgCO3, CaCO3, % масс.","Содержание мыла, % масс.",,
"Содержание MgCO3, CaCO3, % масс.",Содержание насыщ. у/в,,
"Содержание MgCO3, CaCO3, % масс.",Содержание полимера,,
"Содержание MgCO3, CaCO3, % масс.","Содержание серы, % масс.",,
"Содержание MgCO3, CaCO3, % масс.","Содержание серы, мг/кг",,
"Содержание MgCO3, CaCO3, % масс.",Соотношение мономеров (EO:PO),,
"Содержание MgCO3, CaCO3, % масс.",Средневесовая масса,,
"Содержание MgCO3, CaCO3, % масс.",Степень полисульфидности,,
"Содержание MgCO3, CaCO3, % масс.","Стерический фактор, Å3",,
"Содержание MgCO3, CaCO3, % масс.",Структура УВ-радикала,,
"Содержание MgCO3, CaCO3, % масс.","Температура застывания, ГОСТ 20287, метод Б",,
"Содержание MgCO3, CaCO3, % масс.","Температура плавления, °C",,
"Содержание MgCO3, CaCO3, % масс.",Температура проведения теста | -,,
"Содержание MgCO3, CaCO3, % масс.","Температура разложения, °C",,
"Содержание MgCO3, CaCO3, % масс.",Тип АО,,
"Содержание MgCO3, CaCO3, % масс.",Тип лиганда,,
"Содержание MgCO3, CaCO3, % масс.",Тип полимера,,
"Содержание MgCO3, CaCO3, % масс.",Тип спиртового радикала,,
"Содержание MgCO3, CaCO3, % масс.",Тип сукцинимида,,
"Содержание MgCO3, CaCO3, % масс.","Химический потенциал, Дж/моль",,
"Содержание MgCO3, CaCO3, % масс.",Цвет | ASTM D1500,,
"Содержание MgCO3, CaCO3, % масс.",Цвет Сейболт | -,,
"Содержание MgCO3, CaCO3, % масс.","Щелочное число, ASTM D2896",,
"Содержание MgCO3, CaCO3, % масс.","Щелочное число, ГОСТ 11362",,
"Содержание MgCO3, CaCO3, % масс.","Энергия ВЗМО, эВ",,
"Содержание MgCO3, CaCO3, % масс.","Энергия НСМО, эВ",,
"Содержание MgCO3, CaCO3, % масс.","Энергия диссоциации связи Х-Н, ккал/моль",,
Содержание Азота,Содержание Бора,,
Содержание Азота,Содержание ароматики,,
Содержание Азота,"Содержание воды, % масс.",,
Содержание Азота,"Содержание других элементов (например, бора)",,
Содержание Азота,Содержание масла,,
Содержание Азота,"Содержание масла, % масс.",,
Содержание Азота,"Содержание металла (Ca/Mg), % масс.",,
Содержание Азота,"Содержание мыла, % масс.",,
Содержание Азота,Содержание насыщ. у/в,,
Содержание Азота,Содержание полимера,,
Содержание Азота,"Содержание серы, % масс.",,
Содержание Азота,"Содержание серы, мг/кг",,
Содержание Азота,Соотношение мономеров (EO:PO),,
Содержание Азота,Средневесовая масса,,
Содержание Азота,Степень полисульфидности,,
Содержание Азота,"Стерический фактор, Å3",,
Содержание Азота,Структура УВ-радикала,,
Содержание Азота,"Температура застывания, ГОСТ 20287, метод Б",,
Содержание Азота,"Температура плавления, °C",,
Содержание Азота,Температура проведения теста | -,,
Содержание Азота,"Температура разложения, °C",,
Содержание Азота,Тип АО,,
Содержание Азота,Тип лиганда,,
Содержание Азота,Тип полимера,,
Содержание Азота,Тип спиртового радикала,,
Содержание Азота,Тип сукцинимида,,
Содержание Азота,"Химический потенциал, Дж/моль",,
Содержание Азота,Цвет | ASTM D1500,,
Содержание Азота,Цвет Сейболт | -,,
Содержание Азота,"Щелочное число, ASTM D2896",,
Содержание Азота,"Щелочное число, ГОСТ 11362",,
Содержание Азота,"Энергия ВЗМО, эВ",,
Содержание Азота,"Энергия НСМО, эВ",,
Содержание Азота,"Энергия диссоциации связи Х-Н, ккал/моль",,
Содержание Бора,Содержание ароматики,,
Содержание Бора,"Содержание воды, % масс.",,
Содержание Бора,"Содержание других элементов (например, бора)",,
Содержание Бора,Содержание масла,,
Содержание Бора,"Содержание масла, % масс.",,
Содержание Бора,"Содержание металла (Ca/Mg), % масс.",,
Содержание Бора,"Содержание мыла, % масс.",,
Содержание Бора,Содержание насыщ. у/в,,
Содержание Бора,Содержание полимера,,
Содержание Бора,"Содержание серы, % масс.",,
Содержание Бора,"Содержание серы, мг/кг",,
Содержание Бора,Соотношение мономеров (EO:PO),,
Содержание Бора,Средневесовая масса,,
Содержание Бора,Степень полисульфидности,,
Содержание Бора,"Стерический фактор, Å3",,
Содержание Бора,Структура УВ-радикала,,
Содержание Бора,"Температура застывания, ГОСТ 20287, метод Б",,
Содержание Бора,"Температура плавления, °C",,
Содержание Бора,Температура проведения теста | -,,
Содержание Бора,"Температура разложения, °C",,
Содержание Бора,Тип АО,,
Содержание Бора,Тип лиганда,,
Содержание Бора,Тип полимера,,
Содержание Бора,Тип спиртового радикала,,
Содержание Бора,Тип сукцинимида,,
Содержание Бора,"Химический потенциал, Дж/моль",,
Содержание Бора,Цвет | ASTM D1500,,
Содержание Бора,Цвет Сейболт | -,,
Содержание Бора,"Щелочное число, ASTM D2896",,
Содержание Бора,"Щелочное число, ГОСТ 11362",,
Содержание Бора,"Энергия ВЗМО, эВ",,
Содержание Бора,"Энергия НСМО, эВ",,
Содержание Бора,"Энергия диссоциации связи Х-Н, ккал/моль",,
Содержание ароматики,"Содержание воды, % масс.",,
Содержание ароматики,"Содержание других элементов (например, бора)",,
Содержание ароматики,Содержание масла,,
Содержание ароматики,"Содержание масла, % масс.",,
Содержание ароматики,"Содержание металла (Ca/Mg), % масс.",,
Содержание ароматики,"Содержание мыла, % масс.",,
Содержание ароматики,Содержание насыщ. у/в,,
Содержание ароматики,Содержание полимера,,
Содержание ароматики,"Содержание серы, % масс.",,
Содержание ароматики,"Содержание серы, мг/кг",,
Содержание ароматики,Соотношение мономеров (EO:PO),,
Содержание ароматики,Средневесовая масса,,
Содержание ароматики,Степень полисульфидности,,
Содержание ароматики,"Стерический фактор, Å3",,
Содержание ароматики,Структура УВ-радикала,,
Содержание ароматики,"Температура застывания, ГОСТ 20287, метод Б",,
Содержание ароматики,"Температура плавления, °C",,
Содержание ароматики,Температура проведения теста | -,,
Содержание ароматики,"Температура разложения, °C",,
Содержание ароматики,Тип АО,,
Содержание ароматики,Тип лиганда,,
Содержание ароматики,Тип полимера,,
Содержание ароматики,Тип спиртового радикала,,
Содержание ароматики,Тип сукцинимида,,
Содержание ароматики,"Химический потенциал, Дж/моль",,
Содержание ароматики,Цвет | ASTM D1500,,
Содержание ароматики,Цвет Сейболт | -,,
Содержание ароматики,"Щелочное число, ASTM D2896",,
Содержание ароматики,"Щелочное число, ГОСТ 11362",,
Содержание ароматики,"Энергия ВЗМО, эВ",,
Содержание ароматики,"Энергия НСМО, эВ",,
Содержание ароматики,"Энергия диссоциации связи Х-Н, ккал/моль",,
"Содержание воды, % масс.","Содержание других элементов (например, бора)",,
"Содержание воды, % масс.",Содержание масла,,
"Содержание воды, % масс.","Содержание масла, % масс.",,
"Содержание воды, % масс.","Содержание металла (Ca/Mg), % масс.",,
"Содержание воды, % масс.","Содержание мыла, % масс.",,
"Содержание воды, % масс.",Содержание насыщ. у/в,,
"Содержание воды, % масс.",Содержание полимера,,
"Содержание воды, % масс.","Содержание серы, % масс.",,
"Содержание воды, % масс.","Содержание серы, мг/кг",,
"Содержание воды, % масс.",Соотношение мономеров (EO:PO),,
"Содержание воды, % масс.",Средневесовая масса,,
"Содержание воды, % масс.",Степень полисульфидности,,
"Содержание воды, % масс.","Стерический фактор, Å3",,
"Содержание воды, % масс.",Структура УВ-радикала,,
"Содержание воды, % масс.","Температура застывания, ГОСТ 20287, метод Б",,
"Содержание воды, % масс.","Температура плавления, °C",,
"Содержание воды, % масс.",Температура проведения теста | -,,
"Содержание воды, % масс.","Температура разложения, °C",,
"Содержание воды, % масс.",Тип АО,,
"Содержание воды, % масс.",Тип лиганда,,
"Содержание воды, % масс.",Тип полимера,,
"Содержание воды, % масс.",Тип спиртового радикала,,
"Содержание воды, % масс.",Тип сукцинимида,,
"Содержание воды, % масс.","Химический потенциал, Дж/моль",,
"Содержание воды, % масс.",Цвет | ASTM D1500,,
"Содержание воды, % масс.",Цвет Сейболт | -,,
"Содержание воды, % масс.","Щелочное число, ASTM D2896",,
"Содержание воды, % масс.","Щелочное число, ГОСТ 11362",,
"Содержание воды, % масс.","Энергия ВЗМО, эВ",,
"Содержание воды, % масс.","Энергия НСМО, эВ",,
"Содержание воды, % масс.","Энергия диссоциации связи Х-Н, ккал/моль",,
"Содержание других элементов (например, бора)",Содержание масла,,
"Содержание других элементов (например, бора)","Содержание масла, % масс.",,
"Содержание других элементов (например, бора)","Содержание металла (Ca/Mg), % масс.",,
"Содержание других элементов (например, бора)","Содержание мыла, % масс.",,
"Содержание других элементов (например, бора)",Содержание насыщ. у/в,,
"Содержание других элементов (например, бора)",Содержание полимера,,
"Содержание других элементов (например, бора)","Содержание серы, % масс.",,
"Содержание других элементов (например, бора)","Содержание серы, мг/кг",,
"Содержание других элементов (например, бора)",Соотношение мономеров (EO:PO),,
"Содержание других элементов (например, бора)",Средневесовая масса,,
"Содержание других элементов (например, бора)",Степень полисульфидности,,
"Содержание других элементов (например, бора)","Стерический фактор, Å3",,
"Содержание других элементов (например, бора)",Структура УВ-радикала,,
"Содержание других элементов (например, бора)","Температура застывания, ГОСТ 20287, метод Б",,
"Содержание других элементов (например, бора)","Температура плавления, °C",,
"Содержание других элементов (например, бора)",Температура проведения теста | -,,
"Содержание других элементов (например, бора)","Температура разложения, °C",,
"Содержание других элементов (например, бора)",Тип АО,,
"Содержание других элементов (например, бора)",Тип лиганда,,
"Содержание других элементов (например, бора)",Тип полимера,,
"Содержание других элементов (например, бора)",Тип спиртового радикала,,
"Содержание других элементов (например, бора)",Тип сукцинимида,,
"Содержание других элементов (например, бора)","Химический потенциал, Дж/моль",,
"Содержание других элементов (например, бора)",Цвет | ASTM D1500,,
"Содержание других элементов (например, бора)",Цвет Сейболт | -,,
"Содержание других элементов (например, бора)","Щелочное число, ASTM D2896",,
"Содержание других элементов (например, бора)","Щелочное число, ГОСТ 11362",,
"Содержание других элементов (например, бора)","Энергия ВЗМО, эВ",,
"Содержание других элементов (например, бора)","Энергия НСМО, эВ",,
"Содержание других элементов (например, бора)","Энергия диссоциации связи Х-Н, ккал/моль",,
Содержание масла,"Содержание масла, % масс.",,
Содержание масла,"Содержание металла (Ca/Mg), % масс.",,
Содержание масла,"Содержание мыла, % масс.",,
Содержание масла,Содержание насыщ. у/в,,
Содержание масла,Содержание полимера,,
Содержание масла,"Содержание серы, % масс.",,
Содержание масла,"Содержание серы, мг/кг",,
Содержание масла,Соотношение мономеров (EO:PO),,
Содержание масла,Средневесовая масса,,
Содержание масла,Степень полисульфидности,,
Содержание масла,"Стерический фактор, Å3",,
Содержание масла,Структура УВ-радикала,,
Содержание масла,"Температура застывания, ГОСТ 20287, метод Б",,
Содержание масла,"Температура плавления, °C",,
Содержание масла,Температура проведения теста | -,,
Содержание масла,"Температура разложения, °C",,
Содержание масла,Тип АО,,
Содержание масла,Тип лиганда,,
Содержание масла,Тип полимера,,
Содержание масла,Тип спиртового радикала,,
Содержание масла,Тип сукцинимида,,
Содержание масла,"Химический потенциал, Дж/моль",,
Содержание масла,Цвет | ASTM D1500,,
Содержание масла,Цвет Сейболт | -,,
Содержание масла,"Щелочное число, ASTM D2896",,
Содержание масла,"Щелочное число, ГОСТ 11362",,
Содержание масла,"Энергия ВЗМО, эВ",,
Содержание масла,"Энергия НСМО, эВ",,
Содержание масла,"Энергия диссоциации связи Х-Н, ккал/моль",,
"Содержание масла, % масс.","Содержание металла (Ca/Mg), % масс.",,
"Содержание масла, % масс.","Содержание мыла, % масс.",,
"Содержание масла, % масс.",Содержание насыщ. у/в,,
"Содержание масла, % масс.",Содержание полимера,,
"Содержание масла, % масс.","Содержание серы, % масс.",,
"Содержание масла, % масс.","Содержание серы, мг/кг",,
"Содержание масла, % масс.",Соотношение мономеров (EO:PO),,
"Содержание масла, % масс.",Средневесовая масса,,
"Содержание масла, % масс.",Степень полисульфидности,,
"Содержание масла, % масс.","Стерический фактор, Å3",,
"Содержание масла, % масс.",Структура УВ-радикала,,
"Содержание масла, % масс.","Температура застывания, ГОСТ 20287, метод Б",,
"Содержание масла, % масс.","Температура плавления, °C",,
"Содержание масла, % масс.",Температура проведения теста | -,,
"Содержание масла, % масс.","Температура разложения, °C",,
"Содержание масла, % масс.",Тип АО,,
"Содержание масла, % масс.",Тип лиганда,,
"Содержание масла, % масс.",Тип полимера,,
"Содержание масла, % масс.",Тип спиртового радикала,,
"Содержание масла, % масс.",Тип сукцинимида,,
"Содержание масла, % масс.","Химический потенциал, Дж/моль",,
"Содержание масла, % масс.",Цвет | ASTM D1500,,
"Содержание масла, % масс.",Цвет Сейболт | -,,
"Содержание масла, % масс.","Щелочное число, ASTM D2896",,
"Содержание масла, % масс.","Щелочное число, ГОСТ 11362",,
"Содержание масла, % масс.","Энергия ВЗМО, эВ",,
"Содержание масла, % масс.","Энергия НСМО, эВ",,
"Содержание масла, % масс.","Энергия диссоциации связи Х-Н, ккал/моль",,
"Содержание металла (Ca/Mg), % масс.","Содержание мыла, % масс.",,
"Содержание металла (Ca/Mg), % масс.",Содержание насыщ. у/в,,
"Содержание металла (Ca/Mg), % масс.",Содержание полимера,,
"Содержание металла (Ca/Mg), % масс.","Содержание серы, % масс.",,
"Содержание металла (Ca/Mg), % масс.","Содержание серы, мг/кг",,
"Содержание металла (Ca/Mg), % масс.",Соотношение мономеров (EO:PO),,
"Содержание металла (Ca/Mg), % масс.",Средневесовая масса,,
"Содержание металла (Ca/Mg), % масс.",Степень полисульфидности,,
"Содержание металла (Ca/Mg), % масс.","Стерический фактор, Å3",,
"Содержание металла (Ca/Mg), % масс.",Структура УВ-радикала,,
"Содержание металла (Ca/Mg), % масс.","Температура застывания, ГОСТ 20287, метод Б",,
"Содержание металла (Ca/Mg), % масс.","Температура плавления, °C",,
"Содержание металла (Ca/Mg), % масс.",Температура проведения теста | -,,
"Содержание металла (Ca/Mg), % масс.","Температура разложения, °C",,
"Содержание металла (Ca/Mg), % масс.",Тип АО,,
"Содержание металла (Ca/Mg), % масс.",Тип лиганда,,
"Содержание металла (Ca/Mg), % масс.",Тип полимера,,
"Содержание металла (Ca/Mg), % масс.",Тип спиртового радикала,,
"Содержание металла (Ca/Mg), % масс.",Тип сукцинимида,,
"Содержание металла (Ca/Mg), % масс.","Химический потенциал, Дж/моль",,
"Содержание металла (Ca/Mg), % масс.",Цвет | ASTM D1500,,
"Содержание металла (Ca/Mg), % масс.",Цвет Сейболт | -,,
"Содержание металла (Ca/Mg), % масс.","Щелочное число, ASTM D2896",,
"Содержание металла (Ca/Mg), % масс.","Щелочное число, ГОСТ 11362",,
"Содержание металла (Ca/Mg), % масс.","Энергия ВЗМО, эВ",,
"Содержание металла (Ca/Mg), % масс.","Энергия НСМО, эВ",,
"Содержание металла (Ca/Mg), % масс.","Энергия диссоциации связи Х-Н, ккал/моль",,
"Содержание мыла, % масс.",Содержание насыщ. у/в,,
"Содержание мыла, % масс.",Содержание полимера,,
"Содержание мыла, % масс.","Содержание серы, % масс.",,
"Содержание мыла, % масс.","Содержание серы, мг/кг",,
"Содержание мыла, % масс.",Соотношение мономеров (EO:PO),,
"Содержание мыла, % масс.",Средневесовая масса,,
"Содержание мыла, % масс.",Степень полисульфидности,,
"Содержание мыла, % масс.","Стерический фактор, Å3",,
"Содержание мыла, % масс.",Структура УВ-радикала,,
"Содержание мыла, % масс.","Температура застывания, ГОСТ 20287, метод Б",,
"Содержание мыла, % масс.","Температура плавления, °C",,
"Содержание мыла, % масс.",Температура проведения теста | -,,
"Содержание мыла, % масс.","Температура разложения, °C",,
"Содержание мыла, % масс.",Тип АО,,
"Содержание мыла, % масс.",Тип лиганда,,
"Содержание мыла, % масс.",Тип полимера,,
"Содержание мыла, % масс.",Тип спиртового радикала,,
"Содержание мыла, % масс.",Тип сукцинимида,,
"Содержание мыла, % масс.","Химический потенциал, Дж/моль",,
"Содержание мыла, % масс.",Цвет | ASTM D1500,,
"Содержание мыла, % масс.",Цвет Сейболт | -,,
"Содержание мыла, % масс.","Щелочное число, ASTM D2896",,
"Содержание мыла, % масс.","Щелочное число, ГОСТ 11362",,
"Содержание мыла, % масс.","Энергия ВЗМО, эВ",,
"Содержание мыла, % масс.","Энергия НСМО, эВ",,
"Содержание мыла, % масс.","Энергия диссоциации связи Х-Н, ккал/моль",,
Содержание насыщ. у/в,Содержание полимера,,
Содержание насыщ. у/в,"Содержание серы, % масс.",,
Содержание насыщ. у/в,"Содержание серы, мг/кг",,
Содержание насыщ. у/в,Соотношение мономеров (EO:PO),,
Содержание насыщ. у/в,Средневесовая масса,,
Содержание насыщ. у/в,Степень полисульфидности,,
Содержание насыщ. у/в,"Стерический фактор, Å3",,
Содержание насыщ. у/в,Структура УВ-радикала,,
Содержание насыщ. у/в,"Температура застывания, ГОСТ 20287, метод Б",,
Содержание насыщ. у/в,"Температура плавления, °C",,
Содержание насыщ. у/в,Температура проведения теста | -,,
Содержание насыщ. у/в,"Температура разложения, °C",,
Содержание насыщ. у/в,Тип АО,,
Содержание насыщ. у/в,Тип лиганда,,
Содержание насыщ. у/в,Тип полимера,,
Содержание насыщ. у/в,Тип спиртового радикала,,
Содержание насыщ. у/в,Тип сукцинимида,,
Содержание насыщ. у/в,"Химический потенциал, Дж/моль",,
Содержание насыщ. у/в,Цвет | ASTM D1500,,
Содержание насыщ. у/в,Цвет Сейболт | -,,
Содержание насыщ. у/в,"Щелочное число, ASTM D2896",,
Содержание насыщ. у/в,"Щелочное число, ГОСТ 11362",,
Содержание насыщ. у/в,"Энергия ВЗМО, эВ",,
Содержание насыщ. у/в,"Энергия НСМО, эВ",,
Содержание насыщ. у/в,"Энергия диссоциации связи Х-Н, ккал/моль",,
Содержание полимера,"Содержание серы, % масс.",,
Содержание полимера,"Содержание серы, мг/кг",,
Содержание полимера,Соотношение мономеров (EO:PO),,
Содержание полимера,Средневесовая масса,,
Содержание полимера,Степень полисульфидности,,
Содержание полимера,"Стерический фактор, Å3",,
Содержание полимера,Структура УВ-радикала,,
Содержание полимера,"Температура застывания, ГОСТ 20287, метод Б",,
Содержание полимера,"Температура плавления, °C",,
Содержание полимера,Температура проведения теста | -,,
Содержание полимера,"Температура разложения, °C",,
Содержание полимера,Тип АО,,
Содержание полимера,Тип лиганда,,
Содержание полимера,Тип полимера,,
Содержание полимера,Тип спиртового радикала,,
Содержание полимера,Тип сукцинимида,,
Содержание полимера,"Химический потенциал, Дж/моль",,
Содержание полимера,Цвет | ASTM D1500,,
Содержание полимера,Цвет Сейболт | -,,
Содержание полимера,"Щелочное число, ASTM D2896",,
Содержание полимера,"Щелочное число, ГОСТ 11362",,
Содержание полимера,"Энергия ВЗМО, эВ",,
Содержание полимера,"Энергия НСМО, эВ",,
Содержание полимера,"Энергия диссоциации связи Х-Н, ккал/моль",,
"Содержание серы, % масс.","Содержание серы, мг/кг",,
"Содержание серы, % масс.",Соотношение мономеров (EO:PO),,
"Содержание серы, % масс.",Средневесовая масса,,
"Содержание серы, % масс.",Степень полисульфидности,,
"Содержание серы, % масс.","Стерический фактор, Å3",,
"Содержание серы, % масс.",Структура УВ-радикала,,
"Содержание серы, % масс.","Температура застывания, ГОСТ 20287, метод Б",,
"Содержание серы, % масс.","Температура плавления, °C",,
"Содержание серы, % масс.",Температура проведения теста | -,,
"Содержание серы, % масс.","Температура разложения, °C",,
"Содержание серы, % масс.",Тип АО,,
"Содержание серы, % масс.",Тип лиганда,,
"Содержание серы, % масс.",Тип полимера,,
"Содержание серы, % масс.",Тип спиртового радикала,,
"Содержание серы, % масс.",Тип сукцинимида,,
"Содержание серы, % масс.","Химический потенциал, Дж/моль",,
"Содержание серы, % масс.",Цвет | ASTM D1500,,
"Содержание серы, % масс.",Цвет Сейболт | -,,
"Содержание серы, % масс.","Щелочное число, ASTM D2896",,
"Содержание серы, % масс.","Щелочное число, ГОСТ 11362",,
"Содержание серы, % масс.","Энергия ВЗМО, эВ",,
"Содержание серы, % масс.","Энергия НСМО, эВ",,
"Содержание серы, % масс.","Энергия диссоциации связи Х-Н, ккал/моль",,
"Содержание серы, мг/кг",Соотношение мономеров (EO:PO),,
"Содержание серы, мг/кг",Средневесовая масса,,
"Содержание серы, мг/кг",Степень полисульфидности,,
"Содержание серы, мг/кг","Стерический фактор, Å3",,
"Содержание серы, мг/кг",Структура УВ-радикала,,
"Содержание серы, мг/кг","Температура застывания, ГОСТ 20287, метод Б",,
"Содержание серы, мг/кг","Температура плавления, °C",,
"Содержание серы, мг/кг",Температура проведения теста | -,,
"Содержание серы, мг/кг","Температура разложения, °C",,
"Содержание серы, мг/кг",Тип АО,,
"Содержание серы, мг/кг",Тип лиганда,,
"Содержание серы, мг/кг",Тип полимера,,
"Содержание серы, мг/кг",Тип спиртового радикала,,
"Содержание серы, мг/кг",Тип сукцинимида,,
"Содержание серы, мг/кг","Химический потенциал, Дж/моль",,
"Содержание серы, мг/кг",Цвет | ASTM D1500,,
"Содержание серы, мг/кг",Цвет Сейболт | -,,
"Содержание серы, мг/кг","Щелочное число, ASTM D2896",,
"Содержание серы, мг/кг","Щелочное число, ГОСТ 11362",,
"Содержание серы, мг/кг","Энергия ВЗМО, эВ",,
"Содержание серы, мг/кг","Энергия НСМО, эВ",,
"Содержание серы, мг/кг","Энергия диссоциации связи Х-Н, ккал/моль",,
Соотношение мономеров (EO:PO),Средневесовая масса,,
Соотношение мономеров (EO:PO),Степень полисульфидности,,
Соотношение мономеров (EO:PO),"Стерический фактор, Å3",,
Соотношение мономеров (EO:PO),Структура УВ-радикала,,
Соотношение мономеров (EO:PO),"Температура застывания, ГОСТ 20287, метод Б",,
Соотношение мономеров (EO:PO),"Температура плавления, °C",,
Соотношение мономеров (EO:PO),Температура проведения теста | -,,
Соотношение мономеров (EO:PO),"Температура разложения, °C",,
Соотношение мономеров (EO:PO),Тип АО,,
Соотношение мономеров (EO:PO),Тип лиганда,,
Соотношение мономеров (EO:PO),Тип полимера,,
Соотношение мономеров (EO:PO),Тип спиртового радикала,,
Соотношение мономеров (EO:PO),Тип сукцинимида,,
Соотношение мономеров (EO:PO),"Химический потенциал, Дж/моль",,
Соотношение мономеров (EO:PO),Цвет | ASTM D1500,,
Соотношение мономеров (EO:PO),Цвет Сейболт | -,,
Соотношение мономеров (EO:PO),"Щелочное число, ASTM D2896",,
Соотношение мономеров (EO:PO),"Щелочное число, ГОСТ 11362",,
Соотношение мономеров (EO:PO),"Энергия ВЗМО, эВ",,
Соотношение мономеров (EO:PO),"Энергия НСМО, эВ",,
Соотношение мономеров (EO:PO),"Энергия диссоциации связи Х-Н, ккал/моль",,
Средневесовая масса,Степень полисульфидности,,
Средневесовая масса,"Стерический фактор, Å3",,
Средневесовая масса,Структура УВ-радикала,,
Средневесовая масса,"Температура застывания, ГОСТ 20287, метод Б",,
Средневесовая масса,"Температура плавления, °C",,
Средневесовая масса,Температура проведения теста | -,,
Средневесовая масса,"Температура разложения, °C",,
Средневесовая масса,Тип АО,,
Средневесовая масса,Тип лиганда,,
Средневесовая масса,Тип полимера,,
Средневесовая масса,Тип спиртового радикала,,
Средневесовая масса,Тип сукцинимида,,
Средневесовая масса,"Химический потенциал, Дж/моль",,
Средневесовая масса,Цвет | ASTM D1500,,
Средневесовая масса,Цвет Сейболт | -,,
Средневесовая масса,"Щелочное число, ASTM D2896",,
Средневесовая масса,"Щелочное число, ГОСТ 11362",,
Средневесовая масса,"Энергия ВЗМО, эВ",,
Средневесовая масса,"Энергия НСМО, эВ",,
Средневесовая масса,"Энергия диссоциации связи Х-Н, ккал/моль",,
Степень полисульфидности,"Стерический фактор, Å3",,
Степень полисульфидности,Структура УВ-радикала,,
Степень полисульфидности,"Температура застывания, ГОСТ 20287, метод Б",,
Степень полисульфидности,"Температура плавления, °C",,
Степень полисульфидности,Температура проведения теста | -,,
Степень полисульфидности,"Температура разложения, °C",,
Степень полисульфидности,Тип АО,,
Степень полисульфидности,Тип лиганда,,
Степень полисульфидности,Тип полимера,,
Степень полисульфидности,Тип спиртового радикала,,
Степень полисульфидности,Тип сукцинимида,,
Степень полисульфидности,"Химический потенциал, Дж/моль",,
Степень полисульфидности,Цвет | ASTM D1500,,
Степень полисульфидности,Цвет Сейболт | -,,
Степень полисульфидности,"Щелочное число, ASTM D2896",,
Степень полисульфидности,"Щелочное число, ГОСТ 11362",,
Степень полисульфидности,"Энергия ВЗМО, эВ",,
Степень полисульфидности,"Энергия НСМО, эВ",,
Степень полисульфидности,"Энергия диссоциации связи Х-Н, ккал/моль",,
"Стерический фактор, Å3",Структура УВ-радикала,,
"Стерический фактор, Å3","Температура застывания, ГОСТ 20287, метод Б",,
"Стерический фактор, Å3","Температура плавления, °C",,
"Стерический фактор, Å3",Температура проведения теста | -,,
"Стерический фактор, Å3","Температура разложения, °C",,
"Стерический фактор, Å3",Тип АО,,
"Стерический фактор, Å3",Тип лиганда,,
"Стерический фактор, Å3",Тип полимера,,
"Стерический фактор, Å3",Тип спиртового радикала,,
"Стерический фактор, Å3",Тип сукцинимида,,
"Стерический фактор, Å3","Химический потенциал, Дж/моль",,
"Стерический фактор, Å3",Цвет | ASTM D1500,,
"Стерический фактор, Å3",Цвет Сейболт | -,,
"Стерический фактор, Å3","Щелочное число, ASTM D2896",,
"Стерический фактор, Å3","Щелочное число, ГОСТ 11362",,
"Стерический фактор, Å3","Энергия ВЗМО, эВ",,
"Стерический фактор, Å3","Энергия НСМО, эВ",,
"Стерический фактор, Å3","Энергия диссоциации связи Х-Н, ккал/моль",,
Структура УВ-радикала,"Температура застывания, ГОСТ 20287, метод Б",,
Структура УВ-радикала,"Температура плавления, °C",,
Структура УВ-радикала,Температура проведения теста | -,,
Структура УВ-радикала,"Температура разложения, °C",,
Структура УВ-радикала,Тип АО,,
Структура УВ-радикала,Тип лиганда,,
Структура УВ-радикала,Тип полимера,,
Структура УВ-радикала,Тип спиртового радикала,,
Структура УВ-радикала,Тип сукцинимида,,
Структура УВ-радикала,"Химический потенциал, Дж/моль",,
Структура УВ-радикала,Цвет | ASTM D1500,,
Структура УВ-радикала,Цвет Сейболт | -,,
Структура УВ-радикала,"Щелочное число, ASTM D2896",,
Структура УВ-радикала,"Щелочное число, ГОСТ 11362",,
Структура УВ-радикала,"Энергия ВЗМО, эВ",,
Структура УВ-радикала,"Энергия НСМО, эВ",,
Структура УВ-радикала,"Энергия диссоциации связи Х-Н, ккал/моль",,
"Температура застывания, ГОСТ 20287, метод Б","Температура плавления, °C",,
"Температура застывания, ГОСТ 20287, метод Б","Температура разложения, °C",,
"Температура застывания, ГОСТ 20287, метод Б",Тип АО,,
"Температура застывания, ГОСТ 20287, метод Б",Тип лиганда,,
"Температура застывания, ГОСТ 20287, метод Б",Тип полимера,,
"Температура застывания, ГОСТ 20287, метод Б",Тип спиртового радикала,,
"Температура застывания, ГОСТ 20287, метод Б",Тип сукцинимида,,
"Температура застывания, ГОСТ 20287, метод Б","Химический потенциал, Дж/моль",,
"Температура застывания, ГОСТ 20287, метод Б","Энергия ВЗМО, эВ",,
"Температура застывания, ГОСТ 20287, метод Б","Энергия НСМО, эВ",,
"Температура застывания, ГОСТ 20287, метод Б","Энергия диссоциации связи Х-Н, ккал/моль",,
"Температура плавления, °C",Температура проведения теста | -,,
"Температура плавления, °C","Температура разложения, °C",,
"Температура плавления, °C",Тип АО,,
"Температура плавления, °C",Тип лиганда,,
"Температура плавления, °C",Тип полимера,,
"Температура плавления, °C",Тип спиртового радикала,,
"Температура плавления, °C",Тип сукцинимида,,
"Температура плавления, °C","Химический потенциал, Дж/моль",,
"Температура плавления, °C",Цвет | ASTM D1500,,
"Температура плавления, °C",Цвет Сейболт | -,,
"Температура плавления, °C","Щелочное число, ASTM D2896",,
"Температура плавления, °C","Щелочное число, ГОСТ 11362",,
"Температура плавления, °C","Энергия ВЗМО, эВ",,
"Температура плавления, °C","Энергия НСМО, эВ",,
"Температура плавления, °C","Энергия диссоциации связи Х-Н, ккал/моль",,
Температура проведения теста | -,"Температура разложения, °C",,
Температура проведения теста | -,Тип АО,,
Температура проведения теста | -,Тип лиганда,,
Температура проведения теста | -,Тип полимера,,
Температура проведения теста | -,Тип спиртового радикала,,
Температура проведения теста | -,Тип сукцинимида,,
Температура проведения теста | -,"Химический потенциал, Дж/моль",,
Температура проведения теста | -,"Энергия ВЗМО, эВ",,
Температура проведения теста | -,"Энергия НСМО, эВ",,
Температура проведения теста | -,"Энергия диссоциации связи Х-Н, ккал/моль",,
"Температура разложения, °C",Тип АО,,
"Температура разложения, °C",Тип лиганда,,
"Температура разложения, °C",Тип полимера,,
"Температура разложения, °C",Тип спиртового радикала,,
"Температура разложения, °C",Тип сукцинимида,,
"Температура разложения, °C","Химический потенциал, Дж/моль",,
"Температура разложения, °C",Цвет | ASTM D1500,,
"Температура разложения, °C",Цвет Сейболт | -,,
"Температура разложения, °C","Щелочное число, ASTM D2896",,
"Температура разложения, °C","Щелочное число, ГОСТ 11362",,
"Температура разложения, °C","Энергия ВЗМО, эВ",,
"Температура разложения, °C","Энергия НСМО, эВ",,
"Температура разложения, °C","Энергия диссоциации связи Х-Н, ккал/моль",,
Тип АО,Тип лиганда,,
Тип АО,Тип полимера,,
Тип АО,Тип спиртового радикала,,
Тип АО,Тип сукцинимида,,
Тип АО,"Химический потенциал, Дж/моль",,
Тип АО,Цвет | ASTM D1500,,
Тип АО,Цвет Сейболт | -,,
Тип АО,"Щелочное число, ASTM D2896",,
Тип АО,"Щелочное число, ГОСТ 11362",,
Тип АО,"Энергия ВЗМО, эВ",,
Тип АО,"Энергия НСМО, эВ",,
Тип АО,"Энергия диссоциации связи Х-Н, ккал/моль",,
Тип лиганда,Тип полимера,,
Тип лиганда,Тип спиртового радикала,,
Тип лиганда,Тип сукцинимида,,
Тип лиганда,"Химический потенциал, Дж/моль",,
Тип лиганда,Цвет | ASTM D1500,,
Тип лиганда,Цвет Сейболт | -,,
Тип лиганда,"Щелочное число, ASTM D2896",,
Тип лиганда,"Щелочное число, ГОСТ 11362",,
Тип лиганда,"Энергия ВЗМО, эВ",,
Тип лиганда,"Энергия НСМО, эВ",,
Тип лиганда,"Энергия диссоциации связи Х-Н, ккал/моль",,
Тип полимера,Тип спиртового радикала,,
Тип полимера,Тип сукцинимида,,
Тип полимера,"Химический потенциал, Дж/моль",,
Тип полимера,Цвет | ASTM D1500,,
Тип полимера,Цвет Сейболт | -,,
Тип полимера,"Щелочное число, ASTM D2896",,
Тип полимера,"Щелочное число, ГОСТ 11362",,
Тип полимера,"Энергия ВЗМО, эВ",,
Тип полимера,"Энергия НСМО, эВ",,
Тип полимера,"Энергия диссоциации связи Х-Н, ккал/моль",,
Тип спиртового радикала,Тип сукцинимида,,
Тип спиртового радикала,"Химический потенциал, Дж/моль",,
Тип спиртового радикала,Цвет | ASTM D1500,,
Тип спиртового радикала,Цвет Сейболт | -,,
Тип спиртового радикала,"Щелочное число, ASTM D2896",,
Тип спиртового радикала,"Щелочное число, ГОСТ 11362",,
Тип спиртового радикала,"Энергия ВЗМО, эВ",,
Тип спиртового радикала,"Энергия НСМО, эВ",,
Тип спиртового радикала,"Энергия диссоциации связи Х-Н, ккал/моль",,
Тип сукцинимида,"Химический потенциал, Дж/моль",,
Тип сукцинимида,Цвет | ASTM D1500,,
Тип сукцинимида,Цвет Сейболт | -,,
Тип сукцинимида,"Щелочное число, ASTM D2896",,
Тип сукцинимида,"Щелочное число, ГОСТ 11362",,
Тип сукцинимида,"Энергия ВЗМО, эВ",,
Тип сукцинимида,"Энергия НСМО, эВ",,
Тип сукцинимида,"Энергия диссоциации связи Х-Н, ккал/моль",,
"Химический потенциал, Дж/моль",Цвет | ASTM D1500,,
"Химический потенциал, Дж/моль",Цвет Сейболт | -,,
"Химический потенциал, Дж/моль","Щелочное число, ASTM D2896",,
"Химический потенциал, Дж/моль","Щелочное число, ГОСТ 11362",,
"Химический потенциал, Дж/моль","Энергия ВЗМО, эВ",,
"Химический потенциал, Дж/моль","Энергия НСМО, эВ",,
"Химический потенциал, Дж/моль","Энергия диссоциации связи Х-Н, ккал/моль",,
Цвет | ASTM D1500,"Энергия ВЗМО, эВ",,
Цвет | ASTM D1500,"Энергия НСМО, эВ",,
Цвет | ASTM D1500,"Энергия диссоциации связи Х-Н, ккал/моль",,
Цвет Сейболт | -,"Энергия ВЗМО, эВ",,
Цвет Сейболт | -,"Энергия НСМО, эВ",,
Цвет Сейболт | -,"Энергия диссоциации связи Х-Н, ккал/моль",,
"Щелочное число, ASTM D2896","Энергия ВЗМО, эВ",,
"Щелочное число, ASTM D2896","Энергия НСМО, эВ",,
"Щелочное число, ASTM D2896","Энергия диссоциации связи Х-Н, ккал/моль",,
"Щелочное число, ГОСТ 11362","Энергия ВЗМО, эВ",,
"Щелочное число, ГОСТ 11362","Энергия НСМО, эВ",,
"Щелочное число, ГОСТ 11362","Энергия диссоциации связи Х-Н, ккал/моль",,
"Энергия ВЗМО, эВ","Энергия НСМО, эВ",,
"Энергия ВЗМО, эВ","Энергия диссоциации связи Х-Н, ккал/моль",,
"Энергия НСМО, эВ","Энергия диссоциации связи Х-Н, ккал/моль",,
