scenario_id,Компонент,Наименование партии,"Массовая доля, %",% масс. (Mo),CAS,COC (°C),SMILES для наиболее вероятной (средней) молекулы сульфокислоты,"Активный Азот / Кислород, % масс. (N или O)",Анилиновая точка,Атомное отношение P:Zn,Группа по API,Деаэрация | ASTM D3427,Деэм.вода | ASTM D1401,Деэм.время | ASTM D1401,Деэм.масло | ASTM D1401,Деэм.эмульсия | ASTM D1401,"Динамическая вязкость CCS -15°C, ASTM D5293","Динамическая вязкость CCS -20°C, ASTM D5293","Динамическая вязкость CCS -25°C, ASTM D5293","Динамическая вязкость CCS -30°C, ASTM D5293","Динамическая вязкость CCS -35°C, ASTM D5293","Дипольный момент, Д",Длина углеродной цепи,"Индекс вязкости, ГОСТ 25371",Индекс полидисперсности,"Индекс стабильности, %","Испаряемость по NOACK, ASTM D5800",Категория,Кинематическая вязкость,"Кинематическая вязкость, при -30⁰С | ASTM D445","Кинематическая вязкость, при 100°C, ASTM D445","Кинематическая вязкость, при 40°C, ASTM D445","Кислотное число, ГОСТ 11362",Класс полиамина,Класс субстрата,"Масса гидрофобного хвоста, г/моль",Массовая доля кальция | ASTM D6481,"Массовая доля кальция, ASTM D6481",Массовая доля серы | ASTM D6481,"Массовая доля серы, ASTM D6481","Массовая доля сульфатной золы, ГОСТ 12417",Массовая доля фосфора | ASTM D6481,"Массовая доля фосфора, ASTM D6481",Массовая доля цинка | ASTM D6481,"Массовая доля цинка, ASTM D6481",Модификация,Номер CAS,Номер CAS / SMILES,Общее содержание азота | ASTM D3228,Определение содержания воды методом Карла Фишера | ASTM D 6304,Отношение S:Mo,Отношение Мыло/Основание,"Плотность при 15°С, ASTM D4052","Плотность при 20°С, ASTM D4052",Последовательность 1 | ASTM D892,Последовательность 2 | ASTM D892,Последовательность 3 | ASTM D892,"Потенциал ионизации,эВ",Происхождение,Разветвленность радикала / радикалов,"Размер мицелл, нм","Содержание MgCO3, CaCO3, % масс.",Содержание Азота,Содержание Бора,Содержание ароматики,"Содержание воды, % масс.","Содержание других элементов (например, бора)",Содержание масла,"Содержание масла, % масс.","Содержание металла (Ca/Mg), % масс.","Содержание мыла, % масс.",Содержание насыщ. у/в,Содержание полимера,"Содержание серы, % масс.","Содержание серы, мг/кг",Соотношение мономеров (EO:PO),Средневесовая масса,Степень полисульфидности,"Стерический фактор, Å3",Структура УВ-радикала,"Температура застывания, ГОСТ 20287, метод Б","Температура плавления, °C",Температура проведения теста | -,"Температура разложения, °C",Тип АО,Тип лиганда,Тип полимера,Тип спиртового радикала,Тип сукцинимида,"Химический потенциал, Дж/моль",Цвет | ASTM D1500,Цвет Сейболт | -,"Щелочное число, ASTM D2896","Щелочное число, ГОСТ 11362","Энергия ВЗМО, эВ","Энергия НСМО, эВ","Энергия диссоциации связи Х-Н, ккал/моль"
train_1,Антиоксидант_5,32,70.832,,,,,,,,,,,,,,,,,,,,,,,,,,,,,,,,,,,,,,,,,,,,,,,,,,,,,,,,,,,,,,,,,,,,,,,,,,,,,,,,,,,,,,,,,,,,,,
train_1,Антиоксидант_6,13799.21,70.832,,,,,,,,,,,,,,,,,,,,,,,,,,,,,,,,,,,,,,,,,,,,,,,,,,,,,,,,,,,,,,,,,,,,,,,,,,,,,,,,,,,,,,,,,,,,,,
train_1,Антипенная_присадка_3,б/н,3.991,,,,,,,,,,,,,,,,,,,,,,,,,,,,,,,,,,,0,,0,,,0,,0,,,,,,,,,,,,,,,,,,,,,,,,,,,,,,,,,,,,,,,,,,,,,,,,,,,,
train_1,Базовое_масло_10,0285.21,60.034,,,,,,,,,,,,,,,,,2579,,,,,,,,,,,4.54,,,,,,,,,,,,,,,,,,,,,,,,,,,,,,,,,,,,,,,,,,,,,,,,,,,,,,,,,,,,,,,,,,
train_1,Базовое_масло_17,без номера,84.281,,,,,,,,,,,,,,13,25,50,99,200,,,,,,90,,,,1.45,3.88,,,,,,,,,,,,,,,,,,,,,,,,,,,,,,,,,,,,,,,,,,,,,,,,,-73,,,,,,,,,,,,,,,,
train_1,Базовое_масло_2,0204.22,57.127,,,,,,,,,,38,30,42,0,1224,2308,4797,10565,,,,96,,,12.8,,,,5.4,33,,,,,,0.00089,,0.02478,,,0.00054,,0.00014,,,,,,,,,,0,0,0,,,,,,,,,,,,,,,,,,,,,,,,0,,,,,,,,,,,,,,,,
train_1,Базовое_масло_7,0186.21,99.414,,,,,,,,,,39,40,41,0,6022,12857,25800,,,,,89,,,5.4,,,,9.34,81.15,,,,,,,,,,,,,,,,,,,,,,,10,0,0,,,,,,,,,,,,,,,,,,,,,,,,,,,,,,,,,,,,,,,,
train_1,Депрессорная_присадка_2,121256,17.074,,,,,,,,,,,,,,,,,,,,,,,,,,,,300,,,,,,,,,,,,,,,,,,,,,,,,,,,,,,,,,,,,,,,,,,,,,,,,,,,,,,,,,,,,,,,,,,
train_1,Детергент_1,0174.22,93.897,,,,,,,,,,,,,,,,,,,,,,,,,,,,163.5,,11.2,,,,,11.2,,,,,,,,,,,,,,,,,,,,,,,,,,,,,,,,,,,,,,,,,,,,,,,,,,,,,,,405.8,,,,
train_1,Детергент_4,,26.931,,,,,,,,,,,,,,,,,,,,,,,,,,,,,,,,,,,,,,,,,,,,,,,,,,,,,,,,,,,,,,,,,,,,,,,,,,,,,,,,,,,,,,,,,,,,,,
train_1,Дисперсант_9,39202.20,34.255,,,,,,,,,,,,,,,,,,,,,,,,,,,,,,,,,,,,,,,,,,,,,,,,,,,,,,,,,,,,,,,,,,,,,,,,,,,,,,,,,,,,,,,,,,,,,,
train_1,Загуститель_2,071.21,90.699,,,,,,,,,,,,,,,,,,,,,,,,,,,,360,,,,,,,,,,,,,,,,,,,,,,,,,,,,,,,,,,,,,,,,,,,,,,,,,,,,,,,,,,,,,,,,,,
train_1,Противоизносная_присадка_8,0186.22,99.235,,,,,,,,,,,,,,,,,,,,,,,,,,,,13.74,,,,,,,0.001,,,,,8.049,,9.095,,,,,,,,,,,,,,,,,,,,,,,,,,,,,,,,,,,,,,,,,,,,,,,,17.8,,,,
train_2,Антиоксидант_14,19776.19,95.918,,,,,,,,,,,,,,,,,,,,,,,,,,,,14.06,,,,,,,,,,,,,,,,,,,,,,,,,,,,,,,,,,,,,,,,,,,,,,,,,,,,,,,,,,,,,,,,,,
train_2,Антиоксидант_15,13775.21,95.918,,,,,,,,,,,,,,,,,,,,,,,,,,,,,,,,,,,,,,,,,,,,,,,,,,,,,,,,,,,,,,,,,,,,,,,,,,,,,,,,,,,,,,,,,,,,,,
train_2,Антипенная_присадка_3,б/н,3.991,,,,,,,,,,,,,,,,,,,,,,,,,,,,,,,,,,,0,,0,,,0,,0,,,,,,,,,,,,,,,,,,,,,,,,,,,,,,,,,,,,,,,,,,,,,,,,,,,,
train_2,Базовое_масло_10,0285.21,60.034,,,,,,,,,,,,,,,,,2579,,,,,,,,,,,4.54,,,,,,,,,,,,,,,,,,,,,,,,,,,,,,,,,,,,,,,,,,,,,,,,,,,,,,,,,,,,,,,,,,
train_2,Базовое_масло_17,без номера,84.281,,,,,,,,,,,,,,13,25,50,99,200,,,,,,90,,,,1.45,3.88,,,,,,,,,,,,,,,,,,,,,,,,,,,,,,,,,,,,,,,,,,,,,,,,,-73,,,,,,,,,,,,,,,,
train_2,Базовое_масло_2,0204.22,30.818,,,,,,,,,,38,30,42,0,1224,2308,4797,10565,,,,96,,,12.8,,,,5.4,33,,,,,,0.00089,,0.02478,,,0.00054,,0.00014,,,,,,,,,,0,0,0,,,,,,,,,,,,,,,,,,,,,,,,0,,,,,,,,,,,,,,,,
train_2,Базовое_масло_7,0186.21,99.414,,,,,,,,,,39,40,41,0,6022,12857,25800,,,,,89,,,5.4,,,,9.34,81.15,,,,,,,,,,,,,,,,,,,,,,,10,0,0,,,,,,,,,,,,,,,,,,,,,,,,,,,,,,,,,,,,,,,,
train_2,Депрессорная_присадка_2,121256,17.074,,,,,,,,,,,,,,,,,,,,,,,,,,,,300,,,,,,,,,,,,,,,,,,,,,,,,,,,,,,,,,,,,,,,,,,,,,,,,,,,,,,,,,,,,,,,,,,
train_2,Детергент_1,0174.22,93.897,,,,,,,,,,,,,,,,,,,,,,,,,,,,163.5,,11.2,,,,,11.2,,,,,,,,,,,,,,,,,,,,,,,,,,,,,,,,,,,,,,,,,,,,,,,,,,,,,,,405.8,,,,
train_2,Детергент_4,,26.931,,,,,,,,,,,,,,,,,,,,,,,,,,,,,,,,,,,,,,,,,,,,,,,,,,,,,,,,,,,,,,,,,,,,,,,,,,,,,,,,,,,,,,,,,,,,,,
train_2,Дисперсант_9,39202.20,34.255,,,,,,,,,,,,,,,,,,,,,,,,,,,,,,,,,,,,,,,,,,,,,,,,,,,,,,,,,,,,,,,,,,,,,,,,,,,,,,,,,,,,,,,,,,,,,,
train_2,Загуститель_2,071.21,90.699,,,,,,,,,,,,,,,,,,,,,,,,,,,,360,,,,,,,,,,,,,,,,,,,,,,,,,,,,,,,,,,,,,,,,,,,,,,,,,,,,,,,,,,,,,,,,,,
train_2,Противоизносная_присадка_8,0186.22,99.235,,,,,,,,,,,,,,,,,,,,,,,,,,,,13.74,,,,,,,0.001,,,,,8.049,,9.095,,,,,,,,,,,,,,,,,,,,,,,,,,,,,,,,,,,,,,,,,,,,,,,,17.8,,,,
train_3,Антиоксидант_1,01028.23,17.074,,,,,,,,,,,,,,,,,,,,,,,,,,,,6.8,,,,,,,,,,,,,,,,,,,,,,,,,,,,,,,,,,,,,,,,,,,,,,,,,,,,,,,,,,,,,,0,0,,,
train_3,Антиоксидант_3,с ЦП 28.02.2024г,14.828,,,,,,,,,,,,,,,,,,,,,,,,,,,,,,,,,,,,,,,,,,,,,,,,,,,,,,,,,,,,,,,,,,,,,,,,,,,,,,,,,,,,,,,,,,,,,,
train_3,Антипенная_присадка_1,3% р-р в МУОБР,3.991,,,,,,,,,,,,,,,,,,,,,,,,,,,,,,,,,,,,,,,,,,,,,,,,,,,,,,,,,,,,,,,,,,,,,,,,,,,,,,,,,,,,,,,,,,,,,,
train_3,Базовое_масло_1,0766.24,53.037,,,,,,,,,,,,,,535,842,1398,2472,,,,113,,,13.3,,,,4.56,22.94,,,,,,0.0002,,0.00007,,,0.00002,,0.00004,,,,,,,,,,0,0,0,,,,,,,,,,,,,,,,,,,,,,,,-26,,,,,,,,,,,,,,,,
train_3,Базовое_масло_1,0766.24,14.811,,,,,,,,,,,,,,535,842,1398,2472,,,,113,,,13.3,,,,4.56,22.94,,,,,,0.0002,,0.00007,,,0.00002,,0.00004,,,,,,,,,,0,0,0,,,,,,,,,,,,,,,,,,,,,,,,-26,,,,,,,,,,,,,,,,
train_3,Базовое_масло_14,из ЦП 19.09.23г,84.281,,,,,,,,,,,,,,13,25,50,100,200,,,,,,90,,,,1,2,,,,,,,,,,,,,,,,,,,,,,,,,,,,,,,,,,,,,,,,,,,,,,,,,,,,,,,,,,,,,,,,,
train_3,Базовое_масло_2,0407.24,88.496,,,,,,,,,,39,5,41,0,1206,2249,4651,10139,,,,98,,,13.7,,,,5.38,32.45,,,,,,0.0003,,0.0267,,,,,,,,,,,,,,,0,0,0,,,,,,,,,,,,,,,,,,,,,,,,-18,,,,,,,,,,,,,,,,
train_3,Базовое_масло_3,0886.24,11.036,,,,,,,,,,,,,,411,626,1004,1695,3071,,,126,,,15,,,,4.48,21.19,,,,,,0.0001,,0.0007,,,0.00002,,0.00007,,,,,,,,,,0,0,0,,,,,,,,,,,,,,,,,,,,,,,,-21,,,,,,,,,,,,,,,,
train_3,Базовое_масло_5,0767.24,70.369,,,,,,,,,,,,,,2344,4083,7514,14665,,,,116,,,3.1,,,,8.35,57.8,,,,,,0.00021,,0.00038,,,0.00002,,0.00002,,,,,,,,,,0,0,0,,,,,,,,,,,,,,,,,,,,,,,,-22,,,,,,,,,,,,,,,,
train_3,Депрессорная_присадка_1,0800.24,26.931,,,,,,,,,,,,,,,,,,,,,,,,,,,,305.4,,,,,,,,,,,,,,,,,,,,,,,,,,,,,,,,,,,,,,,,,,,,,,,,,,,,,,,,,,,,,,,,,,
train_3,Детергент_1,03203.23,38.465,,,,,,,,,,,,,,,,,,,,,,,,,,,,88.91,,,,,,,16.24,,,,,,,,,,,,,,,,,,,,,,,,,,,,,,,,,,,,,,,,,,,,,,,,,,,,,,,404,,,,
train_3,Детергент_2,01297.23,80.12,,,,,,,,,,,,,,,,,,,,,,,,,,,,14.47,,,,,,,6.48,,,,,0.0004,,0.0002,,,,,,,,,,,,,,,,,,,,,,,,,,,,,,,,,,,,,,,,,,,,,,,,171,,,,
train_3,Дисперсант_1,03067.22,33.644,,,,,,,,,,,,,,,,,,,,,,,,,,,,248.7,,,,,,,0.002,,,,,0.002,,0.003,,,,,,,,,,,,,,,,,,,,,,,,,,,,,,,,,,,,,,,,,,,,,,,,40.9,,,,
train_3,Загуститель_1,01076.24 10% в HVI-4,93.926,,,,,,,,,,,,,,,,,,,,,,,,,,,,445.5,,,,,,,,,,,,,,,,,,,,,,844.7,841.7,,,,,,,,,,,,,,,,,,,,,,,,,,,,,,,,,,,,,,,,,,,
train_3,Противоизносная_присадка_1,01296.23,26.586,,,,,,,,,,,,,,,,,,,,,,,,,,,,9.16,,,,,,,0.02,,,,,8.4,,9.1,,,,,,,,,,,,,,,,,,,,,,,,,,,,,,,,,,,,,,,,,,,,,,,,,,,,
train_4,Антиоксидант_1,01028.23,17.074,,,,,,,,,,,,,,,,,,,,,,,,,,,,6.8,,,,,,,,,,,,,,,,,,,,,,,,,,,,,,,,,,,,,,,,,,,,,,,,,,,,,,,,,,,,,,0,0,,,
train_4,Антиоксидант_3,с ЦП 28.02.2024г,14.828,,,,,,,,,,,,,,,,,,,,,,,,,,,,,,,,,,,,,,,,,,,,,,,,,,,,,,,,,,,,,,,,,,,,,,,,,,,,,,,,,,,,,,,,,,,,,,
train_4,Антипенная_присадка_1,3% р-р в МУОБР,3.991,,,,,,,,,,,,,,,,,,,,,,,,,,,,,,,,,,,,,,,,,,,,,,,,,,,,,,,,,,,,,,,,,,,,,,,,,,,,,,,,,,,,,,,,,,,,,,
train_4,Базовое_масло_1,0766.24,53.037,,,,,,,,,,,,,,535,842,1398,2472,,,,113,,,13.3,,,,4.56,22.94,,,,,,0.0002,,0.00007,,,0.00002,,0.00004,,,,,,,,,,0,0,0,,,,,,,,,,,,,,,,,,,,,,,,-26,,,,,,,,,,,,,,,,
train_4,Базовое_масло_1,0766.24,14.811,,,,,,,,,,,,,,535,842,1398,2472,,,,113,,,13.3,,,,4.56,22.94,,,,,,0.0002,,0.00007,,,0.00002,,0.00004,,,,,,,,,,0,0,0,,,,,,,,,,,,,,,,,,,,,,,,-26,,,,,,,,,,,,,,,,
train_4,Базовое_масло_14,из ЦП 19.09.23г,84.281,,,,,,,,,,,,,,13,25,50,100,200,,,,,,90,,,,1,2,,,,,,,,,,,,,,,,,,,,,,,,,,,,,,,,,,,,,,,,,,,,,,,,,,,,,,,,,,,,,,,,,
train_4,Базовое_масло_2,0407.24,16.319,,,,,,,,,,39,5,41,0,1206,2249,4651,10139,,,,98,,,13.7,,,,5.38,32.45,,,,,,0.0003,,0.0267,,,,,,,,,,,,,,,0,0,0,,,,,,,,,,,,,,,,,,,,,,,,-18,,,,,,,,,,,,,,,,
train_4,Базовое_масло_3,0886.24,11.036,,,,,,,,,,,,,,411,626,1004,1695,3071,,,126,,,15,,,,4.48,21.19,,,,,,0.0001,,0.0007,,,0.00002,,0.00007,,,,,,,,,,0,0,0,,,,,,,,,,,,,,,,,,,,,,,,-21,,,,,,,,,,,,,,,,
train_4,Базовое_масло_5,0767.24,70.369,,,,,,,,,,,,,,2344,4083,7514,14665,,,,116,,,3.1,,,,8.35,57.8,,,,,,0.00021,,0.00038,,,0.00002,,0.00002,,,,,,,,,,0,0,0,,,,,,,,,,,,,,,,,,,,,,,,-22,,,,,,,,,,,,,,,,
train_4,Депрессорная_присадка_1,0800.24,26.931,,,,,,,,,,,,,,,,,,,,,,,,,,,,305.4,,,,,,,,,,,,,,,,,,,,,,,,,,,,,,,,,,,,,,,,,,,,,,,,,,,,,,,,,,,,,,,,,,
train_4,Детергент_1,03203.23,38.465,,,,,,,,,,,,,,,,,,,,,,,,,,,,88.91,,,,,,,16.24,,,,,,,,,,,,,,,,,,,,,,,,,,,,,,,,,,,,,,,,,,,,,,,,,,,,,,,404,,,,
train_4,Детергент_2,01297.23,80.12,,,,,,,,,,,,,,,,,,,,,,,,,,,,14.47,,,,,,,6.48,,,,,0.0004,,0.0002,,,,,,,,,,,,,,,,,,,,,,,,,,,,,,,,,,,,,,,,,,,,,,,,171,,,,
train_4,Дисперсант_1,03067.22,33.644,,,,,,,,,,,,,,,,,,,,,,,,,,,,248.7,,,,,,,0.002,,,,,0.002,,0.003,,,,,,,,,,,,,,,,,,,,,,,,,,,,,,,,,,,,,,,,,,,,,,,,40.9,,,,
train_4,Загуститель_1,01076.24 10% в HVI-4,93.926,,,,,,,,,,,,,,,,,,,,,,,,,,,,445.5,,,,,,,,,,,,,,,,,,,,,,844.7,841.7,,,,,,,,,,,,,,,,,,,,,,,,,,,,,,,,,,,,,,,,,,,
train_4,Противоизносная_присадка_17,01077.24 Arkema,38.465,,,,,,,,,,,,,,,,,,,,,,,,,,,,8.85,,,,,,0.0064,,18.47,,,8.706,,9.328,,,,,,,,,,,,,,,,,,,,,,,,,,,,,,,,,,,,,,,,,,,,,,,,,,,,,
train_5,Антиоксидант_1,01028.23,17.074,,,,,,,,,,,,,,,,,,,,,,,,,,,,6.8,,,,,,,,,,,,,,,,,,,,,,,,,,,,,,,,,,,,,,,,,,,,,,,,,,,,,,,,,,,,,,0,0,,,
train_5,Антиоксидант_3,с ЦП 28.02.2024г,14.828,,,,,,,,,,,,,,,,,,,,,,,,,,,,,,,,,,,,,,,,,,,,,,,,,,,,,,,,,,,,,,,,,,,,,,,,,,,,,,,,,,,,,,,,,,,,,,
train_5,Антипенная_присадка_1,3% р-р в МУОБР,3.991,,,,,,,,,,,,,,,,,,,,,,,,,,,,,,,,,,,,,,,,,,,,,,,,,,,,,,,,,,,,,,,,,,,,,,,,,,,,,,,,,,,,,,,,,,,,,,
train_5,Базовое_масло_1,0766.24,53.037,,,,,,,,,,,,,,535,842,1398,2472,,,,113,,,13.3,,,,4.56,22.94,,,,,,0.0002,,0.00007,,,0.00002,,0.00004,,,,,,,,,,0,0,0,,,,,,,,,,,,,,,,,,,,,,,,-26,,,,,,,,,,,,,,,,
train_5,Базовое_масло_1,0766.24,14.811,,,,,,,,,,,,,,535,842,1398,2472,,,,113,,,13.3,,,,4.56,22.94,,,,,,0.0002,,0.00007,,,0.00002,,0.00004,,,,,,,,,,0,0,0,,,,,,,,,,,,,,,,,,,,,,,,-26,,,,,,,,,,,,,,,,
train_5,Базовое_масло_14,из ЦП 19.09.23г,84.281,,,,,,,,,,,,,,13,25,50,100,200,,,,,,90,,,,1,2,,,,,,,,,,,,,,,,,,,,,,,,,,,,,,,,,,,,,,,,,,,,,,,,,,,,,,,,,,,,,,,,,
train_5,Базовое_масло_2,0407.24,81.129,,,,,,,,,,39,5,41,0,1206,2249,4651,10139,,,,98,,,13.7,,,,5.38,32.45,,,,,,0.0003,,0.0267,,,,,,,,,,,,,,,0,0,0,,,,,,,,,,,,,,,,,,,,,,,,-18,,,,,,,,,,,,,,,,
train_5,Базовое_масло_3,0886.24,11.036,,,,,,,,,,,,,,411,626,1004,1695,3071,,,126,,,15,,,,4.48,21.19,,,,,,0.0001,,0.0007,,,0.00002,,0.00007,,,,,,,,,,0,0,0,,,,,,,,,,,,,,,,,,,,,,,,-21,,,,,,,,,,,,,,,,
train_5,Базовое_масло_5,0767.24,70.369,,,,,,,,,,,,,,2344,4083,7514,14665,,,,116,,,3.1,,,,8.35,57.8,,,,,,0.00021,,0.00038,,,0.00002,,0.00002,,,,,,,,,,0,0,0,,,,,,,,,,,,,,,,,,,,,,,,-22,,,,,,,,,,,,,,,,
train_5,Депрессорная_присадка_1,0800.24,26.931,,,,,,,,,,,,,,,,,,,,,,,,,,,,305.4,,,,,,,,,,,,,,,,,,,,,,,,,,,,,,,,,,,,,,,,,,,,,,,,,,,,,,,,,,,,,,,,,,
train_5,Детергент_1,03203.23,38.465,,,,,,,,,,,,,,,,,,,,,,,,,,,,88.91,,,,,,,16.24,,,,,,,,,,,,,,,,,,,,,,,,,,,,,,,,,,,,,,,,,,,,,,,,,,,,,,,404,,,,
train_5,Детергент_2,01297.23,80.12,,,,,,,,,,,,,,,,,,,,,,,,,,,,14.47,,,,,,,6.48,,,,,0.0004,,0.0002,,,,,,,,,,,,,,,,,,,,,,,,,,,,,,,,,,,,,,,,,,,,,,,,171,,,,
train_5,Дисперсант_1,03067.22,33.644,,,,,,,,,,,,,,,,,,,,,,,,,,,,248.7,,,,,,,0.002,,,,,0.002,,0.003,,,,,,,,,,,,,,,,,,,,,,,,,,,,,,,,,,,,,,,,,,,,,,,,40.9,,,,
train_5,Загуститель_1,01076.24 10% в HVI-4,93.926,,,,,,,,,,,,,,,,,,,,,,,,,,,,445.5,,,,,,,,,,,,,,,,,,,,,,844.7,841.7,,,,,,,,,,,,,,,,,,,,,,,,,,,,,,,,,,,,,,,,,,,
train_5,Противоизносная_присадка_17,01078.24 Celanese,51.239,,,,,,,,,,,,,,,,,,,,,,,,,,,,8.46,,,,,,0.007,,18.24,,,8.784,,8.914,,,,,,,,,,,,,,,,,,,,,,,,,,,,,,,,,,,,,,,,,,,,,,,,,,,,,
train_6,Антиоксидант_1,01028.23,17.074,,,,,,,,,,,,,,,,,,,,,,,,,,,,6.8,,,,,,,,,,,,,,,,,,,,,,,,,,,,,,,,,,,,,,,,,,,,,,,,,,,,,,,,,,,,,,0,0,,,
train_6,Антиоксидант_3,с ЦП 28.02.2024г,14.828,,,,,,,,,,,,,,,,,,,,,,,,,,,,,,,,,,,,,,,,,,,,,,,,,,,,,,,,,,,,,,,,,,,,,,,,,,,,,,,,,,,,,,,,,,,,,,
train_6,Антипенная_присадка_1,3% р-р в МУОБР,3.991,,,,,,,,,,,,,,,,,,,,,,,,,,,,,,,,,,,,,,,,,,,,,,,,,,,,,,,,,,,,,,,,,,,,,,,,,,,,,,,,,,,,,,,,,,,,,,
train_6,Базовое_масло_1,0766.24,53.037,,,,,,,,,,,,,,535,842,1398,2472,,,,113,,,13.3,,,,4.56,22.94,,,,,,0.0002,,0.00007,,,0.00002,,0.00004,,,,,,,,,,0,0,0,,,,,,,,,,,,,,,,,,,,,,,,-26,,,,,,,,,,,,,,,,
train_6,Базовое_масло_1,0766.24,14.811,,,,,,,,,,,,,,535,842,1398,2472,,,,113,,,13.3,,,,4.56,22.94,,,,,,0.0002,,0.00007,,,0.00002,,0.00004,,,,,,,,,,0,0,0,,,,,,,,,,,,,,,,,,,,,,,,-26,,,,,,,,,,,,,,,,
train_6,Базовое_масло_14,из ЦП 19.09.23г,84.281,,,,,,,,,,,,,,13,25,50,100,200,,,,,,90,,,,1,2,,,,,,,,,,,,,,,,,,,,,,,,,,,,,,,,,,,,,,,,,,,,,,,,,,,,,,,,,,,,,,,,,
train_6,Базовое_масло_2,0407.24,78.195,,,,,,,,,,39,5,41,0,1206,2249,4651,10139,,,,98,,,13.7,,,,5.38,32.45,,,,,,0.0003,,0.0267,,,,,,,,,,,,,,,0,0,0,,,,,,,,,,,,,,,,,,,,,,,,-18,,,,,,,,,,,,,,,,
train_6,Базовое_масло_3,0886.24,11.036,,,,,,,,,,,,,,411,626,1004,1695,3071,,,126,,,15,,,,4.48,21.19,,,,,,0.0001,,0.0007,,,0.00002,,0.00007,,,,,,,,,,0,0,0,,,,,,,,,,,,,,,,,,,,,,,,-21,,,,,,,,,,,,,,,,
train_6,Базовое_масло_5,0767.24,70.369,,,,,,,,,,,,,,2344,4083,7514,14665,,,,116,,,3.1,,,,8.35,57.8,,,,,,0.00021,,0.00038,,,0.00002,,0.00002,,,,,,,,,,0,0,0,,,,,,,,,,,,,,,,,,,,,,,,-22,,,,,,,,,,,,,,,,
train_6,Депрессорная_присадка_1,0800.24,26.931,,,,,,,,,,,,,,,,,,,,,,,,,,,,305.4,,,,,,,,,,,,,,,,,,,,,,,,,,,,,,,,,,,,,,,,,,,,,,,,,,,,,,,,,,,,,,,,,,
train_6,Детергент_1,03203.23,38.465,,,,,,,,,,,,,,,,,,,,,,,,,,,,88.91,,,,,,,16.24,,,,,,,,,,,,,,,,,,,,,,,,,,,,,,,,,,,,,,,,,,,,,,,,,,,,,,,404,,,,
train_6,Детергент_2,01297.23,80.12,,,,,,,,,,,,,,,,,,,,,,,,,,,,14.47,,,,,,,6.48,,,,,0.0004,,0.0002,,,,,,,,,,,,,,,,,,,,,,,,,,,,,,,,,,,,,,,,,,,,,,,,171,,,,
train_6,Дисперсант_1,03067.22,33.644,,,,,,,,,,,,,,,,,,,,,,,,,,,,248.7,,,,,,,0.002,,,,,0.002,,0.003,,,,,,,,,,,,,,,,,,,,,,,,,,,,,,,,,,,,,,,,,,,,,,,,40.9,,,,
train_6,Загуститель_1,01076.24 10% в HVI-4,93.926,,,,,,,,,,,,,,,,,,,,,,,,,,,,445.5,,,,,,,,,,,,,,,,,,,,,,844.7,841.7,,,,,,,,,,,,,,,,,,,,,,,,,,,,,,,,,,,,,,,,,,,
train_6,Противоизносная_присадка_27,01363.24,90.699,,,,,,,,,,,,,,,,,,,,,,,,,,,,9.4,,,,,,0.005,,18.99,,,8.928,,9.233,,,,,,,,,,,,,,,,,,,,,,,,,,,,,,,,,,,,,,,,,,,,,,,,,,,,,
train_7,Антиоксидант_1,01028.23,17.074,,,,,,,,,,,,,,,,,,,,,,,,,,,,6.8,,,,,,,,,,,,,,,,,,,,,,,,,,,,,,,,,,,,,,,,,,,,,,,,,,,,,,,,,,,,,,0,0,,,
train_7,Антиоксидант_3,с ЦП 28.02.2024г,14.828,,,,,,,,,,,,,,,,,,,,,,,,,,,,,,,,,,,,,,,,,,,,,,,,,,,,,,,,,,,,,,,,,,,,,,,,,,,,,,,,,,,,,,,,,,,,,,
train_7,Антипенная_присадка_1,3% р-р в МУОБР,3.991,,,,,,,,,,,,,,,,,,,,,,,,,,,,,,,,,,,,,,,,,,,,,,,,,,,,,,,,,,,,,,,,,,,,,,,,,,,,,,,,,,,,,,,,,,,,,,
train_7,Базовое_масло_1,0766.24,53.037,,,,,,,,,,,,,,535,842,1398,2472,,,,113,,,13.3,,,,4.56,22.94,,,,,,0.0002,,0.00007,,,0.00002,,0.00004,,,,,,,,,,0,0,0,,,,,,,,,,,,,,,,,,,,,,,,-26,,,,,,,,,,,,,,,,
train_7,Базовое_масло_1,0766.24,14.811,,,,,,,,,,,,,,535,842,1398,2472,,,,113,,,13.3,,,,4.56,22.94,,,,,,0.0002,,0.00007,,,0.00002,,0.00004,,,,,,,,,,0,0,0,,,,,,,,,,,,,,,,,,,,,,,,-26,,,,,,,,,,,,,,,,
train_7,Базовое_масло_14,из ЦП 19.09.23г,84.281,,,,,,,,,,,,,,13,25,50,100,200,,,,,,90,,,,1,2,,,,,,,,,,,,,,,,,,,,,,,,,,,,,,,,,,,,,,,,,,,,,,,,,,,,,,,,,,,,,,,,,
train_7,Базовое_масло_2,0407.24,63.363,,,,,,,,,,39,5,41,0,1206,2249,4651,10139,,,,98,,,13.7,,,,5.38,32.45,,,,,,0.0003,,0.0267,,,,,,,,,,,,,,,0,0,0,,,,,,,,,,,,,,,,,,,,,,,,-18,,,,,,,,,,,,,,,,
train_7,Базовое_масло_3,0886.24,11.036,,,,,,,,,,,,,,411,626,1004,1695,3071,,,126,,,15,,,,4.48,21.19,,,,,,0.0001,,0.0007,,,0.00002,,0.00007,,,,,,,,,,0,0,0,,,,,,,,,,,,,,,,,,,,,,,,-21,,,,,,,,,,,,,,,,
train_7,Базовое_масло_5,0767.24,70.369,,,,,,,,,,,,,,2344,4083,7514,14665,,,,116,,,3.1,,,,8.35,57.8,,,,,,0.00021,,0.00038,,,0.00002,,0.00002,,,,,,,,,,0,0,0,,,,,,,,,,,,,,,,,,,,,,,,-22,,,,,,,,,,,,,,,,
train_7,Депрессорная_присадка_1,0800.24,26.931,,,,,,,,,,,,,,,,,,,,,,,,,,,,305.4,,,,,,,,,,,,,,,,,,,,,,,,,,,,,,,,,,,,,,,,,,,,,,,,,,,,,,,,,,,,,,,,,,
train_7,Детергент_1,03203.23,38.465,,,,,,,,,,,,,,,,,,,,,,,,,,,,88.91,,,,,,,16.24,,,,,,,,,,,,,,,,,,,,,,,,,,,,,,,,,,,,,,,,,,,,,,,,,,,,,,,404,,,,
train_7,Детергент_2,01297.23,80.12,,,,,,,,,,,,,,,,,,,,,,,,,,,,14.47,,,,,,,6.48,,,,,0.0004,,0.0002,,,,,,,,,,,,,,,,,,,,,,,,,,,,,,,,,,,,,,,,,,,,,,,,171,,,,
train_7,Дисперсант_1,03067.22,33.644,,,,,,,,,,,,,,,,,,,,,,,,,,,,248.7,,,,,,,0.002,,,,,0.002,,0.003,,,,,,,,,,,,,,,,,,,,,,,,,,,,,,,,,,,,,,,,,,,,,,,,40.9,,,,
train_7,Загуститель_1,01076.24 10% в HVI-4,93.926,,,,,,,,,,,,,,,,,,,,,,,,,,,,445.5,,,,,,,,,,,,,,,,,,,,,,844.7,841.7,,,,,,,,,,,,,,,,,,,,,,,,,,,,,,,,,,,,,,,,,,,
train_7,Противоизносная_присадка_18,01872.24,29.196,,,,,,,,,,,,,,,,,,,,,,,,,,,,,,,,,,,0.0006,,16.88,,,8.4,,8.78,,,,,,,,,,,,,,,,,,,,,,,,,,,,,,,,,,,,,,,,,,,,,,,,,,,,
train_8,Антиоксидант_1,01028.23,17.074,,,,,,,,,,,,,,,,,,,,,,,,,,,,6.8,,,,,,,,,,,,,,,,,,,,,,,,,,,,,,,,,,,,,,,,,,,,,,,,,,,,,,,,,,,,,,0,0,,,
train_8,Антиоксидант_3,с ЦП 28.02.2024г,14.828,,,,,,,,,,,,,,,,,,,,,,,,,,,,,,,,,,,,,,,,,,,,,,,,,,,,,,,,,,,,,,,,,,,,,,,,,,,,,,,,,,,,,,,,,,,,,,
train_8,Антипенная_присадка_1,3% р-р в МУОБР,3.991,,,,,,,,,,,,,,,,,,,,,,,,,,,,,,,,,,,,,,,,,,,,,,,,,,,,,,,,,,,,,,,,,,,,,,,,,,,,,,,,,,,,,,,,,,,,,,
train_8,Базовое_масло_1,0766.24,53.037,,,,,,,,,,,,,,535,842,1398,2472,,,,113,,,13.3,,,,4.56,22.94,,,,,,0.0002,,0.00007,,,0.00002,,0.00004,,,,,,,,,,0,0,0,,,,,,,,,,,,,,,,,,,,,,,,-26,,,,,,,,,,,,,,,,
train_8,Базовое_масло_1,0766.24,14.811,,,,,,,,,,,,,,535,842,1398,2472,,,,113,,,13.3,,,,4.56,22.94,,,,,,0.0002,,0.00007,,,0.00002,,0.00004,,,,,,,,,,0,0,0,,,,,,,,,,,,,,,,,,,,,,,,-26,,,,,,,,,,,,,,,,
train_8,Базовое_масло_14,из ЦП 19.09.23г,84.281,,,,,,,,,,,,,,13,25,50,100,200,,,,,,90,,,,1,2,,,,,,,,,,,,,,,,,,,,,,,,,,,,,,,,,,,,,,,,,,,,,,,,,,,,,,,,,,,,,,,,,
train_8,Базовое_масло_2,0407.24,78.195,,,,,,,,,,39,5,41,0,1206,2249,4651,10139,,,,98,,,13.7,,,,5.38,32.45,,,,,,0.0003,,0.0267,,,,,,,,,,,,,,,0,0,0,,,,,,,,,,,,,,,,,,,,,,,,-18,,,,,,,,,,,,,,,,
train_8,Базовое_масло_3,0886.24,11.036,,,,,,,,,,,,,,411,626,1004,1695,3071,,,126,,,15,,,,4.48,21.19,,,,,,0.0001,,0.0007,,,0.00002,,0.00007,,,,,,,,,,0,0,0,,,,,,,,,,,,,,,,,,,,,,,,-21,,,,,,,,,,,,,,,,
train_8,Базовое_масло_5,0767.24,70.369,,,,,,,,,,,,,,2344,4083,7514,14665,,,,116,,,3.1,,,,8.35,57.8,,,,,,0.00021,,0.00038,,,0.00002,,0.00002,,,,,,,,,,0,0,0,,,,,,,,,,,,,,,,,,,,,,,,-22,,,,,,,,,,,,,,,,
train_8,Депрессорная_присадка_1,0800.24,26.931,,,,,,,,,,,,,,,,,,,,,,,,,,,,305.4,,,,,,,,,,,,,,,,,,,,,,,,,,,,,,,,,,,,,,,,,,,,,,,,,,,,,,,,,,,,,,,,,,
train_8,Детергент_1,03203.23,38.465,,,,,,,,,,,,,,,,,,,,,,,,,,,,88.91,,,,,,,16.24,,,,,,,,,,,,,,,,,,,,,,,,,,,,,,,,,,,,,,,,,,,,,,,,,,,,,,,404,,,,
train_8,Детергент_2,01297.23,80.12,,,,,,,,,,,,,,,,,,,,,,,,,,,,14.47,,,,,,,6.48,,,,,0.0004,,0.0002,,,,,,,,,,,,,,,,,,,,,,,,,,,,,,,,,,,,,,,,,,,,,,,,171,,,,
train_8,Дисперсант_1,03067.22,33.644,,,,,,,,,,,,,,,,,,,,,,,,,,,,248.7,,,,,,,0.002,,,,,0.002,,0.003,,,,,,,,,,,,,,,,,,,,,,,,,,,,,,,,,,,,,,,,,,,,,,,,40.9,,,,
train_8,Загуститель_1,01076.24 10% в HVI-4,93.926,,,,,,,,,,,,,,,,,,,,,,,,,,,,445.5,,,,,,,,,,,,,,,,,,,,,,844.7,841.7,,,,,,,,,,,,,,,,,,,,,,,,,,,,,,,,,,,,,,,,,,,
train_8,Противоизносная_присадка_26,COMP-2024-0017-M,90.699,,,,,,,,,,,,,,,,,,,,,,,,,,,,,,,,,,,0,,16.5,,,8.45,,9.19,,,,,,,,,,,,,,,,,,,,,,,,,,,,,,,,,,,,,,,,,,,,,,,,,,,,
train_9,Антиоксидант_1,01028.23,17.074,,,,,,,,,,,,,,,,,,,,,,,,,,,,6.8,,,,,,,,,,,,,,,,,,,,,,,,,,,,,,,,,,,,,,,,,,,,,,,,,,,,,,,,,,,,,,0,0,,,
train_9,Антиоксидант_3,с ЦП 28.02.2024г,14.828,,,,,,,,,,,,,,,,,,,,,,,,,,,,,,,,,,,,,,,,,,,,,,,,,,,,,,,,,,,,,,,,,,,,,,,,,,,,,,,,,,,,,,,,,,,,,,
train_9,Антипенная_присадка_1,3% р-р в МУОБР,3.991,,,,,,,,,,,,,,,,,,,,,,,,,,,,,,,,,,,,,,,,,,,,,,,,,,,,,,,,,,,,,,,,,,,,,,,,,,,,,,,,,,,,,,,,,,,,,,
train_9,Базовое_масло_1,0766.24,53.037,,,,,,,,,,,,,,535,842,1398,2472,,,,113,,,13.3,,,,4.56,22.94,,,,,,0.0002,,0.00007,,,0.00002,,0.00004,,,,,,,,,,0,0,0,,,,,,,,,,,,,,,,,,,,,,,,-26,,,,,,,,,,,,,,,,
train_9,Базовое_масло_1,0766.24,14.811,,,,,,,,,,,,,,535,842,1398,2472,,,,113,,,13.3,,,,4.56,22.94,,,,,,0.0002,,0.00007,,,0.00002,,0.00004,,,,,,,,,,0,0,0,,,,,,,,,,,,,,,,,,,,,,,,-26,,,,,,,,,,,,,,,,
train_9,Базовое_масло_14,из ЦП 19.09.23г,84.281,,,,,,,,,,,,,,13,25,50,100,200,,,,,,90,,,,1,2,,,,,,,,,,,,,,,,,,,,,,,,,,,,,,,,,,,,,,,,,,,,,,,,,,,,,,,,,,,,,,,,,
train_9,Базовое_масло_2,0407.24,88.496,,,,,,,,,,39,5,41,0,1206,2249,4651,10139,,,,98,,,13.7,,,,5.38,32.45,,,,,,0.0003,,0.0267,,,,,,,,,,,,,,,0,0,0,,,,,,,,,,,,,,,,,,,,,,,,-18,,,,,,,,,,,,,,,,
train_9,Базовое_масло_3,0886.24,11.036,,,,,,,,,,,,,,411,626,1004,1695,3071,,,126,,,15,,,,4.48,21.19,,,,,,0.0001,,0.0007,,,0.00002,,0.00007,,,,,,,,,,0,0,0,,,,,,,,,,,,,,,,,,,,,,,,-21,,,,,,,,,,,,,,,,
train_9,Базовое_масло_5,0767.24,70.369,,,,,,,,,,,,,,2344,4083,7514,14665,,,,116,,,3.1,,,,8.35,57.8,,,,,,0.00021,,0.00038,,,0.00002,,0.00002,,,,,,,,,,0,0,0,,,,,,,,,,,,,,,,,,,,,,,,-22,,,,,,,,,,,,,,,,
train_9,Депрессорная_присадка_1,0800.24,26.931,,,,,,,,,,,,,,,,,,,,,,,,,,,,305.4,,,,,,,,,,,,,,,,,,,,,,,,,,,,,,,,,,,,,,,,,,,,,,,,,,,,,,,,,,,,,,,,,,
train_9,Детергент_1,03203.23,38.465,,,,,,,,,,,,,,,,,,,,,,,,,,,,88.91,,,,,,,16.24,,,,,,,,,,,,,,,,,,,,,,,,,,,,,,,,,,,,,,,,,,,,,,,,,,,,,,,404,,,,
train_9,Детергент_2,01297.23,80.12,,,,,,,,,,,,,,,,,,,,,,,,,,,,14.47,,,,,,,6.48,,,,,0.0004,,0.0002,,,,,,,,,,,,,,,,,,,,,,,,,,,,,,,,,,,,,,,,,,,,,,,,171,,,,
train_9,Дисперсант_1,03067.22,33.644,,,,,,,,,,,,,,,,,,,,,,,,,,,,248.7,,,,,,,0.002,,,,,0.002,,0.003,,,,,,,,,,,,,,,,,,,,,,,,,,,,,,,,,,,,,,,,,,,,,,,,40.9,,,,
train_9,Загуститель_1,01076.24 10% в HVI-4,93.926,,,,,,,,,,,,,,,,,,,,,,,,,,,,445.5,,,,,,,,,,,,,,,,,,,,,,844.7,841.7,,,,,,,,,,,,,,,,,,,,,,,,,,,,,,,,,,,,,,,,,,,
train_9,Противоизносная_присадка_25,COMP-2024-0018-M,26.586,,,,,,,,,,,,,,,,,,,,,,,,,,,,,,,,,,,,,16.16,,,8.62,,9.12,,,,,,,,,,,,,,,,,,,,,,,,,,,,,,,,,,,,,,,,,,,,,,,,,,,,
train_10,Антиоксидант_1,01028.23,17.074,,,,,,,,,,,,,,,,,,,,,,,,,,,,6.8,,,,,,,,,,,,,,,,,,,,,,,,,,,,,,,,,,,,,,,,,,,,,,,,,,,,,,,,,,,,,,0,0,,,
train_10,Антиоксидант_3,с ЦП 28.02.2024г,14.828,,,,,,,,,,,,,,,,,,,,,,,,,,,,,,,,,,,,,,,,,,,,,,,,,,,,,,,,,,,,,,,,,,,,,,,,,,,,,,,,,,,,,,,,,,,,,,
train_10,Антипенная_присадка_1,12 от 13.05.2024,3.991,,,,,,,,,,,,,,,,,,,,,,,,,,,,,,,,,,,,,,,,,,,,,,,,,,,,,,,,,,,,,,,,,,,,,,,,,,,,,,,,,,,,,,,,,,,,,,
train_10,Базовое_масло_1,02375.24,23.138,,,,,,,,,,,,,,491,777,1321,2359,,,,112,,,,,,,4.52,22.72,,,,,,,,,,,,,,,,,,,,,,,,,,,,,,,,,,,,,,,,,,,,,,,,,-26,,,,,,,,,,,,,,,,
train_10,Базовое_масло_1,02375.24,30.454,,,,,,,,,,,,,,491,777,1321,2359,,,,112,,,,,,,4.52,22.72,,,,,,,,,,,,,,,,,,,,,,,,,,,,,,,,,,,,,,,,,,,,,,,,,-26,,,,,,,,,,,,,,,,
train_10,Базовое_масло_14,01500.24,84.281,,,,,,,,,,,,,,,,,,,,,,,,,,,,,,,,,,,,,,,,,,,,,,,,,,,,,,,,,,,,,,,,,,,,,,,,,,,,,,,,,,,,,,,,,,,,,,
train_10,Базовое_масло_2,02425.24,88.496,,,,,,,,,,,,,,,,,,,,,95,,,,,,,5.35,32.57,,,,,,,,,,,,,,,,,,,,,,,,,,,,,,,,,,,,,,,,,,,,,,,,,,,,,,,,,,,,,,,,,
train_10,Базовое_масло_3,02502.24,11.036,,,,,,,,,,,,,,,,,1544,2800,,,,,,,,,,4.321,,,,,,,,,,,,,,,,,,,,,,,,,,,,,,,,,,,,,,,,,,,,,,,,,,-19,,,,,,,,,,,,,,,,
train_10,Базовое_масло_5,02896.24,70.369,,,,,,,,,,,,,,,,7741,14916,,,,114,,,,,,,8.53,59.97,,,,,,,,,,,,,,,,,,,,,,,,,,,,,,,,,,,,,,,,,,,,,,,,,,,,,,,,,,,,,,,,,
train_10,Детергент_1,03052.24,38.465,,,,,,,,,,,,,,,,,,,,,,,,,,,,,,,,,,,14.71,,,,,,,,,,,,,,,,,,,,,,,,,,,,,,,,,,,,,,,,,,,,,,,,,,,,,,,377.7,,,,
train_10,Детергент_2,01297.23,80.12,,,,,,,,,,,,,,,,,,,,,,,,,,,,14.47,,,,,,,6.48,,,,,0.0004,,0.0002,,,,,,,,,,,,,,,,,,,,,,,,,,,,,,,,,,,,,,,,,,,,,,,,171,,,,
train_10,Дисперсант_1,03067.22,33.644,,,,,,,,,,,,,,,,,,,,,,,,,,,,248.7,,,,,,,0.002,,,,,0.002,,0.003,,,,,,,,,,,,,,,,,,,,,,,,,,,,,,,,,,,,,,,,,,,,,,,,40.9,,,,
train_10,Загуститель_1,02344.24 10.3% в 2гр,93.926,,,,,,,,,,,,,,,,,,,,,,,,,,,,,,,,,,,,,,,,,,,,,,,,,,,,,,,,,,,,,,,,,,,,,,,,,,,,,,,,,,,,,,,,,,,,,,
train_10,Противоизносная_присадка_29,03073.24,11.027,,,,,,,,,,,,,,,,,,,,,,,,,,,,14.94,,,,,,,0.0004,,17.94,,,9.32,,10.09,,,,,,,,,,,,,,,,,,,,,,,,,,,,,,,,,,,,,,,,,,,,,,,,19.93,14.47,,,
train_11,Антиоксидант_4,01050.22,95.918,,,,,,,,,,,,,,,,,,,,,,,,,,,,,,,,,,,,,,,,,,,,,,,,,,,,,,,,,,,,,,,,,,,,,,,,,,,,,,,,,,,,,,,,,,,,,,
train_11,Базовое_масло_1,03197.24,43.34,,,,,,,,,,,,,,,,,,,,,,,,,,,,,,,,,,,,,,,,,,,,,,,,,,,,,,,,,,,,,,,,,,,,,,,,,,,,,,,,,,,,,,,,,,,,,,
train_11,Базовое_масло_1,03197.24,43.229,,,,,,,,,,,,,,,,,,,,,,,,,,,,,,,,,,,,,,,,,,,,,,,,,,,,,,,,,,,,,,,,,,,,,,,,,,,,,,,,,,,,,,,,,,,,,,
train_11,Базовое_масло_5,03159.24,22.895,,,,,,,,,,,,,,,3500,7036,14173,,,,,,,,,,,8.303,56.57,,,,,,,,,,,,,,,,,,,,,,,,,,,,,,,,,,,,,,,,,,,,,,,,,,,,,,,,,,,,,,,,,
train_11,Детергент_1,03052.24,8.08,,,,,,,,,,,,,,,,,,,,,,,,,,,,,,,,,,,14.71,,,,,,,,,,,,,,,,,,,,,,,,,,,,,,,,,,,,,,,,,,,,,,,,,,,,,,,377.7,,,,
train_11,Загуститель_1,02344.24 10.3% в 2гр,2.675,,,,,,,,,,,,,,,,,,,,,,,,,,,,,,,,,,,,,,,,,,,,,,,,,,,,,,,,,,,,,,,,,,,,,,,,,,,,,,,,,,,,,,,,,,,,,,
train_11,Противоизносная_присадка_2,от 28.12.24,31.092,,,,,,,,,,,,,,,,,,,,,,,,,,,,,,,,,,,,,,,,,,,,,,,,,,,,,,,,,,,,,,,,,,,,,,,,,,,,,,,,,,,,,,,,,,,,,,
train_12,Антиоксидант_4,01050.22,95.918,,,,,,,,,,,,,,,,,,,,,,,,,,,,,,,,,,,,,,,,,,,,,,,,,,,,,,,,,,,,,,,,,,,,,,,,,,,,,,,,,,,,,,,,,,,,,,
train_12,Базовое_масло_1,03197.24,43.34,,,,,,,,,,,,,,,,,,,,,,,,,,,,,,,,,,,,,,,,,,,,,,,,,,,,,,,,,,,,,,,,,,,,,,,,,,,,,,,,,,,,,,,,,,,,,,
train_12,Базовое_масло_1,03197.24,43.229,,,,,,,,,,,,,,,,,,,,,,,,,,,,,,,,,,,,,,,,,,,,,,,,,,,,,,,,,,,,,,,,,,,,,,,,,,,,,,,,,,,,,,,,,,,,,,
train_12,Базовое_масло_5,03159.24,22.895,,,,,,,,,,,,,,,3500,7036,14173,,,,,,,,,,,8.303,56.57,,,,,,,,,,,,,,,,,,,,,,,,,,,,,,,,,,,,,,,,,,,,,,,,,,,,,,,,,,,,,,,,,
train_12,Детергент_1,03052.24,8.08,,,,,,,,,,,,,,,,,,,,,,,,,,,,,,,,,,,14.71,,,,,,,,,,,,,,,,,,,,,,,,,,,,,,,,,,,,,,,,,,,,,,,,,,,,,,,377.7,,,,
train_12,Загуститель_1,02344.24 10.3% в 2гр,2.675,,,,,,,,,,,,,,,,,,,,,,,,,,,,,,,,,,,,,,,,,,,,,,,,,,,,,,,,,,,,,,,,,,,,,,,,,,,,,,,,,,,,,,,,,,,,,,
train_12,Противоизносная_присадка_22,скай кемикалс,31.092,,,,,,,,,,,,,,,,,,,,,,,,,,,,,,,,,,,,,,,,,,,,,,,,,,,,,,,,,,,,,,,,,,,,,,,,,,,,,,,,,,,,,,,,,,,,,,
train_13,Антиоксидант_4,01050.22,95.918,,,,,,,,,,,,,,,,,,,,,,,,,,,,,,,,,,,,,,,,,,,,,,,,,,,,,,,,,,,,,,,,,,,,,,,,,,,,,,,,,,,,,,,,,,,,,,
train_13,Базовое_масло_1,03197.24,43.34,,,,,,,,,,,,,,,,,,,,,,,,,,,,,,,,,,,,,,,,,,,,,,,,,,,,,,,,,,,,,,,,,,,,,,,,,,,,,,,,,,,,,,,,,,,,,,
train_13,Базовое_масло_1,03197.24,43.229,,,,,,,,,,,,,,,,,,,,,,,,,,,,,,,,,,,,,,,,,,,,,,,,,,,,,,,,,,,,,,,,,,,,,,,,,,,,,,,,,,,,,,,,,,,,,,
train_13,Базовое_масло_5,03159.24,22.895,,,,,,,,,,,,,,,3500,7036,14173,,,,,,,,,,,8.303,56.57,,,,,,,,,,,,,,,,,,,,,,,,,,,,,,,,,,,,,,,,,,,,,,,,,,,,,,,,,,,,,,,,,
train_13,Детергент_1,03052.24,8.08,,,,,,,,,,,,,,,,,,,,,,,,,,,,,,,,,,,14.71,,,,,,,,,,,,,,,,,,,,,,,,,,,,,,,,,,,,,,,,,,,,,,,,,,,,,,,377.7,,,,
train_13,Загуститель_1,02344.24 10.3% в 2гр,2.675,,,,,,,,,,,,,,,,,,,,,,,,,,,,,,,,,,,,,,,,,,,,,,,,,,,,,,,,,,,,,,,,,,,,,,,,,,,,,,,,,,,,,,,,,,,,,,
train_13,Противоизносная_присадка_23,048,31.092,,,,,,,,,,,,,,,,,,,,,,,,,,,,,,,,,,,,,,,,,,,,,,,,,,,,,,,,,,,,,,,,,,,,,,,,,,,,,,,,,,,,,,,,,,,,,,
train_14,Антиоксидант_7,п.EQ2023082507,26.931,,,,,,,,,,,,,,,,,,,,,,,,,,,,,,,,,,,,,,,,,,,,,,,,,,,,,,,,,,,,,,,,,,,,,,,,,,,,,,,,,,,,,,,,,,,,,,
train_14,Антиоксидант_8,COMP-2024-0009-M,17.074,,,,,,,,,,,,,,,,,,,,,,,,,,,,,,,,,,,,,,,,,,,,,,,,,,,,,,,,,,,,,,,,,,,,,,,,,,,,,,,,,,,,,,,,,,,,,,
train_14,Антипенная_присадка_1,12 от 13.05.2024,3.991,,,,,,,,,,,,,,,,,,,,,,,,,,,,,,,,,,,,,,,,,,,,,,,,,,,,,,,,,,,,,,,,,,,,,,,,,,,,,,,,,,,,,,,,,,,,,,
train_14,Базовое_масло_1,0318.25,81.459,,,,,,,,,,,,,,,784,1294,2234,,,,,,,,,,,4.44,21.8,,,,,,,,,,,,,,,,,,,,,,,,,,,,,,,,,,,,,,,,,,,,,,,,,,,,,,,,,,,,,,,,,
train_14,Базовое_масло_1,0318.25,31.355,,,,,,,,,,,,,,,784,1294,2234,,,,,,,,,,,4.44,21.8,,,,,,,,,,,,,,,,,,,,,,,,,,,,,,,,,,,,,,,,,,,,,,,,,,,,,,,,,,,,,,,,,
train_14,Базовое_масло_14,01500.24,91.635,,,,,,,,,,,,,,,,,,,,,,,,,,,,,,,,,,,,,,,,,,,,,,,,,,,,,,,,,,,,,,,,,,,,,,,,,,,,,,,,,,,,,,,,,,,,,,
train_14,Базовое_масло_5,0312.25,91.506,,,,,,,,,,,,,,,3821,6926,13682,,,,119,,,,,,,8.276,55.69,,,,,,,,,,,,,,,,,,,,,,,,,,,,,,,,,,,,,,,,,,,,,,,,,-18,,,,,,,,,,,,,,,,
train_14,Депрессорная_присадка_2,"п, 3",26.931,,,,,,,,,,,,,,,,,,,,,,,,,,,,,,,,,,,,,,,,,,,,,,,,,,,,,,,,,,,,,,,,,,,,,,,,,,,,,,,,,,,,,,,,,,,,,,
train_14,Детергент_1,0269.25,92.177,,,,,,,,,,,,,,,,,,,,,,,,,,,,62.33,,,,,,,15.13,,1.598,,,,,,,,,,,,,,,,,,,,,,,,,,,,,,,,,,,,,,,,,,,,,,,,,,,,,344.1,,,,
train_14,Детергент_3,48670.24,0.295,,,,,,,,,,,,,,,,,,,,,,,,,,,,92.76,,,,,,,5.66,,2.65,,,,,,,,,,,,,,,,,,,,,,,,,,,,,,,,,,,,,,,,,,,,,,,,,,,,,,,,,
train_14,Детергент_7,03229.24,56.357,,,,,,,,,,,,,,,,,,,,,,,,,,,,,,,,,,,2.484,,,,,2.873,,0.0344,,,,,,,,,,,,,,,,,,,,,,,,,,,,,,,,,,,,,,,,,,,,,,,,,,,,
train_14,Дисперсант_3,01030.23,0.422,,,,,,,,,,,,,,,,,,,,,,,,,,,,186.1,,,,,,,0.002,,0.048,,,0.002,,0.0001,,,,,,,,,,,,,,,,,,,,,,,,,,,,,,,,,,,,,,,,,,,,,,,,21,,,,
train_14,Дисперсант_6,077.25,31.76,,,,,,,,,,,,,,,,,,,,,,,,,,,,436,,0.571,,,,,,,,,,,,,,,,,,,,,,,,,,,,,,,,,,,,,,,,,,,,,,,,,,,,,,,,,,4.5,,22.7,16.7,,,
train_14,Загуститель_1,"0306.25 9,8% 2гр",3.522,,,,,,,,,,,,,,,,,,,,,,,,,,,,508.9,,,,,,,,,,,,,,,,,,,,,,,,,,,,,,,,,,,,,,,,,,,,,,,,,,,,,,,,,,,,,,,,,,
train_14,Противоизносная_присадка_2,01026.23,93.926,,,,,,,,,,,,,,,,,,,,,,,,,,,,14.75,,,,,,,0.024,,16.58,,,8.13,,9.39,,,,,,,,,,,,,,,,,,,,,,,,,,,,,,,,,,,,,,,,,,,,,,,,,,,,
train_15,Антиоксидант_13,02993.24,17.074,,,,,,,,,,,,,,,,,,,,,,,,,,,,,,,,,,,,,,,,,,,,,,,,,,,,,,,,,,,,,,,,,,,,,,,,,,,,,,,,,,,,,,,,,,,,,,
train_15,Антиоксидант_7,п.EQ2023082507,26.931,,,,,,,,,,,,,,,,,,,,,,,,,,,,,,,,,,,,,,,,,,,,,,,,,,,,,,,,,,,,,,,,,,,,,,,,,,,,,,,,,,,,,,,,,,,,,,
train_15,Антипенная_присадка_1,12 от 13.05.2024,3.991,,,,,,,,,,,,,,,,,,,,,,,,,,,,,,,,,,,,,,,,,,,,,,,,,,,,,,,,,,,,,,,,,,,,,,,,,,,,,,,,,,,,,,,,,,,,,,
train_15,Базовое_масло_1,0318.25,81.459,,,,,,,,,,,,,,,784,1294,2234,,,,,,,,,,,4.44,21.8,,,,,,,,,,,,,,,,,,,,,,,,,,,,,,,,,,,,,,,,,,,,,,,,,,,,,,,,,,,,,,,,,
train_15,Базовое_масло_1,0318.25,31.355,,,,,,,,,,,,,,,784,1294,2234,,,,,,,,,,,4.44,21.8,,,,,,,,,,,,,,,,,,,,,,,,,,,,,,,,,,,,,,,,,,,,,,,,,,,,,,,,,,,,,,,,,
train_15,Базовое_масло_14,01500.24,91.635,,,,,,,,,,,,,,,,,,,,,,,,,,,,,,,,,,,,,,,,,,,,,,,,,,,,,,,,,,,,,,,,,,,,,,,,,,,,,,,,,,,,,,,,,,,,,,
train_15,Базовое_масло_5,0312.25,91.506,,,,,,,,,,,,,,,3821,6926,13682,,,,119,,,,,,,8.276,55.69,,,,,,,,,,,,,,,,,,,,,,,,,,,,,,,,,,,,,,,,,,,,,,,,,-18,,,,,,,,,,,,,,,,
train_15,Депрессорная_присадка_2,"п, 3",26.931,,,,,,,,,,,,,,,,,,,,,,,,,,,,,,,,,,,,,,,,,,,,,,,,,,,,,,,,,,,,,,,,,,,,,,,,,,,,,,,,,,,,,,,,,,,,,,
train_15,Детергент_1,0269.25,92.177,,,,,,,,,,,,,,,,,,,,,,,,,,,,62.33,,,,,,,15.13,,1.598,,,,,,,,,,,,,,,,,,,,,,,,,,,,,,,,,,,,,,,,,,,,,,,,,,,,,344.1,,,,
train_15,Детергент_3,48670.24,0.295,,,,,,,,,,,,,,,,,,,,,,,,,,,,92.76,,,,,,,5.66,,2.65,,,,,,,,,,,,,,,,,,,,,,,,,,,,,,,,,,,,,,,,,,,,,,,,,,,,,,,,,
train_15,Детергент_7,03229.24,56.357,,,,,,,,,,,,,,,,,,,,,,,,,,,,,,,,,,,2.484,,,,,2.873,,0.0344,,,,,,,,,,,,,,,,,,,,,,,,,,,,,,,,,,,,,,,,,,,,,,,,,,,,
train_15,Дисперсант_3,01030.23,0.422,,,,,,,,,,,,,,,,,,,,,,,,,,,,186.1,,,,,,,0.002,,0.048,,,0.002,,0.0001,,,,,,,,,,,,,,,,,,,,,,,,,,,,,,,,,,,,,,,,,,,,,,,,21,,,,
train_15,Дисперсант_6,077.25,31.76,,,,,,,,,,,,,,,,,,,,,,,,,,,,436,,0.571,,,,,,,,,,,,,,,,,,,,,,,,,,,,,,,,,,,,,,,,,,,,,,,,,,,,,,,,,,4.5,,22.7,16.7,,,
train_15,Загуститель_1,"0306.25 9,8% 2гр",3.522,,,,,,,,,,,,,,,,,,,,,,,,,,,,508.9,,,,,,,,,,,,,,,,,,,,,,,,,,,,,,,,,,,,,,,,,,,,,,,,,,,,,,,,,,,,,,,,,,
train_15,Противоизносная_присадка_2,01026.23,93.926,,,,,,,,,,,,,,,,,,,,,,,,,,,,14.75,,,,,,,0.024,,16.58,,,8.13,,9.39,,,,,,,,,,,,,,,,,,,,,,,,,,,,,,,,,,,,,,,,,,,,,,,,,,,,
train_16,Антиоксидант_13,02993.24,25.872,,,,,,,,,,,,,,,,,,,,,,,,,,,,,,,,,,,,,,,,,,,,,,,,,,,,,,,,,,,,,,,,,,,,,,,,,,,,,,,,,,,,,,,,,,,,,,
train_16,Антиоксидант_7,п.EQ2023082507,26.931,,,,,,,,,,,,,,,,,,,,,,,,,,,,,,,,,,,,,,,,,,,,,,,,,,,,,,,,,,,,,,,,,,,,,,,,,,,,,,,,,,,,,,,,,,,,,,
train_16,Антипенная_присадка_1,12 от 13.05.2024,3.991,,,,,,,,,,,,,,,,,,,,,,,,,,,,,,,,,,,,,,,,,,,,,,,,,,,,,,,,,,,,,,,,,,,,,,,,,,,,,,,,,,,,,,,,,,,,,,
train_16,Базовое_масло_1,0318.25,81.459,,,,,,,,,,,,,,,784,1294,2234,,,,,,,,,,,4.44,21.8,,,,,,,,,,,,,,,,,,,,,,,,,,,,,,,,,,,,,,,,,,,,,,,,,,,,,,,,,,,,,,,,,
train_16,Базовое_масло_1,0318.25,48.557,,,,,,,,,,,,,,,784,1294,2234,,,,,,,,,,,4.44,21.8,,,,,,,,,,,,,,,,,,,,,,,,,,,,,,,,,,,,,,,,,,,,,,,,,,,,,,,,,,,,,,,,,
train_16,Базовое_масло_14,01500.24,91.635,,,,,,,,,,,,,,,,,,,,,,,,,,,,,,,,,,,,,,,,,,,,,,,,,,,,,,,,,,,,,,,,,,,,,,,,,,,,,,,,,,,,,,,,,,,,,,
train_16,Базовое_масло_5,0312.25,91.506,,,,,,,,,,,,,,,3821,6926,13682,,,,119,,,,,,,8.276,55.69,,,,,,,,,,,,,,,,,,,,,,,,,,,,,,,,,,,,,,,,,,,,,,,,,-18,,,,,,,,,,,,,,,,
train_16,Депрессорная_присадка_2,"п, 3",26.931,,,,,,,,,,,,,,,,,,,,,,,,,,,,,,,,,,,,,,,,,,,,,,,,,,,,,,,,,,,,,,,,,,,,,,,,,,,,,,,,,,,,,,,,,,,,,,
train_16,Детергент_1,0269.25,92.177,,,,,,,,,,,,,,,,,,,,,,,,,,,,62.33,,,,,,,15.13,,1.598,,,,,,,,,,,,,,,,,,,,,,,,,,,,,,,,,,,,,,,,,,,,,,,,,,,,,344.1,,,,
train_16,Детергент_3,48670.24,0.295,,,,,,,,,,,,,,,,,,,,,,,,,,,,92.76,,,,,,,5.66,,2.65,,,,,,,,,,,,,,,,,,,,,,,,,,,,,,,,,,,,,,,,,,,,,,,,,,,,,,,,,
train_16,Детергент_7,03229.24,56.357,,,,,,,,,,,,,,,,,,,,,,,,,,,,,,,,,,,2.484,,,,,2.873,,0.0344,,,,,,,,,,,,,,,,,,,,,,,,,,,,,,,,,,,,,,,,,,,,,,,,,,,,
train_16,Дисперсант_3,01030.23,0.422,,,,,,,,,,,,,,,,,,,,,,,,,,,,186.1,,,,,,,0.002,,0.048,,,0.002,,0.0001,,,,,,,,,,,,,,,,,,,,,,,,,,,,,,,,,,,,,,,,,,,,,,,,21,,,,
train_16,Дисперсант_6,077.25,31.76,,,,,,,,,,,,,,,,,,,,,,,,,,,,436,,0.571,,,,,,,,,,,,,,,,,,,,,,,,,,,,,,,,,,,,,,,,,,,,,,,,,,,,,,,,,,4.5,,22.7,16.7,,,
train_16,Загуститель_1,"0306.25 9,8% 2гр",3.522,,,,,,,,,,,,,,,,,,,,,,,,,,,,508.9,,,,,,,,,,,,,,,,,,,,,,,,,,,,,,,,,,,,,,,,,,,,,,,,,,,,,,,,,,,,,,,,,,
train_16,Противоизносная_присадка_2,01026.23,93.926,,,,,,,,,,,,,,,,,,,,,,,,,,,,14.75,,,,,,,0.024,,16.58,,,8.13,,9.39,,,,,,,,,,,,,,,,,,,,,,,,,,,,,,,,,,,,,,,,,,,,,,,,,,,,
train_17,Антиоксидант_7,п.EQ2023082507,95.918,,,,,,,,,,,,,,,,,,,,,,,,,,,,,,,,,,,,,,,,,,,,,,,,,,,,,,,,,,,,,,,,,,,,,,,,,,,,,,,,,,,,,,,,,,,,,,
train_17,Базовое_масло_1,01595.25,43.34,,,,,,,,,,,,,,,790,1338,2348,4420,,,,,,,,,,4.48,22.35,,,,,,,,,,,,,,,,,,,,,,,,,,,,,,,,,,,,,,,,,,,,,,,,,,,,,,,,,,,,,,,,,
train_17,Базовое_масло_1,01595.25,43.229,,,,,,,,,,,,,,,790,1338,2348,4420,,,,,,,,,,4.48,22.35,,,,,,,,,,,,,,,,,,,,,,,,,,,,,,,,,,,,,,,,,,,,,,,,,,,,,,,,,,,,,,,,,
train_17,Базовое_масло_5,01624.25,22.895,,,,,,,,,,,,,,,3207,5855,11386,,,,120,,,,,,,7.72,50.14,,,,,,,,,,,,,,,,,,,,,,,,,,,,,,,,,,,,,,,,,,,,,,,,,-15,,,,,,,,,,,,,,,,
train_17,Детергент_1,01558.25,8.08,,,,,,,,,,,,,,,,,,,,,,,,,,,,,,,,,,,15.51,,,,,,,,,,,,,,,,,,,,,,,,,,,,,,,,,,,,,,,,,,,,,,,,,,,,,,,328.2,,,,
train_17,Загуститель_1,01609.25,2.675,,,,,,,,,,,,,,,,,,,,,,,,,,,,,,,,,,,,,,,,,,,,,,,,,,,,,,,,,,,,,,,,,,,,,,,,,,,,,,,,,,,,,,,,,,,,,,
train_17,Противоизносная_присадка_8,Квадрат плюс ДТФ-22,31.092,,,,,,,,,,,,,,,,,,,,,,,,,,,,,,,,,,,,,,,,,,,,,,,,,,,,,,,,,,,,,,,,,,,,,,,,,,,,,,,,,,,,,,,,,,,,,,
train_18,Антиоксидант_11,2023101602 (НИЦ),17.074,,,,,,,,,,,,,,,,,,,,,,,,,,,,,,,,,,,,,,,,,,,,,,,,,,,,,,,,,,,,,,,,,,,,,,,,,,,,,,,,,,,,,,,,,,,,,,
train_18,Антиоксидант_7,п.EQ2023082507,14.828,,,,,,,,,,,,,,,,,,,,,,,,,,,,,,,,,,,,,,,,,,,,,,,,,,,,,,,,,,,,,,,,,,,,,,,,,,,,,,,,,,,,,,,,,,,,,,
train_18,Антипенная_присадка_1,от 22.04.2025,3.991,,,,,,,,,,,,,,,,,,,,,,,,,,,,,,,,,,,,,,,,,,,,,,,,,,,,,,,,,,,,,,,,,,,,,,,,,,,,,,,,,,,,,,,,,,,,,,
train_18,Базовое_масло_1,01987.25,23.138,,,,,,,,,,,,,,507,809,1338,2338,,,,115,,,,,,,4.51,22.35,,,,,,,,,,,,,,,,,,,,,843.7,840.6,,,,,,,,,,,,,,,,,,,,,,,,,,,,,,,,,,,,,,,,,,,
train_18,Базовое_масло_1,01987.25,85.012,,,,,,,,,,,,,,507,809,1338,2338,,,,115,,,,,,,4.51,22.35,,,,,,,,,,,,,,,,,,,,,843.7,840.6,,,,,,,,,,,,,,,,,,,,,,,,,,,,,,,,,,,,,,,,,,,
train_18,Базовое_масло_14,из ЦП 19.09.23г,84.281,,,,,,,,,,,,,,13,25,50,100,200,,,,,,90,,,,1,2,,,,,,,,,,,,,,,,,,,,,,,,,,,,,,,,,,,,,,,,,,,,,,,,,,,,,,,,,,,,,,,,,
train_18,Базовое_масло_2,01993.25,88.496,,,,,,,,,,,,,,1172,2254,4576,9992,,,,100,,,,,,,5.38,32.16,,,,,,,,,,,,,,,,,,,,,,,,,,,,,,,,,,,,,,,,,,,,,,,,,-15,,,,,,,,,,,,,,,,
train_18,Базовое_масло_3,0716.25,11.036,,,,,,,,,,,,,,,,,,,,,,,,,,,,,,,,,,,,,,,,,,,,,,,,,,,,,,,,,,,,,,,,,,,,,,,,,,,,,,,,,,,,,,,,,,,,,,
train_18,Базовое_масло_5,01992.25,70.369,,,,,,,,,,,,,,2256,3907,7178,14088,,,,118,,,,,,,8.34,56.87,,,,,,,,,,,,,,,,,,,,,,,,,,,,,,,,,,,,,,,,,,,,,,,,,-17,,,,,,,,,,,,,,,,
train_18,Депрессорная_присадка_1,0862.24,26.931,,,,,,,,,,,,,,,,,,,,,,,,,,,,315.1,1828,,,,,,,,,,,,,,,,,,,,,,,,,,,,,,,,,,,,,,,,,,,,,,,,,,,,,,,,,,,,,,,,,
train_18,Детергент_1,01777.25,38.465,,,,,,,,,,,,,,,,,,,,,,,,,,,,,,,,,,,,,,,,,,,,,,,,,,,,,,,,,,,,,,,,,,,,,,,,,,,,,,,,,,,,,,,,,,,,,,
train_18,Детергент_9,01020.25,80.12,,,,,,,,,,,,,,,,,,,,,,,,,,,,,,,,,,,,,,,,,,,,,,,,,,,,,,,,,,,,,,,,,,,,,,,,,,,,,,,,,,,,,,,,,,,,,,
train_18,Дисперсант_5,п.2022053003/ЦП,33.644,,,,,,,,,,,,,,,,,,,,,,,,,,,,,,,,,,,,,,,,,,,,,,,,,,,,,,,,,,,,,,,,,,,,,,,,,,,,,,,,,,,,,,,,,,,,,,
train_18,Загуститель_1,01939.25,93.926,,,,,,,,,,,,,,,,,,,,,,,,,,,,,,,,,,,,,,,,,,,,,,,,,,,,,,,,,,,,,,,,,,,,,,,,,,,,,,,,,,,,,,,,,,,,,,
train_18,Противоизносная_присадка_11,0242.25,26.586,,,,,,,,,,,,,,,,,,,,,,,,,,,,,,,,,,,,,17.42,,,8.6,,9.44,,,,,,,,,,,,,,,,,,,,,,,,,,,,,,,,,,,,,,,,,,,,,,,,,,,,
train_19,Антиоксидант_11,2023101602 (НИЦ),17.074,,,,,,,,,,,,,,,,,,,,,,,,,,,,,,,,,,,,,,,,,,,,,,,,,,,,,,,,,,,,,,,,,,,,,,,,,,,,,,,,,,,,,,,,,,,,,,
train_19,Антиоксидант_7,п.EQ2023082507,14.828,,,,,,,,,,,,,,,,,,,,,,,,,,,,,,,,,,,,,,,,,,,,,,,,,,,,,,,,,,,,,,,,,,,,,,,,,,,,,,,,,,,,,,,,,,,,,,
train_19,Антипенная_присадка_1,от 22.04.2025,3.991,,,,,,,,,,,,,,,,,,,,,,,,,,,,,,,,,,,,,,,,,,,,,,,,,,,,,,,,,,,,,,,,,,,,,,,,,,,,,,,,,,,,,,,,,,,,,,
train_19,Базовое_масло_1,01987.25,23.138,,,,,,,,,,,,,,507,809,1338,2338,,,,115,,,,,,,4.51,22.35,,,,,,,,,,,,,,,,,,,,,843.7,840.6,,,,,,,,,,,,,,,,,,,,,,,,,,,,,,,,,,,,,,,,,,,
train_19,Базовое_масло_1,01987.25,85.012,,,,,,,,,,,,,,507,809,1338,2338,,,,115,,,,,,,4.51,22.35,,,,,,,,,,,,,,,,,,,,,843.7,840.6,,,,,,,,,,,,,,,,,,,,,,,,,,,,,,,,,,,,,,,,,,,
train_19,Базовое_масло_14,из ЦП 19.09.23г,84.281,,,,,,,,,,,,,,13,25,50,100,200,,,,,,90,,,,1,2,,,,,,,,,,,,,,,,,,,,,,,,,,,,,,,,,,,,,,,,,,,,,,,,,,,,,,,,,,,,,,,,,
train_19,Базовое_масло_2,01993.25,30.305,,,,,,,,,,,,,,1172,2254,4576,9992,,,,100,,,,,,,5.38,32.16,,,,,,,,,,,,,,,,,,,,,,,,,,,,,,,,,,,,,,,,,,,,,,,,,-15,,,,,,,,,,,,,,,,
train_19,Базовое_масло_3,0716.25,11.036,,,,,,,,,,,,,,,,,,,,,,,,,,,,,,,,,,,,,,,,,,,,,,,,,,,,,,,,,,,,,,,,,,,,,,,,,,,,,,,,,,,,,,,,,,,,,,
train_19,Базовое_масло_5,01992.25,70.369,,,,,,,,,,,,,,2256,3907,7178,14088,,,,118,,,,,,,8.34,56.87,,,,,,,,,,,,,,,,,,,,,,,,,,,,,,,,,,,,,,,,,,,,,,,,,-17,,,,,,,,,,,,,,,,
train_19,Депрессорная_присадка_1,0862.24,26.931,,,,,,,,,,,,,,,,,,,,,,,,,,,,315.1,1828,,,,,,,,,,,,,,,,,,,,,,,,,,,,,,,,,,,,,,,,,,,,,,,,,,,,,,,,,,,,,,,,,
train_19,Детергент_1,01777.25,38.465,,,,,,,,,,,,,,,,,,,,,,,,,,,,,,,,,,,,,,,,,,,,,,,,,,,,,,,,,,,,,,,,,,,,,,,,,,,,,,,,,,,,,,,,,,,,,,
train_19,Детергент_9,01020.25,80.12,,,,,,,,,,,,,,,,,,,,,,,,,,,,,,,,,,,,,,,,,,,,,,,,,,,,,,,,,,,,,,,,,,,,,,,,,,,,,,,,,,,,,,,,,,,,,,
train_19,Дисперсант_5,п.2022053003/ЦП,33.644,,,,,,,,,,,,,,,,,,,,,,,,,,,,,,,,,,,,,,,,,,,,,,,,,,,,,,,,,,,,,,,,,,,,,,,,,,,,,,,,,,,,,,,,,,,,,,
train_19,Загуститель_1,01939.25,93.926,,,,,,,,,,,,,,,,,,,,,,,,,,,,,,,,,,,,,,,,,,,,,,,,,,,,,,,,,,,,,,,,,,,,,,,,,,,,,,,,,,,,,,,,,,,,,,
train_19,Противоизносная_присадка_18,02125.25 (№1),31.092,,,,,,,,,,,,,,,,,,,,,,,,,,,,8.286,,,,,,0.0001,,17.25,,,8.594,,8.656,,,,,,,,,,,,,,,,,,,,,,,,,,,,,,,,,,,,,,,,,,,,,,,,,10.9,,,,
train_20,Антиоксидант_5,32,56.357,,,,,,,,,,,,,,,,,,,,,,,,,,,,,,,,,,,,,,,,,,,,,,,,,,,,,,,,,,,,,,,,,,,,,,,,,,,,,,,,,,,,,,,,,,,,,,
train_20,Антиоксидант_6,13799.21,26.931,,,,,,,,,,,,,,,,,,,,,,,,,,,,,,,,,,,,,,,,,,,,,,,,,,,,,,,,,,,,,,,,,,,,,,,,,,,,,,,,,,,,,,,,,,,,,,
train_20,Антипенная_присадка_3,б/н,44.499,,,,,,,,,,,,,,,,,,,,,,,,,,,,,,,,,,,0,,0,,,0,,0,,,,,,,,,,,,,,,,,,,,,,,,,,,,,,,,,,,,,,,,,,,,,,,,,,,,
train_20,Базовое_масло_17,без номера,64.805,,,,,,,,,,,,,,13,25,50,99,200,,,,,,90,,,,1.45,3.88,,,,,,,,,,,,,,,,,,,,,,,,,,,,,,,,,,,,,,,,,,,,,,,,,-73,,,,,,,,,,,,,,,,
train_20,Базовое_масло_2,01009.22,45.461,,,,,,,,,,,,,,1220,2317,4827,10684,,,,95,,,14.7,,,,5.39,33.01,,,,,,0.00003,,0.0236,,,0.00004,,0.00005,,,,,,,,,,0,0,0,,,,,,,,,,,,,,,,,,,,,,,,-18,,,,,,,,,,,,,,,,
train_20,Базовое_масло_3,0415.22,81.407,,,,,,,,,,40,5,40,0,357,581,928,1574,2866,,,132,,,12.9,,,,4.501,20.84,,,,,,0.00015,,0.00105,,,0.00019,,0.00001,,,,,,,,,,0,0,0,,,,,,,,,,,,,,,,,,,,,,,,-14,,,,,,,,,,,,,,,,
train_20,Депрессорная_присадка_3,0246.22,56.357,,,,,,,,,,,,,,,,,,,,,,,,,,,,113.83,846.19,,,,,,,,,,,,,,,,,,,,,,,,,,,,,,,,,,,,,,,,,,,,,,,,,,,,,,,,,,,,,,,,,
train_20,Детергент_1,0174.22,76.331,,,,,,,,,,,,,,,,,,,,,,,,,,,,163.5,,11.2,,,,,11.2,,,,,,,,,,,,,,,,,,,,,,,,,,,,,,,,,,,,,,,,,,,,,,,,,,,,,,,405.8,,,,
train_20,Детергент_4,0338.22,72.282,,,,,,,,,,,,,,,,,,,,,,,,,,,,16.68,,,,,,,6.144,,,,,,,0.0064,,,,,,,,,,,,,,,,,,,,,,,,,,,,,,,,,,,,,,,,,,,,,,,,168,,,,
train_20,Дисперсант_1,36524.20,2.109,,,,,,,,,,,,,,,,,,,,,,,,,,,,245.86,,,,,,,,,,,,,,,,,,,,,,,,,,,,,,,,,,,,,,,,,,,,,,,,,,,,,,,,,,,,,,"49,1",,,,
train_20,Загуститель_2,071.21,3.053,,,,,,,,,,,,,,,,,,,,,,,,,,,,360,,,,,,,,,,,,,,,,,,,,,,,,,,,,,,,,,,,,,,,,,,,,,,,,,,,,,,,,,,,,,,,,,,
train_20,Противоизносная_присадка_8,0186.22,90.699,,,,,,,,,,,,,,,,,,,,,,,,,,,,13.74,,,,,,,0.001,,,,,8.049,,9.095,,,,,,,,,,,,,,,,,,,,,,,,,,,,,,,,,,,,,,,,,,,,,,,,17.8,,,,
train_21,Антиоксидант_5,32,56.357,,,,,,,,,,,,,,,,,,,,,,,,,,,,,,,,,,,,,,,,,,,,,,,,,,,,,,,,,,,,,,,,,,,,,,,,,,,,,,,,,,,,,,,,,,,,,,
train_21,Антиоксидант_6,13799.21,26.931,,,,,,,,,,,,,,,,,,,,,,,,,,,,,,,,,,,,,,,,,,,,,,,,,,,,,,,,,,,,,,,,,,,,,,,,,,,,,,,,,,,,,,,,,,,,,,
train_21,Антипенная_присадка_2,17422.22,95.918,,,,,,,,,,,,,,,,,,,,,,,,,,,,,,,,,,,,,,,,,,,,,,,,,,,,,,,,,,,,,,,,,,,,,,,,,,,,,,,,,,,,,,,,,,,,,,
train_21,Базовое_масло_2,01009.22,45.461,,,,,,,,,,,,,,1220,2317,4827,10684,,,,95,,,14.7,,,,5.39,33.01,,,,,,0.00003,,0.0236,,,0.00004,,0.00005,,,,,,,,,,0,0,0,,,,,,,,,,,,,,,,,,,,,,,,-18,,,,,,,,,,,,,,,,
train_21,Базовое_масло_3,0415.22,12.327,,,,,,,,,,40,5,40,0,357,581,928,1574,2866,,,132,,,12.9,,,,4.501,20.84,,,,,,0.00015,,0.00105,,,0.00019,,0.00001,,,,,,,,,,0,0,0,,,,,,,,,,,,,,,,,,,,,,,,-14,,,,,,,,,,,,,,,,
train_21,Депрессорная_присадка_3,0246.22,56.357,,,,,,,,,,,,,,,,,,,,,,,,,,,,113.83,846.19,,,,,,,,,,,,,,,,,,,,,,,,,,,,,,,,,,,,,,,,,,,,,,,,,,,,,,,,,,,,,,,,,
train_21,Детергент_1,0174.22,21.197,,,,,,,,,,,,,,,,,,,,,,,,,,,,163.5,,11.2,,,,,11.2,,,,,,,,,,,,,,,,,,,,,,,,,,,,,,,,,,,,,,,,,,,,,,,,,,,,,,,405.8,,,,
train_21,Детергент_4,0338.22,31.092,,,,,,,,,,,,,,,,,,,,,,,,,,,,16.68,,,,,,,6.144,,,,,,,0.0064,,,,,,,,,,,,,,,,,,,,,,,,,,,,,,,,,,,,,,,,,,,,,,,,168,,,,
train_21,Дисперсант_1,36524.20,2.109,,,,,,,,,,,,,,,,,,,,,,,,,,,,245.86,,,,,,,,,,,,,,,,,,,,,,,,,,,,,,,,,,,,,,,,,,,,,,,,,,,,,,,,,,,,,,"49,1",,,,
train_21,Загуститель_2,071.21,3.053,,,,,,,,,,,,,,,,,,,,,,,,,,,,360,,,,,,,,,,,,,,,,,,,,,,,,,,,,,,,,,,,,,,,,,,,,,,,,,,,,,,,,,,,,,,,,,,
train_21,Противоизносная_присадка_8,0186.22,90.699,,,,,,,,,,,,,,,,,,,,,,,,,,,,13.74,,,,,,,0.001,,,,,8.049,,9.095,,,,,,,,,,,,,,,,,,,,,,,,,,,,,,,,,,,,,,,,,,,,,,,,17.8,,,,
train_21,Соединение_молибдена_2,01762.22,95.918,,,,,,,,,,,,,,,,,,,,,,,,,,,,,,,,,,,,,,,,,,,,,,,,,,,,,,,,,,,,,,,,,,,,,,,,,,,,,,,,,,,,,,,,,,,,,,
train_22,Антиоксидант_5,32,14.828,,,,,,,,,,,,,,,,,,,,,,,,,,,,,,,,,,,,,,,,,,,,,,,,,,,,,,,,,,,,,,,,,,,,,,,,,,,,,,,,,,,,,,,,,,,,,,
train_22,Антиоксидант_6,13799.21,17.074,,,,,,,,,,,,,,,,,,,,,,,,,,,,,,,,,,,,,,,,,,,,,,,,,,,,,,,,,,,,,,,,,,,,,,,,,,,,,,,,,,,,,,,,,,,,,,
train_22,Базовое_масло_10,02597.22,11.036,,,,,,,,,,40,5,40,0,463,757,1182,2063,3819,,,113,,,14.7,,,,4.38,"21,53",,,,,,0.00003,,0.00002,,,0.00007,,0.00005,,,,,,,,,,0,0,0,,,,,,,,,,,,,,,,,,,,,,,,-26,,,,,,,,,,,,,,,,
train_22,Базовое_масло_2,02596.22,93.923,,,,,,,,,,38,5,42,0,1220,2250,4642,10272,21000,,,96,,,14,,,,5.37,32.61,,,,,,0.00003,,0.028,,,0.00005,,0.00001,,,,,,,,,,0,0,0,,,,,,,,,,,,,,,,,,,,,,,,-18,,,,,,,,,,,,,,,,
train_22,Базовое_масло_2,02596.22,21.532,,,,,,,,,,38,5,42,0,1220,2250,4642,10272,21000,,,96,,,14,,,,5.37,32.61,,,,,,0.00003,,0.028,,,0.00005,,0.00001,,,,,,,,,,0,0,0,,,,,,,,,,,,,,,,,,,,,,,,-18,,,,,,,,,,,,,,,,
train_22,Базовое_масло_7,094.22 (D-2022-0022),89.598,,,,,,,,,,38,10,42,0,6005,12582,,,,,,90,,,5.6,,,,9.39,81.32,,,,,,0.00008,,0.081,,,0.00003,,0.00001,,,,,,,,,,0,0,0,,,,,,,,,,,,,,,,,,,,,,,,-21,,,,,,,,,,,,,,,,
train_22,Депрессорная_присадка_2,п.12,26.931,,,,,,,,,,,,,,,,,,,,,,,,,,,,300,2288.31,,,,,,,,,,,,,,,,,,,,,,,,,,,,,,,,,,,,,,,,,,,,,,,,,,,,,,,,,,,,,,,,,
train_22,Детергент_1,0174.22,38.465,,,,,,,,,,,,,,,,,,,,,,,,,,,,163.5,,11.2,,,,,11.2,,,,,,,,,,,,,,,,,,,,,,,,,,,,,,,,,,,,,,,,,,,,,,,,,,,,,,,405.8,,,,
train_22,Детергент_17,03133.22,80.12,,,,,,,,,,,,,,,,,,,,,,,,,,,,21.5,,,,,,,6.59,,,,,0.0015,,0.0005,,,,,,,,,,,,,,,,,,,,,,,,,,,,,,,,,,,,,,,,,,,,,,,,173.6,,,,
train_22,Дисперсант_1,36524.20,33.644,,,,,,,,,,,,,,,,,,,,,,,,,,,,245.86,,,,,,,,,,,,,,,,,,,,,,,,,,,,,,,,,,,,,,,,,,,,,,,,,,,,,,,,,,,,,,"49,1",,,,
train_22,Загуститель_1,02560.22 (9%вSN-150),25.852,,,,,,,,,,,,,,,,,,,,,,,,,,,,451.9,,,,,,,,,,,,,,,,,,,,,,,,,,,,,,,,,,,,,,,,,,,,,,,,,,,,,,,,,,,,,,,,,,
train_22,Противоизносная_присадка_10,02028.22,92.118,,,,,,,,,,,,,,,,,,,,,,,,,,,,11.59,,,,,,,,,,,,9.4,,11.1,,,,,,,,,,,,,,,,,,,,,,,,,,,,,,,,,,,,,,,,,,,,,,,,,16.08,,,
train_23,Антиоксидант_1,02717.22,17.074,,,,,,,,,,,,,,,,,,,,,,,,,,,,6.65,,,,,,,,,,,,,,,,,,,,,,,,,,,,,,,,,,,,,,,,,,,,,,,,,,,,,,,,,,,,,,,,,,
train_23,Антиоксидант_4,01050.22,14.828,,,,,,,,,,,,,,,,,,,,,,,,,,,,,,,,,,,,,,,,,,,,,,,,,,,,,,,,,,,,,,,,,,,,,,,,,,,,,,,,,,,,,,,,,,,,,,
train_23,Базовое_масло_10,02597.22,11.036,,,,,,,,,,40,5,40,0,463,757,1182,2063,3819,,,113,,,14.7,,,,4.38,"21,53",,,,,,0.00003,,0.00002,,,0.00007,,0.00005,,,,,,,,,,0,0,0,,,,,,,,,,,,,,,,,,,,,,,,-26,,,,,,,,,,,,,,,,
train_23,Базовое_масло_2,02596.22,0.277,,,,,,,,,,38,5,42,0,1220,2250,4642,10272,21000,,,96,,,14,,,,5.37,32.61,,,,,,0.00003,,0.028,,,0.00005,,0.00001,,,,,,,,,,0,0,0,,,,,,,,,,,,,,,,,,,,,,,,-18,,,,,,,,,,,,,,,,
train_23,Базовое_масло_2,02596.22,2.886,,,,,,,,,,38,5,42,0,1220,2250,4642,10272,21000,,,96,,,14,,,,5.37,32.61,,,,,,0.00003,,0.028,,,0.00005,,0.00001,,,,,,,,,,0,0,0,,,,,,,,,,,,,,,,,,,,,,,,-18,,,,,,,,,,,,,,,,
train_23,Базовое_масло_7,02595.22,89.598,,,,,,,,,,39,5,41,5,5596,11861,24000,,,,,92,,,,,,,9.25,78.65,,,,,,0.00003,,0.046,,,0.00008,,0.00005,,,,,,,,,,0,0,0,,,,,,,,,,,,,,,,,,,,,,,,-18,,,,,,,,,,,,,,,,
train_23,Депрессорная_присадка_2,п.12,26.931,,,,,,,,,,,,,,,,,,,,,,,,,,,,300,2288.31,,,,,,,,,,,,,,,,,,,,,,,,,,,,,,,,,,,,,,,,,,,,,,,,,,,,,,,,,,,,,,,,,
train_23,Детергент_1,0174.22,38.465,,,,,,,,,,,,,,,,,,,,,,,,,,,,163.5,,11.2,,,,,11.2,,,,,,,,,,,,,,,,,,,,,,,,,,,,,,,,,,,,,,,,,,,,,,,,,,,,,,,405.8,,,,
train_23,Детергент_21,03008.22,50.273,,,,,,,,,,,,,,,,,,,,,,,,,,,,,,,,,,,,,,,,,,,,,,,,,,,,,,,,,,,,,,,,,,,,,,,,,,,,,,,,,,,,,,,,,,,,,,
train_23,Дисперсант_1,36524.20,33.644,,,,,,,,,,,,,,,,,,,,,,,,,,,,245.86,,,,,,,,,,,,,,,,,,,,,,,,,,,,,,,,,,,,,,,,,,,,,,,,,,,,,,,,,,,,,,"49,1",,,,
train_23,Загуститель_1,02560.22 (9%вSN-150),25.852,,,,,,,,,,,,,,,,,,,,,,,,,,,,451.9,,,,,,,,,,,,,,,,,,,,,,,,,,,,,,,,,,,,,,,,,,,,,,,,,,,,,,,,,,,,,,,,,,
train_23,Противоизносная_присадка_10,02028.22,92.118,,,,,,,,,,,,,,,,,,,,,,,,,,,,11.59,,,,,,,,,,,,9.4,,11.1,,,,,,,,,,,,,,,,,,,,,,,,,,,,,,,,,,,,,,,,,,,,,,,,,16.08,,,
train_24,Антиоксидант_5,32,14.828,,,,,,,,,,,,,,,,,,,,,,,,,,,,,,,,,,,,,,,,,,,,,,,,,,,,,,,,,,,,,,,,,,,,,,,,,,,,,,,,,,,,,,,,,,,,,,
train_24,Антиоксидант_6,13799.21,17.074,,,,,,,,,,,,,,,,,,,,,,,,,,,,,,,,,,,,,,,,,,,,,,,,,,,,,,,,,,,,,,,,,,,,,,,,,,,,,,,,,,,,,,,,,,,,,,
train_24,Базовое_масло_10,02597.22,11.036,,,,,,,,,,40,5,40,0,463,757,1182,2063,3819,,,113,,,14.7,,,,4.38,"21,53",,,,,,0.00003,,0.00002,,,0.00007,,0.00005,,,,,,,,,,0,0,0,,,,,,,,,,,,,,,,,,,,,,,,-26,,,,,,,,,,,,,,,,
train_24,Базовое_масло_2,02596.22,93.923,,,,,,,,,,38,5,42,0,1220,2250,4642,10272,21000,,,96,,,14,,,,5.37,32.61,,,,,,0.00003,,0.028,,,0.00005,,0.00001,,,,,,,,,,0,0,0,,,,,,,,,,,,,,,,,,,,,,,,-18,,,,,,,,,,,,,,,,
train_24,Базовое_масло_2,02596.22,99.393,,,,,,,,,,38,5,42,0,1220,2250,4642,10272,21000,,,96,,,14,,,,5.37,32.61,,,,,,0.00003,,0.028,,,0.00005,,0.00001,,,,,,,,,,0,0,0,,,,,,,,,,,,,,,,,,,,,,,,-18,,,,,,,,,,,,,,,,
train_24,Базовое_масло_7,094.22 (D-2022-0022),89.598,,,,,,,,,,38,10,42,0,6005,12582,,,,,,90,,,5.6,,,,9.39,81.32,,,,,,0.00008,,0.081,,,0.00003,,0.00001,,,,,,,,,,0,0,0,,,,,,,,,,,,,,,,,,,,,,,,-21,,,,,,,,,,,,,,,,
train_24,Депрессорная_присадка_2,п.12,26.931,,,,,,,,,,,,,,,,,,,,,,,,,,,,300,2288.31,,,,,,,,,,,,,,,,,,,,,,,,,,,,,,,,,,,,,,,,,,,,,,,,,,,,,,,,,,,,,,,,,
train_24,Детергент_1,0174.22,38.465,,,,,,,,,,,,,,,,,,,,,,,,,,,,163.5,,11.2,,,,,11.2,,,,,,,,,,,,,,,,,,,,,,,,,,,,,,,,,,,,,,,,,,,,,,,,,,,,,,,405.8,,,,
train_24,Детергент_19,03134.22,54.612,,,,,,,,,,,,,,,,,,,,,,,,,,,,48.82,,,,,,,9.91,,,,,0.002,,0.00012,,,,,,,,,,,,,,,,,,,,,,,,,,,,,,,,,,,,,,,,,,,,,,,,253.1,,,,
train_24,Дисперсант_1,03067.22,33.644,,,,,,,,,,,,,,,,,,,,,,,,,,,,248.7,,,,,,,0.002,,,,,0.002,,0.003,,,,,,,,,,,,,,,,,,,,,,,,,,,,,,,,,,,,,,,,,,,,,,,,40.9,,,,
train_24,Загуститель_1,02560.22 (9%вSN-150),25.852,,,,,,,,,,,,,,,,,,,,,,,,,,,,451.9,,,,,,,,,,,,,,,,,,,,,,,,,,,,,,,,,,,,,,,,,,,,,,,,,,,,,,,,,,,,,,,,,,
train_24,Противоизносная_присадка_10,02028.22,92.118,,,,,,,,,,,,,,,,,,,,,,,,,,,,11.59,,,,,,,,,,,,9.4,,11.1,,,,,,,,,,,,,,,,,,,,,,,,,,,,,,,,,,,,,,,,,,,,,,,,,16.08,,,
train_25,Антиоксидант_5,32,14.828,,,,,,,,,,,,,,,,,,,,,,,,,,,,,,,,,,,,,,,,,,,,,,,,,,,,,,,,,,,,,,,,,,,,,,,,,,,,,,,,,,,,,,,,,,,,,,
train_25,Антиоксидант_6,13799.21,17.074,,,,,,,,,,,,,,,,,,,,,,,,,,,,,,,,,,,,,,,,,,,,,,,,,,,,,,,,,,,,,,,,,,,,,,,,,,,,,,,,,,,,,,,,,,,,,,
train_25,Базовое_масло_10,02597.22,11.036,,,,,,,,,,40,5,40,0,463,757,1182,2063,3819,,,113,,,14.7,,,,4.38,"21,53",,,,,,0.00003,,0.00002,,,0.00007,,0.00005,,,,,,,,,,0,0,0,,,,,,,,,,,,,,,,,,,,,,,,-26,,,,,,,,,,,,,,,,
train_25,Базовое_масло_2,02596.22,93.923,,,,,,,,,,38,5,42,0,1220,2250,4642,10272,21000,,,96,,,14,,,,5.37,32.61,,,,,,0.00003,,0.028,,,0.00005,,0.00001,,,,,,,,,,0,0,0,,,,,,,,,,,,,,,,,,,,,,,,-18,,,,,,,,,,,,,,,,
train_25,Базовое_масло_2,02596.22,9.316,,,,,,,,,,38,5,42,0,1220,2250,4642,10272,21000,,,96,,,14,,,,5.37,32.61,,,,,,0.00003,,0.028,,,0.00005,,0.00001,,,,,,,,,,0,0,0,,,,,,,,,,,,,,,,,,,,,,,,-18,,,,,,,,,,,,,,,,
train_25,Базовое_масло_7,094.22 (D-2022-0022),89.598,,,,,,,,,,38,10,42,0,6005,12582,,,,,,90,,,5.6,,,,9.39,81.32,,,,,,0.00008,,0.081,,,0.00003,,0.00001,,,,,,,,,,0,0,0,,,,,,,,,,,,,,,,,,,,,,,,-21,,,,,,,,,,,,,,,,
train_25,Депрессорная_присадка_2,п.12,26.931,,,,,,,,,,,,,,,,,,,,,,,,,,,,300,2288.31,,,,,,,,,,,,,,,,,,,,,,,,,,,,,,,,,,,,,,,,,,,,,,,,,,,,,,,,,,,,,,,,,
train_25,Детергент_1,0174.22,38.465,,,,,,,,,,,,,,,,,,,,,,,,,,,,163.5,,11.2,,,,,11.2,,,,,,,,,,,,,,,,,,,,,,,,,,,,,,,,,,,,,,,,,,,,,,,,,,,,,,,405.8,,,,
train_25,Детергент_22,03009.22,26.931,,,,,,,,,,,,,,,,,,,,,,,,,,,,117.8,,,,,,,11.43,,0.097,,,0.0008,,0.0014,,,,,,,,,,,,,,,,,,,,,,,,,,,,,,,,,,,,,,,,,,,,,,,,324.2,,,,
train_25,Дисперсант_1,03067.22,33.644,,,,,,,,,,,,,,,,,,,,,,,,,,,,248.7,,,,,,,0.002,,,,,0.002,,0.003,,,,,,,,,,,,,,,,,,,,,,,,,,,,,,,,,,,,,,,,,,,,,,,,40.9,,,,
train_25,Загуститель_1,02560.22 (9%вSN-150),25.852,,,,,,,,,,,,,,,,,,,,,,,,,,,,451.9,,,,,,,,,,,,,,,,,,,,,,,,,,,,,,,,,,,,,,,,,,,,,,,,,,,,,,,,,,,,,,,,,,
train_25,Противоизносная_присадка_10,02028.22,92.118,,,,,,,,,,,,,,,,,,,,,,,,,,,,11.59,,,,,,,,,,,,9.4,,11.1,,,,,,,,,,,,,,,,,,,,,,,,,,,,,,,,,,,,,,,,,,,,,,,,,16.08,,,
train_26,Антиоксидант_1,02717.22,17.074,,,,,,,,,,,,,,,,,,,,,,,,,,,,6.65,,,,,,,,,,,,,,,,,,,,,,,,,,,,,,,,,,,,,,,,,,,,,,,,,,,,,,,,,,,,,,,,,,
train_26,Антиоксидант_4,01050.22,14.828,,,,,,,,,,,,,,,,,,,,,,,,,,,,,,,,,,,,,,,,,,,,,,,,,,,,,,,,,,,,,,,,,,,,,,,,,,,,,,,,,,,,,,,,,,,,,,
train_26,Базовое_масло_10,02597.22,11.036,,,,,,,,,,40,5,40,0,463,757,1182,2063,3819,,,113,,,14.7,,,,4.38,"21,53",,,,,,0.00003,,0.00002,,,0.00007,,0.00005,,,,,,,,,,0,0,0,,,,,,,,,,,,,,,,,,,,,,,,-26,,,,,,,,,,,,,,,,
train_26,Базовое_масло_2,01940.22,93.923,,,,,,,,,,39,5,41,0,1067,2049,4252,9446,,,,99,,,15,,,,5.25,31.12,,,,,,0.00014,,0.032,,,0.00003,,0.00005,,,,,,,,,,0,0,0,,,,,,,,,,,,,,,,,,,,,,,,-16,,,,,,,,,,,,,,,,
train_26,Базовое_масло_2,02596.22,87.965,,,,,,,,,,38,5,42,0,1220,2250,4642,10272,21000,,,96,,,14,,,,5.37,32.61,,,,,,0.00003,,0.028,,,0.00005,,0.00001,,,,,,,,,,0,0,0,,,,,,,,,,,,,,,,,,,,,,,,-18,,,,,,,,,,,,,,,,
train_26,Базовое_масло_7,02595.22,89.598,,,,,,,,,,39,5,41,5,5596,11861,24000,,,,,92,,,,,,,9.25,78.65,,,,,,0.00003,,0.046,,,0.00008,,0.00005,,,,,,,,,,0,0,0,,,,,,,,,,,,,,,,,,,,,,,,-18,,,,,,,,,,,,,,,,
train_26,Депрессорная_присадка_2,п.12,26.931,,,,,,,,,,,,,,,,,,,,,,,,,,,,300,2288.31,,,,,,,,,,,,,,,,,,,,,,,,,,,,,,,,,,,,,,,,,,,,,,,,,,,,,,,,,,,,,,,,,
train_26,Детергент_1,0174.22,38.465,,,,,,,,,,,,,,,,,,,,,,,,,,,,163.5,,11.2,,,,,11.2,,,,,,,,,,,,,,,,,,,,,,,,,,,,,,,,,,,,,,,,,,,,,,,,,,,,,,,405.8,,,,
train_26,Детергент_2,02957.22,80.12,,,,,,,,,,,,,,,,,,,,,,,,,,,,14.62,,,,,,,6.33,,,,,,,,,,,,,,,,,,,,,,,,,,,,,,,,,,,,,,,,,,,,,,,,,,,,,,,173.3,,,,
train_26,Дисперсант_1,36524.20,33.644,,,,,,,,,,,,,,,,,,,,,,,,,,,,245.86,,,,,,,,,,,,,,,,,,,,,,,,,,,,,,,,,,,,,,,,,,,,,,,,,,,,,,,,,,,,,,"49,1",,,,
train_26,Загуститель_1,02560.22 (9%вSN-150),0.295,,,,,,,,,,,,,,,,,,,,,,,,,,,,451.9,,,,,,,,,,,,,,,,,,,,,,,,,,,,,,,,,,,,,,,,,,,,,,,,,,,,,,,,,,,,,,,,,,
train_26,Противоизносная_присадка_2,02622.22,90.699,,,,,,,,,,,,,,,,,,,,,,,,,,,,13.33,,,,,,,,,16.97,,,8,,9.25,,,,,,,,,,,,,,,,,,,,,,,,,,,,,,,,,,,,,,,,,,,,,,,,,14.73,,,
train_26,Соединение_молибдена_2,01762.22,95.918,,,,,,,,,,,,,,,,,,,,,,,,,,,,,,,,,,,,,,,,,,,,,,,,,,,,,,,,,,,,,,,,,,,,,,,,,,,,,,,,,,,,,,,,,,,,,,
train_27,Антиоксидант_1,02717.22,17.074,,,,,,,,,,,,,,,,,,,,,,,,,,,,6.65,,,,,,,,,,,,,,,,,,,,,,,,,,,,,,,,,,,,,,,,,,,,,,,,,,,,,,,,,,,,,,,,,,
train_27,Антиоксидант_4,01050.22,14.828,,,,,,,,,,,,,,,,,,,,,,,,,,,,,,,,,,,,,,,,,,,,,,,,,,,,,,,,,,,,,,,,,,,,,,,,,,,,,,,,,,,,,,,,,,,,,,
train_27,Базовое_масло_1,069.23,11.036,,,,,,,,,,40,5,40,0,468,777,1273,2243,4211,,,111,,,14,,,,4.49,22.54,,,,,,0.0001,,0.0001,,,0.0001,,0.0001,,,,,,,,,,0,0,0,,,,,,,,,,,,,,,,,,,,,,,,-23,,,,,,,,,,,,,,,,
train_27,Базовое_масло_2,01940.22,93.923,,,,,,,,,,39,5,41,0,1067,2049,4252,9446,,,,99,,,15,,,,5.25,31.12,,,,,,0.00014,,0.032,,,0.00003,,0.00005,,,,,,,,,,0,0,0,,,,,,,,,,,,,,,,,,,,,,,,-16,,,,,,,,,,,,,,,,
train_27,Базовое_масло_2,071.23,87.965,,,,,,,,,,40,5,40,0,1133,2137,4429,9680,,,,99,,,14,,,,5.36,32.12,,,,,,0.0004,,0.017,,,0.0006,,0.0001,,,,,,,,,,0,0,0,,,,,,,,,,,,,,,,,,,,,,,,-17,,,,,,,,,,,,,,,,
train_27,Базовое_масло_7,03527.22,89.598,,,,,,,,,,38,10,42,0,5597,11915,28157,60000,,,,91,,,5.5,,,,9.22,78.57,,,,,,0.0001,,0.0788,,,0.0001,,0.0001,,,,,,,,,,10,0,0,,,,,,,,,,,,,,,,,,,,,,,,-19,,,,,,,,,,,,,,,,
train_27,Депрессорная_присадка_2,п.12,26.931,,,,,,,,,,,,,,,,,,,,,,,,,,,,300,2288.31,,,,,,,,,,,,,,,,,,,,,,,,,,,,,,,,,,,,,,,,,,,,,,,,,,,,,,,,,,,,,,,,,
train_27,Детергент_1,0174.22,38.465,,,,,,,,,,,,,,,,,,,,,,,,,,,,163.5,,11.2,,,,,11.2,,,,,,,,,,,,,,,,,,,,,,,,,,,,,,,,,,,,,,,,,,,,,,,,,,,,,,,405.8,,,,
train_27,Детергент_2,02957.22,80.12,,,,,,,,,,,,,,,,,,,,,,,,,,,,14.62,,,,,,,6.33,,,,,,,,,,,,,,,,,,,,,,,,,,,,,,,,,,,,,,,,,,,,,,,,,,,,,,,173.3,,,,
train_27,Дисперсант_1,03067.22,33.644,,,,,,,,,,,,,,,,,,,,,,,,,,,,248.7,,,,,,,0.002,,,,,0.002,,0.003,,,,,,,,,,,,,,,,,,,,,,,,,,,,,,,,,,,,,,,,,,,,,,,,40.9,,,,
train_27,Загуститель_1,0488.23,0.295,,,,,,,,,,,,,,,,,,,,,,,,,,,,473.7,,,,,,,,,,,,,,,,,,,,,,,,,,,,,,,,,,,,,,,,,,,,,,,,,,,,,,,,,,,,,,,,,,
train_27,Противоизносная_присадка_8,0186.22,90.699,,,,,,,,,,,,,,,,,,,,,,,,,,,,13.74,,,,,,,0.001,,,,,8.049,,9.095,,,,,,,,,,,,,,,,,,,,,,,,,,,,,,,,,,,,,,,,,,,,,,,,17.8,,,,
train_27,Соединение_молибдена_2,01762.22,95.918,,,,,,,,,,,,,,,,,,,,,,,,,,,,,,,,,,,,,,,,,,,,,,,,,,,,,,,,,,,,,,,,,,,,,,,,,,,,,,,,,,,,,,,,,,,,,,
train_28,Антиоксидант_5,32,95.918,,,,,,,,,,,,,,,,,,,,,,,,,,,,,,,,,,,,,,,,,,,,,,,,,,,,,,,,,,,,,,,,,,,,,,,,,,,,,,,,,,,,,,,,,,,,,,
train_28,Антиоксидант_6,13799.21,17.074,,,,,,,,,,,,,,,,,,,,,,,,,,,,,,,,,,,,,,,,,,,,,,,,,,,,,,,,,,,,,,,,,,,,,,,,,,,,,,,,,,,,,,,,,,,,,,
train_28,Базовое_масло_10,0285.22,11.036,,,,,,,,,,40,5,40,0,524,849,1463,2633,15217,,,111,,,14.7,,,,4.61,23.58,,,,,,0.000038,,0.00002,,,0.00009,,0.00001,,,,,,,,,,0,0,0,,,,,,,,,,,,,,,,,,,,,,,,0,,,,,,,,,,,,,,,,
train_28,Базовое_масло_2,01302.22,62.737,,,,,,,,,,40,5,40,0,1286,2351,4925,10923,22000,,,94,,,15.6,,,,5.37,32.96,,,,,,0.00003,,0.0289,,,0.00003,,0.000012,,,,,,,,,,430,30,460,,,,,,,,,,,,,,,,,,,,,,,,-18,,,,,,,,,,,,,,,,
train_28,Базовое_масло_2,01302.22,30.211,,,,,,,,,,40,5,40,0,1286,2351,4925,10923,22000,,,94,,,15.6,,,,5.37,32.96,,,,,,0.00003,,0.0289,,,0.00003,,0.000012,,,,,,,,,,430,30,460,,,,,,,,,,,,,,,,,,,,,,,,-18,,,,,,,,,,,,,,,,
train_28,Базовое_масло_7,01301.22,52.443,,,,,,,,,,37,10,43,0,6028,12491,25600,,,,,89,,,6.4,,,,9.26,80.34,,,,,,0.000038,,0.0991,,,0.00003,,0.00002,,,,,,,,,,70,0,20,,,,,,,,,,,,,,,,,,,,,,,,-19,,,,,,,,,,,,,,,,
train_28,Депрессорная_присадка_2,п.12,26.931,,,,,,,,,,,,,,,,,,,,,,,,,,,,300,2288.31,,,,,,,,,,,,,,,,,,,,,,,,,,,,,,,,,,,,,,,,,,,,,,,,,,,,,,,,,,,,,,,,,
train_28,Детергент_1,0174.22,90.699,,,,,,,,,,,,,,,,,,,,,,,,,,,,163.5,,11.2,,,,,11.2,,,,,,,,,,,,,,,,,,,,,,,,,,,,,,,,,,,,,,,,,,,,,,,,,,,,,,,405.8,,,,
train_28,Детергент_4,0338.22,31.092,,,,,,,,,,,,,,,,,,,,,,,,,,,,16.68,,,,,,,6.144,,,,,,,0.0064,,,,,,,,,,,,,,,,,,,,,,,,,,,,,,,,,,,,,,,,,,,,,,,,168,,,,
train_28,Дисперсант_1,36524.20,33.644,,,,,,,,,,,,,,,,,,,,,,,,,,,,245.86,,,,,,,,,,,,,,,,,,,,,,,,,,,,,,,,,,,,,,,,,,,,,,,,,,,,,,,,,,,,,,"49,1",,,,
train_28,Загуститель_1,01277.22,43.118,,,,,,,,,,,,,,,,,,,,,,,,,,,,335.9,,,,,,,,,,,,,,,,,,,,,,,,,,,,,,,,,,,,,,,,,,,,,,,,,,,,,,,,,,,,,,,,,,
train_28,Противоизносная_присадка_8,0186.22,90.699,,,,,,,,,,,,,,,,,,,,,,,,,,,,13.74,,,,,,,0.001,,,,,8.049,,9.095,,,,,,,,,,,,,,,,,,,,,,,,,,,,,,,,,,,,,,,,,,,,,,,,17.8,,,,
train_29,Антиоксидант_5,32,17.074,,,,,,,,,,,,,,,,,,,,,,,,,,,,,,,,,,,,,,,,,,,,,,,,,,,,,,,,,,,,,,,,,,,,,,,,,,,,,,,,,,,,,,,,,,,,,,
train_29,Антиоксидант_6,13799.21,17.074,,,,,,,,,,,,,,,,,,,,,,,,,,,,,,,,,,,,,,,,,,,,,,,,,,,,,,,,,,,,,,,,,,,,,,,,,,,,,,,,,,,,,,,,,,,,,,
train_29,Базовое_масло_10,0285.22,11.036,,,,,,,,,,40,5,40,0,524,849,1463,2633,15217,,,111,,,14.7,,,,4.61,23.58,,,,,,0.000038,,0.00002,,,0.00009,,0.00001,,,,,,,,,,0,0,0,,,,,,,,,,,,,,,,,,,,,,,,0,,,,,,,,,,,,,,,,
train_29,Базовое_масло_2,01302.22,62.737,,,,,,,,,,40,5,40,0,1286,2351,4925,10923,22000,,,94,,,15.6,,,,5.37,32.96,,,,,,0.00003,,0.0289,,,0.00003,,0.000012,,,,,,,,,,430,30,460,,,,,,,,,,,,,,,,,,,,,,,,-18,,,,,,,,,,,,,,,,
train_29,Базовое_масло_2,01302.22,68.742,,,,,,,,,,40,5,40,0,1286,2351,4925,10923,22000,,,94,,,15.6,,,,5.37,32.96,,,,,,0.00003,,0.0289,,,0.00003,,0.000012,,,,,,,,,,430,30,460,,,,,,,,,,,,,,,,,,,,,,,,-18,,,,,,,,,,,,,,,,
train_29,Базовое_масло_7,01301.22,52.443,,,,,,,,,,37,10,43,0,6028,12491,25600,,,,,89,,,6.4,,,,9.26,80.34,,,,,,0.000038,,0.0991,,,0.00003,,0.00002,,,,,,,,,,70,0,20,,,,,,,,,,,,,,,,,,,,,,,,-19,,,,,,,,,,,,,,,,
train_29,Депрессорная_присадка_2,п.12,26.931,,,,,,,,,,,,,,,,,,,,,,,,,,,,300,2288.31,,,,,,,,,,,,,,,,,,,,,,,,,,,,,,,,,,,,,,,,,,,,,,,,,,,,,,,,,,,,,,,,,
train_29,Детергент_1,0174.22,90.699,,,,,,,,,,,,,,,,,,,,,,,,,,,,163.5,,11.2,,,,,11.2,,,,,,,,,,,,,,,,,,,,,,,,,,,,,,,,,,,,,,,,,,,,,,,,,,,,,,,405.8,,,,
train_29,Детергент_4,0338.22,31.092,,,,,,,,,,,,,,,,,,,,,,,,,,,,16.68,,,,,,,6.144,,,,,,,0.0064,,,,,,,,,,,,,,,,,,,,,,,,,,,,,,,,,,,,,,,,,,,,,,,,168,,,,
train_29,Дисперсант_1,36524.20,33.644,,,,,,,,,,,,,,,,,,,,,,,,,,,,245.86,,,,,,,,,,,,,,,,,,,,,,,,,,,,,,,,,,,,,,,,,,,,,,,,,,,,,,,,,,,,,,"49,1",,,,
train_29,Загуститель_1,01277.22,43.118,,,,,,,,,,,,,,,,,,,,,,,,,,,,335.9,,,,,,,,,,,,,,,,,,,,,,,,,,,,,,,,,,,,,,,,,,,,,,,,,,,,,,,,,,,,,,,,,,
train_29,Противоизносная_присадка_8,0186.22,90.699,,,,,,,,,,,,,,,,,,,,,,,,,,,,13.74,,,,,,,0.001,,,,,8.049,,9.095,,,,,,,,,,,,,,,,,,,,,,,,,,,,,,,,,,,,,,,,,,,,,,,,17.8,,,,
train_30,Антиоксидант_5,32,14.828,,,,,,,,,,,,,,,,,,,,,,,,,,,,,,,,,,,,,,,,,,,,,,,,,,,,,,,,,,,,,,,,,,,,,,,,,,,,,,,,,,,,,,,,,,,,,,
train_30,Антиоксидант_6,13799.21,17.074,,,,,,,,,,,,,,,,,,,,,,,,,,,,,,,,,,,,,,,,,,,,,,,,,,,,,,,,,,,,,,,,,,,,,,,,,,,,,,,,,,,,,,,,,,,,,,
train_30,Базовое_масло_10,0285.22,11.036,,,,,,,,,,40,5,40,0,524,849,1463,2633,15217,,,111,,,14.7,,,,4.61,23.58,,,,,,0.000038,,0.00002,,,0.00009,,0.00001,,,,,,,,,,0,0,0,,,,,,,,,,,,,,,,,,,,,,,,0,,,,,,,,,,,,,,,,
train_30,Базовое_масло_2,01302.22,62.737,,,,,,,,,,40,5,40,0,1286,2351,4925,10923,22000,,,94,,,15.6,,,,5.37,32.96,,,,,,0.00003,,0.0289,,,0.00003,,0.000012,,,,,,,,,,430,30,460,,,,,,,,,,,,,,,,,,,,,,,,-18,,,,,,,,,,,,,,,,
train_30,Базовое_масло_2,01302.22,10.849,,,,,,,,,,40,5,40,0,1286,2351,4925,10923,22000,,,94,,,15.6,,,,5.37,32.96,,,,,,0.00003,,0.0289,,,0.00003,,0.000012,,,,,,,,,,430,30,460,,,,,,,,,,,,,,,,,,,,,,,,-18,,,,,,,,,,,,,,,,
train_30,Базовое_масло_7,01301.22,52.443,,,,,,,,,,37,10,43,0,6028,12491,25600,,,,,89,,,6.4,,,,9.26,80.34,,,,,,0.000038,,0.0991,,,0.00003,,0.00002,,,,,,,,,,70,0,20,,,,,,,,,,,,,,,,,,,,,,,,-19,,,,,,,,,,,,,,,,
train_30,Депрессорная_присадка_2,п.12,26.931,,,,,,,,,,,,,,,,,,,,,,,,,,,,300,2288.31,,,,,,,,,,,,,,,,,,,,,,,,,,,,,,,,,,,,,,,,,,,,,,,,,,,,,,,,,,,,,,,,,
train_30,Детергент_1,0174.22,38.465,,,,,,,,,,,,,,,,,,,,,,,,,,,,163.5,,11.2,,,,,11.2,,,,,,,,,,,,,,,,,,,,,,,,,,,,,,,,,,,,,,,,,,,,,,,,,,,,,,,405.8,,,,
train_30,Детергент_4,0338.22,50.431,,,,,,,,,,,,,,,,,,,,,,,,,,,,16.68,,,,,,,6.144,,,,,,,0.0064,,,,,,,,,,,,,,,,,,,,,,,,,,,,,,,,,,,,,,,,,,,,,,,,168,,,,
train_30,Дисперсант_1,36524.20,33.644,,,,,,,,,,,,,,,,,,,,,,,,,,,,245.86,,,,,,,,,,,,,,,,,,,,,,,,,,,,,,,,,,,,,,,,,,,,,,,,,,,,,,,,,,,,,,"49,1",,,,
train_30,Загуститель_1,01277.22,43.118,,,,,,,,,,,,,,,,,,,,,,,,,,,,335.9,,,,,,,,,,,,,,,,,,,,,,,,,,,,,,,,,,,,,,,,,,,,,,,,,,,,,,,,,,,,,,,,,,
train_30,Противоизносная_присадка_8,0186.22,90.699,,,,,,,,,,,,,,,,,,,,,,,,,,,,13.74,,,,,,,0.001,,,,,8.049,,9.095,,,,,,,,,,,,,,,,,,,,,,,,,,,,,,,,,,,,,,,,,,,,,,,,17.8,,,,
train_31,Антиоксидант_5,32,14.828,,,,,,,,,,,,,,,,,,,,,,,,,,,,,,,,,,,,,,,,,,,,,,,,,,,,,,,,,,,,,,,,,,,,,,,,,,,,,,,,,,,,,,,,,,,,,,
train_31,Антиоксидант_6,13799.21,17.074,,,,,,,,,,,,,,,,,,,,,,,,,,,,,,,,,,,,,,,,,,,,,,,,,,,,,,,,,,,,,,,,,,,,,,,,,,,,,,,,,,,,,,,,,,,,,,
train_31,Базовое_масло_10,0285.22,11.036,,,,,,,,,,40,5,40,0,524,849,1463,2633,15217,,,111,,,14.7,,,,4.61,23.58,,,,,,0.000038,,0.00002,,,0.00009,,0.00001,,,,,,,,,,0,0,0,,,,,,,,,,,,,,,,,,,,,,,,0,,,,,,,,,,,,,,,,
train_31,Базовое_масло_2,01302.22,62.737,,,,,,,,,,40,5,40,0,1286,2351,4925,10923,22000,,,94,,,15.6,,,,5.37,32.96,,,,,,0.00003,,0.0289,,,0.00003,,0.000012,,,,,,,,,,430,30,460,,,,,,,,,,,,,,,,,,,,,,,,-18,,,,,,,,,,,,,,,,
train_31,Базовое_масло_2,01302.22,10.849,,,,,,,,,,40,5,40,0,1286,2351,4925,10923,22000,,,94,,,15.6,,,,5.37,32.96,,,,,,0.00003,,0.0289,,,0.00003,,0.000012,,,,,,,,,,430,30,460,,,,,,,,,,,,,,,,,,,,,,,,-18,,,,,,,,,,,,,,,,
train_31,Базовое_масло_7,01301.22,52.443,,,,,,,,,,37,10,43,0,6028,12491,25600,,,,,89,,,6.4,,,,9.26,80.34,,,,,,0.000038,,0.0991,,,0.00003,,0.00002,,,,,,,,,,70,0,20,,,,,,,,,,,,,,,,,,,,,,,,-19,,,,,,,,,,,,,,,,
train_31,Депрессорная_присадка_2,п.12,26.931,,,,,,,,,,,,,,,,,,,,,,,,,,,,300,2288.31,,,,,,,,,,,,,,,,,,,,,,,,,,,,,,,,,,,,,,,,,,,,,,,,,,,,,,,,,,,,,,,,,
train_31,Детергент_1,0174.22,38.465,,,,,,,,,,,,,,,,,,,,,,,,,,,,163.5,,11.2,,,,,11.2,,,,,,,,,,,,,,,,,,,,,,,,,,,,,,,,,,,,,,,,,,,,,,,,,,,,,,,405.8,,,,
train_31,Детергент_4,0338.22,50.431,,,,,,,,,,,,,,,,,,,,,,,,,,,,16.68,,,,,,,6.144,,,,,,,0.0064,,,,,,,,,,,,,,,,,,,,,,,,,,,,,,,,,,,,,,,,,,,,,,,,168,,,,
train_31,Дисперсант_1,36524.20,33.644,,,,,,,,,,,,,,,,,,,,,,,,,,,,245.86,,,,,,,,,,,,,,,,,,,,,,,,,,,,,,,,,,,,,,,,,,,,,,,,,,,,,,,,,,,,,,"49,1",,,,
train_31,Загуститель_1,01277.22,43.118,,,,,,,,,,,,,,,,,,,,,,,,,,,,335.9,,,,,,,,,,,,,,,,,,,,,,,,,,,,,,,,,,,,,,,,,,,,,,,,,,,,,,,,,,,,,,,,,,
train_31,Противоизносная_присадка_8,0186.22,90.699,,,,,,,,,,,,,,,,,,,,,,,,,,,,13.74,,,,,,,0.001,,,,,8.049,,9.095,,,,,,,,,,,,,,,,,,,,,,,,,,,,,,,,,,,,,,,,,,,,,,,,17.8,,,,
train_32,Антиоксидант_5,32,14.828,,,,,,,,,,,,,,,,,,,,,,,,,,,,,,,,,,,,,,,,,,,,,,,,,,,,,,,,,,,,,,,,,,,,,,,,,,,,,,,,,,,,,,,,,,,,,,
train_32,Антиоксидант_6,13799.21,17.074,,,,,,,,,,,,,,,,,,,,,,,,,,,,,,,,,,,,,,,,,,,,,,,,,,,,,,,,,,,,,,,,,,,,,,,,,,,,,,,,,,,,,,,,,,,,,,
train_32,Базовое_масло_10,01936.22 (CCS 2700),11.036,,,,,,,,,,40,5,40,0,531,865,1493,2674,,,,112,,,13.4,,,,4.66,23.95,,,,,,0.0002,,0.0006,,,0.0001,,0.0001,,,,,,,,,,0,0,0,,,,,,,,,,,,,,,,,,,,,,,,-24,,,,,,,,,,,,,,,,
train_32,Базовое_масло_2,01940.22,62.737,,,,,,,,,,39,5,41,0,1067,2049,4252,9446,,,,99,,,15,,,,5.25,31.12,,,,,,0.00014,,0.032,,,0.00003,,0.00005,,,,,,,,,,0,0,0,,,,,,,,,,,,,,,,,,,,,,,,-16,,,,,,,,,,,,,,,,
train_32,Базовое_масло_2,01940.22,30.211,,,,,,,,,,39,5,41,0,1067,2049,4252,9446,,,,99,,,15,,,,5.25,31.12,,,,,,0.00014,,0.032,,,0.00003,,0.00005,,,,,,,,,,0,0,0,,,,,,,,,,,,,,,,,,,,,,,,-16,,,,,,,,,,,,,,,,
train_32,Базовое_масло_7,01768.22,52.443,,,,,,,,,,,,,,5667,12160,25000,50000,,,,90,,,6.5,,,,9.146,78.02,,,,,,0.00015,,0.07599,,,0.00004,,0.000024,,,,,,,,,,20,0,0,,,,,,,,,,,,,,,,,,,,,,,,-19,,,,,,,,,,,,,,,,
train_32,Депрессорная_присадка_2,п.12,26.931,,,,,,,,,,,,,,,,,,,,,,,,,,,,300,2288.31,,,,,,,,,,,,,,,,,,,,,,,,,,,,,,,,,,,,,,,,,,,,,,,,,,,,,,,,,,,,,,,,,
train_32,Детергент_1,0174.22,38.465,,,,,,,,,,,,,,,,,,,,,,,,,,,,163.5,,11.2,,,,,11.2,,,,,,,,,,,,,,,,,,,,,,,,,,,,,,,,,,,,,,,,,,,,,,,,,,,,,,,405.8,,,,
train_32,Детергент_4,0338.22,50.431,,,,,,,,,,,,,,,,,,,,,,,,,,,,16.68,,,,,,,6.144,,,,,,,0.0064,,,,,,,,,,,,,,,,,,,,,,,,,,,,,,,,,,,,,,,,,,,,,,,,168,,,,
train_32,Дисперсант_1,36524.20,33.644,,,,,,,,,,,,,,,,,,,,,,,,,,,,245.86,,,,,,,,,,,,,,,,,,,,,,,,,,,,,,,,,,,,,,,,,,,,,,,,,,,,,,,,,,,,,,"49,1",,,,
train_32,Загуститель_1,"01935.22 (8,2%)",43.118,,,,,,,,,,,,,,,,,,,,,,,,,,,,327.5,,,,,,,,,,,,,,,,,,,,,,,,,,,,,,,,,,,,,,,,,,,,,,,,,,,,,,,,,,,,,,,,,,
train_32,Противоизносная_присадка_10,02028.22,92.118,,,,,,,,,,,,,,,,,,,,,,,,,,,,11.59,,,,,,,,,,,,9.4,,11.1,,,,,,,,,,,,,,,,,,,,,,,,,,,,,,,,,,,,,,,,,,,,,,,,,16.08,,,
train_33,Антиоксидант_5,32,14.828,,,,,,,,,,,,,,,,,,,,,,,,,,,,,,,,,,,,,,,,,,,,,,,,,,,,,,,,,,,,,,,,,,,,,,,,,,,,,,,,,,,,,,,,,,,,,,
train_33,Антиоксидант_6,13799.21,17.074,,,,,,,,,,,,,,,,,,,,,,,,,,,,,,,,,,,,,,,,,,,,,,,,,,,,,,,,,,,,,,,,,,,,,,,,,,,,,,,,,,,,,,,,,,,,,,
train_33,Базовое_масло_10,01936.22 (CCS 2700),11.036,,,,,,,,,,40,5,40,0,531,865,1493,2674,,,,112,,,13.4,,,,4.66,23.95,,,,,,0.0002,,0.0006,,,0.0001,,0.0001,,,,,,,,,,0,0,0,,,,,,,,,,,,,,,,,,,,,,,,-24,,,,,,,,,,,,,,,,
train_33,Базовое_масло_2,01940.22,62.737,,,,,,,,,,39,5,41,0,1067,2049,4252,9446,,,,99,,,15,,,,5.25,31.12,,,,,,0.00014,,0.032,,,0.00003,,0.00005,,,,,,,,,,0,0,0,,,,,,,,,,,,,,,,,,,,,,,,-16,,,,,,,,,,,,,,,,
train_33,Базовое_масло_2,01940.22,30.211,,,,,,,,,,39,5,41,0,1067,2049,4252,9446,,,,99,,,15,,,,5.25,31.12,,,,,,0.00014,,0.032,,,0.00003,,0.00005,,,,,,,,,,0,0,0,,,,,,,,,,,,,,,,,,,,,,,,-16,,,,,,,,,,,,,,,,
train_33,Базовое_масло_7,01768.22,52.443,,,,,,,,,,,,,,5667,12160,25000,50000,,,,90,,,6.5,,,,9.146,78.02,,,,,,0.00015,,0.07599,,,0.00004,,0.000024,,,,,,,,,,20,0,0,,,,,,,,,,,,,,,,,,,,,,,,-19,,,,,,,,,,,,,,,,
train_33,Депрессорная_присадка_2,п.12,26.931,,,,,,,,,,,,,,,,,,,,,,,,,,,,300,2288.31,,,,,,,,,,,,,,,,,,,,,,,,,,,,,,,,,,,,,,,,,,,,,,,,,,,,,,,,,,,,,,,,,
train_33,Детергент_1,0174.22,38.465,,,,,,,,,,,,,,,,,,,,,,,,,,,,163.5,,11.2,,,,,11.2,,,,,,,,,,,,,,,,,,,,,,,,,,,,,,,,,,,,,,,,,,,,,,,,,,,,,,,405.8,,,,
train_33,Детергент_4,0338.22,50.431,,,,,,,,,,,,,,,,,,,,,,,,,,,,16.68,,,,,,,6.144,,,,,,,0.0064,,,,,,,,,,,,,,,,,,,,,,,,,,,,,,,,,,,,,,,,,,,,,,,,168,,,,
train_33,Дисперсант_1,36524.20,33.644,,,,,,,,,,,,,,,,,,,,,,,,,,,,245.86,,,,,,,,,,,,,,,,,,,,,,,,,,,,,,,,,,,,,,,,,,,,,,,,,,,,,,,,,,,,,,"49,1",,,,
train_33,Загуститель_1,"01935.22 (8,2%)",43.118,,,,,,,,,,,,,,,,,,,,,,,,,,,,327.5,,,,,,,,,,,,,,,,,,,,,,,,,,,,,,,,,,,,,,,,,,,,,,,,,,,,,,,,,,,,,,,,,,
train_33,Противоизносная_присадка_10,02028.22,92.118,,,,,,,,,,,,,,,,,,,,,,,,,,,,11.59,,,,,,,,,,,,9.4,,11.1,,,,,,,,,,,,,,,,,,,,,,,,,,,,,,,,,,,,,,,,,,,,,,,,,16.08,,,
train_34,Антиоксидант_5,32,14.828,,,,,,,,,,,,,,,,,,,,,,,,,,,,,,,,,,,,,,,,,,,,,,,,,,,,,,,,,,,,,,,,,,,,,,,,,,,,,,,,,,,,,,,,,,,,,,
train_34,Антиоксидант_6,13799.21,17.074,,,,,,,,,,,,,,,,,,,,,,,,,,,,,,,,,,,,,,,,,,,,,,,,,,,,,,,,,,,,,,,,,,,,,,,,,,,,,,,,,,,,,,,,,,,,,,
train_34,Базовое_масло_10,01936.22 (CCS 2700),11.036,,,,,,,,,,40,5,40,0,531,865,1493,2674,,,,112,,,13.4,,,,4.66,23.95,,,,,,0.0002,,0.0006,,,0.0001,,0.0001,,,,,,,,,,0,0,0,,,,,,,,,,,,,,,,,,,,,,,,-24,,,,,,,,,,,,,,,,
train_34,Базовое_масло_2,01940.22,62.737,,,,,,,,,,39,5,41,0,1067,2049,4252,9446,,,,99,,,15,,,,5.25,31.12,,,,,,0.00014,,0.032,,,0.00003,,0.00005,,,,,,,,,,0,0,0,,,,,,,,,,,,,,,,,,,,,,,,-16,,,,,,,,,,,,,,,,
train_34,Базовое_масло_2,01940.22,30.211,,,,,,,,,,39,5,41,0,1067,2049,4252,9446,,,,99,,,15,,,,5.25,31.12,,,,,,0.00014,,0.032,,,0.00003,,0.00005,,,,,,,,,,0,0,0,,,,,,,,,,,,,,,,,,,,,,,,-16,,,,,,,,,,,,,,,,
train_34,Базовое_масло_7,01768.22,52.443,,,,,,,,,,,,,,5667,12160,25000,50000,,,,90,,,6.5,,,,9.146,78.02,,,,,,0.00015,,0.07599,,,0.00004,,0.000024,,,,,,,,,,20,0,0,,,,,,,,,,,,,,,,,,,,,,,,-19,,,,,,,,,,,,,,,,
train_34,Депрессорная_присадка_2,п.12,26.931,,,,,,,,,,,,,,,,,,,,,,,,,,,,300,2288.31,,,,,,,,,,,,,,,,,,,,,,,,,,,,,,,,,,,,,,,,,,,,,,,,,,,,,,,,,,,,,,,,,
train_34,Детергент_1,0174.22,38.465,,,,,,,,,,,,,,,,,,,,,,,,,,,,163.5,,11.2,,,,,11.2,,,,,,,,,,,,,,,,,,,,,,,,,,,,,,,,,,,,,,,,,,,,,,,,,,,,,,,405.8,,,,
train_34,Детергент_4,0338.22,50.431,,,,,,,,,,,,,,,,,,,,,,,,,,,,16.68,,,,,,,6.144,,,,,,,0.0064,,,,,,,,,,,,,,,,,,,,,,,,,,,,,,,,,,,,,,,,,,,,,,,,168,,,,
train_34,Дисперсант_1,36524.20,33.644,,,,,,,,,,,,,,,,,,,,,,,,,,,,245.86,,,,,,,,,,,,,,,,,,,,,,,,,,,,,,,,,,,,,,,,,,,,,,,,,,,,,,,,,,,,,,"49,1",,,,
train_34,Загуститель_1,"01935.22 (8,2%)",43.118,,,,,,,,,,,,,,,,,,,,,,,,,,,,327.5,,,,,,,,,,,,,,,,,,,,,,,,,,,,,,,,,,,,,,,,,,,,,,,,,,,,,,,,,,,,,,,,,,
train_34,Противоизносная_присадка_10,02028.22,92.118,,,,,,,,,,,,,,,,,,,,,,,,,,,,11.59,,,,,,,,,,,,9.4,,11.1,,,,,,,,,,,,,,,,,,,,,,,,,,,,,,,,,,,,,,,,,,,,,,,,,16.08,,,
train_35,Антиоксидант_5,32,14.828,,,,,,,,,,,,,,,,,,,,,,,,,,,,,,,,,,,,,,,,,,,,,,,,,,,,,,,,,,,,,,,,,,,,,,,,,,,,,,,,,,,,,,,,,,,,,,
train_35,Антиоксидант_6,13799.21,17.074,,,,,,,,,,,,,,,,,,,,,,,,,,,,,,,,,,,,,,,,,,,,,,,,,,,,,,,,,,,,,,,,,,,,,,,,,,,,,,,,,,,,,,,,,,,,,,
train_35,Базовое_масло_10,01936.22 (CCS 2700),11.036,,,,,,,,,,40,5,40,0,531,865,1493,2674,,,,112,,,13.4,,,,4.66,23.95,,,,,,0.0002,,0.0006,,,0.0001,,0.0001,,,,,,,,,,0,0,0,,,,,,,,,,,,,,,,,,,,,,,,-24,,,,,,,,,,,,,,,,
train_35,Базовое_масло_2,01940.22,62.737,,,,,,,,,,39,5,41,0,1067,2049,4252,9446,,,,99,,,15,,,,5.25,31.12,,,,,,0.00014,,0.032,,,0.00003,,0.00005,,,,,,,,,,0,0,0,,,,,,,,,,,,,,,,,,,,,,,,-16,,,,,,,,,,,,,,,,
train_35,Базовое_масло_2,01940.22,10.849,,,,,,,,,,39,5,41,0,1067,2049,4252,9446,,,,99,,,15,,,,5.25,31.12,,,,,,0.00014,,0.032,,,0.00003,,0.00005,,,,,,,,,,0,0,0,,,,,,,,,,,,,,,,,,,,,,,,-16,,,,,,,,,,,,,,,,
train_35,Базовое_масло_7,01768.22,52.443,,,,,,,,,,,,,,5667,12160,25000,50000,,,,90,,,6.5,,,,9.146,78.02,,,,,,0.00015,,0.07599,,,0.00004,,0.000024,,,,,,,,,,20,0,0,,,,,,,,,,,,,,,,,,,,,,,,-19,,,,,,,,,,,,,,,,
train_35,Депрессорная_присадка_2,п.12,26.931,,,,,,,,,,,,,,,,,,,,,,,,,,,,300,2288.31,,,,,,,,,,,,,,,,,,,,,,,,,,,,,,,,,,,,,,,,,,,,,,,,,,,,,,,,,,,,,,,,,
train_35,Детергент_13,бочка 14,38.465,,,,,,,,,,,,,,,,,,,,,,,,,,,,88.76,,,,,,,,,,,,,,,,,,,,,,,,,,,,,,,,,,,,,,,,,,,,,,,,,,,,,,,,,,,,,,,399,,,
train_35,Детергент_4,0338.22,50.431,,,,,,,,,,,,,,,,,,,,,,,,,,,,16.68,,,,,,,6.144,,,,,,,0.0064,,,,,,,,,,,,,,,,,,,,,,,,,,,,,,,,,,,,,,,,,,,,,,,,168,,,,
train_35,Дисперсант_1,36524.20,33.644,,,,,,,,,,,,,,,,,,,,,,,,,,,,245.86,,,,,,,,,,,,,,,,,,,,,,,,,,,,,,,,,,,,,,,,,,,,,,,,,,,,,,,,,,,,,,"49,1",,,,
train_35,Загуститель_1,"01935.22 (8,2%)",43.118,,,,,,,,,,,,,,,,,,,,,,,,,,,,327.5,,,,,,,,,,,,,,,,,,,,,,,,,,,,,,,,,,,,,,,,,,,,,,,,,,,,,,,,,,,,,,,,,,
train_35,Противоизносная_присадка_8,0186.22,90.699,,,,,,,,,,,,,,,,,,,,,,,,,,,,13.74,,,,,,,0.001,,,,,8.049,,9.095,,,,,,,,,,,,,,,,,,,,,,,,,,,,,,,,,,,,,,,,,,,,,,,,17.8,,,,
train_36,Антиоксидант_5,32,14.828,,,,,,,,,,,,,,,,,,,,,,,,,,,,,,,,,,,,,,,,,,,,,,,,,,,,,,,,,,,,,,,,,,,,,,,,,,,,,,,,,,,,,,,,,,,,,,
train_36,Антиоксидант_6,13799.21,50.431,,,,,,,,,,,,,,,,,,,,,,,,,,,,,,,,,,,,,,,,,,,,,,,,,,,,,,,,,,,,,,,,,,,,,,,,,,,,,,,,,,,,,,,,,,,,,,
train_36,Базовое_масло_10,01936.22 (CCS 2700),11.036,,,,,,,,,,40,5,40,0,531,865,1493,2674,,,,112,,,13.4,,,,4.66,23.95,,,,,,0.0002,,0.0006,,,0.0001,,0.0001,,,,,,,,,,0,0,0,,,,,,,,,,,,,,,,,,,,,,,,-24,,,,,,,,,,,,,,,,
train_36,Базовое_масло_2,01940.22,62.737,,,,,,,,,,39,5,41,0,1067,2049,4252,9446,,,,99,,,15,,,,5.25,31.12,,,,,,0.00014,,0.032,,,0.00003,,0.00005,,,,,,,,,,0,0,0,,,,,,,,,,,,,,,,,,,,,,,,-16,,,,,,,,,,,,,,,,
train_36,Базовое_масло_2,01940.22,7.04,,,,,,,,,,39,5,41,0,1067,2049,4252,9446,,,,99,,,15,,,,5.25,31.12,,,,,,0.00014,,0.032,,,0.00003,,0.00005,,,,,,,,,,0,0,0,,,,,,,,,,,,,,,,,,,,,,,,-16,,,,,,,,,,,,,,,,
train_36,Базовое_масло_7,01768.22,52.443,,,,,,,,,,,,,,5667,12160,25000,50000,,,,90,,,6.5,,,,9.146,78.02,,,,,,0.00015,,0.07599,,,0.00004,,0.000024,,,,,,,,,,20,0,0,,,,,,,,,,,,,,,,,,,,,,,,-19,,,,,,,,,,,,,,,,
train_36,Депрессорная_присадка_2,п.12,26.931,,,,,,,,,,,,,,,,,,,,,,,,,,,,300,2288.31,,,,,,,,,,,,,,,,,,,,,,,,,,,,,,,,,,,,,,,,,,,,,,,,,,,,,,,,,,,,,,,,,
train_36,Детергент_1,0174.22,38.465,,,,,,,,,,,,,,,,,,,,,,,,,,,,163.5,,11.2,,,,,11.2,,,,,,,,,,,,,,,,,,,,,,,,,,,,,,,,,,,,,,,,,,,,,,,,,,,,,,,405.8,,,,
train_36,Детергент_4,0338.22,50.431,,,,,,,,,,,,,,,,,,,,,,,,,,,,16.68,,,,,,,6.144,,,,,,,0.0064,,,,,,,,,,,,,,,,,,,,,,,,,,,,,,,,,,,,,,,,,,,,,,,,168,,,,
train_36,Дисперсант_1,36524.20,33.644,,,,,,,,,,,,,,,,,,,,,,,,,,,,245.86,,,,,,,,,,,,,,,,,,,,,,,,,,,,,,,,,,,,,,,,,,,,,,,,,,,,,,,,,,,,,,"49,1",,,,
train_36,Загуститель_1,"01935.22 (8,2%)",43.118,,,,,,,,,,,,,,,,,,,,,,,,,,,,327.5,,,,,,,,,,,,,,,,,,,,,,,,,,,,,,,,,,,,,,,,,,,,,,,,,,,,,,,,,,,,,,,,,,
train_36,Противоизносная_присадка_8,0186.22,90.699,,,,,,,,,,,,,,,,,,,,,,,,,,,,13.74,,,,,,,0.001,,,,,8.049,,9.095,,,,,,,,,,,,,,,,,,,,,,,,,,,,,,,,,,,,,,,,,,,,,,,,17.8,,,,
train_37,Антиоксидант_5,32,14.828,,,,,,,,,,,,,,,,,,,,,,,,,,,,,,,,,,,,,,,,,,,,,,,,,,,,,,,,,,,,,,,,,,,,,,,,,,,,,,,,,,,,,,,,,,,,,,
train_37,Антиоксидант_6,13799.21,17.074,,,,,,,,,,,,,,,,,,,,,,,,,,,,,,,,,,,,,,,,,,,,,,,,,,,,,,,,,,,,,,,,,,,,,,,,,,,,,,,,,,,,,,,,,,,,,,
train_37,Базовое_масло_10,01936.22 (CCS 2700),11.036,,,,,,,,,,40,5,40,0,531,865,1493,2674,,,,112,,,13.4,,,,4.66,23.95,,,,,,0.0002,,0.0006,,,0.0001,,0.0001,,,,,,,,,,0,0,0,,,,,,,,,,,,,,,,,,,,,,,,-24,,,,,,,,,,,,,,,,
train_37,Базовое_масло_2,01940.22,62.737,,,,,,,,,,39,5,41,0,1067,2049,4252,9446,,,,99,,,15,,,,5.25,31.12,,,,,,0.00014,,0.032,,,0.00003,,0.00005,,,,,,,,,,0,0,0,,,,,,,,,,,,,,,,,,,,,,,,-16,,,,,,,,,,,,,,,,
train_37,Базовое_масло_2,01940.22,3.393,,,,,,,,,,39,5,41,0,1067,2049,4252,9446,,,,99,,,15,,,,5.25,31.12,,,,,,0.00014,,0.032,,,0.00003,,0.00005,,,,,,,,,,0,0,0,,,,,,,,,,,,,,,,,,,,,,,,-16,,,,,,,,,,,,,,,,
train_37,Базовое_масло_7,01768.22,52.443,,,,,,,,,,,,,,5667,12160,25000,50000,,,,90,,,6.5,,,,9.146,78.02,,,,,,0.00015,,0.07599,,,0.00004,,0.000024,,,,,,,,,,20,0,0,,,,,,,,,,,,,,,,,,,,,,,,-19,,,,,,,,,,,,,,,,
train_37,Депрессорная_присадка_2,п.12,26.931,,,,,,,,,,,,,,,,,,,,,,,,,,,,300,2288.31,,,,,,,,,,,,,,,,,,,,,,,,,,,,,,,,,,,,,,,,,,,,,,,,,,,,,,,,,,,,,,,,,
train_37,Детергент_1,0174.22,38.465,,,,,,,,,,,,,,,,,,,,,,,,,,,,163.5,,11.2,,,,,11.2,,,,,,,,,,,,,,,,,,,,,,,,,,,,,,,,,,,,,,,,,,,,,,,,,,,,,,,405.8,,,,
train_37,Детергент_4,0338.22,50.431,,,,,,,,,,,,,,,,,,,,,,,,,,,,16.68,,,,,,,6.144,,,,,,,0.0064,,,,,,,,,,,,,,,,,,,,,,,,,,,,,,,,,,,,,,,,,,,,,,,,168,,,,
train_37,Дисперсант_1,36524.20,33.644,,,,,,,,,,,,,,,,,,,,,,,,,,,,245.86,,,,,,,,,,,,,,,,,,,,,,,,,,,,,,,,,,,,,,,,,,,,,,,,,,,,,,,,,,,,,,"49,1",,,,
train_37,Загуститель_1,"01935.22 (8,2%)",43.118,,,,,,,,,,,,,,,,,,,,,,,,,,,,327.5,,,,,,,,,,,,,,,,,,,,,,,,,,,,,,,,,,,,,,,,,,,,,,,,,,,,,,,,,,,,,,,,,,
train_37,Противоизносная_присадка_10,02028.22,42.666,,,,,,,,,,,,,,,,,,,,,,,,,,,,11.59,,,,,,,,,,,,9.4,,11.1,,,,,,,,,,,,,,,,,,,,,,,,,,,,,,,,,,,,,,,,,,,,,,,,,16.08,,,
train_37,Противоизносная_присадка_2,0112.22,42.666,,,,,,,,,,,,,,,,,,,,,,,,,,,,13.37,,,,,,,0,,15.95,,,8.22,,9.65,,,,,,,,,,,,,,,,,,,,,,,,,,,,,,,,,,,,,,,,,,,,,,,,19.65,,,,
train_38,Антиоксидант_5,32,14.828,,,,,,,,,,,,,,,,,,,,,,,,,,,,,,,,,,,,,,,,,,,,,,,,,,,,,,,,,,,,,,,,,,,,,,,,,,,,,,,,,,,,,,,,,,,,,,
train_38,Антиоксидант_6,13799.21,17.074,,,,,,,,,,,,,,,,,,,,,,,,,,,,,,,,,,,,,,,,,,,,,,,,,,,,,,,,,,,,,,,,,,,,,,,,,,,,,,,,,,,,,,,,,,,,,,
train_38,Базовое_масло_10,01936.22 (CCS 2700),11.036,,,,,,,,,,40,5,40,0,531,865,1493,2674,,,,112,,,13.4,,,,4.66,23.95,,,,,,0.0002,,0.0006,,,0.0001,,0.0001,,,,,,,,,,0,0,0,,,,,,,,,,,,,,,,,,,,,,,,-24,,,,,,,,,,,,,,,,
train_38,Базовое_масло_2,01940.22,62.737,,,,,,,,,,39,5,41,0,1067,2049,4252,9446,,,,99,,,15,,,,5.25,31.12,,,,,,0.00014,,0.032,,,0.00003,,0.00005,,,,,,,,,,0,0,0,,,,,,,,,,,,,,,,,,,,,,,,-16,,,,,,,,,,,,,,,,
train_38,Базовое_масло_2,01940.22,49.496,,,,,,,,,,39,5,41,0,1067,2049,4252,9446,,,,99,,,15,,,,5.25,31.12,,,,,,0.00014,,0.032,,,0.00003,,0.00005,,,,,,,,,,0,0,0,,,,,,,,,,,,,,,,,,,,,,,,-16,,,,,,,,,,,,,,,,
train_38,Базовое_масло_7,01768.22,89.598,,,,,,,,,,,,,,5667,12160,25000,50000,,,,90,,,6.5,,,,9.146,78.02,,,,,,0.00015,,0.07599,,,0.00004,,0.000024,,,,,,,,,,20,0,0,,,,,,,,,,,,,,,,,,,,,,,,-19,,,,,,,,,,,,,,,,
train_38,Депрессорная_присадка_2,п.12,26.931,,,,,,,,,,,,,,,,,,,,,,,,,,,,300,2288.31,,,,,,,,,,,,,,,,,,,,,,,,,,,,,,,,,,,,,,,,,,,,,,,,,,,,,,,,,,,,,,,,,
train_38,Детергент_4,0338.22,50.431,,,,,,,,,,,,,,,,,,,,,,,,,,,,16.68,,,,,,,6.144,,,,,,,0.0064,,,,,,,,,,,,,,,,,,,,,,,,,,,,,,,,,,,,,,,,,,,,,,,,168,,,,
train_38,Детергент_6,02034.22,14.453,,,,,,,,,,,,,,,,,,,,,,,,,,,,215.7,,,,,,,10.33,,2.81,,,0.0012,,0.001,,,,,,,,,,,,,,,,,,,,,,,,,,,,,,,,,,,,,,,,,,,,,,,,272.7,,,,
train_38,Дисперсант_1,36524.20,33.644,,,,,,,,,,,,,,,,,,,,,,,,,,,,245.86,,,,,,,,,,,,,,,,,,,,,,,,,,,,,,,,,,,,,,,,,,,,,,,,,,,,,,,,,,,,,,"49,1",,,,
train_38,Загуститель_1,"01935.22 (8,2%)",43.118,,,,,,,,,,,,,,,,,,,,,,,,,,,,327.5,,,,,,,,,,,,,,,,,,,,,,,,,,,,,,,,,,,,,,,,,,,,,,,,,,,,,,,,,,,,,,,,,,
train_38,Противоизносная_присадка_8,0186.22,90.699,,,,,,,,,,,,,,,,,,,,,,,,,,,,13.74,,,,,,,0.001,,,,,8.049,,9.095,,,,,,,,,,,,,,,,,,,,,,,,,,,,,,,,,,,,,,,,,,,,,,,,17.8,,,,
train_39,Антиоксидант_5,32,14.828,,,,,,,,,,,,,,,,,,,,,,,,,,,,,,,,,,,,,,,,,,,,,,,,,,,,,,,,,,,,,,,,,,,,,,,,,,,,,,,,,,,,,,,,,,,,,,
train_39,Антиоксидант_6,13799.21,17.074,,,,,,,,,,,,,,,,,,,,,,,,,,,,,,,,,,,,,,,,,,,,,,,,,,,,,,,,,,,,,,,,,,,,,,,,,,,,,,,,,,,,,,,,,,,,,,
train_39,Базовое_масло_10,01936.22 (CCS 2700),11.036,,,,,,,,,,40,5,40,0,531,865,1493,2674,,,,112,,,13.4,,,,4.66,23.95,,,,,,0.0002,,0.0006,,,0.0001,,0.0001,,,,,,,,,,0,0,0,,,,,,,,,,,,,,,,,,,,,,,,-24,,,,,,,,,,,,,,,,
train_39,Базовое_масло_2,01940.22,62.737,,,,,,,,,,39,5,41,0,1067,2049,4252,9446,,,,99,,,15,,,,5.25,31.12,,,,,,0.00014,,0.032,,,0.00003,,0.00005,,,,,,,,,,0,0,0,,,,,,,,,,,,,,,,,,,,,,,,-16,,,,,,,,,,,,,,,,
train_39,Базовое_масло_2,01940.22,82.954,,,,,,,,,,39,5,41,0,1067,2049,4252,9446,,,,99,,,15,,,,5.25,31.12,,,,,,0.00014,,0.032,,,0.00003,,0.00005,,,,,,,,,,0,0,0,,,,,,,,,,,,,,,,,,,,,,,,-16,,,,,,,,,,,,,,,,
train_39,Базовое_масло_7,01768.22,89.598,,,,,,,,,,,,,,5667,12160,25000,50000,,,,90,,,6.5,,,,9.146,78.02,,,,,,0.00015,,0.07599,,,0.00004,,0.000024,,,,,,,,,,20,0,0,,,,,,,,,,,,,,,,,,,,,,,,-19,,,,,,,,,,,,,,,,
train_39,Депрессорная_присадка_2,п.12,26.931,,,,,,,,,,,,,,,,,,,,,,,,,,,,300,2288.31,,,,,,,,,,,,,,,,,,,,,,,,,,,,,,,,,,,,,,,,,,,,,,,,,,,,,,,,,,,,,,,,,
train_39,Детергент_1,0174.22,38.465,,,,,,,,,,,,,,,,,,,,,,,,,,,,163.5,,11.2,,,,,11.2,,,,,,,,,,,,,,,,,,,,,,,,,,,,,,,,,,,,,,,,,,,,,,,,,,,,,,,405.8,,,,
train_39,Детергент_6,02034.22,52.471,,,,,,,,,,,,,,,,,,,,,,,,,,,,215.7,,,,,,,10.33,,2.81,,,0.0012,,0.001,,,,,,,,,,,,,,,,,,,,,,,,,,,,,,,,,,,,,,,,,,,,,,,,272.7,,,,
train_39,Дисперсант_1,36524.20,33.644,,,,,,,,,,,,,,,,,,,,,,,,,,,,245.86,,,,,,,,,,,,,,,,,,,,,,,,,,,,,,,,,,,,,,,,,,,,,,,,,,,,,,,,,,,,,,"49,1",,,,
train_39,Загуститель_1,"01935.22 (8,2%)",43.118,,,,,,,,,,,,,,,,,,,,,,,,,,,,327.5,,,,,,,,,,,,,,,,,,,,,,,,,,,,,,,,,,,,,,,,,,,,,,,,,,,,,,,,,,,,,,,,,,
train_39,Противоизносная_присадка_8,0186.22,90.699,,,,,,,,,,,,,,,,,,,,,,,,,,,,13.74,,,,,,,0.001,,,,,8.049,,9.095,,,,,,,,,,,,,,,,,,,,,,,,,,,,,,,,,,,,,,,,,,,,,,,,17.8,,,,
train_40,Антиоксидант_1,02717.22,17.074,,,,,,,,,,,,,,,,,,,,,,,,,,,,6.65,,,,,,,,,,,,,,,,,,,,,,,,,,,,,,,,,,,,,,,,,,,,,,,,,,,,,,,,,,,,,,,,,,
train_40,Антиоксидант_4,01050.22,14.828,,,,,,,,,,,,,,,,,,,,,,,,,,,,,,,,,,,,,,,,,,,,,,,,,,,,,,,,,,,,,,,,,,,,,,,,,,,,,,,,,,,,,,,,,,,,,,
train_40,Базовое_масло_10,02597.22,11.036,,,,,,,,,,40,5,40,0,463,757,1182,2063,3819,,,113,,,14.7,,,,4.38,"21,53",,,,,,0.00003,,0.00002,,,0.00007,,0.00005,,,,,,,,,,0,0,0,,,,,,,,,,,,,,,,,,,,,,,,-26,,,,,,,,,,,,,,,,
train_40,Базовое_масло_2,02596.22,98.63,,,,,,,,,,38,5,42,0,1220,2250,4642,10272,21000,,,96,,,14,,,,5.37,32.61,,,,,,0.00003,,0.028,,,0.00005,,0.00001,,,,,,,,,,0,0,0,,,,,,,,,,,,,,,,,,,,,,,,-18,,,,,,,,,,,,,,,,
train_40,Базовое_масло_2,02596.22,39.099,,,,,,,,,,38,5,42,0,1220,2250,4642,10272,21000,,,96,,,14,,,,5.37,32.61,,,,,,0.00003,,0.028,,,0.00005,,0.00001,,,,,,,,,,0,0,0,,,,,,,,,,,,,,,,,,,,,,,,-18,,,,,,,,,,,,,,,,
train_40,Базовое_масло_7,02595.22,52.443,,,,,,,,,,39,5,41,5,5596,11861,24000,,,,,92,,,,,,,9.25,78.65,,,,,,0.00003,,0.046,,,0.00008,,0.00005,,,,,,,,,,0,0,0,,,,,,,,,,,,,,,,,,,,,,,,-18,,,,,,,,,,,,,,,,
train_40,Депрессорная_присадка_2,п.12,26.931,,,,,,,,,,,,,,,,,,,,,,,,,,,,300,2288.31,,,,,,,,,,,,,,,,,,,,,,,,,,,,,,,,,,,,,,,,,,,,,,,,,,,,,,,,,,,,,,,,,
train_40,Детергент_1,0174.22,38.465,,,,,,,,,,,,,,,,,,,,,,,,,,,,163.5,,11.2,,,,,11.2,,,,,,,,,,,,,,,,,,,,,,,,,,,,,,,,,,,,,,,,,,,,,,,,,,,,,,,405.8,,,,
train_40,Детергент_4,02585.22,50.431,,,,,,,,,,,,,,,,,,,,,,,,,,,,16.58,,,,,,,6.18,,,,,0.005,,0.008,,,,,,,,,,,,,,,,,,,,,,,,,,,,,,,,,,,,,,,,,,,,,,,,,,,,
train_40,Дисперсант_1,36524.20,33.644,,,,,,,,,,,,,,,,,,,,,,,,,,,,245.86,,,,,,,,,,,,,,,,,,,,,,,,,,,,,,,,,,,,,,,,,,,,,,,,,,,,,,,,,,,,,,"49,1",,,,
train_40,Загуститель_1,02560.22 (9%вSN-150),43.118,,,,,,,,,,,,,,,,,,,,,,,,,,,,451.9,,,,,,,,,,,,,,,,,,,,,,,,,,,,,,,,,,,,,,,,,,,,,,,,,,,,,,,,,,,,,,,,,,
train_40,Противоизносная_присадка_20,02976.22,26.586,,,,,,,,,,,,,,,,,,,,,,,,,,,,8.99,,,,,,,0.001,,15.97,,,8.719,,9.179,,,,,,,,,,,,,,,,,,,,,,,,,,,,,,,,,,,,,,,,,,,,,,,,,,,,
train_41,Антиоксидант_1,02717.22,17.074,,,,,,,,,,,,,,,,,,,,,,,,,,,,6.65,,,,,,,,,,,,,,,,,,,,,,,,,,,,,,,,,,,,,,,,,,,,,,,,,,,,,,,,,,,,,,,,,,
train_41,Антиоксидант_4,01050.22,14.828,,,,,,,,,,,,,,,,,,,,,,,,,,,,,,,,,,,,,,,,,,,,,,,,,,,,,,,,,,,,,,,,,,,,,,,,,,,,,,,,,,,,,,,,,,,,,,
train_41,Базовое_масло_10,02597.22,11.036,,,,,,,,,,40,5,40,0,463,757,1182,2063,3819,,,113,,,14.7,,,,4.38,"21,53",,,,,,0.00003,,0.00002,,,0.00007,,0.00005,,,,,,,,,,0,0,0,,,,,,,,,,,,,,,,,,,,,,,,-26,,,,,,,,,,,,,,,,
train_41,Базовое_масло_2,02596.22,2.965,,,,,,,,,,38,5,42,0,1220,2250,4642,10272,21000,,,96,,,14,,,,5.37,32.61,,,,,,0.00003,,0.028,,,0.00005,,0.00001,,,,,,,,,,0,0,0,,,,,,,,,,,,,,,,,,,,,,,,-18,,,,,,,,,,,,,,,,
train_41,Базовое_масло_2,02596.22,99.316,,,,,,,,,,38,5,42,0,1220,2250,4642,10272,21000,,,96,,,14,,,,5.37,32.61,,,,,,0.00003,,0.028,,,0.00005,,0.00001,,,,,,,,,,0,0,0,,,,,,,,,,,,,,,,,,,,,,,,-18,,,,,,,,,,,,,,,,
train_41,Базовое_масло_7,02595.22,89.598,,,,,,,,,,39,5,41,5,5596,11861,24000,,,,,92,,,,,,,9.25,78.65,,,,,,0.00003,,0.046,,,0.00008,,0.00005,,,,,,,,,,0,0,0,,,,,,,,,,,,,,,,,,,,,,,,-18,,,,,,,,,,,,,,,,
train_41,Депрессорная_присадка_2,п.12,26.931,,,,,,,,,,,,,,,,,,,,,,,,,,,,300,2288.31,,,,,,,,,,,,,,,,,,,,,,,,,,,,,,,,,,,,,,,,,,,,,,,,,,,,,,,,,,,,,,,,,
train_41,Детергент_1,0174.22,38.465,,,,,,,,,,,,,,,,,,,,,,,,,,,,163.5,,11.2,,,,,11.2,,,,,,,,,,,,,,,,,,,,,,,,,,,,,,,,,,,,,,,,,,,,,,,,,,,,,,,405.8,,,,
train_41,Детергент_2,02957.22,80.12,,,,,,,,,,,,,,,,,,,,,,,,,,,,14.62,,,,,,,6.33,,,,,,,,,,,,,,,,,,,,,,,,,,,,,,,,,,,,,,,,,,,,,,,,,,,,,,,173.3,,,,
train_41,Дисперсант_1,36524.20,33.644,,,,,,,,,,,,,,,,,,,,,,,,,,,,245.86,,,,,,,,,,,,,,,,,,,,,,,,,,,,,,,,,,,,,,,,,,,,,,,,,,,,,,,,,,,,,,"49,1",,,,
train_41,Загуститель_1,02560.22 (9%вSN-150),50.431,,,,,,,,,,,,,,,,,,,,,,,,,,,,451.9,,,,,,,,,,,,,,,,,,,,,,,,,,,,,,,,,,,,,,,,,,,,,,,,,,,,,,,,,,,,,,,,,,
train_41,Противоизносная_присадка_10,02028.22,92.118,,,,,,,,,,,,,,,,,,,,,,,,,,,,11.59,,,,,,,,,,,,9.4,,11.1,,,,,,,,,,,,,,,,,,,,,,,,,,,,,,,,,,,,,,,,,,,,,,,,,16.08,,,
train_42,Антиоксидант_1,02717.22,17.074,,,,,,,,,,,,,,,,,,,,,,,,,,,,6.65,,,,,,,,,,,,,,,,,,,,,,,,,,,,,,,,,,,,,,,,,,,,,,,,,,,,,,,,,,,,,,,,,,
train_42,Антиоксидант_4,01050.22,14.828,,,,,,,,,,,,,,,,,,,,,,,,,,,,,,,,,,,,,,,,,,,,,,,,,,,,,,,,,,,,,,,,,,,,,,,,,,,,,,,,,,,,,,,,,,,,,,
train_42,Базовое_масло_10,02597.22,11.036,,,,,,,,,,40,5,40,0,463,757,1182,2063,3819,,,113,,,14.7,,,,4.38,"21,53",,,,,,0.00003,,0.00002,,,0.00007,,0.00005,,,,,,,,,,0,0,0,,,,,,,,,,,,,,,,,,,,,,,,-26,,,,,,,,,,,,,,,,
train_42,Базовое_масло_2,02596.22,2.965,,,,,,,,,,38,5,42,0,1220,2250,4642,10272,21000,,,96,,,14,,,,5.37,32.61,,,,,,0.00003,,0.028,,,0.00005,,0.00001,,,,,,,,,,0,0,0,,,,,,,,,,,,,,,,,,,,,,,,-18,,,,,,,,,,,,,,,,
train_42,Базовое_масло_2,02596.22,21.805,,,,,,,,,,38,5,42,0,1220,2250,4642,10272,21000,,,96,,,14,,,,5.37,32.61,,,,,,0.00003,,0.028,,,0.00005,,0.00001,,,,,,,,,,0,0,0,,,,,,,,,,,,,,,,,,,,,,,,-18,,,,,,,,,,,,,,,,
train_42,Базовое_масло_7,02595.22,89.598,,,,,,,,,,39,5,41,5,5596,11861,24000,,,,,92,,,,,,,9.25,78.65,,,,,,0.00003,,0.046,,,0.00008,,0.00005,,,,,,,,,,0,0,0,,,,,,,,,,,,,,,,,,,,,,,,-18,,,,,,,,,,,,,,,,
train_42,Депрессорная_присадка_2,п.12,26.931,,,,,,,,,,,,,,,,,,,,,,,,,,,,300,2288.31,,,,,,,,,,,,,,,,,,,,,,,,,,,,,,,,,,,,,,,,,,,,,,,,,,,,,,,,,,,,,,,,,
train_42,Детергент_1,0174.22,38.465,,,,,,,,,,,,,,,,,,,,,,,,,,,,163.5,,11.2,,,,,11.2,,,,,,,,,,,,,,,,,,,,,,,,,,,,,,,,,,,,,,,,,,,,,,,,,,,,,,,405.8,,,,
train_42,Детергент_14,02989.22,31.092,,,,,,,,,,,,,,,,,,,,,,,,,,,,,,,,,,,,,,,,,,,,,,,,,,,,,,,,,,,,,,,,,,,,,,,,,,,,,,,,,,,,,,,,,,,,,,
train_42,Дисперсант_1,36524.20,33.644,,,,,,,,,,,,,,,,,,,,,,,,,,,,245.86,,,,,,,,,,,,,,,,,,,,,,,,,,,,,,,,,,,,,,,,,,,,,,,,,,,,,,,,,,,,,,"49,1",,,,
train_42,Загуститель_1,02560.22 (9%вSN-150),50.431,,,,,,,,,,,,,,,,,,,,,,,,,,,,451.9,,,,,,,,,,,,,,,,,,,,,,,,,,,,,,,,,,,,,,,,,,,,,,,,,,,,,,,,,,,,,,,,,,
train_42,Противоизносная_присадка_10,02028.22,92.118,,,,,,,,,,,,,,,,,,,,,,,,,,,,11.59,,,,,,,,,,,,9.4,,11.1,,,,,,,,,,,,,,,,,,,,,,,,,,,,,,,,,,,,,,,,,,,,,,,,,16.08,,,
train_43,Антиоксидант_1,02717.22,17.074,,,,,,,,,,,,,,,,,,,,,,,,,,,,6.65,,,,,,,,,,,,,,,,,,,,,,,,,,,,,,,,,,,,,,,,,,,,,,,,,,,,,,,,,,,,,,,,,,
train_43,Антиоксидант_4,01050.22,14.828,,,,,,,,,,,,,,,,,,,,,,,,,,,,,,,,,,,,,,,,,,,,,,,,,,,,,,,,,,,,,,,,,,,,,,,,,,,,,,,,,,,,,,,,,,,,,,
train_43,Базовое_масло_10,02597.22,11.036,,,,,,,,,,40,5,40,0,463,757,1182,2063,3819,,,113,,,14.7,,,,4.38,"21,53",,,,,,0.00003,,0.00002,,,0.00007,,0.00005,,,,,,,,,,0,0,0,,,,,,,,,,,,,,,,,,,,,,,,-26,,,,,,,,,,,,,,,,
train_43,Базовое_масло_2,02596.22,20.465,,,,,,,,,,38,5,42,0,1220,2250,4642,10272,21000,,,96,,,14,,,,5.37,32.61,,,,,,0.00003,,0.028,,,0.00005,,0.00001,,,,,,,,,,0,0,0,,,,,,,,,,,,,,,,,,,,,,,,-18,,,,,,,,,,,,,,,,
train_43,Базовое_масло_2,02596.22,31.689,,,,,,,,,,38,5,42,0,1220,2250,4642,10272,21000,,,96,,,14,,,,5.37,32.61,,,,,,0.00003,,0.028,,,0.00005,,0.00001,,,,,,,,,,0,0,0,,,,,,,,,,,,,,,,,,,,,,,,-18,,,,,,,,,,,,,,,,
train_43,Базовое_масло_7,094.22 (D-2022-0022),89.598,,,,,,,,,,38,10,42,0,6005,12582,,,,,,90,,,5.6,,,,9.39,81.32,,,,,,0.00008,,0.081,,,0.00003,,0.00001,,,,,,,,,,0,0,0,,,,,,,,,,,,,,,,,,,,,,,,-21,,,,,,,,,,,,,,,,
train_43,Депрессорная_присадка_2,п.12,26.931,,,,,,,,,,,,,,,,,,,,,,,,,,,,300,2288.31,,,,,,,,,,,,,,,,,,,,,,,,,,,,,,,,,,,,,,,,,,,,,,,,,,,,,,,,,,,,,,,,,
train_43,Детергент_1,0174.22,38.465,,,,,,,,,,,,,,,,,,,,,,,,,,,,163.5,,11.2,,,,,11.2,,,,,,,,,,,,,,,,,,,,,,,,,,,,,,,,,,,,,,,,,,,,,,,,,,,,,,,405.8,,,,
train_43,Детергент_20,03007.22,65.991,,,,,,,,,,,,,,,,,,,,,,,,,,,,314.7,,,,,,,8.63,,2.79,,,0.002,,0.003,,,,,,,,,,,,,,,,,,,,,,,,,,,,,,,,,,,,,,,,,,,,,,,,240.3,,,,
train_43,Дисперсант_1,36524.20,33.644,,,,,,,,,,,,,,,,,,,,,,,,,,,,245.86,,,,,,,,,,,,,,,,,,,,,,,,,,,,,,,,,,,,,,,,,,,,,,,,,,,,,,,,,,,,,,"49,1",,,,
train_43,Загуститель_1,02560.22 (9%вSN-150),25.852,,,,,,,,,,,,,,,,,,,,,,,,,,,,451.9,,,,,,,,,,,,,,,,,,,,,,,,,,,,,,,,,,,,,,,,,,,,,,,,,,,,,,,,,,,,,,,,,,
train_43,Противоизносная_присадка_10,02028.22,92.118,,,,,,,,,,,,,,,,,,,,,,,,,,,,11.59,,,,,,,,,,,,9.4,,11.1,,,,,,,,,,,,,,,,,,,,,,,,,,,,,,,,,,,,,,,,,,,,,,,,,16.08,,,
train_44,Антиоксидант_1,01028.23,17.074,,,,,,,,,,,,,,,,,,,,,,,,,,,,6.8,,,,,,,,,,,,,,,,,,,,,,,,,,,,,,,,,,,,,,,,,,,,,,,,,,,,,,,,,,,,,,0,0,,,
train_44,Антиоксидант_12,02670.23,14.828,,,,,,,,,,,,,,,,,,,,,,,,,,,,5.73,,,,,,,,,,,,,,,,,,8.666,,,,,,,,,,,,,,,,,,,,,,,,,,,,,,,,,,,,,,,,,,,,189.9,,,,
train_44,Антипенная_присадка_1,ЦП_(18.05.2023),3.991,,,,,,,,,,,,,,,,,,,,,,,,,,,,,,,,,,,,,,,,,,,,,,,,,,,,,,,,,,,,,,,,,,,,,,,,,,,,,,,,,,,,,,,,,,,,,,
train_44,Базовое_масло_1,01941.23,89.598,,,,,,,,,,41,5,39,0,524,818,1235,2332,4335,,,112,,,13.5,,,,4.5,22.52,,,,,,0.0042,,0.0049,,,0.0055,,0.0001,,,,,,,,,,0,0,0,,,,,,,,,,,,,,,,,,,,,,,,-25,,,,,,,,,,,,,,,,
train_44,Базовое_масло_14,с ЦП (27.06.23),84.281,,,,,,,,,,,,,,,,,,,,,,,,,,,,,,,,,,,,,,,,,,,,,,,,,,,,,,,,,,,,,,,,,,,,,,,,,,,,,,,,,,,,,,,,,,,,,,
train_44,Базовое_масло_2,01943.23,46.795,,,,,,,,,,39,5,41,0,1250,2382,4932,10861,,,,97,,,13.7,,,,5.45,33.25,,,,,,0.0002,,0.021,,,0.0001,,0.0001,,,,,,,,,,0,0,0,,,,,,,,,,,,,,,,,,,,,,,,-16,,,,,,,,,,,,,,,,
train_44,Базовое_масло_2,01943.23,72.545,,,,,,,,,,39,5,41,0,1250,2382,4932,10861,,,,97,,,13.7,,,,5.45,33.25,,,,,,0.0002,,0.021,,,0.0001,,0.0001,,,,,,,,,,0,0,0,,,,,,,,,,,,,,,,,,,,,,,,-16,,,,,,,,,,,,,,,,
train_44,Базовое_масло_3,02110.23,11.036,,,,,,,,,,40,5,40,0,419,641,1019,1717,3121,,,120,,,13.7,,,,4.42,21.2,,,,,,,,,,,,,,,,,,,,,,,0,0,0,,,,,,,,,,,,,,,,,,,,,,,,-24,,,,,,,,,,,,,,,,
train_44,Базовое_масло_5,01942.23,70.369,,,,,,,,,,39,5,41,0,2322,4054,7450,14903,,,,117,,,2.8,,,,8.49,58.73,,,,,,0.0002,,0.0041,,,0.0039,,0.0001,,,,,,,,,,0,0,0,,,,,,,,,,,,,,,,,,,,,,,,-20,,,,,,,,,,,,,,,,
train_44,Депрессорная_присадка_1,DPM 131 из ЦП,26.931,,,,,,,,,,,,,,,,,,,,,,,,,,,,414,,,,,,,,,,,,,,,,,,,,,,,,,,,,,,,,,,,,,,,,,,,,,,,,,,,,,,,,,,,,,,,,,,
train_44,Детергент_1,из 328 р-р 01295.23,38.465,,,,,,,,,,,,,,,,,,,,,,,,,,,,125,,,,,,,16.29,,,,,0.0006,,0.0007,,,,,,,,,,,,,,,,,,,,,,,,,,,,,,,,,,,,,,,,,,,,,,,,407,,,,
train_44,Детергент_2,01297.23,80.12,,,,,,,,,,,,,,,,,,,,,,,,,,,,14.47,,,,,,,6.48,,,,,0.0004,,0.0002,,,,,,,,,,,,,,,,,,,,,,,,,,,,,,,,,,,,,,,,,,,,,,,,171,,,,
train_44,Дисперсант_1,03067.22,33.644,,,,,,,,,,,,,,,,,,,,,,,,,,,,248.7,,,,,,,0.002,,,,,0.002,,0.003,,,,,,,,,,,,,,,,,,,,,,,,,,,,,,,,,,,,,,,,,,,,,,,,40.9,,,,
train_44,Загуститель_1,0420.23 (10%HVI-4Ян),90.699,,,,,,,,,,,,,,,,,,,,,,,,,,,,472.66,,,,,,,,,,,,,,,,,,,,,,,,,,,,,,,,,,,,,,,,,,,,,,,,,,,,,,,,,,,,,,,,,,
train_44,Противоизносная_присадка_1,01296.23,26.586,,,,,,,,,,,,,,,,,,,,,,,,,,,,9.16,,,,,,,0.02,,,,,8.4,,9.1,,,,,,,,,,,,,,,,,,,,,,,,,,,,,,,,,,,,,,,,,,,,,,,,,,,,
train_45,Антиоксидант_1,01028.23,17.074,,,,,,,,,,,,,,,,,,,,,,,,,,,,6.8,,,,,,,,,,,,,,,,,,,,,,,,,,,,,,,,,,,,,,,,,,,,,,,,,,,,,,,,,,,,,,0,0,,,
train_45,Антиоксидант_3,01198.23,14.828,,,,,,,,,,,,,,,,,,,,,,,,,,,,11.04,,,,,,,0.0002,,0.0002,,,0.0002,,0.0002,,,,,,,,,,,,,,,,,,,,,,,,,,,,,,,,,,,,,,,,,,,,,,,,176.3,,,,
train_45,Антипенная_присадка_1,ЦП_(18.05.2023),3.991,,,,,,,,,,,,,,,,,,,,,,,,,,,,,,,,,,,,,,,,,,,,,,,,,,,,,,,,,,,,,,,,,,,,,,,,,,,,,,,,,,,,,,,,,,,,,,
train_45,Базовое_масло_1,01941.23,89.598,,,,,,,,,,41,5,39,0,524,818,1235,2332,4335,,,112,,,13.5,,,,4.5,22.52,,,,,,0.0042,,0.0049,,,0.0055,,0.0001,,,,,,,,,,0,0,0,,,,,,,,,,,,,,,,,,,,,,,,-25,,,,,,,,,,,,,,,,
train_45,Базовое_масло_1,02593.23,46.795,,,,,,,,,,,,,,,,,2303,,,,112,,,,,,,4.48,22.36,,,,,,,,0.0001,,,,,,,,,,,,,,,,,,,,,,,,,,,,,,,,,,,,,,,,,,,,,,,,,,,,30,,,,,
train_45,Базовое_масло_14,с ЦП (27.06.23),84.281,,,,,,,,,,,,,,,,,,,,,,,,,,,,,,,,,,,,,,,,,,,,,,,,,,,,,,,,,,,,,,,,,,,,,,,,,,,,,,,,,,,,,,,,,,,,,,
train_45,Базовое_масло_2,02360.23,72.122,,,,,,,,,,40,5,40,0,1169,2205,4520,9777,,,,98,,,14,,,,5.36,32.22,,,,,,0.000021,,0.032,,,0.00003,,0.00004,,,,,,,,,,0,0,0,,,,,,,,,,,,,,,,,,,,,,,,-16,,,,,,,,,,,,,,,,
train_45,Базовое_масло_3,02110.23,11.036,,,,,,,,,,40,5,40,0,419,641,1019,1717,3121,,,120,,,13.7,,,,4.42,21.2,,,,,,,,,,,,,,,,,,,,,,,0,0,0,,,,,,,,,,,,,,,,,,,,,,,,-24,,,,,,,,,,,,,,,,
train_45,Базовое_масло_5,01942.23,11.036,,,,,,,,,,39,5,41,0,2322,4054,7450,14903,,,,117,,,2.8,,,,8.49,58.73,,,,,,0.0002,,0.0041,,,0.0039,,0.0001,,,,,,,,,,0,0,0,,,,,,,,,,,,,,,,,,,,,,,,-20,,,,,,,,,,,,,,,,
train_45,Депрессорная_присадка_1,DPM 131 из ЦП,26.931,,,,,,,,,,,,,,,,,,,,,,,,,,,,414,,,,,,,,,,,,,,,,,,,,,,,,,,,,,,,,,,,,,,,,,,,,,,,,,,,,,,,,,,,,,,,,,,
train_45,Детергент_1,из 328 р-р 01295.23,38.465,,,,,,,,,,,,,,,,,,,,,,,,,,,,125,,,,,,,16.29,,,,,0.0006,,0.0007,,,,,,,,,,,,,,,,,,,,,,,,,,,,,,,,,,,,,,,,,,,,,,,,407,,,,
train_45,Детергент_2,01297.23,80.12,,,,,,,,,,,,,,,,,,,,,,,,,,,,14.47,,,,,,,6.48,,,,,0.0004,,0.0002,,,,,,,,,,,,,,,,,,,,,,,,,,,,,,,,,,,,,,,,,,,,,,,,171,,,,
train_45,Дисперсант_1,03067.22,33.644,,,,,,,,,,,,,,,,,,,,,,,,,,,,248.7,,,,,,,0.002,,,,,0.002,,0.003,,,,,,,,,,,,,,,,,,,,,,,,,,,,,,,,,,,,,,,,,,,,,,,,40.9,,,,
train_45,Загуститель_1,0420.23 (10%HVI-4Ян),90.699,,,,,,,,,,,,,,,,,,,,,,,,,,,,472.66,,,,,,,,,,,,,,,,,,,,,,,,,,,,,,,,,,,,,,,,,,,,,,,,,,,,,,,,,,,,,,,,,,
train_45,Противоизносная_присадка_17,02692.23,27.784,,,,,,,,,,,,,,,,,,,,,,,,,,,,10.5,,,,,,0.003,,16.5,,,8.409,,9.541,,,,,,,,,,,,,,,,,,,,,,,,,,,,,,,,,,,,,,,,,,,,,,,,,,,,,
train_46,Антиоксидант_1,01028.23,17.074,,,,,,,,,,,,,,,,,,,,,,,,,,,,6.8,,,,,,,,,,,,,,,,,,,,,,,,,,,,,,,,,,,,,,,,,,,,,,,,,,,,,,,,,,,,,,0,0,,,
train_46,Антиоксидант_2,01623.24,14.828,,,,,,,,,,,,,,,,,,,,,,,,,,,,14.54,,,,,,,,,,,,,,,,,,,,,,,,,,,,,,,,,,,,,,,,,,,,,,,,,,,,,,,,,,,,,,138.8,,,,
train_46,Антипенная_присадка_1,12 от 13.05.2024,3.991,,,,,,,,,,,,,,,,,,,,,,,,,,,,,,,,,,,,,,,,,,,,,,,,,,,,,,,,,,,,,,,,,,,,,,,,,,,,,,,,,,,,,,,,,,,,,,
train_46,Базовое_масло_1,0766.24,46.795,,,,,,,,,,,,,,535,842,1398,2472,,,,113,,,13.3,,,,4.56,22.94,,,,,,0.0002,,0.00007,,,0.00002,,0.00004,,,,,,,,,,0,0,0,,,,,,,,,,,,,,,,,,,,,,,,-26,,,,,,,,,,,,,,,,
train_46,Базовое_масло_1,0766.24,89.598,,,,,,,,,,,,,,535,842,1398,2472,,,,113,,,13.3,,,,4.56,22.94,,,,,,0.0002,,0.00007,,,0.00002,,0.00004,,,,,,,,,,0,0,0,,,,,,,,,,,,,,,,,,,,,,,,-26,,,,,,,,,,,,,,,,
train_46,Базовое_масло_14,Р-10 от 13.05.2024,84.281,,,,,,,,,,,,,,,4,2,4,,,,,,,,,,,1.02,5.01,,,,,,,,,,,,,,,,,,,,,801.4,798,,,,,,,,,,,,,,,,,,,,,,,,,,,,,,,,,,,,,,,,,,,
train_46,Базовое_масло_2,03275.23,72.545,,,,,,,,,,39,2,41,0,1225,2273,4718,10407,,,,97,,,12.5,,,,5.42,32.97,,,,,,0.0002,,0.099,,,0.0001,,0.0001,,,,,,,,,,0,0,0,,,,,,,,,,,,,,,,,,,,,,,,-18,,,,,,,,,,,,,,,,
train_46,Базовое_масло_3,01278.24,11.036,,,,,,,,,,,,,,,,,1708,,,,,,,,,,,4.5,,,,,,,,,,,,,,,,,,,,,,,,,,,,,,,,,,,,,,,,,,,,,,,,,,,,,,,,,,,,,,,,,,
train_46,Базовое_масло_5,0767.24,70.369,,,,,,,,,,,,,,2344,4083,7514,14665,,,,116,,,3.1,,,,8.35,57.8,,,,,,0.00021,,0.00038,,,0.00002,,0.00002,,,,,,,,,,0,0,0,,,,,,,,,,,,,,,,,,,,,,,,-22,,,,,,,,,,,,,,,,
train_46,Депрессорная_присадка_1,0800.24,26.931,,,,,,,,,,,,,,,,,,,,,,,,,,,,305.4,,,,,,,,,,,,,,,,,,,,,,,,,,,,,,,,,,,,,,,,,,,,,,,,,,,,,,,,,,,,,,,,,,
train_46,Детергент_1,03203.23,38.465,,,,,,,,,,,,,,,,,,,,,,,,,,,,88.91,,,,,,,16.24,,,,,,,,,,,,,,,,,,,,,,,,,,,,,,,,,,,,,,,,,,,,,,,,,,,,,,,404,,,,
train_46,Детергент_2,01297.23,80.12,,,,,,,,,,,,,,,,,,,,,,,,,,,,14.47,,,,,,,6.48,,,,,0.0004,,0.0002,,,,,,,,,,,,,,,,,,,,,,,,,,,,,,,,,,,,,,,,,,,,,,,,171,,,,
train_46,Дисперсант_1,03067.22,33.644,,,,,,,,,,,,,,,,,,,,,,,,,,,,248.7,,,,,,,0.002,,,,,0.002,,0.003,,,,,,,,,,,,,,,,,,,,,,,,,,,,,,,,,,,,,,,,,,,,,,,,40.9,,,,
train_46,Загуститель_1,01076.24 10% в HVI-4,90.699,,,,,,,,,,,,,,,,,,,,,,,,,,,,445.5,,,,,,,,,,,,,,,,,,,,,,844.7,841.7,,,,,,,,,,,,,,,,,,,,,,,,,,,,,,,,,,,,,,,,,,,
train_46,Противоизносная_присадка_1,01296.23,26.586,,,,,,,,,,,,,,,,,,,,,,,,,,,,9.16,,,,,,,0.02,,,,,8.4,,9.1,,,,,,,,,,,,,,,,,,,,,,,,,,,,,,,,,,,,,,,,,,,,,,,,,,,,
train_47,Базовое_масло_10,01667.22,8.796,,,,,,,,,,40,5,40,0,496,808,1348,2348,4359,,,113,,,13.4,,,,4.55,22.88,,,,,,0.0012,,0.0001,,,0.0001,,0.0001,,,,,,,,,,0,0,0,,,,,,,,,,,,,,,,,,,,,,,,-24,,,,,,,,,,,,,,,,
train_47,Базовое_масло_13,0934.22,2.109,,,,,,,,,,40,5,40,0,1181,2011,4345,6680,,,,116,,,4.6,,,,6.39,38.55,,,,,,0.00071,,0.00082,,,0.00016,,0.00004,,,,,,,,,,0,0,0,,,,,,,,,,,,,,,,,,,,,,,,-16,,,,,,,,,,,,,,,,
train_47,Базовое_масло_2,01767.22,77.069,,,,,,,,,,35,30,40,5,1150,2199,4564,10045,,,,96,,,15.3,,,,5.31,32.06,,,,,,0.00056,,0.02433,,,0.00003,,0.00005,,,,,,,,,,0,0,0,,,,,,,,,,,,,,,,,,,,,,,,-17,,,,,,,,,,,,,,,,
train_47,Базовое_масло_3,01600.22,68.008,,,,,,,,,,,,,,311,581,999,1737,3224,,,130,,,13.1,,,,4.611,21.84,,,,,,0.00021,,0.00025,,,0.00003,,0.00005,,,,,,,,,,,,,,,,,,,,,,,,,,,,,,,,,,,,-18,,,,,,,,,,,,,,,,
train_47,Депрессорная_присадка_1,9518.22,38.014,,,,,,,,,,,,,,,,,,,,,,,,,,,,213.5,,,,,,,,,,,,,,,,,,,,,,,,,,,,,,,,,,,,,,,,,,,,,,,,,,,,,,,,,,,,,,,,,,
train_47,Загуститель_1,"01007.22 (8,2%)",10.921,,,,,,,,,,,,,,,,,,,,,,,,,,,,339.6,,,,,,,,,,,,,,,,,,,,,,,,,,,,,,,,,,,,,,,,,,,,,,,,,,,,,,,,,,,,,,,,,,
train_47,Противоизносная_присадка_15,KT2022021001,47.162,,,,,,,,,,,,,,,,,,,,,,,,,,,,,,,,,,,,,,,,,,,,,,,,,,,,,,,,,,,,,,,,,,,,,,,,,,,,,,,,,,,,,,,,,,,,,,
train_48,Базовое_масло_10,01667.22,58.829,,,,,,,,,,40,5,40,0,496,808,1348,2348,4359,,,113,,,13.4,,,,4.55,22.88,,,,,,0.0012,,0.0001,,,0.0001,,0.0001,,,,,,,,,,0,0,0,,,,,,,,,,,,,,,,,,,,,,,,-24,,,,,,,,,,,,,,,,
train_48,Базовое_масло_13,0934.22,2.109,,,,,,,,,,40,5,40,0,1181,2011,4345,6680,,,,116,,,4.6,,,,6.39,38.55,,,,,,0.00071,,0.00082,,,0.00016,,0.00004,,,,,,,,,,0,0,0,,,,,,,,,,,,,,,,,,,,,,,,-16,,,,,,,,,,,,,,,,
train_48,Базовое_масло_2,01767.22,77.069,,,,,,,,,,35,30,40,5,1150,2199,4564,10045,,,,96,,,15.3,,,,5.31,32.06,,,,,,0.00056,,0.02433,,,0.00003,,0.00005,,,,,,,,,,0,0,0,,,,,,,,,,,,,,,,,,,,,,,,-17,,,,,,,,,,,,,,,,
train_48,Базовое_масло_3,01600.22,68.008,,,,,,,,,,,,,,311,581,999,1737,3224,,,130,,,13.1,,,,4.611,21.84,,,,,,0.00021,,0.00025,,,0.00003,,0.00005,,,,,,,,,,,,,,,,,,,,,,,,,,,,,,,,,,,,-18,,,,,,,,,,,,,,,,
train_48,Депрессорная_присадка_1,9518.22,38.014,,,,,,,,,,,,,,,,,,,,,,,,,,,,213.5,,,,,,,,,,,,,,,,,,,,,,,,,,,,,,,,,,,,,,,,,,,,,,,,,,,,,,,,,,,,,,,,,,
train_48,Загуститель_1,"01007.22 (8,2%)",10.921,,,,,,,,,,,,,,,,,,,,,,,,,,,,339.6,,,,,,,,,,,,,,,,,,,,,,,,,,,,,,,,,,,,,,,,,,,,,,,,,,,,,,,,,,,,,,,,,,
train_48,Противоизносная_присадка_14,COMP-2022-0042-M,11.768,,,,,,,,,,,,,,,,,,,,,,,,,,,,,,,,,,,,,,,,,,,,,,,,,,,,,,,,,,,,,,,,,,,,,,,,,,,,,,,,,,,,,,,,,,,,,,
train_49,Базовое_масло_10,01667.22,46.745,,,,,,,,,,40,5,40,0,496,808,1348,2348,4359,,,113,,,13.4,,,,4.55,22.88,,,,,,0.0012,,0.0001,,,0.0001,,0.0001,,,,,,,,,,0,0,0,,,,,,,,,,,,,,,,,,,,,,,,-24,,,,,,,,,,,,,,,,
train_49,Базовое_масло_13,0934.22,2.109,,,,,,,,,,40,5,40,0,1181,2011,4345,6680,,,,116,,,4.6,,,,6.39,38.55,,,,,,0.00071,,0.00082,,,0.00016,,0.00004,,,,,,,,,,0,0,0,,,,,,,,,,,,,,,,,,,,,,,,-16,,,,,,,,,,,,,,,,
train_49,Базовое_масло_2,01767.22,77.069,,,,,,,,,,35,30,40,5,1150,2199,4564,10045,,,,96,,,15.3,,,,5.31,32.06,,,,,,0.00056,,0.02433,,,0.00003,,0.00005,,,,,,,,,,0,0,0,,,,,,,,,,,,,,,,,,,,,,,,-17,,,,,,,,,,,,,,,,
train_49,Базовое_масло_3,01600.22,68.008,,,,,,,,,,,,,,311,581,999,1737,3224,,,130,,,13.1,,,,4.611,21.84,,,,,,0.00021,,0.00025,,,0.00003,,0.00005,,,,,,,,,,,,,,,,,,,,,,,,,,,,,,,,,,,,-18,,,,,,,,,,,,,,,,
train_49,Депрессорная_присадка_1,9518.22,38.014,,,,,,,,,,,,,,,,,,,,,,,,,,,,213.5,,,,,,,,,,,,,,,,,,,,,,,,,,,,,,,,,,,,,,,,,,,,,,,,,,,,,,,,,,,,,,,,,,
train_49,Загуститель_1,"01007.22 (8,2%)",10.921,,,,,,,,,,,,,,,,,,,,,,,,,,,,339.6,,,,,,,,,,,,,,,,,,,,,,,,,,,,,,,,,,,,,,,,,,,,,,,,,,,,,,,,,,,,,,,,,,
train_49,Противоизносная_присадка_13,образец,7.659,,,,,,,,,,,,,,,,,,,,,,,,,,,,,,,,,,,,,,,,,,,,,,,,,,,,,,,,,,,,,,,,,,,,,,,,,,,,,,,,,,,,,,,,,,,,,,
train_50,Антиоксидант_7,п.EQ2023082507,17.074,,,,,,,,,,,,,,,,,,,,,,,,,,,,,,,,,,,,,,,,,,,,,,,,,,,,,,,,,,,,,,,,,,,,,,,,,,,,,,,,,,,,,,,,,,,,,,
train_50,Антиоксидант_8,COMP-2024-0009-M,56.357,,,,,,,,,,,,,,,,,,,,,,,,,,,,,,,,,,,,,,,,,,,,,,,,,,,,,,,,,,,,,,,,,,,,,,,,,,,,,,,,,,,,,,,,,,,,,,
train_50,Антипенная_присадка_1,12 от 13.05.2024,3.991,,,,,,,,,,,,,,,,,,,,,,,,,,,,,,,,,,,,,,,,,,,,,,,,,,,,,,,,,,,,,,,,,,,,,,,,,,,,,,,,,,,,,,,,,,,,,,
train_50,Базовое_масло_1,0318.25,39.272,,,,,,,,,,,,,,,784,1294,2234,,,,,,,,,,,4.44,21.8,,,,,,,,,,,,,,,,,,,,,,,,,,,,,,,,,,,,,,,,,,,,,,,,,,,,,,,,,,,,,,,,,
train_50,Базовое_масло_1,0318.25,17.352,,,,,,,,,,,,,,,784,1294,2234,,,,,,,,,,,4.44,21.8,,,,,,,,,,,,,,,,,,,,,,,,,,,,,,,,,,,,,,,,,,,,,,,,,,,,,,,,,,,,,,,,,
train_50,Базовое_масло_14,Р-10 от 13.05.2024,84.281,,,,,,,,,,,,,,,4,2,4,,,,,,,,,,,1.02,5.01,,,,,,,,,,,,,,,,,,,,,801.4,798,,,,,,,,,,,,,,,,,,,,,,,,,,,,,,,,,,,,,,,,,,,
train_50,Базовое_масло_7,095.25,91.951,,,,,,,,,,,,,,5600,11925,20000,,,,,,,,,,,,9.13,76.92,,,,,,,,,,,,,,,,,,,,,,,,,,,,,,,,,,,,,,,,,,,,,,,,,,,,,,,,,,,,,,,,,
train_50,Депрессорная_присадка_1,0862.24,26.931,,,,,,,,,,,,,,,,,,,,,,,,,,,,315.1,1828,,,,,,,,,,,,,,,,,,,,,,,,,,,,,,,,,,,,,,,,,,,,,,,,,,,,,,,,,,,,,,,,,
train_50,Детергент_1,0269.25,13.741,,,,,,,,,,,,,,,,,,,,,,,,,,,,62.33,,,,,,,15.13,,1.598,,,,,,,,,,,,,,,,,,,,,,,,,,,,,,,,,,,,,,,,,,,,,,,,,,,,,344.1,,,,
train_50,Детергент_9,0241.25,80.12,,,,,,,,,,,,,,,,,,,,,,,,,,,,14.96,,,,,,,6.77,,0.165,,,,,,,,,,28438,,,,,,,,,,,,,,,,,,,,,,,,,,,,,,,,,,,,,,,,,,,171.7,161.2,,,
train_50,Дисперсант_4,08.07.24,3.249,,,,,,,,,,,,,,,,,,,,,,,,,,,,1278.4,,,,,,,,,,,,,,,,,,,,,,,,,,,,,,,,,,,,,,,,,,,,,,,,,,,,,,,,,,,,,,,,,,
train_50,Загуститель_1,"0396.25 9,8% 2 гр",51.493,,,,,,,,,,,,,,,,,,,,,,,,,,,,493.8,,,,,,,,,,,,,,,,,,,,,,,,,,,,,,,,,,,,,,,,,,,,,,,,,,,,,,,,,,,,,,,,,,
train_50,Противоизносная_присадка_11,0242.25,31.092,,,,,,,,,,,,,,,,,,,,,,,,,,,,,,,,,,,,,17.42,,,8.6,,9.44,,,,,,,,,,,,,,,,,,,,,,,,,,,,,,,,,,,,,,,,,,,,,,,,,,,,
train_51,Антиоксидант_7,п.EQ2023082507,39.573,,,,,,,,,,,,,,,,,,,,,,,,,,,,,,,,,,,,,,,,,,,,,,,,,,,,,,,,,,,,,,,,,,,,,,,,,,,,,,,,,,,,,,,,,,,,,,
train_51,Антиоксидант_8,COMP-2024-0009-M,62.603,,,,,,,,,,,,,,,,,,,,,,,,,,,,,,,,,,,,,,,,,,,,,,,,,,,,,,,,,,,,,,,,,,,,,,,,,,,,,,,,,,,,,,,,,,,,,,
train_51,Антипенная_присадка_1,12 от 13.05.2024,3.991,,,,,,,,,,,,,,,,,,,,,,,,,,,,,,,,,,,,,,,,,,,,,,,,,,,,,,,,,,,,,,,,,,,,,,,,,,,,,,,,,,,,,,,,,,,,,,
train_51,Базовое_масло_1,0318.25,39.272,,,,,,,,,,,,,,,784,1294,2234,,,,,,,,,,,4.44,21.8,,,,,,,,,,,,,,,,,,,,,,,,,,,,,,,,,,,,,,,,,,,,,,,,,,,,,,,,,,,,,,,,,
train_51,Базовое_масло_1,0318.25,71.865,,,,,,,,,,,,,,,784,1294,2234,,,,,,,,,,,4.44,21.8,,,,,,,,,,,,,,,,,,,,,,,,,,,,,,,,,,,,,,,,,,,,,,,,,,,,,,,,,,,,,,,,,
train_51,Базовое_масло_14,Р-10 от 13.05.2024,84.281,,,,,,,,,,,,,,,4,2,4,,,,,,,,,,,1.02,5.01,,,,,,,,,,,,,,,,,,,,,801.4,798,,,,,,,,,,,,,,,,,,,,,,,,,,,,,,,,,,,,,,,,,,,
train_51,Базовое_масло_7,095.25,91.951,,,,,,,,,,,,,,5600,11925,20000,,,,,,,,,,,,9.13,76.92,,,,,,,,,,,,,,,,,,,,,,,,,,,,,,,,,,,,,,,,,,,,,,,,,,,,,,,,,,,,,,,,,
train_51,Депрессорная_присадка_1,0862.24,26.931,,,,,,,,,,,,,,,,,,,,,,,,,,,,315.1,1828,,,,,,,,,,,,,,,,,,,,,,,,,,,,,,,,,,,,,,,,,,,,,,,,,,,,,,,,,,,,,,,,,
train_51,Детергент_1,0269.25,38.465,,,,,,,,,,,,,,,,,,,,,,,,,,,,62.33,,,,,,,15.13,,1.598,,,,,,,,,,,,,,,,,,,,,,,,,,,,,,,,,,,,,,,,,,,,,,,,,,,,,344.1,,,,
train_51,Детергент_9,0241.25,56.271,,,,,,,,,,,,,,,,,,,,,,,,,,,,14.96,,,,,,,6.77,,0.165,,,,,,,,,,28438,,,,,,,,,,,,,,,,,,,,,,,,,,,,,,,,,,,,,,,,,,,171.7,161.2,,,
train_51,Дисперсант_4,08.07.24,86.423,,,,,,,,,,,,,,,,,,,,,,,,,,,,1278.4,,,,,,,,,,,,,,,,,,,,,,,,,,,,,,,,,,,,,,,,,,,,,,,,,,,,,,,,,,,,,,,,,,
train_51,Загуститель_1,"0396.25 9,8% 2 гр",51.493,,,,,,,,,,,,,,,,,,,,,,,,,,,,493.8,,,,,,,,,,,,,,,,,,,,,,,,,,,,,,,,,,,,,,,,,,,,,,,,,,,,,,,,,,,,,,,,,,
train_51,Противоизносная_присадка_11,0242.25,61.862,,,,,,,,,,,,,,,,,,,,,,,,,,,,,,,,,,,,,17.42,,,8.6,,9.44,,,,,,,,,,,,,,,,,,,,,,,,,,,,,,,,,,,,,,,,,,,,,,,,,,,,
train_52,Антиоксидант_5,32,56.357,,,,,,,,,,,,,,,,,,,,,,,,,,,,,,,,,,,,,,,,,,,,,,,,,,,,,,,,,,,,,,,,,,,,,,,,,,,,,,,,,,,,,,,,,,,,,,
train_52,Антиоксидант_6,нет номера у образца,26.931,,,,,,,,,,,,,,,,,,,,,,,,,,,,,,,,,,,,,,,,,,,,,,,,,,,,,,,,,,,,,,,,,,,,,,,,,,,,,,,,,,,,,,,,,,,,,,
train_52,Антипенная_присадка_1,0940.22,3.991,,,,,,,,,,,,,,,,,,,,,,,,,,,,,,,,,,,,,,,,,,,,,,,,,,,,,,,,,,,,,,,,,,,,,,,,,,,,,,,,,,,,,,,,,,,,,,
train_52,Базовое_масло_16,25721.17,84.281,,,,,,,,,,,,,,13,25,50,99,200,,,,,,90,,,,1.17,2.84,,,,,,,,,,,,,,,,,,,,,,,,,,,,,,,,,,,,,,,,,,,,,,,,,,,,,,,,,,,,,,,,,
train_52,Базовое_масло_2,02596.22,45.461,,,,,,,,,,38,5,42,0,1220,2250,4642,10272,21000,,,96,,,14,,,,5.37,32.61,,,,,,0.00003,,0.028,,,0.00005,,0.00001,,,,,,,,,,0,0,0,,,,,,,,,,,,,,,,,,,,,,,,-18,,,,,,,,,,,,,,,,
train_52,Базовое_масло_3,01939.22,53.338,,,,,,,,,,40,5,40,0,317,497,876,1515,3030,,,127,,,13.2,,,,4.33,19.91,,,,,,0.0002,,0.0011,,,0.0001,,0.0002,,,,,,,,,,0,0,0,,,,,,,,,,,,,,,,,,,,,,,,-18,,,,,,,,,,,,,,,,
train_52,Депрессорная_присадка_3,28446.22,56.357,,,,,,,,,,,,,,,,,,,,,,,,,,,,110.2,,,,,,,,,,,,,,,,,,,,,,,,,,,,,,,,,,,,,,,,,,,,,,,,,,,,,,,,,,,,,,,,,,
train_52,Детергент_1,0174.22,21.197,,,,,,,,,,,,,,,,,,,,,,,,,,,,163.5,,11.2,,,,,11.2,,,,,,,,,,,,,,,,,,,,,,,,,,,,,,,,,,,,,,,,,,,,,,,,,,,,,,,405.8,,,,
train_52,Детергент_4,02623.22,31.092,,,,,,,,,,,,,,,,,,,,,,,,,,,,15.6,,,,,,,4.72,,2.5,,,0.9,,0.88,,,,,,,,,,,,,,,,,,,,,,,,,,,,,,,,,,,,,,,,,,,,,,,,149.6,151.3,,,
train_52,Дисперсант_1,36524.20,2.109,,,,,,,,,,,,,,,,,,,,,,,,,,,,245.86,,,,,,,,,,,,,,,,,,,,,,,,,,,,,,,,,,,,,,,,,,,,,,,,,,,,,,,,,,,,,,"49,1",,,,
train_52,Загуститель_2,0773.22 (8.5%),3.053,,,,,,,,,,,,,,,,,,,,,,,,,,,,373.32,,,,,,,,,,,,,,,,,,,,,,,,,,,,,,,,,,,,,,,,,,,,,,,,,,,,,,,,,,,,,,,,,,
train_52,Противоизносная_присадка_10,02028.22,92.118,,,,,,,,,,,,,,,,,,,,,,,,,,,,11.59,,,,,,,,,,,,9.4,,11.1,,,,,,,,,,,,,,,,,,,,,,,,,,,,,,,,,,,,,,,,,,,,,,,,,16.08,,,
train_52,Соединение_молибдена_2,01762.22,95.918,,,,,,,,,,,,,,,,,,,,,,,,,,,,,,,,,,,,,,,,,,,,,,,,,,,,,,,,,,,,,,,,,,,,,,,,,,,,,,,,,,,,,,,,,,,,,,
train_53,Антиоксидант_5,32,56.357,,,,,,,,,,,,,,,,,,,,,,,,,,,,,,,,,,,,,,,,,,,,,,,,,,,,,,,,,,,,,,,,,,,,,,,,,,,,,,,,,,,,,,,,,,,,,,
train_53,Антиоксидант_6,нет номера у образца,26.931,,,,,,,,,,,,,,,,,,,,,,,,,,,,,,,,,,,,,,,,,,,,,,,,,,,,,,,,,,,,,,,,,,,,,,,,,,,,,,,,,,,,,,,,,,,,,,
train_53,Антипенная_присадка_1,0940.22,3.991,,,,,,,,,,,,,,,,,,,,,,,,,,,,,,,,,,,,,,,,,,,,,,,,,,,,,,,,,,,,,,,,,,,,,,,,,,,,,,,,,,,,,,,,,,,,,,
train_53,Базовое_масло_16,25721.17,84.281,,,,,,,,,,,,,,13,25,50,99,200,,,,,,90,,,,1.17,2.84,,,,,,,,,,,,,,,,,,,,,,,,,,,,,,,,,,,,,,,,,,,,,,,,,,,,,,,,,,,,,,,,,
train_53,Базовое_масло_2,02596.22,45.461,,,,,,,,,,38,5,42,0,1220,2250,4642,10272,21000,,,96,,,14,,,,5.37,32.61,,,,,,0.00003,,0.028,,,0.00005,,0.00001,,,,,,,,,,0,0,0,,,,,,,,,,,,,,,,,,,,,,,,-18,,,,,,,,,,,,,,,,
train_53,Базовое_масло_3,01939.22,56.784,,,,,,,,,,40,5,40,0,317,497,876,1515,3030,,,127,,,13.2,,,,4.33,19.91,,,,,,0.0002,,0.0011,,,0.0001,,0.0002,,,,,,,,,,0,0,0,,,,,,,,,,,,,,,,,,,,,,,,-18,,,,,,,,,,,,,,,,
train_53,Депрессорная_присадка_3,28446.22,56.357,,,,,,,,,,,,,,,,,,,,,,,,,,,,110.2,,,,,,,,,,,,,,,,,,,,,,,,,,,,,,,,,,,,,,,,,,,,,,,,,,,,,,,,,,,,,,,,,,
train_53,Детергент_1,0174.22,76.331,,,,,,,,,,,,,,,,,,,,,,,,,,,,163.5,,11.2,,,,,11.2,,,,,,,,,,,,,,,,,,,,,,,,,,,,,,,,,,,,,,,,,,,,,,,,,,,,,,,405.8,,,,
train_53,Детергент_4,02623.22,72.282,,,,,,,,,,,,,,,,,,,,,,,,,,,,15.6,,,,,,,4.72,,2.5,,,0.9,,0.88,,,,,,,,,,,,,,,,,,,,,,,,,,,,,,,,,,,,,,,,,,,,,,,,149.6,151.3,,,
train_53,Дисперсант_1,36524.20,2.109,,,,,,,,,,,,,,,,,,,,,,,,,,,,245.86,,,,,,,,,,,,,,,,,,,,,,,,,,,,,,,,,,,,,,,,,,,,,,,,,,,,,,,,,,,,,,"49,1",,,,
train_53,Загуститель_2,0773.22 (8.5%),3.053,,,,,,,,,,,,,,,,,,,,,,,,,,,,373.32,,,,,,,,,,,,,,,,,,,,,,,,,,,,,,,,,,,,,,,,,,,,,,,,,,,,,,,,,,,,,,,,,,
train_53,Противоизносная_присадка_10,02028.22,92.118,,,,,,,,,,,,,,,,,,,,,,,,,,,,11.59,,,,,,,,,,,,9.4,,11.1,,,,,,,,,,,,,,,,,,,,,,,,,,,,,,,,,,,,,,,,,,,,,,,,,16.08,,,
train_53,Соединение_молибдена_2,01762.22,95.918,,,,,,,,,,,,,,,,,,,,,,,,,,,,,,,,,,,,,,,,,,,,,,,,,,,,,,,,,,,,,,,,,,,,,,,,,,,,,,,,,,,,,,,,,,,,,,
train_54,Антиоксидант_5,32,56.357,,,,,,,,,,,,,,,,,,,,,,,,,,,,,,,,,,,,,,,,,,,,,,,,,,,,,,,,,,,,,,,,,,,,,,,,,,,,,,,,,,,,,,,,,,,,,,
train_54,Антиоксидант_6,нет номера у образца,26.931,,,,,,,,,,,,,,,,,,,,,,,,,,,,,,,,,,,,,,,,,,,,,,,,,,,,,,,,,,,,,,,,,,,,,,,,,,,,,,,,,,,,,,,,,,,,,,
train_54,Антипенная_присадка_1,0940.22,3.991,,,,,,,,,,,,,,,,,,,,,,,,,,,,,,,,,,,,,,,,,,,,,,,,,,,,,,,,,,,,,,,,,,,,,,,,,,,,,,,,,,,,,,,,,,,,,,
train_54,Базовое_масло_16,25721.17,84.281,,,,,,,,,,,,,,13,25,50,99,200,,,,,,90,,,,1.17,2.84,,,,,,,,,,,,,,,,,,,,,,,,,,,,,,,,,,,,,,,,,,,,,,,,,,,,,,,,,,,,,,,,,
train_54,Базовое_масло_2,02596.22,45.461,,,,,,,,,,38,5,42,0,1220,2250,4642,10272,21000,,,96,,,14,,,,5.37,32.61,,,,,,0.00003,,0.028,,,0.00005,,0.00001,,,,,,,,,,0,0,0,,,,,,,,,,,,,,,,,,,,,,,,-18,,,,,,,,,,,,,,,,
train_54,Базовое_масло_3,01939.22,41.763,,,,,,,,,,40,5,40,0,317,497,876,1515,3030,,,127,,,13.2,,,,4.33,19.91,,,,,,0.0002,,0.0011,,,0.0001,,0.0002,,,,,,,,,,0,0,0,,,,,,,,,,,,,,,,,,,,,,,,-18,,,,,,,,,,,,,,,,
train_54,Депрессорная_присадка_3,28446.22,56.357,,,,,,,,,,,,,,,,,,,,,,,,,,,,110.2,,,,,,,,,,,,,,,,,,,,,,,,,,,,,,,,,,,,,,,,,,,,,,,,,,,,,,,,,,,,,,,,,,
train_54,Детергент_1,0174.22,50.431,,,,,,,,,,,,,,,,,,,,,,,,,,,,163.5,,11.2,,,,,11.2,,,,,,,,,,,,,,,,,,,,,,,,,,,,,,,,,,,,,,,,,,,,,,,,,,,,,,,405.8,,,,
train_54,Детергент_4,02623.22,10.168,,,,,,,,,,,,,,,,,,,,,,,,,,,,15.6,,,,,,,4.72,,2.5,,,0.9,,0.88,,,,,,,,,,,,,,,,,,,,,,,,,,,,,,,,,,,,,,,,,,,,,,,,149.6,151.3,,,
train_54,Дисперсант_1,36524.20,2.109,,,,,,,,,,,,,,,,,,,,,,,,,,,,245.86,,,,,,,,,,,,,,,,,,,,,,,,,,,,,,,,,,,,,,,,,,,,,,,,,,,,,,,,,,,,,,"49,1",,,,
train_54,Загуститель_2,0773.22 (8.5%),3.053,,,,,,,,,,,,,,,,,,,,,,,,,,,,373.32,,,,,,,,,,,,,,,,,,,,,,,,,,,,,,,,,,,,,,,,,,,,,,,,,,,,,,,,,,,,,,,,,,
train_54,Противоизносная_присадка_10,02028.22,92.118,,,,,,,,,,,,,,,,,,,,,,,,,,,,11.59,,,,,,,,,,,,9.4,,11.1,,,,,,,,,,,,,,,,,,,,,,,,,,,,,,,,,,,,,,,,,,,,,,,,,16.08,,,
train_54,Соединение_молибдена_2,01762.22,95.918,,,,,,,,,,,,,,,,,,,,,,,,,,,,,,,,,,,,,,,,,,,,,,,,,,,,,,,,,,,,,,,,,,,,,,,,,,,,,,,,,,,,,,,,,,,,,,
train_55,Антиоксидант_5,32,56.357,,,,,,,,,,,,,,,,,,,,,,,,,,,,,,,,,,,,,,,,,,,,,,,,,,,,,,,,,,,,,,,,,,,,,,,,,,,,,,,,,,,,,,,,,,,,,,
train_55,Антиоксидант_6,нет номера у образца,26.931,,,,,,,,,,,,,,,,,,,,,,,,,,,,,,,,,,,,,,,,,,,,,,,,,,,,,,,,,,,,,,,,,,,,,,,,,,,,,,,,,,,,,,,,,,,,,,
train_55,Антипенная_присадка_1,0940.22,3.991,,,,,,,,,,,,,,,,,,,,,,,,,,,,,,,,,,,,,,,,,,,,,,,,,,,,,,,,,,,,,,,,,,,,,,,,,,,,,,,,,,,,,,,,,,,,,,
train_55,Базовое_масло_16,25721.17,84.281,,,,,,,,,,,,,,13,25,50,99,200,,,,,,90,,,,1.17,2.84,,,,,,,,,,,,,,,,,,,,,,,,,,,,,,,,,,,,,,,,,,,,,,,,,,,,,,,,,,,,,,,,,
train_55,Базовое_масло_2,02596.22,45.461,,,,,,,,,,38,5,42,0,1220,2250,4642,10272,21000,,,96,,,14,,,,5.37,32.61,,,,,,0.00003,,0.028,,,0.00005,,0.00001,,,,,,,,,,0,0,0,,,,,,,,,,,,,,,,,,,,,,,,-18,,,,,,,,,,,,,,,,
train_55,Базовое_масло_3,01939.22,17.045,,,,,,,,,,40,5,40,0,317,497,876,1515,3030,,,127,,,13.2,,,,4.33,19.91,,,,,,0.0002,,0.0011,,,0.0001,,0.0002,,,,,,,,,,0,0,0,,,,,,,,,,,,,,,,,,,,,,,,-18,,,,,,,,,,,,,,,,
train_55,Депрессорная_присадка_3,28446.22,56.357,,,,,,,,,,,,,,,,,,,,,,,,,,,,110.2,,,,,,,,,,,,,,,,,,,,,,,,,,,,,,,,,,,,,,,,,,,,,,,,,,,,,,,,,,,,,,,,,,
train_55,Детергент_4,02623.22,31.092,,,,,,,,,,,,,,,,,,,,,,,,,,,,15.6,,,,,,,4.72,,2.5,,,0.9,,0.88,,,,,,,,,,,,,,,,,,,,,,,,,,,,,,,,,,,,,,,,,,,,,,,,149.6,151.3,,,
train_55,Детергент_6,02657.22,74.243,,,,,,,,,,,,,,,,,,,,,,,,,,,,271.9,,,,,,,10.59,,0.326,,,0.0006,,0.0005,,,,,,,,,,,,,,,,,,,,,,,,,,,,,,,,,,,,,,,,,,,,,,,,269.4,272.8,,,
train_55,Дисперсант_1,36524.20,2.109,,,,,,,,,,,,,,,,,,,,,,,,,,,,245.86,,,,,,,,,,,,,,,,,,,,,,,,,,,,,,,,,,,,,,,,,,,,,,,,,,,,,,,,,,,,,,"49,1",,,,
train_55,Загуститель_2,0773.22 (8.5%),3.053,,,,,,,,,,,,,,,,,,,,,,,,,,,,373.32,,,,,,,,,,,,,,,,,,,,,,,,,,,,,,,,,,,,,,,,,,,,,,,,,,,,,,,,,,,,,,,,,,
train_55,Противоизносная_присадка_10,02028.22,92.118,,,,,,,,,,,,,,,,,,,,,,,,,,,,11.59,,,,,,,,,,,,9.4,,11.1,,,,,,,,,,,,,,,,,,,,,,,,,,,,,,,,,,,,,,,,,,,,,,,,,16.08,,,
train_55,Соединение_молибдена_2,01762.22,95.918,,,,,,,,,,,,,,,,,,,,,,,,,,,,,,,,,,,,,,,,,,,,,,,,,,,,,,,,,,,,,,,,,,,,,,,,,,,,,,,,,,,,,,,,,,,,,,
train_56,Антиоксидант_1,02717.22,26.931,,,,,,,,,,,,,,,,,,,,,,,,,,,,6.65,,,,,,,,,,,,,,,,,,,,,,,,,,,,,,,,,,,,,,,,,,,,,,,,,,,,,,,,,,,,,,,,,,
train_56,Антиоксидант_4,01050.22,56.357,,,,,,,,,,,,,,,,,,,,,,,,,,,,,,,,,,,,,,,,,,,,,,,,,,,,,,,,,,,,,,,,,,,,,,,,,,,,,,,,,,,,,,,,,,,,,,
train_56,Антипенная_присадка_1,0940.22,3.991,,,,,,,,,,,,,,,,,,,,,,,,,,,,,,,,,,,,,,,,,,,,,,,,,,,,,,,,,,,,,,,,,,,,,,,,,,,,,,,,,,,,,,,,,,,,,,
train_56,Базовое_масло_16,02959.22,84.281,,,,,,,,,,,,,,,,,,,,,,,,,,,,1.18,2.82,,,,,,,,,,,,,,,,,,,,,,,,,,,,,,,,,,,,,,,,,,,,,,,,,-40,,,,,,,,,,,,,,,,
train_56,Базовое_масло_2,02596.22,45.461,,,,,,,,,,38,5,42,0,1220,2250,4642,10272,21000,,,96,,,14,,,,5.37,32.61,,,,,,0.00003,,0.028,,,0.00005,,0.00001,,,,,,,,,,0,0,0,,,,,,,,,,,,,,,,,,,,,,,,-18,,,,,,,,,,,,,,,,
train_56,Базовое_масло_3,02598.22,73.216,,,,,,,,,,40,5,40,0,357,561,966,1671,3064,,,129,,,14,,,,4.57,21.55,,,,,,0.00003,,0.00002,,,0.00007,,0.00005,,,,,,,,,,0,0,0,,,,,,,,,,,,,,,,,,,,,,,,-21,,,,,,,,,,,,,,,,
train_56,Депрессорная_присадка_3,28446.22,56.357,,,,,,,,,,,,,,,,,,,,,,,,,,,,110.2,,,,,,,,,,,,,,,,,,,,,,,,,,,,,,,,,,,,,,,,,,,,,,,,,,,,,,,,,,,,,,,,,,
train_56,Детергент_1,0174.22,21.197,,,,,,,,,,,,,,,,,,,,,,,,,,,,163.5,,11.2,,,,,11.2,,,,,,,,,,,,,,,,,,,,,,,,,,,,,,,,,,,,,,,,,,,,,,,,,,,,,,,405.8,,,,
train_56,Детергент_2,02957.22,34.506,,,,,,,,,,,,,,,,,,,,,,,,,,,,14.62,,,,,,,6.33,,,,,,,,,,,,,,,,,,,,,,,,,,,,,,,,,,,,,,,,,,,,,,,,,,,,,,,173.3,,,,
train_56,Дисперсант_1,36524.20,2.109,,,,,,,,,,,,,,,,,,,,,,,,,,,,245.86,,,,,,,,,,,,,,,,,,,,,,,,,,,,,,,,,,,,,,,,,,,,,,,,,,,,,,,,,,,,,,"49,1",,,,
train_56,Загуститель_2,0773.22 (8.5%),3.053,,,,,,,,,,,,,,,,,,,,,,,,,,,,373.32,,,,,,,,,,,,,,,,,,,,,,,,,,,,,,,,,,,,,,,,,,,,,,,,,,,,,,,,,,,,,,,,,,
train_56,Противоизносная_присадка_1,02958.22,26.586,,,,,,,,,,,,,,,,,,,,,,,,,,,,9.19,,,,,,,,,16.41,,,8.939,,9.182,,,,,,,,,,,,,,,,,,,,,,,,,,,,,,,,,,,,,,,,,,,,,,,,,,,,
train_56,Соединение_молибдена_2,01762.22,70.832,,,,,,,,,,,,,,,,,,,,,,,,,,,,,,,,,,,,,,,,,,,,,,,,,,,,,,,,,,,,,,,,,,,,,,,,,,,,,,,,,,,,,,,,,,,,,,
train_57,Антиоксидант_1,02717.22,26.931,,,,,,,,,,,,,,,,,,,,,,,,,,,,6.65,,,,,,,,,,,,,,,,,,,,,,,,,,,,,,,,,,,,,,,,,,,,,,,,,,,,,,,,,,,,,,,,,,
train_57,Антиоксидант_4,01050.22,56.357,,,,,,,,,,,,,,,,,,,,,,,,,,,,,,,,,,,,,,,,,,,,,,,,,,,,,,,,,,,,,,,,,,,,,,,,,,,,,,,,,,,,,,,,,,,,,,
train_57,Антипенная_присадка_1,0940.22,3.991,,,,,,,,,,,,,,,,,,,,,,,,,,,,,,,,,,,,,,,,,,,,,,,,,,,,,,,,,,,,,,,,,,,,,,,,,,,,,,,,,,,,,,,,,,,,,,
train_57,Базовое_масло_16,02959.22,84.281,,,,,,,,,,,,,,,,,,,,,,,,,,,,1.18,2.82,,,,,,,,,,,,,,,,,,,,,,,,,,,,,,,,,,,,,,,,,,,,,,,,,-40,,,,,,,,,,,,,,,,
train_57,Базовое_масло_2,02596.22,45.461,,,,,,,,,,38,5,42,0,1220,2250,4642,10272,21000,,,96,,,14,,,,5.37,32.61,,,,,,0.00003,,0.028,,,0.00005,,0.00001,,,,,,,,,,0,0,0,,,,,,,,,,,,,,,,,,,,,,,,-18,,,,,,,,,,,,,,,,
train_57,Базовое_масло_3,02598.22,37.779,,,,,,,,,,40,5,40,0,357,561,966,1671,3064,,,129,,,14,,,,4.57,21.55,,,,,,0.00003,,0.00002,,,0.00007,,0.00005,,,,,,,,,,0,0,0,,,,,,,,,,,,,,,,,,,,,,,,-21,,,,,,,,,,,,,,,,
train_57,Депрессорная_присадка_3,28446.22,56.357,,,,,,,,,,,,,,,,,,,,,,,,,,,,110.2,,,,,,,,,,,,,,,,,,,,,,,,,,,,,,,,,,,,,,,,,,,,,,,,,,,,,,,,,,,,,,,,,,
train_57,Детергент_1,0174.22,21.197,,,,,,,,,,,,,,,,,,,,,,,,,,,,163.5,,11.2,,,,,11.2,,,,,,,,,,,,,,,,,,,,,,,,,,,,,,,,,,,,,,,,,,,,,,,,,,,,,,,405.8,,,,
train_57,Детергент_6,03340.22,25.852,,,,,,,,,,,,,,,,,,,,,,,,,,,,269.9,,,,,,,10.14,,,,,,,,,,,,,,,,,,,,,,,,,,,,,,,,,,,,,,,,,,,,,,,,,,,,,,,276.1,,,,
train_57,Дисперсант_1,36524.20,2.109,,,,,,,,,,,,,,,,,,,,,,,,,,,,245.86,,,,,,,,,,,,,,,,,,,,,,,,,,,,,,,,,,,,,,,,,,,,,,,,,,,,,,,,,,,,,,"49,1",,,,
train_57,Загуститель_2,0773.22 (8.5%),3.053,,,,,,,,,,,,,,,,,,,,,,,,,,,,373.32,,,,,,,,,,,,,,,,,,,,,,,,,,,,,,,,,,,,,,,,,,,,,,,,,,,,,,,,,,,,,,,,,,
train_57,Противоизносная_присадка_1,02958.22,26.586,,,,,,,,,,,,,,,,,,,,,,,,,,,,9.19,,,,,,,,,16.41,,,8.939,,9.182,,,,,,,,,,,,,,,,,,,,,,,,,,,,,,,,,,,,,,,,,,,,,,,,,,,,
train_57,Соединение_молибдена_2,01762.22,58.04,,,,,,,,,,,,,,,,,,,,,,,,,,,,,,,,,,,,,,,,,,,,,,,,,,,,,,,,,,,,,,,,,,,,,,,,,,,,,,,,,,,,,,,,,,,,,,
train_58,Антиоксидант_1,02717.22,26.931,,,,,,,,,,,,,,,,,,,,,,,,,,,,6.65,,,,,,,,,,,,,,,,,,,,,,,,,,,,,,,,,,,,,,,,,,,,,,,,,,,,,,,,,,,,,,,,,,
train_58,Антиоксидант_4,01050.22,56.357,,,,,,,,,,,,,,,,,,,,,,,,,,,,,,,,,,,,,,,,,,,,,,,,,,,,,,,,,,,,,,,,,,,,,,,,,,,,,,,,,,,,,,,,,,,,,,
train_58,Антипенная_присадка_1,0940.22,3.991,,,,,,,,,,,,,,,,,,,,,,,,,,,,,,,,,,,,,,,,,,,,,,,,,,,,,,,,,,,,,,,,,,,,,,,,,,,,,,,,,,,,,,,,,,,,,,
train_58,Базовое_масло_16,02959.22,84.281,,,,,,,,,,,,,,,,,,,,,,,,,,,,1.18,2.82,,,,,,,,,,,,,,,,,,,,,,,,,,,,,,,,,,,,,,,,,,,,,,,,,-40,,,,,,,,,,,,,,,,
train_58,Базовое_масло_2,02596.22,45.461,,,,,,,,,,38,5,42,0,1220,2250,4642,10272,21000,,,96,,,14,,,,5.37,32.61,,,,,,0.00003,,0.028,,,0.00005,,0.00001,,,,,,,,,,0,0,0,,,,,,,,,,,,,,,,,,,,,,,,-18,,,,,,,,,,,,,,,,
train_58,Базовое_масло_3,02598.22,67.671,,,,,,,,,,40,5,40,0,357,561,966,1671,3064,,,129,,,14,,,,4.57,21.55,,,,,,0.00003,,0.00002,,,0.00007,,0.00005,,,,,,,,,,0,0,0,,,,,,,,,,,,,,,,,,,,,,,,-21,,,,,,,,,,,,,,,,
train_58,Депрессорная_присадка_3,28446.22,56.357,,,,,,,,,,,,,,,,,,,,,,,,,,,,110.2,,,,,,,,,,,,,,,,,,,,,,,,,,,,,,,,,,,,,,,,,,,,,,,,,,,,,,,,,,,,,,,,,,
train_58,Детергент_1,0174.22,21.197,,,,,,,,,,,,,,,,,,,,,,,,,,,,163.5,,11.2,,,,,11.2,,,,,,,,,,,,,,,,,,,,,,,,,,,,,,,,,,,,,,,,,,,,,,,,,,,,,,,405.8,,,,
train_58,Детергент_2,02957.22,34.506,,,,,,,,,,,,,,,,,,,,,,,,,,,,14.62,,,,,,,6.33,,,,,,,,,,,,,,,,,,,,,,,,,,,,,,,,,,,,,,,,,,,,,,,,,,,,,,,173.3,,,,
train_58,Дисперсант_1,36524.20,2.109,,,,,,,,,,,,,,,,,,,,,,,,,,,,245.86,,,,,,,,,,,,,,,,,,,,,,,,,,,,,,,,,,,,,,,,,,,,,,,,,,,,,,,,,,,,,,"49,1",,,,
train_58,Загуститель_2,0773.22 (8.5%),3.053,,,,,,,,,,,,,,,,,,,,,,,,,,,,373.32,,,,,,,,,,,,,,,,,,,,,,,,,,,,,,,,,,,,,,,,,,,,,,,,,,,,,,,,,,,,,,,,,,
train_58,Противоизносная_присадка_1,02958.22,26.586,,,,,,,,,,,,,,,,,,,,,,,,,,,,9.19,,,,,,,,,16.41,,,8.939,,9.182,,,,,,,,,,,,,,,,,,,,,,,,,,,,,,,,,,,,,,,,,,,,,,,,,,,,
train_58,Соединение_молибдена_2,01762.22,95.918,,,,,,,,,,,,,,,,,,,,,,,,,,,,,,,,,,,,,,,,,,,,,,,,,,,,,,,,,,,,,,,,,,,,,,,,,,,,,,,,,,,,,,,,,,,,,,
train_59,Антиоксидант_1,02717.22,26.931,,,,,,,,,,,,,,,,,,,,,,,,,,,,6.65,,,,,,,,,,,,,,,,,,,,,,,,,,,,,,,,,,,,,,,,,,,,,,,,,,,,,,,,,,,,,,,,,,
train_59,Антиоксидант_4,01050.22,56.357,,,,,,,,,,,,,,,,,,,,,,,,,,,,,,,,,,,,,,,,,,,,,,,,,,,,,,,,,,,,,,,,,,,,,,,,,,,,,,,,,,,,,,,,,,,,,,
train_59,Антипенная_присадка_1,0940.22,3.991,,,,,,,,,,,,,,,,,,,,,,,,,,,,,,,,,,,,,,,,,,,,,,,,,,,,,,,,,,,,,,,,,,,,,,,,,,,,,,,,,,,,,,,,,,,,,,
train_59,Базовое_масло_16,02959.22,84.281,,,,,,,,,,,,,,,,,,,,,,,,,,,,1.18,2.82,,,,,,,,,,,,,,,,,,,,,,,,,,,,,,,,,,,,,,,,,,,,,,,,,-40,,,,,,,,,,,,,,,,
train_59,Базовое_масло_2,02596.22,45.461,,,,,,,,,,38,5,42,0,1220,2250,4642,10272,21000,,,96,,,14,,,,5.37,32.61,,,,,,0.00003,,0.028,,,0.00005,,0.00001,,,,,,,,,,0,0,0,,,,,,,,,,,,,,,,,,,,,,,,-18,,,,,,,,,,,,,,,,
train_59,Базовое_масло_3,02598.22,64.104,,,,,,,,,,40,5,40,0,357,561,966,1671,3064,,,129,,,14,,,,4.57,21.55,,,,,,0.00003,,0.00002,,,0.00007,,0.00005,,,,,,,,,,0,0,0,,,,,,,,,,,,,,,,,,,,,,,,-21,,,,,,,,,,,,,,,,
train_59,Депрессорная_присадка_3,28446.22,56.357,,,,,,,,,,,,,,,,,,,,,,,,,,,,110.2,,,,,,,,,,,,,,,,,,,,,,,,,,,,,,,,,,,,,,,,,,,,,,,,,,,,,,,,,,,,,,,,,,
train_59,Детергент_1,0174.22,21.197,,,,,,,,,,,,,,,,,,,,,,,,,,,,163.5,,11.2,,,,,11.2,,,,,,,,,,,,,,,,,,,,,,,,,,,,,,,,,,,,,,,,,,,,,,,,,,,,,,,405.8,,,,
train_59,Детергент_2,02957.22,34.506,,,,,,,,,,,,,,,,,,,,,,,,,,,,14.62,,,,,,,6.33,,,,,,,,,,,,,,,,,,,,,,,,,,,,,,,,,,,,,,,,,,,,,,,,,,,,,,,173.3,,,,
train_59,Дисперсант_1,36524.20,2.109,,,,,,,,,,,,,,,,,,,,,,,,,,,,245.86,,,,,,,,,,,,,,,,,,,,,,,,,,,,,,,,,,,,,,,,,,,,,,,,,,,,,,,,,,,,,,"49,1",,,,
train_59,Загуститель_2,0773.22 (8.5%),3.053,,,,,,,,,,,,,,,,,,,,,,,,,,,,373.32,,,,,,,,,,,,,,,,,,,,,,,,,,,,,,,,,,,,,,,,,,,,,,,,,,,,,,,,,,,,,,,,,,
train_59,Противоизносная_присадка_1,02958.22,26.586,,,,,,,,,,,,,,,,,,,,,,,,,,,,9.19,,,,,,,,,16.41,,,8.939,,9.182,,,,,,,,,,,,,,,,,,,,,,,,,,,,,,,,,,,,,,,,,,,,,,,,,,,,
train_59,Соединение_молибдена_2,01762.22,58.04,,,,,,,,,,,,,,,,,,,,,,,,,,,,,,,,,,,,,,,,,,,,,,,,,,,,,,,,,,,,,,,,,,,,,,,,,,,,,,,,,,,,,,,,,,,,,,
train_60,Антиоксидант_1,02717.22,26.931,,,,,,,,,,,,,,,,,,,,,,,,,,,,6.65,,,,,,,,,,,,,,,,,,,,,,,,,,,,,,,,,,,,,,,,,,,,,,,,,,,,,,,,,,,,,,,,,,
train_60,Антиоксидант_4,01050.22,56.357,,,,,,,,,,,,,,,,,,,,,,,,,,,,,,,,,,,,,,,,,,,,,,,,,,,,,,,,,,,,,,,,,,,,,,,,,,,,,,,,,,,,,,,,,,,,,,
train_60,Антипенная_присадка_1,0940.22,3.991,,,,,,,,,,,,,,,,,,,,,,,,,,,,,,,,,,,,,,,,,,,,,,,,,,,,,,,,,,,,,,,,,,,,,,,,,,,,,,,,,,,,,,,,,,,,,,
train_60,Базовое_масло_16,02959.22,84.281,,,,,,,,,,,,,,,,,,,,,,,,,,,,1.18,2.82,,,,,,,,,,,,,,,,,,,,,,,,,,,,,,,,,,,,,,,,,,,,,,,,,-40,,,,,,,,,,,,,,,,
train_60,Базовое_масло_2,02596.22,45.461,,,,,,,,,,38,5,42,0,1220,2250,4642,10272,21000,,,96,,,14,,,,5.37,32.61,,,,,,0.00003,,0.028,,,0.00005,,0.00001,,,,,,,,,,0,0,0,,,,,,,,,,,,,,,,,,,,,,,,-18,,,,,,,,,,,,,,,,
train_60,Базовое_масло_3,02598.22,43.021,,,,,,,,,,40,5,40,0,357,561,966,1671,3064,,,129,,,14,,,,4.57,21.55,,,,,,0.00003,,0.00002,,,0.00007,,0.00005,,,,,,,,,,0,0,0,,,,,,,,,,,,,,,,,,,,,,,,-21,,,,,,,,,,,,,,,,
train_60,Депрессорная_присадка_3,28446.22,56.357,,,,,,,,,,,,,,,,,,,,,,,,,,,,110.2,,,,,,,,,,,,,,,,,,,,,,,,,,,,,,,,,,,,,,,,,,,,,,,,,,,,,,,,,,,,,,,,,,
train_60,Детергент_1,0174.22,21.197,,,,,,,,,,,,,,,,,,,,,,,,,,,,163.5,,11.2,,,,,11.2,,,,,,,,,,,,,,,,,,,,,,,,,,,,,,,,,,,,,,,,,,,,,,,,,,,,,,,405.8,,,,
train_60,Детергент_2,02957.22,34.506,,,,,,,,,,,,,,,,,,,,,,,,,,,,14.62,,,,,,,6.33,,,,,,,,,,,,,,,,,,,,,,,,,,,,,,,,,,,,,,,,,,,,,,,,,,,,,,,173.3,,,,
train_60,Дисперсант_1,36524.20,56.698,,,,,,,,,,,,,,,,,,,,,,,,,,,,245.86,,,,,,,,,,,,,,,,,,,,,,,,,,,,,,,,,,,,,,,,,,,,,,,,,,,,,,,,,,,,,,"49,1",,,,
train_60,Загуститель_2,0773.22 (8.5%),3.053,,,,,,,,,,,,,,,,,,,,,,,,,,,,373.32,,,,,,,,,,,,,,,,,,,,,,,,,,,,,,,,,,,,,,,,,,,,,,,,,,,,,,,,,,,,,,,,,,
train_60,Противоизносная_присадка_1,02958.22,26.586,,,,,,,,,,,,,,,,,,,,,,,,,,,,9.19,,,,,,,,,16.41,,,8.939,,9.182,,,,,,,,,,,,,,,,,,,,,,,,,,,,,,,,,,,,,,,,,,,,,,,,,,,,
train_60,Соединение_молибдена_2,01762.22,58.04,,,,,,,,,,,,,,,,,,,,,,,,,,,,,,,,,,,,,,,,,,,,,,,,,,,,,,,,,,,,,,,,,,,,,,,,,,,,,,,,,,,,,,,,,,,,,,
train_61,Антиоксидант_1,02717.22,26.931,,,,,,,,,,,,,,,,,,,,,,,,,,,,6.65,,,,,,,,,,,,,,,,,,,,,,,,,,,,,,,,,,,,,,,,,,,,,,,,,,,,,,,,,,,,,,,,,,
train_61,Антиоксидант_4,01050.22,56.357,,,,,,,,,,,,,,,,,,,,,,,,,,,,,,,,,,,,,,,,,,,,,,,,,,,,,,,,,,,,,,,,,,,,,,,,,,,,,,,,,,,,,,,,,,,,,,
train_61,Антипенная_присадка_1,0940.22,3.991,,,,,,,,,,,,,,,,,,,,,,,,,,,,,,,,,,,,,,,,,,,,,,,,,,,,,,,,,,,,,,,,,,,,,,,,,,,,,,,,,,,,,,,,,,,,,,
train_61,Базовое_масло_16,02959.22,84.281,,,,,,,,,,,,,,,,,,,,,,,,,,,,1.18,2.82,,,,,,,,,,,,,,,,,,,,,,,,,,,,,,,,,,,,,,,,,,,,,,,,,-40,,,,,,,,,,,,,,,,
train_61,Базовое_масло_2,02596.22,45.461,,,,,,,,,,38,5,42,0,1220,2250,4642,10272,21000,,,96,,,14,,,,5.37,32.61,,,,,,0.00003,,0.028,,,0.00005,,0.00001,,,,,,,,,,0,0,0,,,,,,,,,,,,,,,,,,,,,,,,-18,,,,,,,,,,,,,,,,
train_61,Базовое_масло_3,02598.22,64.104,,,,,,,,,,40,5,40,0,357,561,966,1671,3064,,,129,,,14,,,,4.57,21.55,,,,,,0.00003,,0.00002,,,0.00007,,0.00005,,,,,,,,,,0,0,0,,,,,,,,,,,,,,,,,,,,,,,,-21,,,,,,,,,,,,,,,,
train_61,Депрессорная_присадка_3,28446.22,56.357,,,,,,,,,,,,,,,,,,,,,,,,,,,,110.2,,,,,,,,,,,,,,,,,,,,,,,,,,,,,,,,,,,,,,,,,,,,,,,,,,,,,,,,,,,,,,,,,,
train_61,Детергент_1,0174.22,21.197,,,,,,,,,,,,,,,,,,,,,,,,,,,,163.5,,11.2,,,,,11.2,,,,,,,,,,,,,,,,,,,,,,,,,,,,,,,,,,,,,,,,,,,,,,,,,,,,,,,405.8,,,,
train_61,Детергент_2,02957.22,34.506,,,,,,,,,,,,,,,,,,,,,,,,,,,,14.62,,,,,,,6.33,,,,,,,,,,,,,,,,,,,,,,,,,,,,,,,,,,,,,,,,,,,,,,,,,,,,,,,173.3,,,,
train_61,Дисперсант_1,36524.20,2.109,,,,,,,,,,,,,,,,,,,,,,,,,,,,245.86,,,,,,,,,,,,,,,,,,,,,,,,,,,,,,,,,,,,,,,,,,,,,,,,,,,,,,,,,,,,,,"49,1",,,,
train_61,Загуститель_2,0773.22 (8.5%),3.053,,,,,,,,,,,,,,,,,,,,,,,,,,,,373.32,,,,,,,,,,,,,,,,,,,,,,,,,,,,,,,,,,,,,,,,,,,,,,,,,,,,,,,,,,,,,,,,,,
train_61,Противоизносная_присадка_20,02976.22,26.586,,,,,,,,,,,,,,,,,,,,,,,,,,,,8.99,,,,,,,0.001,,15.97,,,8.719,,9.179,,,,,,,,,,,,,,,,,,,,,,,,,,,,,,,,,,,,,,,,,,,,,,,,,,,,
train_61,Соединение_молибдена_2,01762.22,58.04,,,,,,,,,,,,,,,,,,,,,,,,,,,,,,,,,,,,,,,,,,,,,,,,,,,,,,,,,,,,,,,,,,,,,,,,,,,,,,,,,,,,,,,,,,,,,,
train_62,Антиоксидант_1,02717.22,26.931,,,,,,,,,,,,,,,,,,,,,,,,,,,,6.65,,,,,,,,,,,,,,,,,,,,,,,,,,,,,,,,,,,,,,,,,,,,,,,,,,,,,,,,,,,,,,,,,,
train_62,Антиоксидант_4,01050.22,56.357,,,,,,,,,,,,,,,,,,,,,,,,,,,,,,,,,,,,,,,,,,,,,,,,,,,,,,,,,,,,,,,,,,,,,,,,,,,,,,,,,,,,,,,,,,,,,,
train_62,Антипенная_присадка_1,0940.22,3.991,,,,,,,,,,,,,,,,,,,,,,,,,,,,,,,,,,,,,,,,,,,,,,,,,,,,,,,,,,,,,,,,,,,,,,,,,,,,,,,,,,,,,,,,,,,,,,
train_62,Базовое_масло_16,02959.22,84.281,,,,,,,,,,,,,,,,,,,,,,,,,,,,1.18,2.82,,,,,,,,,,,,,,,,,,,,,,,,,,,,,,,,,,,,,,,,,,,,,,,,,-40,,,,,,,,,,,,,,,,
train_62,Базовое_масло_2,02596.22,45.461,,,,,,,,,,38,5,42,0,1220,2250,4642,10272,21000,,,96,,,14,,,,5.37,32.61,,,,,,0.00003,,0.028,,,0.00005,,0.00001,,,,,,,,,,0,0,0,,,,,,,,,,,,,,,,,,,,,,,,-18,,,,,,,,,,,,,,,,
train_62,Базовое_масло_3,02598.22,12.007,,,,,,,,,,40,5,40,0,357,561,966,1671,3064,,,129,,,14,,,,4.57,21.55,,,,,,0.00003,,0.00002,,,0.00007,,0.00005,,,,,,,,,,0,0,0,,,,,,,,,,,,,,,,,,,,,,,,-21,,,,,,,,,,,,,,,,
train_62,Депрессорная_присадка_3,28446.22,56.357,,,,,,,,,,,,,,,,,,,,,,,,,,,,110.2,,,,,,,,,,,,,,,,,,,,,,,,,,,,,,,,,,,,,,,,,,,,,,,,,,,,,,,,,,,,,,,,,,
train_62,Детергент_1,0174.22,21.197,,,,,,,,,,,,,,,,,,,,,,,,,,,,163.5,,11.2,,,,,11.2,,,,,,,,,,,,,,,,,,,,,,,,,,,,,,,,,,,,,,,,,,,,,,,,,,,,,,,405.8,,,,
train_62,Детергент_2,02957.22,34.506,,,,,,,,,,,,,,,,,,,,,,,,,,,,14.62,,,,,,,6.33,,,,,,,,,,,,,,,,,,,,,,,,,,,,,,,,,,,,,,,,,,,,,,,,,,,,,,,173.3,,,,
train_62,Дисперсант_1,36524.20,56.698,,,,,,,,,,,,,,,,,,,,,,,,,,,,245.86,,,,,,,,,,,,,,,,,,,,,,,,,,,,,,,,,,,,,,,,,,,,,,,,,,,,,,,,,,,,,,"49,1",,,,
train_62,Загуститель_2,0773.22 (8.5%),3.053,,,,,,,,,,,,,,,,,,,,,,,,,,,,373.32,,,,,,,,,,,,,,,,,,,,,,,,,,,,,,,,,,,,,,,,,,,,,,,,,,,,,,,,,,,,,,,,,,
train_62,Противоизносная_присадка_1,02958.22,26.586,,,,,,,,,,,,,,,,,,,,,,,,,,,,9.19,,,,,,,,,16.41,,,8.939,,9.182,,,,,,,,,,,,,,,,,,,,,,,,,,,,,,,,,,,,,,,,,,,,,,,,,,,,
train_62,Соединение_молибдена_2,01762.22,95.918,,,,,,,,,,,,,,,,,,,,,,,,,,,,,,,,,,,,,,,,,,,,,,,,,,,,,,,,,,,,,,,,,,,,,,,,,,,,,,,,,,,,,,,,,,,,,,
train_63,Антиоксидант_1,02717.22,26.931,,,,,,,,,,,,,,,,,,,,,,,,,,,,6.65,,,,,,,,,,,,,,,,,,,,,,,,,,,,,,,,,,,,,,,,,,,,,,,,,,,,,,,,,,,,,,,,,,
train_63,Антиоксидант_4,01050.22,56.357,,,,,,,,,,,,,,,,,,,,,,,,,,,,,,,,,,,,,,,,,,,,,,,,,,,,,,,,,,,,,,,,,,,,,,,,,,,,,,,,,,,,,,,,,,,,,,
train_63,Антипенная_присадка_1,0940.22,3.991,,,,,,,,,,,,,,,,,,,,,,,,,,,,,,,,,,,,,,,,,,,,,,,,,,,,,,,,,,,,,,,,,,,,,,,,,,,,,,,,,,,,,,,,,,,,,,
train_63,Базовое_масло_16,02959.22,84.281,,,,,,,,,,,,,,,,,,,,,,,,,,,,1.18,2.82,,,,,,,,,,,,,,,,,,,,,,,,,,,,,,,,,,,,,,,,,,,,,,,,,-40,,,,,,,,,,,,,,,,
train_63,Базовое_масло_2,02596.22,45.461,,,,,,,,,,38,5,42,0,1220,2250,4642,10272,21000,,,96,,,14,,,,5.37,32.61,,,,,,0.00003,,0.028,,,0.00005,,0.00001,,,,,,,,,,0,0,0,,,,,,,,,,,,,,,,,,,,,,,,-18,,,,,,,,,,,,,,,,
train_63,Базовое_масло_3,02598.22,76.442,,,,,,,,,,40,5,40,0,357,561,966,1671,3064,,,129,,,14,,,,4.57,21.55,,,,,,0.00003,,0.00002,,,0.00007,,0.00005,,,,,,,,,,0,0,0,,,,,,,,,,,,,,,,,,,,,,,,-21,,,,,,,,,,,,,,,,
train_63,Депрессорная_присадка_3,28446.22,56.357,,,,,,,,,,,,,,,,,,,,,,,,,,,,110.2,,,,,,,,,,,,,,,,,,,,,,,,,,,,,,,,,,,,,,,,,,,,,,,,,,,,,,,,,,,,,,,,,,
train_63,Детергент_1,0174.22,21.197,,,,,,,,,,,,,,,,,,,,,,,,,,,,163.5,,11.2,,,,,11.2,,,,,,,,,,,,,,,,,,,,,,,,,,,,,,,,,,,,,,,,,,,,,,,,,,,,,,,405.8,,,,
train_63,Детергент_6,03340.22,25.852,,,,,,,,,,,,,,,,,,,,,,,,,,,,269.9,,,,,,,10.14,,,,,,,,,,,,,,,,,,,,,,,,,,,,,,,,,,,,,,,,,,,,,,,,,,,,,,,276.1,,,,
train_63,Дисперсант_1,36524.20,2.109,,,,,,,,,,,,,,,,,,,,,,,,,,,,245.86,,,,,,,,,,,,,,,,,,,,,,,,,,,,,,,,,,,,,,,,,,,,,,,,,,,,,,,,,,,,,,"49,1",,,,
train_63,Загуститель_2,0773.22 (8.5%),3.053,,,,,,,,,,,,,,,,,,,,,,,,,,,,373.32,,,,,,,,,,,,,,,,,,,,,,,,,,,,,,,,,,,,,,,,,,,,,,,,,,,,,,,,,,,,,,,,,,
train_63,Противоизносная_присадка_1,02958.22,26.586,,,,,,,,,,,,,,,,,,,,,,,,,,,,9.19,,,,,,,,,16.41,,,8.939,,9.182,,,,,,,,,,,,,,,,,,,,,,,,,,,,,,,,,,,,,,,,,,,,,,,,,,,,
train_63,Соединение_молибдена_2,01762.22,95.918,,,,,,,,,,,,,,,,,,,,,,,,,,,,,,,,,,,,,,,,,,,,,,,,,,,,,,,,,,,,,,,,,,,,,,,,,,,,,,,,,,,,,,,,,,,,,,
train_64,Антиоксидант_1,01028.23,26.931,,,,,,,,,,,,,,,,,,,,,,,,,,,,6.8,,,,,,,,,,,,,,,,,,,,,,,,,,,,,,,,,,,,,,,,,,,,,,,,,,,,,,,,,,,,,,0,0,,,
train_64,Антиоксидант_10,4793.19,43.971,,,,,,,,,,,,,,,,,,,,,,,,,,,,21.67,,,,,,,0.253,,,8.64,,0.432,,0.0278,,,,,,,,,,,,,,,,,,,,,,,,,,,,,,,,,,,,,,,,,,,,,,,,8.53,5.26,,,
train_64,Антиоксидант_4,01050.22,56.357,,,,,,,,,,,,,,,,,,,,,,,,,,,,,,,,,,,,,,,,,,,,,,,,,,,,,,,,,,,,,,,,,,,,,,,,,,,,,,,,,,,,,,,,,,,,,,
train_64,Антипенная_присадка_1,0940.22,3.991,,,,,,,,,,,,,,,,,,,,,,,,,,,,,,,,,,,,,,,,,,,,,,,,,,,,,,,,,,,,,,,,,,,,,,,,,,,,,,,,,,,,,,,,,,,,,,
train_64,Базовое_масло_16,02959.22,84.281,,,,,,,,,,,,,,,,,,,,,,,,,,,,1.18,2.82,,,,,,,,,,,,,,,,,,,,,,,,,,,,,,,,,,,,,,,,,,,,,,,,,-40,,,,,,,,,,,,,,,,
train_64,Базовое_масло_2,02596.22,55.626,,,,,,,,,,38,5,42,0,1220,2250,4642,10272,21000,,,96,,,14,,,,5.37,32.61,,,,,,0.00003,,0.028,,,0.00005,,0.00001,,,,,,,,,,0,0,0,,,,,,,,,,,,,,,,,,,,,,,,-18,,,,,,,,,,,,,,,,
train_64,Базовое_масло_3,0754/23,79.813,,,,,,,,,,40,5,40,0,335,519,862,1466,2743,,,127,,,14.2,,,,4.34,20.02,,,,,,0.0012,,0.0002,,,0.0002,,0.0002,,,,,,,,,,0,0,0,,,,,,,,,,,,,,,,,,,,,,,,-19,,,,,,,,,,,,,,,,
train_64,Депрессорная_присадка_3,28446.22,56.357,,,,,,,,,,,,,,,,,,,,,,,,,,,,110.2,,,,,,,,,,,,,,,,,,,,,,,,,,,,,,,,,,,,,,,,,,,,,,,,,,,,,,,,,,,,,,,,,,
train_64,Детергент_1,из 328 р-р 01295.23,21.197,,,,,,,,,,,,,,,,,,,,,,,,,,,,125,,,,,,,16.29,,,,,0.0006,,0.0007,,,,,,,,,,,,,,,,,,,,,,,,,,,,,,,,,,,,,,,,,,,,,,,,407,,,,
train_64,Детергент_2,02957.22,34.506,,,,,,,,,,,,,,,,,,,,,,,,,,,,14.62,,,,,,,6.33,,,,,,,,,,,,,,,,,,,,,,,,,,,,,,,,,,,,,,,,,,,,,,,,,,,,,,,173.3,,,,
train_64,Дисперсант_1,03067.22,56.698,,,,,,,,,,,,,,,,,,,,,,,,,,,,248.7,,,,,,,0.002,,,,,0.002,,0.003,,,,,,,,,,,,,,,,,,,,,,,,,,,,,,,,,,,,,,,,,,,,,,,,40.9,,,,
train_64,Загуститель_2,0773.22 (8.5%),43.118,,,,,,,,,,,,,,,,,,,,,,,,,,,,373.32,,,,,,,,,,,,,,,,,,,,,,,,,,,,,,,,,,,,,,,,,,,,,,,,,,,,,,,,,,,,,,,,,,
train_64,Противоизносная_присадка_1,02958.22,26.586,,,,,,,,,,,,,,,,,,,,,,,,,,,,9.19,,,,,,,,,16.41,,,8.939,,9.182,,,,,,,,,,,,,,,,,,,,,,,,,,,,,,,,,,,,,,,,,,,,,,,,,,,,
train_65,Антиоксидант_1,01028.23,26.931,,,,,,,,,,,,,,,,,,,,,,,,,,,,6.8,,,,,,,,,,,,,,,,,,,,,,,,,,,,,,,,,,,,,,,,,,,,,,,,,,,,,,,,,,,,,,0,0,,,
train_65,Антиоксидант_4,01050.22,56.357,,,,,,,,,,,,,,,,,,,,,,,,,,,,,,,,,,,,,,,,,,,,,,,,,,,,,,,,,,,,,,,,,,,,,,,,,,,,,,,,,,,,,,,,,,,,,,
train_65,Антипенная_присадка_1,0940.22,3.991,,,,,,,,,,,,,,,,,,,,,,,,,,,,,,,,,,,,,,,,,,,,,,,,,,,,,,,,,,,,,,,,,,,,,,,,,,,,,,,,,,,,,,,,,,,,,,
train_65,Базовое_масло_16,02959.22,84.281,,,,,,,,,,,,,,,,,,,,,,,,,,,,1.18,2.82,,,,,,,,,,,,,,,,,,,,,,,,,,,,,,,,,,,,,,,,,,,,,,,,,-40,,,,,,,,,,,,,,,,
train_65,Базовое_масло_2,02596.22,55.626,,,,,,,,,,38,5,42,0,1220,2250,4642,10272,21000,,,96,,,14,,,,5.37,32.61,,,,,,0.00003,,0.028,,,0.00005,,0.00001,,,,,,,,,,0,0,0,,,,,,,,,,,,,,,,,,,,,,,,-18,,,,,,,,,,,,,,,,
train_65,Базовое_масло_3,01487.23,8.664,,,,,,,,,,40,10,40,0,388,591,966,1647,2993,,,124,,,9.1,,,,4.46,21.19,,,,,,0.0003,,0.001,,,0.0002,,0.0002,,,,,,,,,,0,0,0,,,,,,,,,,,,,,,,,,,,,,,,-25,,,,,,,,,,,,,,,,
train_65,Депрессорная_присадка_3,28446.22,56.357,,,,,,,,,,,,,,,,,,,,,,,,,,,,110.2,,,,,,,,,,,,,,,,,,,,,,,,,,,,,,,,,,,,,,,,,,,,,,,,,,,,,,,,,,,,,,,,,,
train_65,Детергент_1,из 328 р-р 01295.23,21.197,,,,,,,,,,,,,,,,,,,,,,,,,,,,125,,,,,,,16.29,,,,,0.0006,,0.0007,,,,,,,,,,,,,,,,,,,,,,,,,,,,,,,,,,,,,,,,,,,,,,,,407,,,,
train_65,Детергент_2,02957.22,34.506,,,,,,,,,,,,,,,,,,,,,,,,,,,,14.62,,,,,,,6.33,,,,,,,,,,,,,,,,,,,,,,,,,,,,,,,,,,,,,,,,,,,,,,,,,,,,,,,173.3,,,,
train_65,Дисперсант_1,03067.22,56.698,,,,,,,,,,,,,,,,,,,,,,,,,,,,248.7,,,,,,,0.002,,,,,0.002,,0.003,,,,,,,,,,,,,,,,,,,,,,,,,,,,,,,,,,,,,,,,,,,,,,,,40.9,,,,
train_65,Загуститель_2,0773.22 (8.5%),43.118,,,,,,,,,,,,,,,,,,,,,,,,,,,,373.32,,,,,,,,,,,,,,,,,,,,,,,,,,,,,,,,,,,,,,,,,,,,,,,,,,,,,,,,,,,,,,,,,,
train_65,Противоизносная_присадка_1,02958.22,26.586,,,,,,,,,,,,,,,,,,,,,,,,,,,,9.19,,,,,,,,,16.41,,,8.939,,9.182,,,,,,,,,,,,,,,,,,,,,,,,,,,,,,,,,,,,,,,,,,,,,,,,,,,,
train_65,Соединение_молибдена_5,COMP-2023-0002-M,95.918,,,,,,,,,,,,,,,,,,,,,,,,,,,,,,,,,,,,,,,,,,,,,,,,,,,,,,,,,,,,,,,,,,,,,,,,,,,,,,,,,,,,,,,,,,,,,,
train_66,Антиоксидант_1,01028.23,26.931,,,,,,,,,,,,,,,,,,,,,,,,,,,,6.8,,,,,,,,,,,,,,,,,,,,,,,,,,,,,,,,,,,,,,,,,,,,,,,,,,,,,,,,,,,,,,0,0,,,
train_66,Антиоксидант_4,01050.22,56.357,,,,,,,,,,,,,,,,,,,,,,,,,,,,,,,,,,,,,,,,,,,,,,,,,,,,,,,,,,,,,,,,,,,,,,,,,,,,,,,,,,,,,,,,,,,,,,
train_66,Антипенная_присадка_1,0940.22,3.991,,,,,,,,,,,,,,,,,,,,,,,,,,,,,,,,,,,,,,,,,,,,,,,,,,,,,,,,,,,,,,,,,,,,,,,,,,,,,,,,,,,,,,,,,,,,,,
train_66,Базовое_масло_16,02959.22,84.281,,,,,,,,,,,,,,,,,,,,,,,,,,,,1.18,2.82,,,,,,,,,,,,,,,,,,,,,,,,,,,,,,,,,,,,,,,,,,,,,,,,,-40,,,,,,,,,,,,,,,,
train_66,Базовое_масло_2,02596.22,55.626,,,,,,,,,,38,5,42,0,1220,2250,4642,10272,21000,,,96,,,14,,,,5.37,32.61,,,,,,0.00003,,0.028,,,0.00005,,0.00001,,,,,,,,,,0,0,0,,,,,,,,,,,,,,,,,,,,,,,,-18,,,,,,,,,,,,,,,,
train_66,Базовое_масло_3,0754/23,8.664,,,,,,,,,,40,5,40,0,335,519,862,1466,2743,,,127,,,14.2,,,,4.34,20.02,,,,,,0.0012,,0.0002,,,0.0002,,0.0002,,,,,,,,,,0,0,0,,,,,,,,,,,,,,,,,,,,,,,,-19,,,,,,,,,,,,,,,,
train_66,Депрессорная_присадка_3,28446.22,56.357,,,,,,,,,,,,,,,,,,,,,,,,,,,,110.2,,,,,,,,,,,,,,,,,,,,,,,,,,,,,,,,,,,,,,,,,,,,,,,,,,,,,,,,,,,,,,,,,,
train_66,Детергент_1,из 328 р-р 01295.23,21.197,,,,,,,,,,,,,,,,,,,,,,,,,,,,125,,,,,,,16.29,,,,,0.0006,,0.0007,,,,,,,,,,,,,,,,,,,,,,,,,,,,,,,,,,,,,,,,,,,,,,,,407,,,,
train_66,Детергент_2,02957.22,34.506,,,,,,,,,,,,,,,,,,,,,,,,,,,,14.62,,,,,,,6.33,,,,,,,,,,,,,,,,,,,,,,,,,,,,,,,,,,,,,,,,,,,,,,,,,,,,,,,173.3,,,,
train_66,Дисперсант_1,03067.22,56.698,,,,,,,,,,,,,,,,,,,,,,,,,,,,248.7,,,,,,,0.002,,,,,0.002,,0.003,,,,,,,,,,,,,,,,,,,,,,,,,,,,,,,,,,,,,,,,,,,,,,,,40.9,,,,
train_66,Загуститель_2,0773.22 (8.5%),43.118,,,,,,,,,,,,,,,,,,,,,,,,,,,,373.32,,,,,,,,,,,,,,,,,,,,,,,,,,,,,,,,,,,,,,,,,,,,,,,,,,,,,,,,,,,,,,,,,,
train_66,Противоизносная_присадка_1,02958.22,26.586,,,,,,,,,,,,,,,,,,,,,,,,,,,,9.19,,,,,,,,,16.41,,,8.939,,9.182,,,,,,,,,,,,,,,,,,,,,,,,,,,,,,,,,,,,,,,,,,,,,,,,,,,,
train_66,Соединение_молибдена_6,01027.23,95.918,,,,,,,,,,,,,,,,,,,,,,,,,,,,26.69,,,,,,,,,,,,,,,,,,,,,,,,,,,,,,,,,,,,,,,,,,,,,,,,,,,,,,,,,,,,,,,,,,
train_67,Антиоксидант_1,01028.23,26.931,,,,,,,,,,,,,,,,,,,,,,,,,,,,6.8,,,,,,,,,,,,,,,,,,,,,,,,,,,,,,,,,,,,,,,,,,,,,,,,,,,,,,,,,,,,,,0,0,,,
train_67,Антиоксидант_4,01050.22,56.357,,,,,,,,,,,,,,,,,,,,,,,,,,,,,,,,,,,,,,,,,,,,,,,,,,,,,,,,,,,,,,,,,,,,,,,,,,,,,,,,,,,,,,,,,,,,,,
train_67,Антипенная_присадка_1,0940.22,3.991,,,,,,,,,,,,,,,,,,,,,,,,,,,,,,,,,,,,,,,,,,,,,,,,,,,,,,,,,,,,,,,,,,,,,,,,,,,,,,,,,,,,,,,,,,,,,,
train_67,Базовое_масло_16,02959.22,84.281,,,,,,,,,,,,,,,,,,,,,,,,,,,,1.18,2.82,,,,,,,,,,,,,,,,,,,,,,,,,,,,,,,,,,,,,,,,,,,,,,,,,-40,,,,,,,,,,,,,,,,
train_67,Базовое_масло_2,02596.22,55.626,,,,,,,,,,38,5,42,0,1220,2250,4642,10272,21000,,,96,,,14,,,,5.37,32.61,,,,,,0.00003,,0.028,,,0.00005,,0.00001,,,,,,,,,,0,0,0,,,,,,,,,,,,,,,,,,,,,,,,-18,,,,,,,,,,,,,,,,
train_67,Базовое_масло_3,0754/23,45.913,,,,,,,,,,40,5,40,0,335,519,862,1466,2743,,,127,,,14.2,,,,4.34,20.02,,,,,,0.0012,,0.0002,,,0.0002,,0.0002,,,,,,,,,,0,0,0,,,,,,,,,,,,,,,,,,,,,,,,-19,,,,,,,,,,,,,,,,
train_67,Депрессорная_присадка_3,28446.22,56.357,,,,,,,,,,,,,,,,,,,,,,,,,,,,110.2,,,,,,,,,,,,,,,,,,,,,,,,,,,,,,,,,,,,,,,,,,,,,,,,,,,,,,,,,,,,,,,,,,
train_67,Детергент_1,из 328 р-р 01295.23,21.197,,,,,,,,,,,,,,,,,,,,,,,,,,,,125,,,,,,,16.29,,,,,0.0006,,0.0007,,,,,,,,,,,,,,,,,,,,,,,,,,,,,,,,,,,,,,,,,,,,,,,,407,,,,
train_67,Детергент_2,02957.22,34.506,,,,,,,,,,,,,,,,,,,,,,,,,,,,14.62,,,,,,,6.33,,,,,,,,,,,,,,,,,,,,,,,,,,,,,,,,,,,,,,,,,,,,,,,,,,,,,,,173.3,,,,
train_67,Дисперсант_1,03067.22,56.698,,,,,,,,,,,,,,,,,,,,,,,,,,,,248.7,,,,,,,0.002,,,,,0.002,,0.003,,,,,,,,,,,,,,,,,,,,,,,,,,,,,,,,,,,,,,,,,,,,,,,,40.9,,,,
train_67,Загуститель_2,0773.22 (8.5%),43.118,,,,,,,,,,,,,,,,,,,,,,,,,,,,373.32,,,,,,,,,,,,,,,,,,,,,,,,,,,,,,,,,,,,,,,,,,,,,,,,,,,,,,,,,,,,,,,,,,
train_67,Противоизносная_присадка_1,02958.22,26.586,,,,,,,,,,,,,,,,,,,,,,,,,,,,9.19,,,,,,,,,16.41,,,8.939,,9.182,,,,,,,,,,,,,,,,,,,,,,,,,,,,,,,,,,,,,,,,,,,,,,,,,,,,
train_67,Соединение_молибдена_1,COMP-2023-0003-M,38.014,,,,,,,,,,,,,,,,,,,,,,,,,,,,,,,,,,,,,,,,,,,,,,,,,,,,,,,,,,,,,,,,,,,,,,,,,,,,,,,,,,,,,,,,,,,,,,
train_68,Антиоксидант_1,01028.23,0.422,,,,,,,,,,,,,,,,,,,,,,,,,,,,6.8,,,,,,,,,,,,,,,,,,,,,,,,,,,,,,,,,,,,,,,,,,,,,,,,,,,,,,,,,,,,,,0,0,,,
train_68,Антиоксидант_9,03606.23(2023101002),56.357,,,,,,,,,,,,,,,,,,,,,,,,,,,,,,,,,,,,,,,,,,,,,,,,,,,,,,,,,,,,,,,,,,,,,,,,,,,,,,,,,,,,,,,,,,,,,,
train_68,Базовое_масло_1,01509.24,93.193,,,,,,,,,,,,,,517,863,1407,2461,4719,,,110,,,,,,,4.5,22.76,,,,,,,,,,,,,,,,,,,,,843.6,840.2,,,,,,,,,,,,,,,,,,,,,,,,,,,-28,,,,,,,,,,,,,,,,
train_68,Базовое_масло_3,01508.24,28.19,,,,,,,,,,,,,,386,642,1046,1765,3204,,,126,,,,,,,4.49,21.2,,,,,,,,,,,,,,,,,,,,,,,,,,,,,,,,,,,,,,,,,,,,,,,,,-20,,,,,,,,,,,,,,,,
train_68,Депрессорная_присадка_1,0800.24,26.931,,,,,,,,,,,,,,,,,,,,,,,,,,,,305.4,,,,,,,,,,,,,,,,,,,,,,,,,,,,,,,,,,,,,,,,,,,,,,,,,,,,,,,,,,,,,,,,,,
train_68,Детергент_1,03203.23,42.649,,,,,,,,,,,,,,,,,,,,,,,,,,,,88.91,,,,,,,16.24,,,,,,,,,,,,,,,,,,,,,,,,,,,,,,,,,,,,,,,,,,,,,,,,,,,,,,,404,,,,
train_68,Детергент_2,01297.23,34.506,,,,,,,,,,,,,,,,,,,,,,,,,,,,14.47,,,,,,,6.48,,,,,0.0004,,0.0002,,,,,,,,,,,,,,,,,,,,,,,,,,,,,,,,,,,,,,,,,,,,,,,,171,,,,
train_68,Дисперсант_2,01025.23,89.381,,,,,,,,,,,,,,,,,,,,,,,,,,,,417.9,,,,,,,0.0009,,0.0027,,,0.0007,,0.0002,,,,,,,,,,,,,,,,,,,,,,,,,,,,,,,,,,,,,,,,,,,,,,,,17.5,,,,
train_68,Дисперсант_3,П-23-035,31.092,,,,,,,,,,,,,,,,,,,,,,,,,,,,182.45,,,,,,,0.0001,,0.049,,,0.0045,,0.0001,,,,,,,,,,,,,,,,,,,,,,,,,,,,,,,,,,,,,,,,,,,,,,,,26,,,,
train_68,Загуститель_3,"8,6% ЦП 28.02.2024",74.381,,,,,,,,,,,,,,,,,,,,,,,,,,,,,,,,,,,,,,,,,,,,,,,,,,,,,,,,,,,,,,,,,,,,,,,,,,,,,,,,,,,,,,,,,,,,,,
train_68,Противоизносная_присадка_1,0812.24,26.586,,,,,,,,,,,,,,,,,,,,,,,,,,,,,,,,,,,,,,,,,,,,,,,,,,,,,,,,,,,,,,,,,,,,,,,,,,,,,,,,,,,,,,,,,,,,,,
train_68,Соединение_молибдена_1,COMP-2023-0003-M,38.014,,,,,,,,,,,,,,,,,,,,,,,,,,,,,,,,,,,,,,,,,,,,,,,,,,,,,,,,,,,,,,,,,,,,,,,,,,,,,,,,,,,,,,,,,,,,,,
train_69,Антиоксидант_1,01028.23,0.422,,,,,,,,,,,,,,,,,,,,,,,,,,,,6.8,,,,,,,,,,,,,,,,,,,,,,,,,,,,,,,,,,,,,,,,,,,,,,,,,,,,,,,,,,,,,,0,0,,,
train_69,Антиоксидант_9,03606.23(2023101002),56.357,,,,,,,,,,,,,,,,,,,,,,,,,,,,,,,,,,,,,,,,,,,,,,,,,,,,,,,,,,,,,,,,,,,,,,,,,,,,,,,,,,,,,,,,,,,,,,
train_69,Базовое_масло_1,01509.24,93.193,,,,,,,,,,,,,,517,863,1407,2461,4719,,,110,,,,,,,4.5,22.76,,,,,,,,,,,,,,,,,,,,,843.6,840.2,,,,,,,,,,,,,,,,,,,,,,,,,,,-28,,,,,,,,,,,,,,,,
train_69,Базовое_масло_3,01508.24,28.19,,,,,,,,,,,,,,386,642,1046,1765,3204,,,126,,,,,,,4.49,21.2,,,,,,,,,,,,,,,,,,,,,,,,,,,,,,,,,,,,,,,,,,,,,,,,,-20,,,,,,,,,,,,,,,,
train_69,Депрессорная_присадка_1,0800.24,26.931,,,,,,,,,,,,,,,,,,,,,,,,,,,,305.4,,,,,,,,,,,,,,,,,,,,,,,,,,,,,,,,,,,,,,,,,,,,,,,,,,,,,,,,,,,,,,,,,,
train_69,Детергент_1,03203.23,42.649,,,,,,,,,,,,,,,,,,,,,,,,,,,,88.91,,,,,,,16.24,,,,,,,,,,,,,,,,,,,,,,,,,,,,,,,,,,,,,,,,,,,,,,,,,,,,,,,404,,,,
train_69,Детергент_2,01297.23,34.506,,,,,,,,,,,,,,,,,,,,,,,,,,,,14.47,,,,,,,6.48,,,,,0.0004,,0.0002,,,,,,,,,,,,,,,,,,,,,,,,,,,,,,,,,,,,,,,,,,,,,,,,171,,,,
train_69,Дисперсант_2,01025.23,89.381,,,,,,,,,,,,,,,,,,,,,,,,,,,,417.9,,,,,,,0.0009,,0.0027,,,0.0007,,0.0002,,,,,,,,,,,,,,,,,,,,,,,,,,,,,,,,,,,,,,,,,,,,,,,,17.5,,,,
train_69,Дисперсант_3,01030.23,31.092,,,,,,,,,,,,,,,,,,,,,,,,,,,,186.1,,,,,,,0.002,,0.048,,,0.002,,0.0001,,,,,,,,,,,,,,,,,,,,,,,,,,,,,,,,,,,,,,,,,,,,,,,,21,,,,
train_69,Загуститель_3,"8,6% ЦП 28.02.2024",74.381,,,,,,,,,,,,,,,,,,,,,,,,,,,,,,,,,,,,,,,,,,,,,,,,,,,,,,,,,,,,,,,,,,,,,,,,,,,,,,,,,,,,,,,,,,,,,,
train_69,Противоизносная_присадка_1,0812.24,26.586,,,,,,,,,,,,,,,,,,,,,,,,,,,,,,,,,,,,,,,,,,,,,,,,,,,,,,,,,,,,,,,,,,,,,,,,,,,,,,,,,,,,,,,,,,,,,,
train_69,Соединение_молибдена_1,COMP-2023-0003-M,38.014,,,,,,,,,,,,,,,,,,,,,,,,,,,,,,,,,,,,,,,,,,,,,,,,,,,,,,,,,,,,,,,,,,,,,,,,,,,,,,,,,,,,,,,,,,,,,,
train_70,Антиоксидант_1,01028.23,0.422,,,,,,,,,,,,,,,,,,,,,,,,,,,,6.8,,,,,,,,,,,,,,,,,,,,,,,,,,,,,,,,,,,,,,,,,,,,,,,,,,,,,,,,,,,,,,0,0,,,
train_70,Антиоксидант_9,03606.23(2023101002),56.357,,,,,,,,,,,,,,,,,,,,,,,,,,,,,,,,,,,,,,,,,,,,,,,,,,,,,,,,,,,,,,,,,,,,,,,,,,,,,,,,,,,,,,,,,,,,,,
train_70,Базовое_масло_1,01509.24,93.193,,,,,,,,,,,,,,517,863,1407,2461,4719,,,110,,,,,,,4.5,22.76,,,,,,,,,,,,,,,,,,,,,843.6,840.2,,,,,,,,,,,,,,,,,,,,,,,,,,,-28,,,,,,,,,,,,,,,,
train_70,Базовое_масло_3,01508.24,28.19,,,,,,,,,,,,,,386,642,1046,1765,3204,,,126,,,,,,,4.49,21.2,,,,,,,,,,,,,,,,,,,,,,,,,,,,,,,,,,,,,,,,,,,,,,,,,-20,,,,,,,,,,,,,,,,
train_70,Депрессорная_присадка_1,0800.24,26.931,,,,,,,,,,,,,,,,,,,,,,,,,,,,305.4,,,,,,,,,,,,,,,,,,,,,,,,,,,,,,,,,,,,,,,,,,,,,,,,,,,,,,,,,,,,,,,,,,
train_70,Детергент_1,03203.23,42.649,,,,,,,,,,,,,,,,,,,,,,,,,,,,88.91,,,,,,,16.24,,,,,,,,,,,,,,,,,,,,,,,,,,,,,,,,,,,,,,,,,,,,,,,,,,,,,,,404,,,,
train_70,Детергент_2,01297.23,34.506,,,,,,,,,,,,,,,,,,,,,,,,,,,,14.47,,,,,,,6.48,,,,,0.0004,,0.0002,,,,,,,,,,,,,,,,,,,,,,,,,,,,,,,,,,,,,,,,,,,,,,,,171,,,,
train_70,Дисперсант_10,01930.24,31.092,,,,,,,,,,,,,,,,,,,,,,,,,,,,,,,,,,,,,,,,,,,,,,,,,,,,,,,,,,,,,,,,,,,,,,,,,,,,,,,,,,,,,,,,,,23.96,,,,
train_70,Дисперсант_2,01025.23,89.381,,,,,,,,,,,,,,,,,,,,,,,,,,,,417.9,,,,,,,0.0009,,0.0027,,,0.0007,,0.0002,,,,,,,,,,,,,,,,,,,,,,,,,,,,,,,,,,,,,,,,,,,,,,,,17.5,,,,
train_70,Загуститель_3,"8,6% ЦП 28.02.2024",74.381,,,,,,,,,,,,,,,,,,,,,,,,,,,,,,,,,,,,,,,,,,,,,,,,,,,,,,,,,,,,,,,,,,,,,,,,,,,,,,,,,,,,,,,,,,,,,,
train_70,Противоизносная_присадка_1,0812.24,26.586,,,,,,,,,,,,,,,,,,,,,,,,,,,,,,,,,,,,,,,,,,,,,,,,,,,,,,,,,,,,,,,,,,,,,,,,,,,,,,,,,,,,,,,,,,,,,,
train_70,Соединение_молибдена_1,COMP-2023-0003-M,38.014,,,,,,,,,,,,,,,,,,,,,,,,,,,,,,,,,,,,,,,,,,,,,,,,,,,,,,,,,,,,,,,,,,,,,,,,,,,,,,,,,,,,,,,,,,,,,,
train_71,Антиоксидант_1,01028.23,0.422,,,,,,,,,,,,,,,,,,,,,,,,,,,,6.8,,,,,,,,,,,,,,,,,,,,,,,,,,,,,,,,,,,,,,,,,,,,,,,,,,,,,,,,,,,,,,0,0,,,
train_71,Антиоксидант_9,03606.23(2023101002),56.357,,,,,,,,,,,,,,,,,,,,,,,,,,,,,,,,,,,,,,,,,,,,,,,,,,,,,,,,,,,,,,,,,,,,,,,,,,,,,,,,,,,,,,,,,,,,,,
train_71,Базовое_масло_1,01509.24,93.193,,,,,,,,,,,,,,517,863,1407,2461,4719,,,110,,,,,,,4.5,22.76,,,,,,,,,,,,,,,,,,,,,843.6,840.2,,,,,,,,,,,,,,,,,,,,,,,,,,,-28,,,,,,,,,,,,,,,,
train_71,Базовое_масло_3,01508.24,28.19,,,,,,,,,,,,,,386,642,1046,1765,3204,,,126,,,,,,,4.49,21.2,,,,,,,,,,,,,,,,,,,,,,,,,,,,,,,,,,,,,,,,,,,,,,,,,-20,,,,,,,,,,,,,,,,
train_71,Депрессорная_присадка_1,0800.24,26.931,,,,,,,,,,,,,,,,,,,,,,,,,,,,305.4,,,,,,,,,,,,,,,,,,,,,,,,,,,,,,,,,,,,,,,,,,,,,,,,,,,,,,,,,,,,,,,,,,
train_71,Детергент_1,03203.23,42.649,,,,,,,,,,,,,,,,,,,,,,,,,,,,88.91,,,,,,,16.24,,,,,,,,,,,,,,,,,,,,,,,,,,,,,,,,,,,,,,,,,,,,,,,,,,,,,,,404,,,,
train_71,Детергент_2,01297.23,34.506,,,,,,,,,,,,,,,,,,,,,,,,,,,,14.47,,,,,,,6.48,,,,,0.0004,,0.0002,,,,,,,,,,,,,,,,,,,,,,,,,,,,,,,,,,,,,,,,,,,,,,,,171,,,,
train_71,Дисперсант_11,02688.24,31.092,,,,,,,,,,,,,,,,,,,,,,,,,,,,488,,6.508,,,,,,,,,,,,,,,,1.491,,,,,,,,,,,,,,,,,,,,,,,,,,,,,,,,,,,,,,,,,,7.7,,31.017,20.83,,,
train_71,Дисперсант_2,01025.23,89.381,,,,,,,,,,,,,,,,,,,,,,,,,,,,417.9,,,,,,,0.0009,,0.0027,,,0.0007,,0.0002,,,,,,,,,,,,,,,,,,,,,,,,,,,,,,,,,,,,,,,,,,,,,,,,17.5,,,,
train_71,Загуститель_3,"8,6% ЦП 28.02.2024",74.381,,,,,,,,,,,,,,,,,,,,,,,,,,,,,,,,,,,,,,,,,,,,,,,,,,,,,,,,,,,,,,,,,,,,,,,,,,,,,,,,,,,,,,,,,,,,,,
train_71,Противоизносная_присадка_1,0812.24,26.586,,,,,,,,,,,,,,,,,,,,,,,,,,,,,,,,,,,,,,,,,,,,,,,,,,,,,,,,,,,,,,,,,,,,,,,,,,,,,,,,,,,,,,,,,,,,,,
train_71,Соединение_молибдена_1,COMP-2023-0003-M,38.014,,,,,,,,,,,,,,,,,,,,,,,,,,,,,,,,,,,,,,,,,,,,,,,,,,,,,,,,,,,,,,,,,,,,,,,,,,,,,,,,,,,,,,,,,,,,,,
train_72,Антиоксидант_1,01028.23,0.422,,,,,,,,,,,,,,,,,,,,,,,,,,,,6.8,,,,,,,,,,,,,,,,,,,,,,,,,,,,,,,,,,,,,,,,,,,,,,,,,,,,,,,,,,,,,,0,0,,,
train_72,Антиоксидант_9,03606.23(2023101002),56.357,,,,,,,,,,,,,,,,,,,,,,,,,,,,,,,,,,,,,,,,,,,,,,,,,,,,,,,,,,,,,,,,,,,,,,,,,,,,,,,,,,,,,,,,,,,,,,
train_72,Базовое_масло_1,01509.24,93.193,,,,,,,,,,,,,,517,863,1407,2461,4719,,,110,,,,,,,4.5,22.76,,,,,,,,,,,,,,,,,,,,,843.6,840.2,,,,,,,,,,,,,,,,,,,,,,,,,,,-28,,,,,,,,,,,,,,,,
train_72,Базовое_масло_3,01508.24,28.19,,,,,,,,,,,,,,386,642,1046,1765,3204,,,126,,,,,,,4.49,21.2,,,,,,,,,,,,,,,,,,,,,,,,,,,,,,,,,,,,,,,,,,,,,,,,,-20,,,,,,,,,,,,,,,,
train_72,Депрессорная_присадка_1,0800.24,26.931,,,,,,,,,,,,,,,,,,,,,,,,,,,,305.4,,,,,,,,,,,,,,,,,,,,,,,,,,,,,,,,,,,,,,,,,,,,,,,,,,,,,,,,,,,,,,,,,,
train_72,Детергент_1,03203.23,42.649,,,,,,,,,,,,,,,,,,,,,,,,,,,,88.91,,,,,,,16.24,,,,,,,,,,,,,,,,,,,,,,,,,,,,,,,,,,,,,,,,,,,,,,,,,,,,,,,404,,,,
train_72,Детергент_2,01297.23,34.506,,,,,,,,,,,,,,,,,,,,,,,,,,,,14.47,,,,,,,6.48,,,,,0.0004,,0.0002,,,,,,,,,,,,,,,,,,,,,,,,,,,,,,,,,,,,,,,,,,,,,,,,171,,,,
train_72,Дисперсант_12,02689.24,31.092,,,,,,,,,,,,,,,,,,,,,,,,,,,,512,,5.45,,,,,,,,,,,,,,,,1.644,,,,,,,,,,,,,,,,,,,,,,,,,,,,,,,,,,,,,,,,,,6.9,,31.278,22.26,,,
train_72,Дисперсант_2,01025.23,89.381,,,,,,,,,,,,,,,,,,,,,,,,,,,,417.9,,,,,,,0.0009,,0.0027,,,0.0007,,0.0002,,,,,,,,,,,,,,,,,,,,,,,,,,,,,,,,,,,,,,,,,,,,,,,,17.5,,,,
train_72,Загуститель_3,"8,6% ЦП 28.02.2024",74.381,,,,,,,,,,,,,,,,,,,,,,,,,,,,,,,,,,,,,,,,,,,,,,,,,,,,,,,,,,,,,,,,,,,,,,,,,,,,,,,,,,,,,,,,,,,,,,
train_72,Противоизносная_присадка_1,0812.24,26.586,,,,,,,,,,,,,,,,,,,,,,,,,,,,,,,,,,,,,,,,,,,,,,,,,,,,,,,,,,,,,,,,,,,,,,,,,,,,,,,,,,,,,,,,,,,,,,
train_72,Соединение_молибдена_1,COMP-2023-0003-M,38.014,,,,,,,,,,,,,,,,,,,,,,,,,,,,,,,,,,,,,,,,,,,,,,,,,,,,,,,,,,,,,,,,,,,,,,,,,,,,,,,,,,,,,,,,,,,,,,
train_73,Антиоксидант_1,01028.23,0.422,,,,,,,,,,,,,,,,,,,,,,,,,,,,6.8,,,,,,,,,,,,,,,,,,,,,,,,,,,,,,,,,,,,,,,,,,,,,,,,,,,,,,,,,,,,,,0,0,,,
train_73,Антиоксидант_9,03606.23(2023101002),56.357,,,,,,,,,,,,,,,,,,,,,,,,,,,,,,,,,,,,,,,,,,,,,,,,,,,,,,,,,,,,,,,,,,,,,,,,,,,,,,,,,,,,,,,,,,,,,,
train_73,Базовое_масло_1,01509.24,93.193,,,,,,,,,,,,,,517,863,1407,2461,4719,,,110,,,,,,,4.5,22.76,,,,,,,,,,,,,,,,,,,,,843.6,840.2,,,,,,,,,,,,,,,,,,,,,,,,,,,-28,,,,,,,,,,,,,,,,
train_73,Базовое_масло_3,01508.24,28.19,,,,,,,,,,,,,,386,642,1046,1765,3204,,,126,,,,,,,4.49,21.2,,,,,,,,,,,,,,,,,,,,,,,,,,,,,,,,,,,,,,,,,,,,,,,,,-20,,,,,,,,,,,,,,,,
train_73,Депрессорная_присадка_1,0800.24,26.931,,,,,,,,,,,,,,,,,,,,,,,,,,,,305.4,,,,,,,,,,,,,,,,,,,,,,,,,,,,,,,,,,,,,,,,,,,,,,,,,,,,,,,,,,,,,,,,,,
train_73,Детергент_1,03203.23,42.649,,,,,,,,,,,,,,,,,,,,,,,,,,,,88.91,,,,,,,16.24,,,,,,,,,,,,,,,,,,,,,,,,,,,,,,,,,,,,,,,,,,,,,,,,,,,,,,,404,,,,
train_73,Детергент_2,01297.23,34.506,,,,,,,,,,,,,,,,,,,,,,,,,,,,14.47,,,,,,,6.48,,,,,0.0004,,0.0002,,,,,,,,,,,,,,,,,,,,,,,,,,,,,,,,,,,,,,,,,,,,,,,,171,,,,
train_73,Дисперсант_13,02690.24,31.092,,,,,,,,,,,,,,,,,,,,,,,,,,,,442,,6.174,,,,,,,,,,,,,,,,1.664,,,,,,,,,,,,,,,,,,,,,,,,,,,,,,,,,,,,,,,,,,7.8,,31.885,20.56,,,
train_73,Дисперсант_2,01025.23,89.381,,,,,,,,,,,,,,,,,,,,,,,,,,,,417.9,,,,,,,0.0009,,0.0027,,,0.0007,,0.0002,,,,,,,,,,,,,,,,,,,,,,,,,,,,,,,,,,,,,,,,,,,,,,,,17.5,,,,
train_73,Загуститель_3,"8,6% ЦП 28.02.2024",74.381,,,,,,,,,,,,,,,,,,,,,,,,,,,,,,,,,,,,,,,,,,,,,,,,,,,,,,,,,,,,,,,,,,,,,,,,,,,,,,,,,,,,,,,,,,,,,,
train_73,Противоизносная_присадка_1,0812.24,26.586,,,,,,,,,,,,,,,,,,,,,,,,,,,,,,,,,,,,,,,,,,,,,,,,,,,,,,,,,,,,,,,,,,,,,,,,,,,,,,,,,,,,,,,,,,,,,,
train_73,Соединение_молибдена_1,COMP-2023-0003-M,38.014,,,,,,,,,,,,,,,,,,,,,,,,,,,,,,,,,,,,,,,,,,,,,,,,,,,,,,,,,,,,,,,,,,,,,,,,,,,,,,,,,,,,,,,,,,,,,,
train_74,Антиоксидант_4,01050.22,56.357,,,,,,,,,,,,,,,,,,,,,,,,,,,,,,,,,,,,,,,,,,,,,,,,,,,,,,,,,,,,,,,,,,,,,,,,,,,,,,,,,,,,,,,,,,,,,,
train_74,Антиоксидант_8,COMP-2024-0009-M,0.422,,,,,,,,,,,,,,,,,,,,,,,,,,,,,,,,,,,,,,,,,,,,,,,,,,,,,,,,,,,,,,,,,,,,,,,,,,,,,,,,,,,,,,,,,,,,,,
train_74,Антипенная_присадка_1,15% с ЦП 16.10.24,96.029,,,,,,,,,,,,,,,,,,,,,,,,,,,,,,,,,,,,,,,,,,,,,,,,,,,,,,,,,,,,,,,,,,,,,,,,,,,,,,,,,,,,,,,,,,,,,,
train_74,Базовое_масло_1,03197.24,82.005,,,,,,,,,,,,,,,,,,,,,,,,,,,,,,,,,,,,,,,,,,,,,,,,,,,,,,,,,,,,,,,,,,,,,,,,,,,,,,,,,,,,,,,,,,,,,,
train_74,Базовое_масло_1,03197.24,21.018,,,,,,,,,,,,,,,,,,,,,,,,,,,,,,,,,,,,,,,,,,,,,,,,,,,,,,,,,,,,,,,,,,,,,,,,,,,,,,,,,,,,,,,,,,,,,,
train_74,Базовое_масло_14,01500.24,4.498,,,,,,,,,,,,,,,,,,,,,,,,,,,,,,,,,,,,,,,,,,,,,,,,,,,,,,,,,,,,,,,,,,,,,,,,,,,,,,,,,,,,,,,,,,,,,,
train_74,Базовое_масло_6,03164.24,1.842,,,,,,,,,,,,,,,,,,,,,,,,,,,,4.223,,,,,,,,,,,,,,,,,,,,,,,,,,,,,,,,,,,,,,,,,,,,,,,,,,,,,,,,,,,,,,,,,,
train_74,Депрессорная_присадка_1,0800.24,26.931,,,,,,,,,,,,,,,,,,,,,,,,,,,,305.4,,,,,,,,,,,,,,,,,,,,,,,,,,,,,,,,,,,,,,,,,,,,,,,,,,,,,,,,,,,,,,,,,,
train_74,Детергент_1,03052.24,69.911,,,,,,,,,,,,,,,,,,,,,,,,,,,,,,,,,,,14.71,,,,,,,,,,,,,,,,,,,,,,,,,,,,,,,,,,,,,,,,,,,,,,,,,,,,,,,377.7,,,,
train_74,Детергент_2,01297.23,69.911,,,,,,,,,,,,,,,,,,,,,,,,,,,,14.47,,,,,,,6.48,,,,,0.0004,,0.0002,,,,,,,,,,,,,,,,,,,,,,,,,,,,,,,,,,,,,,,,,,,,,,,,171,,,,
train_74,Дисперсант_1,03067.22,8.08,,,,,,,,,,,,,,,,,,,,,,,,,,,,248.7,,,,,,,0.002,,,,,0.002,,0.003,,,,,,,,,,,,,,,,,,,,,,,,,,,,,,,,,,,,,,,,,,,,,,,,40.9,,,,
train_74,Дисперсант_3,01030.23,31.092,,,,,,,,,,,,,,,,,,,,,,,,,,,,186.1,,,,,,,0.002,,0.048,,,0.002,,0.0001,,,,,,,,,,,,,,,,,,,,,,,,,,,,,,,,,,,,,,,,,,,,,,,,21,,,,
train_74,Дисперсант_6,отбор 26.11.24,33.946,,,,,,,,,,,,,,,,,,,,,,,,,,,,422.6,,,,,,,,,,,,,,,,,,,,,,,,,,,,,,,,,,,,,,,,,,,,,,,,,,,,,,,,,,,,,,26.14,,,,
train_74,Загуститель_3,"02984.24 8,6% 2 гр",54.447,,,,,,,,,,,,,,,,,,,,,,,,,,,,436.3,,,,,,,,,,,,,,,,,,,,,,,,,,,,,,,,,,,,,,,,,,,,,,,,,,,,,,,,,,,,,,,,,,
train_74,Противоизносная_присадка_11,0944.24,26.586,,,,,,,,,,,,,,,,,,,,,,,,,,,,,,,,,,,,,,,,,,,,,,,,,,,,,,,,,,,,,,,,,,,,,,,,,,,,,,,,,,,,,,,,,,,,,,
train_74,Соединение_молибдена_1,COMP-2023-0003-M,38.014,,,,,,,,,,,,,,,,,,,,,,,,,,,,,,,,,,,,,,,,,,,,,,,,,,,,,,,,,,,,,,,,,,,,,,,,,,,,,,,,,,,,,,,,,,,,,,
train_75,Антиоксидант_7,п.EQ2023082507,56.357,,,,,,,,,,,,,,,,,,,,,,,,,,,,,,,,,,,,,,,,,,,,,,,,,,,,,,,,,,,,,,,,,,,,,,,,,,,,,,,,,,,,,,,,,,,,,,
train_75,Антиоксидант_8,COMP-2024-0009-M,0.422,,,,,,,,,,,,,,,,,,,,,,,,,,,,,,,,,,,,,,,,,,,,,,,,,,,,,,,,,,,,,,,,,,,,,,,,,,,,,,,,,,,,,,,,,,,,,,
train_75,Антипенная_присадка_1,12 от 13.05.2024,96.029,,,,,,,,,,,,,,,,,,,,,,,,,,,,,,,,,,,,,,,,,,,,,,,,,,,,,,,,,,,,,,,,,,,,,,,,,,,,,,,,,,,,,,,,,,,,,,
train_75,Базовое_масло_1,0318.25,82.005,,,,,,,,,,,,,,,784,1294,2234,,,,,,,,,,,4.44,21.8,,,,,,,,,,,,,,,,,,,,,,,,,,,,,,,,,,,,,,,,,,,,,,,,,,,,,,,,,,,,,,,,,
train_75,Базовое_масло_1,0318.25,21.018,,,,,,,,,,,,,,,784,1294,2234,,,,,,,,,,,4.44,21.8,,,,,,,,,,,,,,,,,,,,,,,,,,,,,,,,,,,,,,,,,,,,,,,,,,,,,,,,,,,,,,,,,
train_75,Базовое_масло_14,01500.24,4.498,,,,,,,,,,,,,,,,,,,,,,,,,,,,,,,,,,,,,,,,,,,,,,,,,,,,,,,,,,,,,,,,,,,,,,,,,,,,,,,,,,,,,,,,,,,,,,
train_75,Базовое_масло_6,093.25,1.842,,,,,,,,,,,,,,,589,964,1627,2963,,,122,,,,,,,4.3,20.09,,,,,,,,,,,,,,,,,,,,,,,,,,,,,,,,,,,,,,,,,,,,,,,,,,,,,,,,,,,,,,,,,
train_75,Депрессорная_присадка_1,0800.24,26.931,,,,,,,,,,,,,,,,,,,,,,,,,,,,305.4,,,,,,,,,,,,,,,,,,,,,,,,,,,,,,,,,,,,,,,,,,,,,,,,,,,,,,,,,,,,,,,,,,
train_75,Детергент_1,0432.25,69.911,,,,,,,,,,,,,,,,,,,,,,,,,,,,,,,,,,,15.76,,,,,,,,,,,,,,,,,,,,,,,,,,,,,,,,,,,,,,,,,,,,,,,,,,,,,,,410.9,,,,
train_75,Детергент_9,0241.25,69.911,,,,,,,,,,,,,,,,,,,,,,,,,,,,14.96,,,,,,,6.77,,0.165,,,,,,,,,,28438,,,,,,,,,,,,,,,,,,,,,,,,,,,,,,,,,,,,,,,,,,,171.7,161.2,,,
train_75,Дисперсант_3,01030.23,31.092,,,,,,,,,,,,,,,,,,,,,,,,,,,,186.1,,,,,,,0.002,,0.048,,,0.002,,0.0001,,,,,,,,,,,,,,,,,,,,,,,,,,,,,,,,,,,,,,,,,,,,,,,,21,,,,
train_75,Дисперсант_5,п.2022053003/ЦП,8.08,,,,,,,,,,,,,,,,,,,,,,,,,,,,,,,,,,,,,,,,,,,,,,,,,,,,,,,,,,,,,,,,,,,,,,,,,,,,,,,,,,,,,,,,,,,,,,
train_75,Дисперсант_8,0652.25,33.946,,,,,,,,,,,,,,,,,,,,,,,,,,,,,,,,,,,,,,,,,,,,,,,,,,,,,,,,,,,,,,,,,,,,,,,,,,,,,,,,,,,,,,,,,,,,,,
train_75,Загуститель_3,"02984.24 8,6% 2 гр",54.447,,,,,,,,,,,,,,,,,,,,,,,,,,,,436.3,,,,,,,,,,,,,,,,,,,,,,,,,,,,,,,,,,,,,,,,,,,,,,,,,,,,,,,,,,,,,,,,,,
train_75,Противоизносная_присадка_11,0242.25,26.586,,,,,,,,,,,,,,,,,,,,,,,,,,,,,,,,,,,,,17.42,,,8.6,,9.44,,,,,,,,,,,,,,,,,,,,,,,,,,,,,,,,,,,,,,,,,,,,,,,,,,,,
train_75,Соединение_молибдена_1,COMP-2023-0003-M,38.014,,,,,,,,,,,,,,,,,,,,,,,,,,,,,,,,,,,,,,,,,,,,,,,,,,,,,,,,,,,,,,,,,,,,,,,,,,,,,,,,,,,,,,,,,,,,,,
train_76,Антиоксидант_7,п.EQ2023082507,56.357,,,,,,,,,,,,,,,,,,,,,,,,,,,,,,,,,,,,,,,,,,,,,,,,,,,,,,,,,,,,,,,,,,,,,,,,,,,,,,,,,,,,,,,,,,,,,,
train_76,Антиоксидант_8,COMP-2024-0009-M,0.422,,,,,,,,,,,,,,,,,,,,,,,,,,,,,,,,,,,,,,,,,,,,,,,,,,,,,,,,,,,,,,,,,,,,,,,,,,,,,,,,,,,,,,,,,,,,,,
train_76,Антипенная_присадка_1,12 от 13.05.2024,96.029,,,,,,,,,,,,,,,,,,,,,,,,,,,,,,,,,,,,,,,,,,,,,,,,,,,,,,,,,,,,,,,,,,,,,,,,,,,,,,,,,,,,,,,,,,,,,,
train_76,Базовое_масло_1,0318.25,68.683,,,,,,,,,,,,,,,784,1294,2234,,,,,,,,,,,4.44,21.8,,,,,,,,,,,,,,,,,,,,,,,,,,,,,,,,,,,,,,,,,,,,,,,,,,,,,,,,,,,,,,,,,
train_76,Базовое_масло_1,0318.25,25.538,,,,,,,,,,,,,,,784,1294,2234,,,,,,,,,,,4.44,21.8,,,,,,,,,,,,,,,,,,,,,,,,,,,,,,,,,,,,,,,,,,,,,,,,,,,,,,,,,,,,,,,,,
train_76,Базовое_масло_14,01500.24,4.498,,,,,,,,,,,,,,,,,,,,,,,,,,,,,,,,,,,,,,,,,,,,,,,,,,,,,,,,,,,,,,,,,,,,,,,,,,,,,,,,,,,,,,,,,,,,,,
train_76,Базовое_масло_6,093.25,93.988,,,,,,,,,,,,,,,589,964,1627,2963,,,122,,,,,,,4.3,20.09,,,,,,,,,,,,,,,,,,,,,,,,,,,,,,,,,,,,,,,,,,,,,,,,,,,,,,,,,,,,,,,,,
train_76,Базовое_масло_9,091.25,74.243,,,,,,,,,,,,,,,1869,3226,5929,11706,,,,,,,,,,6.18,36.15,,,,,,,,,,,,,,,,,,,,,,,,,,,,,,,,,,,,,,,,,,,,,,,,,,,,,,,,,,,,,,,,,
train_76,Депрессорная_присадка_1,0800.24,26.931,,,,,,,,,,,,,,,,,,,,,,,,,,,,305.4,,,,,,,,,,,,,,,,,,,,,,,,,,,,,,,,,,,,,,,,,,,,,,,,,,,,,,,,,,,,,,,,,,
train_76,Детергент_1,0432.25,69.911,,,,,,,,,,,,,,,,,,,,,,,,,,,,,,,,,,,15.76,,,,,,,,,,,,,,,,,,,,,,,,,,,,,,,,,,,,,,,,,,,,,,,,,,,,,,,410.9,,,,
train_76,Детергент_9,0241.25,69.911,,,,,,,,,,,,,,,,,,,,,,,,,,,,14.96,,,,,,,6.77,,0.165,,,,,,,,,,28438,,,,,,,,,,,,,,,,,,,,,,,,,,,,,,,,,,,,,,,,,,,171.7,161.2,,,
train_76,Дисперсант_2,01025.23,33.946,,,,,,,,,,,,,,,,,,,,,,,,,,,,417.9,,,,,,,0.0009,,0.0027,,,0.0007,,0.0002,,,,,,,,,,,,,,,,,,,,,,,,,,,,,,,,,,,,,,,,,,,,,,,,17.5,,,,
train_76,Дисперсант_3,01030.23,31.092,,,,,,,,,,,,,,,,,,,,,,,,,,,,186.1,,,,,,,0.002,,0.048,,,0.002,,0.0001,,,,,,,,,,,,,,,,,,,,,,,,,,,,,,,,,,,,,,,,,,,,,,,,21,,,,
train_76,Дисперсант_5,п.2022053003/ЦП,8.08,,,,,,,,,,,,,,,,,,,,,,,,,,,,,,,,,,,,,,,,,,,,,,,,,,,,,,,,,,,,,,,,,,,,,,,,,,,,,,,,,,,,,,,,,,,,,,
train_76,Загуститель_3,"02984.24 8,6% 2 гр",66.812,,,,,,,,,,,,,,,,,,,,,,,,,,,,436.3,,,,,,,,,,,,,,,,,,,,,,,,,,,,,,,,,,,,,,,,,,,,,,,,,,,,,,,,,,,,,,,,,,
train_76,Противоизносная_присадка_11,0242.25,26.586,,,,,,,,,,,,,,,,,,,,,,,,,,,,,,,,,,,,,17.42,,,8.6,,9.44,,,,,,,,,,,,,,,,,,,,,,,,,,,,,,,,,,,,,,,,,,,,,,,,,,,,
train_76,Соединение_молибдена_1,COMP-2023-0003-M,38.014,,,,,,,,,,,,,,,,,,,,,,,,,,,,,,,,,,,,,,,,,,,,,,,,,,,,,,,,,,,,,,,,,,,,,,,,,,,,,,,,,,,,,,,,,,,,,,
train_77,Антиоксидант_7,п.EQ2023082507,56.357,,,,,,,,,,,,,,,,,,,,,,,,,,,,,,,,,,,,,,,,,,,,,,,,,,,,,,,,,,,,,,,,,,,,,,,,,,,,,,,,,,,,,,,,,,,,,,
train_77,Антиоксидант_8,COMP-2024-0009-M,0.422,,,,,,,,,,,,,,,,,,,,,,,,,,,,,,,,,,,,,,,,,,,,,,,,,,,,,,,,,,,,,,,,,,,,,,,,,,,,,,,,,,,,,,,,,,,,,,
train_77,Антипенная_присадка_1,12 от 13.05.2024,96.029,,,,,,,,,,,,,,,,,,,,,,,,,,,,,,,,,,,,,,,,,,,,,,,,,,,,,,,,,,,,,,,,,,,,,,,,,,,,,,,,,,,,,,,,,,,,,,
train_77,Базовое_масло_1,0318.25,68.683,,,,,,,,,,,,,,,784,1294,2234,,,,,,,,,,,4.44,21.8,,,,,,,,,,,,,,,,,,,,,,,,,,,,,,,,,,,,,,,,,,,,,,,,,,,,,,,,,,,,,,,,,
train_77,Базовое_масло_1,0318.25,25.538,,,,,,,,,,,,,,,784,1294,2234,,,,,,,,,,,4.44,21.8,,,,,,,,,,,,,,,,,,,,,,,,,,,,,,,,,,,,,,,,,,,,,,,,,,,,,,,,,,,,,,,,,
train_77,Базовое_масло_14,01500.24,4.498,,,,,,,,,,,,,,,,,,,,,,,,,,,,,,,,,,,,,,,,,,,,,,,,,,,,,,,,,,,,,,,,,,,,,,,,,,,,,,,,,,,,,,,,,,,,,,
train_77,Базовое_масло_6,093.25,93.988,,,,,,,,,,,,,,,589,964,1627,2963,,,122,,,,,,,4.3,20.09,,,,,,,,,,,,,,,,,,,,,,,,,,,,,,,,,,,,,,,,,,,,,,,,,,,,,,,,,,,,,,,,,
train_77,Базовое_масло_9,091.25,74.243,,,,,,,,,,,,,,,1869,3226,5929,11706,,,,,,,,,,6.18,36.15,,,,,,,,,,,,,,,,,,,,,,,,,,,,,,,,,,,,,,,,,,,,,,,,,,,,,,,,,,,,,,,,,
train_77,Депрессорная_присадка_1,0800.24,26.931,,,,,,,,,,,,,,,,,,,,,,,,,,,,305.4,,,,,,,,,,,,,,,,,,,,,,,,,,,,,,,,,,,,,,,,,,,,,,,,,,,,,,,,,,,,,,,,,,
train_77,Детергент_1,0432.25,69.911,,,,,,,,,,,,,,,,,,,,,,,,,,,,,,,,,,,15.76,,,,,,,,,,,,,,,,,,,,,,,,,,,,,,,,,,,,,,,,,,,,,,,,,,,,,,,410.9,,,,
train_77,Детергент_10,0688.25,69.911,,,,,,,,,,,,,,,,,,,,,,,,,,,,29.07,,,,,,,6.301,,0.519,,,,,,,,,,31591,,,,,,,,,,,,,,,,,,,,,,,,,,,,,,,,,,,,,,,,,,,158.2,163.6,,,
train_77,Дисперсант_2,01025.23,33.946,,,,,,,,,,,,,,,,,,,,,,,,,,,,417.9,,,,,,,0.0009,,0.0027,,,0.0007,,0.0002,,,,,,,,,,,,,,,,,,,,,,,,,,,,,,,,,,,,,,,,,,,,,,,,17.5,,,,
train_77,Дисперсант_3,01030.23,31.092,,,,,,,,,,,,,,,,,,,,,,,,,,,,186.1,,,,,,,0.002,,0.048,,,0.002,,0.0001,,,,,,,,,,,,,,,,,,,,,,,,,,,,,,,,,,,,,,,,,,,,,,,,21,,,,
train_77,Дисперсант_5,п.2022053003/ЦП,8.08,,,,,,,,,,,,,,,,,,,,,,,,,,,,,,,,,,,,,,,,,,,,,,,,,,,,,,,,,,,,,,,,,,,,,,,,,,,,,,,,,,,,,,,,,,,,,,
train_77,Загуститель_3,"02984.24 8,6% 2 гр",66.812,,,,,,,,,,,,,,,,,,,,,,,,,,,,436.3,,,,,,,,,,,,,,,,,,,,,,,,,,,,,,,,,,,,,,,,,,,,,,,,,,,,,,,,,,,,,,,,,,
train_77,Противоизносная_присадка_11,0242.25,26.586,,,,,,,,,,,,,,,,,,,,,,,,,,,,,,,,,,,,,17.42,,,8.6,,9.44,,,,,,,,,,,,,,,,,,,,,,,,,,,,,,,,,,,,,,,,,,,,,,,,,,,,
train_77,Соединение_молибдена_1,COMP-2023-0003-M,38.014,,,,,,,,,,,,,,,,,,,,,,,,,,,,,,,,,,,,,,,,,,,,,,,,,,,,,,,,,,,,,,,,,,,,,,,,,,,,,,,,,,,,,,,,,,,,,,
train_78,Антиоксидант_1,02717.22,17.074,,,,,,,,,,,,,,,,,,,,,,,,,,,,6.65,,,,,,,,,,,,,,,,,,,,,,,,,,,,,,,,,,,,,,,,,,,,,,,,,,,,,,,,,,,,,,,,,,
train_78,Антиоксидант_3,03341.22,25.872,,,,,,,,,,,,,,,,,,,,,,,,,,,,,,,,,,,,,,,,,,,,,,,,,,,,,,,,,,,,,,,,,,,,,,,,,,,,,,,,,,,,,,,,,,,,,,
train_78,Антипенная_присадка_1,"из ЦП, от 02.12.2022",3.991,,,,,,,,,,,,,,,,,,,,,,,,,,,,,,,,,,,,,,,,,,,,,,,,,,,,,,,,,,,,,,,,,,,,,,,,,,,,,,,,,,,,,,,,,,,,,,
train_78,Базовое_масло_11,0879.23,70.647,,,,,,,,,,37,5,43,0,1184,2242,4648,10120,,,,100,,,14.1,,,,5.38,32.25,,,,,,0.0004,,0.024,,,0.0001,,0.0001,,,,,,,,,,0,0,0,,,,,,,,,,,,,,,,,,,,,,,,-17,,,,,,,,,,,,,,,,
train_78,Базовое_масло_16,25721.17,84.281,,,,,,,,,,,,,,13,25,50,99,200,,,,,,90,,,,1.17,2.84,,,,,,,,,,,,,,,,,,,,,,,,,,,,,,,,,,,,,,,,,,,,,,,,,,,,,,,,,,,,,,,,,
train_78,Базовое_масло_2,071.23,20.465,,,,,,,,,,40,5,40,0,1133,2137,4429,9680,,,,99,,,14,,,,5.36,32.12,,,,,,0.0004,,0.017,,,0.0006,,0.0001,,,,,,,,,,0,0,0,,,,,,,,,,,,,,,,,,,,,,,,-17,,,,,,,,,,,,,,,,
train_78,Базовое_масло_5,0752.23,60.034,,,,,,,,,,39,5,41,0,2189,3849,7200,14123,,,,117,,,3.2,,,,8.22,56.03,,,,,,0.0002,,0.0002,,,0.0002,,0.0002,,,,,,,,,,0,0,0,,,,,,,,,,,,,,,,,,,,,,,,-14,,,,,,,,,,,,,,,,
train_78,Базовое_масло_7,0575.23,72.741,,,,,,,,,,38,10,42,0,5273,11062,26044,67645,,,,92,,,6.1,,,,9.16,77.46,,,,,,0.0002,,0.0686,,,0.0002,,0.0002,,,,,,,,,,20,0,0,,,,,,,,,,,,,,,,,,,,,,,,-19,,,,,,,,,,,,,,,,
train_78,Депрессорная_присадка_1,13348.22,26.931,,,,,,,,,,,,,,,,,,,,,,,,,,,,172.4,,,,,,,,,,,,,,,,,,,,,,,,,,,,,,,,,,,,,,,,,,,,,,,,,,,,,,,,,,,,,,,,,,
train_78,Детергент_1,0174.22,66.476,,,,,,,,,,,,,,,,,,,,,,,,,,,,163.5,,11.2,,,,,11.2,,,,,,,,,,,,,,,,,,,,,,,,,,,,,,,,,,,,,,,,,,,,,,,,,,,,,,,405.8,,,,
train_78,Детергент_2,02957.22,44.113,,,,,,,,,,,,,,,,,,,,,,,,,,,,14.62,,,,,,,6.33,,,,,,,,,,,,,,,,,,,,,,,,,,,,,,,,,,,,,,,,,,,,,,,,,,,,,,,173.3,,,,
train_78,Дисперсант_1,03067.22,83.398,,,,,,,,,,,,,,,,,,,,,,,,,,,,248.7,,,,,,,0.002,,,,,0.002,,0.003,,,,,,,,,,,,,,,,,,,,,,,,,,,,,,,,,,,,,,,,,,,,,,,,40.9,,,,
train_78,Загуститель_1,0488.23,25.852,,,,,,,,,,,,,,,,,,,,,,,,,,,,473.7,,,,,,,,,,,,,,,,,,,,,,,,,,,,,,,,,,,,,,,,,,,,,,,,,,,,,,,,,,,,,,,,,,
train_78,Противоизносная_присадка_1,02958.22,26.586,,,,,,,,,,,,,,,,,,,,,,,,,,,,9.19,,,,,,,,,16.41,,,8.939,,9.182,,,,,,,,,,,,,,,,,,,,,,,,,,,,,,,,,,,,,,,,,,,,,,,,,,,,
train_79,Антиоксидант_1,01028.23,17.074,,,,,,,,,,,,,,,,,,,,,,,,,,,,6.8,,,,,,,,,,,,,,,,,,,,,,,,,,,,,,,,,,,,,,,,,,,,,,,,,,,,,,,,,,,,,,0,0,,,
train_79,Антиоксидант_3,с ЦП 28.02.2024г,14.828,,,,,,,,,,,,,,,,,,,,,,,,,,,,,,,,,,,,,,,,,,,,,,,,,,,,,,,,,,,,,,,,,,,,,,,,,,,,,,,,,,,,,,,,,,,,,,
train_79,Антипенная_присадка_1,3% р-р в МУОБР,3.991,,,,,,,,,,,,,,,,,,,,,,,,,,,,,,,,,,,,,,,,,,,,,,,,,,,,,,,,,,,,,,,,,,,,,,,,,,,,,,,,,,,,,,,,,,,,,,
train_79,Базовое_масло_1,0766.24,53.338,,,,,,,,,,,,,,535,842,1398,2472,,,,113,,,13.3,,,,4.56,22.94,,,,,,0.0002,,0.00007,,,0.00002,,0.00004,,,,,,,,,,0,0,0,,,,,,,,,,,,,,,,,,,,,,,,-26,,,,,,,,,,,,,,,,
train_79,Базовое_масло_1,0766.24,89.598,,,,,,,,,,,,,,535,842,1398,2472,,,,113,,,13.3,,,,4.56,22.94,,,,,,0.0002,,0.00007,,,0.00002,,0.00004,,,,,,,,,,0,0,0,,,,,,,,,,,,,,,,,,,,,,,,-26,,,,,,,,,,,,,,,,
train_79,Базовое_масло_14,из ЦП 19.09.23г,28.017,,,,,,,,,,,,,,13,25,50,100,200,,,,,,90,,,,1,2,,,,,,,,,,,,,,,,,,,,,,,,,,,,,,,,,,,,,,,,,,,,,,,,,,,,,,,,,,,,,,,,,
train_79,Базовое_масло_2,0407.24,94.825,,,,,,,,,,39,5,41,0,1206,2249,4651,10139,,,,98,,,13.7,,,,5.38,32.45,,,,,,0.0003,,0.0267,,,,,,,,,,,,,,,0,0,0,,,,,,,,,,,,,,,,,,,,,,,,-18,,,,,,,,,,,,,,,,
train_79,Базовое_масло_3,0886.24,11.036,,,,,,,,,,,,,,411,626,1004,1695,3071,,,126,,,15,,,,4.48,21.19,,,,,,0.0001,,0.0007,,,0.00002,,0.00007,,,,,,,,,,0,0,0,,,,,,,,,,,,,,,,,,,,,,,,-21,,,,,,,,,,,,,,,,
train_79,Базовое_масло_5,0767.24,11.036,,,,,,,,,,,,,,2344,4083,7514,14665,,,,116,,,3.1,,,,8.35,57.8,,,,,,0.00021,,0.00038,,,0.00002,,0.00002,,,,,,,,,,0,0,0,,,,,,,,,,,,,,,,,,,,,,,,-22,,,,,,,,,,,,,,,,
train_79,Депрессорная_присадка_1,с ЦП 28.02.2024,26.931,,,,,,,,,,,,,,,,,,,,,,,,,,,,,,,,,,,,,,,,,,,,,,,,,,,,,,,,,,,,,,,,,,,,,,,,,,,,,,,,,,,,,,,,,,,,,,
train_79,Детергент_1,03203.23,38.465,,,,,,,,,,,,,,,,,,,,,,,,,,,,88.91,,,,,,,16.24,,,,,,,,,,,,,,,,,,,,,,,,,,,,,,,,,,,,,,,,,,,,,,,,,,,,,,,404,,,,
train_79,Детергент_2,01297.23,80.12,,,,,,,,,,,,,,,,,,,,,,,,,,,,14.47,,,,,,,6.48,,,,,0.0004,,0.0002,,,,,,,,,,,,,,,,,,,,,,,,,,,,,,,,,,,,,,,,,,,,,,,,171,,,,
train_79,Дисперсант_1,03067.22,33.644,,,,,,,,,,,,,,,,,,,,,,,,,,,,248.7,,,,,,,0.002,,,,,0.002,,0.003,,,,,,,,,,,,,,,,,,,,,,,,,,,,,,,,,,,,,,,,,,,,,,,,40.9,,,,
train_79,Загуститель_1,"0435.24 9,8% во 2 гр",90.699,,,,,,,,,,,,,,,,,,,,,,,,,,,,469.9,,,,,,,,,,,,,,,,,,,,,,,,,,,,,,,,,,,,,,,,,,,,,,,,,,,,,,,,,,,,,,,,,,
train_79,Противоизносная_присадка_28,0784.24,9.043,,,,,,,,,,,,,,,,,,,,,,,,,,,,10.15,,,,,,,0.001,,16.46,,,8.82,,9.17,,,,,,,,,,,,,,,,,,,,,,,,,,,,,,,,,,,,,,,,,,,,,,,,,,,,
train_80,Антиоксидант_1,01028.23,38.014,,,,,,,,,,,,,,,,,,,,,,,,,,,,6.8,,,,,,,,,,,,,,,,,,,,,,,,,,,,,,,,,,,,,,,,,,,,,,,,,,,,,,,,,,,,,,0,0,,,
train_80,Антиоксидант_3,01198.23,17.074,,,,,,,,,,,,,,,,,,,,,,,,,,,,11.04,,,,,,,0.0002,,0.0002,,,0.0002,,0.0002,,,,,,,,,,,,,,,,,,,,,,,,,,,,,,,,,,,,,,,,,,,,,,,,176.3,,,,
train_80,Антипенная_присадка_1,из ЦП 15.11.2022,3.991,,,,,,,,,,,,,,,,,,,,,,,,,,,,,,,,,,,,,,,,,,,,,,,,,,,,,,,,,,,,,,,,,,,,,,,,,,,,,,,,,,,,,,,,,,,,,,
train_80,Базовое_масло_1,01044.23,77.878,,,,,,,,,,41,30,39,0,500,777,1269,2253,4187,,,113,,,14.5,,,,4.445,22.02,,,,,,0.00092,,0.0078,,,0.0031,,0.00001,,,,,,,,,,0,0,0,,,,,,,,,,,,,,,,,,,,,,,,-22,,,,,,,,,,,,,,,,
train_80,Базовое_масло_16,25721.17,84.281,,,,,,,,,,,,,,13,25,50,99,200,,,,,,90,,,,1.17,2.84,,,,,,,,,,,,,,,,,,,,,,,,,,,,,,,,,,,,,,,,,,,,,,,,,,,,,,,,,,,,,,,,,
train_80,Базовое_масло_2,071.23,30.482,,,,,,,,,,40,5,40,0,1133,2137,4429,9680,,,,99,,,14,,,,5.36,32.12,,,,,,0.0004,,0.017,,,0.0006,,0.0001,,,,,,,,,,0,0,0,,,,,,,,,,,,,,,,,,,,,,,,-17,,,,,,,,,,,,,,,,
train_80,Базовое_масло_2,071.23,27.571,,,,,,,,,,40,5,40,0,1133,2137,4429,9680,,,,99,,,14,,,,5.36,32.12,,,,,,0.0004,,0.017,,,0.0006,,0.0001,,,,,,,,,,0,0,0,,,,,,,,,,,,,,,,,,,,,,,,-17,,,,,,,,,,,,,,,,
train_80,Базовое_масло_3,0444.23,59.943,,,,,,,,,,40,5,40,0,,542,930,1584,2869,,,127,,,14.2,,,,4.42,20.6,,,,,,,,,,,,,,,,,,,,,,,0,0,0,,,,,,,,,,,,,,,,,,,,,,,,-19,,,,,,,,,,,,,,,,
train_80,Базовое_масло_7,01045.23,89.381,,,,,,,,,,40,5,40,0,5413,11573,,,,,,93,,,5.4,,,,9.214,77.6,,,,,,0.00041,,0.094,,,0.00063,,0.00003,,,,,,,,,,10,0,0,,,,,,,,,,,,,,,,,,,,,,,,-16,,,,,,,,,,,,,,,,
train_80,Депрессорная_присадка_2,п.60 от 12.01.2023,38.014,,,,,,,,,,,,,,,,,,,,,,,,,,,,300,3105.3,,,,,,,,,,,,,,,,,,,,,,,,,,,,,,,,,,,,,,,,,,,,,,,,,,,,,,,,,,,,,,,,,
train_80,Детергент_1,из 328 р-р 01295.23,58.693,,,,,,,,,,,,,,,,,,,,,,,,,,,,125,,,,,,,16.29,,,,,0.0006,,0.0007,,,,,,,,,,,,,,,,,,,,,,,,,,,,,,,,,,,,,,,,,,,,,,,,407,,,,
train_80,Детергент_2,02957.22,0.422,,,,,,,,,,,,,,,,,,,,,,,,,,,,14.62,,,,,,,6.33,,,,,,,,,,,,,,,,,,,,,,,,,,,,,,,,,,,,,,,,,,,,,,,,,,,,,,,173.3,,,,
train_80,Дисперсант_1,03067.22,31.092,,,,,,,,,,,,,,,,,,,,,,,,,,,,248.7,,,,,,,0.002,,,,,0.002,,0.003,,,,,,,,,,,,,,,,,,,,,,,,,,,,,,,,,,,,,,,,,,,,,,,,40.9,,,,
train_80,Дисперсант_9,02718.22,31.092,,,,,,,,,,,,,,,,,,,,,,,,,,,,410,,,,,,,,,,,,,,,,,,,,,,,,,,,,,,,,,,,,,,,,,,,,,,,,,,,,,,,,,,,,,,18.9,,,,
train_80,Загуститель_1,0488.23,50.826,,,,,,,,,,,,,,,,,,,,,,,,,,,,473.7,,,,,,,,,,,,,,,,,,,,,,,,,,,,,,,,,,,,,,,,,,,,,,,,,,,,,,,,,,,,,,,,,,
train_80,Противоизносная_присадка_2,01026.23,93.926,,,,,,,,,,,,,,,,,,,,,,,,,,,,14.75,,,,,,,0.024,,16.58,,,8.13,,9.39,,,,,,,,,,,,,,,,,,,,,,,,,,,,,,,,,,,,,,,,,,,,,,,,,,,,
train_81,Антиоксидант_2,01623.24,17.074,,,,,,,,,,,,,,,,,,,,,,,,,,,,14.54,,,,,,,,,,,,,,,,,,,,,,,,,,,,,,,,,,,,,,,,,,,,,,,,,,,,,,,,,,,,,,138.8,,,,
train_81,Антипенная_присадка_1,Р-10 3% р-р от 16.04,3.991,,,,,,,,,,,,,,,,,,,,,,,,,,,,,,,,,,,,,,,,,,,,,,,,,,,,,,,,,,,,,,,,,,,,,,,,,,,,,,,,,,,,,,,,,,,,,,
train_81,Базовое_масло_1,0318.25,38.413,,,,,,,,,,,,,,,784,1294,2234,,,,,,,,,,,4.44,21.8,,,,,,,,,,,,,,,,,,,,,,,,,,,,,,,,,,,,,,,,,,,,,,,,,,,,,,,,,,,,,,,,,
train_81,Базовое_масло_14,Р-10 от 13.05.2024,84.281,,,,,,,,,,,,,,,4,2,4,,,,,,,,,,,1.02,5.01,,,,,,,,,,,,,,,,,,,,,801.4,798,,,,,,,,,,,,,,,,,,,,,,,,,,,,,,,,,,,,,,,,,,,
train_81,Базовое_масло_4,01209.25 для SL,93.647,,,,,,,,,,,,,,,,,12688,,,,,,,,,,,8.42,54.13,,,,,,,,,,,,,,,,,,,,,,,,,,,,,,,,,,,,,,,,,,,,,,,,,,,,,,,,,,,,,,,,,
train_81,Базовое_масло_8,01208.25 для SL,34.579,,,,,,,,,,,,,,,,,,,,,,,,,,,,4.51,,,,,,,,,,,,,,,,,,,,,,,,,,,,,,,,,,,,,,,,,,,,,,,,,,,,,,,,,,,,,,,,,,
train_81,Депрессорная_присадка_2,01190.25 для SL,43.971,,,,,,,,,,,,,,,,,,,,,,,,,,,,,,,,,,,,,,,,,,,,,,,,,,,,,,,,,,,,,,,,,,,,,,,,,,,,,,,,,,,,,,,,,,,,,,
train_81,Детергент_1,0432.25,31.092,,,,,,,,,,,,,,,,,,,,,,,,,,,,,,,,,,,15.76,,,,,,,,,,,,,,,,,,,,,,,,,,,,,,,,,,,,,,,,,,,,,,,,,,,,,,,410.9,,,,
train_81,Дисперсант_1,01191.25 для SL,74.243,,,,,,,,,,,,,,,,,,,,,,,,,,,,,,,,,,,,,,,,,,,,,,,,,,,,,,,,,,,,,,,,,,,,,,,,,,,,,,,,,,,,,,,,,,,,,,
train_81,Загуститель_1,"01124.25 10,3%  2 гр",22.582,,,,,,,,,,,,,,,,,,,,,,,,,,,,,,,,,,,,,,,,,,,,,,,,,,,,,,,,,,,,,,,,,,,,,,,,,,,,,,,,,,,,,,,,,,,,,,
train_81,Противоизносная_присадка_5,02975.22,93.926,,,,,,,,,,,,,,,,,,,,,,,,,,,,12.17,,,,,,,0.0001,,15.99,,,8.768,,8.85,,,,,,,,,,,,,,,,,,,,,,,,,,,,,,,,,,,,,,,,,,,,,,,,,,,,
train_81,Соединение_молибдена_1,COMP-2023-0003-M,95.918,,,,,,,,,,,,,,,,,,,,,,,,,,,,,,,,,,,,,,,,,,,,,,,,,,,,,,,,,,,,,,,,,,,,,,,,,,,,,,,,,,,,,,,,,,,,,,
train_82,Антиоксидант_2,01623.24,17.074,,,,,,,,,,,,,,,,,,,,,,,,,,,,14.54,,,,,,,,,,,,,,,,,,,,,,,,,,,,,,,,,,,,,,,,,,,,,,,,,,,,,,,,,,,,,,138.8,,,,
train_82,Антипенная_присадка_1,Р-10 3% р-р от 16.04,3.991,,,,,,,,,,,,,,,,,,,,,,,,,,,,,,,,,,,,,,,,,,,,,,,,,,,,,,,,,,,,,,,,,,,,,,,,,,,,,,,,,,,,,,,,,,,,,,
train_82,Базовое_масло_1,0318.25,38.413,,,,,,,,,,,,,,,784,1294,2234,,,,,,,,,,,4.44,21.8,,,,,,,,,,,,,,,,,,,,,,,,,,,,,,,,,,,,,,,,,,,,,,,,,,,,,,,,,,,,,,,,,
train_82,Базовое_масло_14,Р-10 от 13.05.2024,84.281,,,,,,,,,,,,,,,4,2,4,,,,,,,,,,,1.02,5.01,,,,,,,,,,,,,,,,,,,,,801.4,798,,,,,,,,,,,,,,,,,,,,,,,,,,,,,,,,,,,,,,,,,,,
train_82,Базовое_масло_4,01209.25 для SL,93.647,,,,,,,,,,,,,,,,,12688,,,,,,,,,,,8.42,54.13,,,,,,,,,,,,,,,,,,,,,,,,,,,,,,,,,,,,,,,,,,,,,,,,,,,,,,,,,,,,,,,,,
train_82,Базовое_масло_8,01208.25 для SL,34.579,,,,,,,,,,,,,,,,,,,,,,,,,,,,4.51,,,,,,,,,,,,,,,,,,,,,,,,,,,,,,,,,,,,,,,,,,,,,,,,,,,,,,,,,,,,,,,,,,
train_82,Депрессорная_присадка_2,01190.25 для SL,43.971,,,,,,,,,,,,,,,,,,,,,,,,,,,,,,,,,,,,,,,,,,,,,,,,,,,,,,,,,,,,,,,,,,,,,,,,,,,,,,,,,,,,,,,,,,,,,,
train_82,Детергент_1,0432.25,31.092,,,,,,,,,,,,,,,,,,,,,,,,,,,,,,,,,,,15.76,,,,,,,,,,,,,,,,,,,,,,,,,,,,,,,,,,,,,,,,,,,,,,,,,,,,,,,410.9,,,,
train_82,Дисперсант_1,01191.25 для SL,74.243,,,,,,,,,,,,,,,,,,,,,,,,,,,,,,,,,,,,,,,,,,,,,,,,,,,,,,,,,,,,,,,,,,,,,,,,,,,,,,,,,,,,,,,,,,,,,,
train_82,Загуститель_1,"01124.25 10,3%  2 гр",22.582,,,,,,,,,,,,,,,,,,,,,,,,,,,,,,,,,,,,,,,,,,,,,,,,,,,,,,,,,,,,,,,,,,,,,,,,,,,,,,,,,,,,,,,,,,,,,,
train_82,Противоизносная_присадка_5,02975.22,93.926,,,,,,,,,,,,,,,,,,,,,,,,,,,,12.17,,,,,,,0.0001,,15.99,,,8.768,,8.85,,,,,,,,,,,,,,,,,,,,,,,,,,,,,,,,,,,,,,,,,,,,,,,,,,,,
train_82,Соединение_молибдена_1,COMP-2023-0003-M,95.918,,,,,,,,,,,,,,,,,,,,,,,,,,,,,,,,,,,,,,,,,,,,,,,,,,,,,,,,,,,,,,,,,,,,,,,,,,,,,,,,,,,,,,,,,,,,,,
train_83,Антиоксидант_2,01623.24,43.971,,,,,,,,,,,,,,,,,,,,,,,,,,,,14.54,,,,,,,,,,,,,,,,,,,,,,,,,,,,,,,,,,,,,,,,,,,,,,,,,,,,,,,,,,,,,,138.8,,,,
train_83,Антипенная_присадка_1,Р-10 3% р-р от 16.04,3.991,,,,,,,,,,,,,,,,,,,,,,,,,,,,,,,,,,,,,,,,,,,,,,,,,,,,,,,,,,,,,,,,,,,,,,,,,,,,,,,,,,,,,,,,,,,,,,
train_83,Базовое_масло_1,0318.25,38.413,,,,,,,,,,,,,,,784,1294,2234,,,,,,,,,,,4.44,21.8,,,,,,,,,,,,,,,,,,,,,,,,,,,,,,,,,,,,,,,,,,,,,,,,,,,,,,,,,,,,,,,,,
train_83,Базовое_масло_14,Р-10 от 13.05.2024,84.281,,,,,,,,,,,,,,,4,2,4,,,,,,,,,,,1.02,5.01,,,,,,,,,,,,,,,,,,,,,801.4,798,,,,,,,,,,,,,,,,,,,,,,,,,,,,,,,,,,,,,,,,,,,
train_83,Базовое_масло_4,01209.25 для SL,93.647,,,,,,,,,,,,,,,,,12688,,,,,,,,,,,8.42,54.13,,,,,,,,,,,,,,,,,,,,,,,,,,,,,,,,,,,,,,,,,,,,,,,,,,,,,,,,,,,,,,,,,
train_83,Базовое_масло_8,01208.25 для SL,81.127,,,,,,,,,,,,,,,,,,,,,,,,,,,,4.51,,,,,,,,,,,,,,,,,,,,,,,,,,,,,,,,,,,,,,,,,,,,,,,,,,,,,,,,,,,,,,,,,,
train_83,Депрессорная_присадка_2,01190.25 для SL,43.971,,,,,,,,,,,,,,,,,,,,,,,,,,,,,,,,,,,,,,,,,,,,,,,,,,,,,,,,,,,,,,,,,,,,,,,,,,,,,,,,,,,,,,,,,,,,,,
train_83,Детергент_1,0432.25,31.092,,,,,,,,,,,,,,,,,,,,,,,,,,,,,,,,,,,15.76,,,,,,,,,,,,,,,,,,,,,,,,,,,,,,,,,,,,,,,,,,,,,,,,,,,,,,,410.9,,,,
train_83,Дисперсант_1,01191.25 для SL,74.243,,,,,,,,,,,,,,,,,,,,,,,,,,,,,,,,,,,,,,,,,,,,,,,,,,,,,,,,,,,,,,,,,,,,,,,,,,,,,,,,,,,,,,,,,,,,,,
train_83,Загуститель_1,"01124.25 10,3%  2 гр",22.582,,,,,,,,,,,,,,,,,,,,,,,,,,,,,,,,,,,,,,,,,,,,,,,,,,,,,,,,,,,,,,,,,,,,,,,,,,,,,,,,,,,,,,,,,,,,,,
train_83,Противоизносная_присадка_5,02975.22,93.926,,,,,,,,,,,,,,,,,,,,,,,,,,,,12.17,,,,,,,0.0001,,15.99,,,8.768,,8.85,,,,,,,,,,,,,,,,,,,,,,,,,,,,,,,,,,,,,,,,,,,,,,,,,,,,
train_83,Соединение_молибдена_1,COMP-2023-0003-M,94.175,,,,,,,,,,,,,,,,,,,,,,,,,,,,,,,,,,,,,,,,,,,,,,,,,,,,,,,,,,,,,,,,,,,,,,,,,,,,,,,,,,,,,,,,,,,,,,
train_84,Антиоксидант_2,01623.24,43.971,,,,,,,,,,,,,,,,,,,,,,,,,,,,14.54,,,,,,,,,,,,,,,,,,,,,,,,,,,,,,,,,,,,,,,,,,,,,,,,,,,,,,,,,,,,,,138.8,,,,
train_84,Антипенная_присадка_1,Р-10 3% р-р от 16.04,3.991,,,,,,,,,,,,,,,,,,,,,,,,,,,,,,,,,,,,,,,,,,,,,,,,,,,,,,,,,,,,,,,,,,,,,,,,,,,,,,,,,,,,,,,,,,,,,,
train_84,Базовое_масло_1,0318.25,38.413,,,,,,,,,,,,,,,784,1294,2234,,,,,,,,,,,4.44,21.8,,,,,,,,,,,,,,,,,,,,,,,,,,,,,,,,,,,,,,,,,,,,,,,,,,,,,,,,,,,,,,,,,
train_84,Базовое_масло_14,Р-10 от 13.05.2024,84.281,,,,,,,,,,,,,,,4,2,4,,,,,,,,,,,1.02,5.01,,,,,,,,,,,,,,,,,,,,,801.4,798,,,,,,,,,,,,,,,,,,,,,,,,,,,,,,,,,,,,,,,,,,,
train_84,Базовое_масло_4,01209.25 для SL,93.647,,,,,,,,,,,,,,,,,12688,,,,,,,,,,,8.42,54.13,,,,,,,,,,,,,,,,,,,,,,,,,,,,,,,,,,,,,,,,,,,,,,,,,,,,,,,,,,,,,,,,,
train_84,Базовое_масло_8,01208.25 для SL,81.127,,,,,,,,,,,,,,,,,,,,,,,,,,,,4.51,,,,,,,,,,,,,,,,,,,,,,,,,,,,,,,,,,,,,,,,,,,,,,,,,,,,,,,,,,,,,,,,,,
train_84,Депрессорная_присадка_2,01190.25 для SL,43.971,,,,,,,,,,,,,,,,,,,,,,,,,,,,,,,,,,,,,,,,,,,,,,,,,,,,,,,,,,,,,,,,,,,,,,,,,,,,,,,,,,,,,,,,,,,,,,
train_84,Детергент_1,0432.25,31.092,,,,,,,,,,,,,,,,,,,,,,,,,,,,,,,,,,,15.76,,,,,,,,,,,,,,,,,,,,,,,,,,,,,,,,,,,,,,,,,,,,,,,,,,,,,,,410.9,,,,
train_84,Дисперсант_1,01191.25 для SL,74.243,,,,,,,,,,,,,,,,,,,,,,,,,,,,,,,,,,,,,,,,,,,,,,,,,,,,,,,,,,,,,,,,,,,,,,,,,,,,,,,,,,,,,,,,,,,,,,
train_84,Загуститель_1,"01124.25 10,3%  2 гр",22.582,,,,,,,,,,,,,,,,,,,,,,,,,,,,,,,,,,,,,,,,,,,,,,,,,,,,,,,,,,,,,,,,,,,,,,,,,,,,,,,,,,,,,,,,,,,,,,
train_84,Противоизносная_присадка_5,02975.22,93.926,,,,,,,,,,,,,,,,,,,,,,,,,,,,12.17,,,,,,,0.0001,,15.99,,,8.768,,8.85,,,,,,,,,,,,,,,,,,,,,,,,,,,,,,,,,,,,,,,,,,,,,,,,,,,,
train_84,Соединение_молибдена_1,COMP-2023-0003-M,94.175,,,,,,,,,,,,,,,,,,,,,,,,,,,,,,,,,,,,,,,,,,,,,,,,,,,,,,,,,,,,,,,,,,,,,,,,,,,,,,,,,,,,,,,,,,,,,,
train_85,Антиоксидант_2,01623.24,56.357,,,,,,,,,,,,,,,,,,,,,,,,,,,,14.54,,,,,,,,,,,,,,,,,,,,,,,,,,,,,,,,,,,,,,,,,,,,,,,,,,,,,,,,,,,,,,138.8,,,,
train_85,Антипенная_присадка_1,Р-10 3% р-р от 16.04,3.991,,,,,,,,,,,,,,,,,,,,,,,,,,,,,,,,,,,,,,,,,,,,,,,,,,,,,,,,,,,,,,,,,,,,,,,,,,,,,,,,,,,,,,,,,,,,,,
train_85,Базовое_масло_1,0318.25,38.413,,,,,,,,,,,,,,,784,1294,2234,,,,,,,,,,,4.44,21.8,,,,,,,,,,,,,,,,,,,,,,,,,,,,,,,,,,,,,,,,,,,,,,,,,,,,,,,,,,,,,,,,,
train_85,Базовое_масло_14,Р-10 от 13.05.2024,84.281,,,,,,,,,,,,,,,4,2,4,,,,,,,,,,,1.02,5.01,,,,,,,,,,,,,,,,,,,,,801.4,798,,,,,,,,,,,,,,,,,,,,,,,,,,,,,,,,,,,,,,,,,,,
train_85,Базовое_масло_4,01209.25 для SL,93.647,,,,,,,,,,,,,,,,,12688,,,,,,,,,,,8.42,54.13,,,,,,,,,,,,,,,,,,,,,,,,,,,,,,,,,,,,,,,,,,,,,,,,,,,,,,,,,,,,,,,,,
train_85,Базовое_масло_8,01208.25 для SL,31.194,,,,,,,,,,,,,,,,,,,,,,,,,,,,4.51,,,,,,,,,,,,,,,,,,,,,,,,,,,,,,,,,,,,,,,,,,,,,,,,,,,,,,,,,,,,,,,,,,
train_85,Депрессорная_присадка_2,01190.25 для SL,43.971,,,,,,,,,,,,,,,,,,,,,,,,,,,,,,,,,,,,,,,,,,,,,,,,,,,,,,,,,,,,,,,,,,,,,,,,,,,,,,,,,,,,,,,,,,,,,,
train_85,Детергент_1,0432.25,31.092,,,,,,,,,,,,,,,,,,,,,,,,,,,,,,,,,,,15.76,,,,,,,,,,,,,,,,,,,,,,,,,,,,,,,,,,,,,,,,,,,,,,,,,,,,,,,410.9,,,,
train_85,Дисперсант_1,01191.25 для SL,74.243,,,,,,,,,,,,,,,,,,,,,,,,,,,,,,,,,,,,,,,,,,,,,,,,,,,,,,,,,,,,,,,,,,,,,,,,,,,,,,,,,,,,,,,,,,,,,,
train_85,Загуститель_1,"01124.25 10,3%  2 гр",22.582,,,,,,,,,,,,,,,,,,,,,,,,,,,,,,,,,,,,,,,,,,,,,,,,,,,,,,,,,,,,,,,,,,,,,,,,,,,,,,,,,,,,,,,,,,,,,,
train_85,Противоизносная_присадка_5,02975.22,93.926,,,,,,,,,,,,,,,,,,,,,,,,,,,,12.17,,,,,,,0.0001,,15.99,,,8.768,,8.85,,,,,,,,,,,,,,,,,,,,,,,,,,,,,,,,,,,,,,,,,,,,,,,,,,,,
train_85,Соединение_молибдена_1,COMP-2023-0003-M,67.927,,,,,,,,,,,,,,,,,,,,,,,,,,,,,,,,,,,,,,,,,,,,,,,,,,,,,,,,,,,,,,,,,,,,,,,,,,,,,,,,,,,,,,,,,,,,,,
train_86,Антиоксидант_2,01623.24,56.357,,,,,,,,,,,,,,,,,,,,,,,,,,,,14.54,,,,,,,,,,,,,,,,,,,,,,,,,,,,,,,,,,,,,,,,,,,,,,,,,,,,,,,,,,,,,,138.8,,,,
train_86,Антипенная_присадка_1,Р-10 3% р-р от 16.04,3.991,,,,,,,,,,,,,,,,,,,,,,,,,,,,,,,,,,,,,,,,,,,,,,,,,,,,,,,,,,,,,,,,,,,,,,,,,,,,,,,,,,,,,,,,,,,,,,
train_86,Базовое_масло_1,0318.25,38.413,,,,,,,,,,,,,,,784,1294,2234,,,,,,,,,,,4.44,21.8,,,,,,,,,,,,,,,,,,,,,,,,,,,,,,,,,,,,,,,,,,,,,,,,,,,,,,,,,,,,,,,,,
train_86,Базовое_масло_14,Р-10 от 13.05.2024,84.281,,,,,,,,,,,,,,,4,2,4,,,,,,,,,,,1.02,5.01,,,,,,,,,,,,,,,,,,,,,801.4,798,,,,,,,,,,,,,,,,,,,,,,,,,,,,,,,,,,,,,,,,,,,
train_86,Базовое_масло_4,01209.25 для SL,93.647,,,,,,,,,,,,,,,,,12688,,,,,,,,,,,8.42,54.13,,,,,,,,,,,,,,,,,,,,,,,,,,,,,,,,,,,,,,,,,,,,,,,,,,,,,,,,,,,,,,,,,
train_86,Базовое_масло_8,01208.25 для SL,31.194,,,,,,,,,,,,,,,,,,,,,,,,,,,,4.51,,,,,,,,,,,,,,,,,,,,,,,,,,,,,,,,,,,,,,,,,,,,,,,,,,,,,,,,,,,,,,,,,,
train_86,Депрессорная_присадка_2,01190.25 для SL,43.971,,,,,,,,,,,,,,,,,,,,,,,,,,,,,,,,,,,,,,,,,,,,,,,,,,,,,,,,,,,,,,,,,,,,,,,,,,,,,,,,,,,,,,,,,,,,,,
train_86,Детергент_1,0432.25,31.092,,,,,,,,,,,,,,,,,,,,,,,,,,,,,,,,,,,15.76,,,,,,,,,,,,,,,,,,,,,,,,,,,,,,,,,,,,,,,,,,,,,,,,,,,,,,,410.9,,,,
train_86,Дисперсант_1,01191.25 для SL,74.243,,,,,,,,,,,,,,,,,,,,,,,,,,,,,,,,,,,,,,,,,,,,,,,,,,,,,,,,,,,,,,,,,,,,,,,,,,,,,,,,,,,,,,,,,,,,,,
train_86,Загуститель_1,"01124.25 10,3%  2 гр",22.582,,,,,,,,,,,,,,,,,,,,,,,,,,,,,,,,,,,,,,,,,,,,,,,,,,,,,,,,,,,,,,,,,,,,,,,,,,,,,,,,,,,,,,,,,,,,,,
train_86,Противоизносная_присадка_5,02975.22,93.926,,,,,,,,,,,,,,,,,,,,,,,,,,,,12.17,,,,,,,0.0001,,15.99,,,8.768,,8.85,,,,,,,,,,,,,,,,,,,,,,,,,,,,,,,,,,,,,,,,,,,,,,,,,,,,
train_86,Соединение_молибдена_1,COMP-2023-0003-M,67.927,,,,,,,,,,,,,,,,,,,,,,,,,,,,,,,,,,,,,,,,,,,,,,,,,,,,,,,,,,,,,,,,,,,,,,,,,,,,,,,,,,,,,,,,,,,,,,
train_87,Антиоксидант_2,01623.24,38.014,,,,,,,,,,,,,,,,,,,,,,,,,,,,14.54,,,,,,,,,,,,,,,,,,,,,,,,,,,,,,,,,,,,,,,,,,,,,,,,,,,,,,,,,,,,,,138.8,,,,
train_87,Антипенная_присадка_1,Р-10 3% р-р от 16.04,3.991,,,,,,,,,,,,,,,,,,,,,,,,,,,,,,,,,,,,,,,,,,,,,,,,,,,,,,,,,,,,,,,,,,,,,,,,,,,,,,,,,,,,,,,,,,,,,,
train_87,Базовое_масло_1,0318.25,38.413,,,,,,,,,,,,,,,784,1294,2234,,,,,,,,,,,4.44,21.8,,,,,,,,,,,,,,,,,,,,,,,,,,,,,,,,,,,,,,,,,,,,,,,,,,,,,,,,,,,,,,,,,
train_87,Базовое_масло_14,Р-10 от 13.05.2024,84.281,,,,,,,,,,,,,,,4,2,4,,,,,,,,,,,1.02,5.01,,,,,,,,,,,,,,,,,,,,,801.4,798,,,,,,,,,,,,,,,,,,,,,,,,,,,,,,,,,,,,,,,,,,,
train_87,Базовое_масло_4,01209.25 для SL,18.485,,,,,,,,,,,,,,,,,12688,,,,,,,,,,,8.42,54.13,,,,,,,,,,,,,,,,,,,,,,,,,,,,,,,,,,,,,,,,,,,,,,,,,,,,,,,,,,,,,,,,,
train_87,Базовое_масло_8,01208.25 для SL,52.846,,,,,,,,,,,,,,,,,,,,,,,,,,,,4.51,,,,,,,,,,,,,,,,,,,,,,,,,,,,,,,,,,,,,,,,,,,,,,,,,,,,,,,,,,,,,,,,,,
train_87,Депрессорная_присадка_2,01190.25 для SL,43.971,,,,,,,,,,,,,,,,,,,,,,,,,,,,,,,,,,,,,,,,,,,,,,,,,,,,,,,,,,,,,,,,,,,,,,,,,,,,,,,,,,,,,,,,,,,,,,
train_87,Детергент_1,0432.25,31.092,,,,,,,,,,,,,,,,,,,,,,,,,,,,,,,,,,,15.76,,,,,,,,,,,,,,,,,,,,,,,,,,,,,,,,,,,,,,,,,,,,,,,,,,,,,,,410.9,,,,
train_87,Дисперсант_4,0139.25 ол12,74.243,,,,,,,,,,,,,,,,,,,,,,,,,,,,215.8,,1.031,,,,,,,,,,,,,,,,,,,,,,,,,,,,,,,,,,,,,,,,,,,,,,,,,,,,,,,,,,3,,54.43,36.23,,,
train_87,Загуститель_1,"01124.25 10,3%  2 гр",22.582,,,,,,,,,,,,,,,,,,,,,,,,,,,,,,,,,,,,,,,,,,,,,,,,,,,,,,,,,,,,,,,,,,,,,,,,,,,,,,,,,,,,,,,,,,,,,,
train_87,Противоизносная_присадка_7,02359.22,93.926,,,,,,,,,,,,,,,,,,,,,,,,,,,,13.66,,,,,,,0.006,,,,,7.7,,9,,,,,,,,,,,,,,,,,,,,,,,,,,,,,,,,,,,,,,,,,,,,,,,,,19.72,,,
train_87,Соединение_молибдена_1,COMP-2023-0003-M,12.301,,,,,,,,,,,,,,,,,,,,,,,,,,,,,,,,,,,,,,,,,,,,,,,,,,,,,,,,,,,,,,,,,,,,,,,,,,,,,,,,,,,,,,,,,,,,,,
train_88,Антиоксидант_1,01196.25 для SL,38.014,,,,,,,,,,,,,,,,,,,,,,,,,,,,,,,,,,,,,,,,,,,,,,,,,,,,,,,,,,,,,,,,,,,,,,,,,,,,,,,,,,,,,,,,,,,,,,
train_88,Антиоксидант_2,01623.24,38.014,,,,,,,,,,,,,,,,,,,,,,,,,,,,14.54,,,,,,,,,,,,,,,,,,,,,,,,,,,,,,,,,,,,,,,,,,,,,,,,,,,,,,,,,,,,,,138.8,,,,
train_88,Антипенная_присадка_1,Р-10 3% р-р от 16.04,3.991,,,,,,,,,,,,,,,,,,,,,,,,,,,,,,,,,,,,,,,,,,,,,,,,,,,,,,,,,,,,,,,,,,,,,,,,,,,,,,,,,,,,,,,,,,,,,,
train_88,Базовое_масло_1,0318.25,38.413,,,,,,,,,,,,,,,784,1294,2234,,,,,,,,,,,4.44,21.8,,,,,,,,,,,,,,,,,,,,,,,,,,,,,,,,,,,,,,,,,,,,,,,,,,,,,,,,,,,,,,,,,
train_88,Базовое_масло_14,Р-10 от 13.05.2024,84.281,,,,,,,,,,,,,,,4,2,4,,,,,,,,,,,1.02,5.01,,,,,,,,,,,,,,,,,,,,,801.4,798,,,,,,,,,,,,,,,,,,,,,,,,,,,,,,,,,,,,,,,,,,,
train_88,Базовое_масло_4,01209.25 для SL,18.485,,,,,,,,,,,,,,,,,12688,,,,,,,,,,,8.42,54.13,,,,,,,,,,,,,,,,,,,,,,,,,,,,,,,,,,,,,,,,,,,,,,,,,,,,,,,,,,,,,,,,,
train_88,Базовое_масло_8,01208.25 для SL,14.527,,,,,,,,,,,,,,,,,,,,,,,,,,,,4.51,,,,,,,,,,,,,,,,,,,,,,,,,,,,,,,,,,,,,,,,,,,,,,,,,,,,,,,,,,,,,,,,,,
train_88,Депрессорная_присадка_2,01190.25 для SL,43.971,,,,,,,,,,,,,,,,,,,,,,,,,,,,,,,,,,,,,,,,,,,,,,,,,,,,,,,,,,,,,,,,,,,,,,,,,,,,,,,,,,,,,,,,,,,,,,
train_88,Детергент_1,0432.25,31.092,,,,,,,,,,,,,,,,,,,,,,,,,,,,,,,,,,,15.76,,,,,,,,,,,,,,,,,,,,,,,,,,,,,,,,,,,,,,,,,,,,,,,,,,,,,,,410.9,,,,
train_88,Дисперсант_4,0139.25 ол12,74.243,,,,,,,,,,,,,,,,,,,,,,,,,,,,215.8,,1.031,,,,,,,,,,,,,,,,,,,,,,,,,,,,,,,,,,,,,,,,,,,,,,,,,,,,,,,,,,3,,54.43,36.23,,,
train_88,Загуститель_1,"01124.25 10,3%  2 гр",22.582,,,,,,,,,,,,,,,,,,,,,,,,,,,,,,,,,,,,,,,,,,,,,,,,,,,,,,,,,,,,,,,,,,,,,,,,,,,,,,,,,,,,,,,,,,,,,,
train_88,Противоизносная_присадка_5,02975.22,93.926,,,,,,,,,,,,,,,,,,,,,,,,,,,,12.17,,,,,,,0.0001,,15.99,,,8.768,,8.85,,,,,,,,,,,,,,,,,,,,,,,,,,,,,,,,,,,,,,,,,,,,,,,,,,,,
train_89,Антиоксидант_2,01623.24,43.971,,,,,,,,,,,,,,,,,,,,,,,,,,,,14.54,,,,,,,,,,,,,,,,,,,,,,,,,,,,,,,,,,,,,,,,,,,,,,,,,,,,,,,,,,,,,,138.8,,,,
train_89,Антипенная_присадка_1,Р-10 3% р-р от 16.04,3.991,,,,,,,,,,,,,,,,,,,,,,,,,,,,,,,,,,,,,,,,,,,,,,,,,,,,,,,,,,,,,,,,,,,,,,,,,,,,,,,,,,,,,,,,,,,,,,
train_89,Базовое_масло_1,02228.25,86.183,,,,,,,,,,,,,,,,,,,,,,,,,,,,4.444,"21,75",,,,,,,,,,,,,,,,,,,,,,,,,,,,,,,,,,,,,,,,,,,,,,,,,,,,,,,,,,,,,,,,,
train_89,Базовое_масло_1,0318.25,38.413,,,,,,,,,,,,,,,784,1294,2234,,,,,,,,,,,4.44,21.8,,,,,,,,,,,,,,,,,,,,,,,,,,,,,,,,,,,,,,,,,,,,,,,,,,,,,,,,,,,,,,,,,
train_89,Базовое_масло_14,Р-10 от 13.05.2024,84.281,,,,,,,,,,,,,,,4,2,4,,,,,,,,,,,1.02,5.01,,,,,,,,,,,,,,,,,,,,,801.4,798,,,,,,,,,,,,,,,,,,,,,,,,,,,,,,,,,,,,,,,,,,,
train_89,Базовое_масло_5,02229.25,94.663,,,,,,,,,,,,,,,,,,,,,,,,,,,,8.25,55.51,,,,,,,,,,,,,,,,,,,,,,,,,,,,,,,,,,,,,,,,,,,,,,,,,,,,,,,,,,,,,,,,,
train_89,Депрессорная_присадка_2,01190.25 для SL,43.971,,,,,,,,,,,,,,,,,,,,,,,,,,,,,,,,,,,,,,,,,,,,,,,,,,,,,,,,,,,,,,,,,,,,,,,,,,,,,,,,,,,,,,,,,,,,,,
train_89,Детергент_1,0432.25,13.8,,,,,,,,,,,,,,,,,,,,,,,,,,,,,,,,,,,15.76,,,,,,,,,,,,,,,,,,,,,,,,,,,,,,,,,,,,,,,,,,,,,,,,,,,,,,,410.9,,,,
train_89,Детергент_7,03229.24,43.971,,,,,,,,,,,,,,,,,,,,,,,,,,,,,,,,,,,2.484,,,,,2.873,,0.0344,,,,,,,,,,,,,,,,,,,,,,,,,,,,,,,,,,,,,,,,,,,,,,,,,,,,
train_89,Дисперсант_1,01191.25 для SL,27.634,,,,,,,,,,,,,,,,,,,,,,,,,,,,,,,,,,,,,,,,,,,,,,,,,,,,,,,,,,,,,,,,,,,,,,,,,,,,,,,,,,,,,,,,,,,,,,
train_89,Загуститель_1,"01124.25 10,3%  2 гр",22.582,,,,,,,,,,,,,,,,,,,,,,,,,,,,,,,,,,,,,,,,,,,,,,,,,,,,,,,,,,,,,,,,,,,,,,,,,,,,,,,,,,,,,,,,,,,,,,
train_89,Противоизносная_присадка_7,02359.22,93.926,,,,,,,,,,,,,,,,,,,,,,,,,,,,13.66,,,,,,,0.006,,,,,7.7,,9,,,,,,,,,,,,,,,,,,,,,,,,,,,,,,,,,,,,,,,,,,,,,,,,,19.72,,,
train_89,Соединение_молибдена_1,COMP-2023-0003-M,94.175,,,,,,,,,,,,,,,,,,,,,,,,,,,,,,,,,,,,,,,,,,,,,,,,,,,,,,,,,,,,,,,,,,,,,,,,,,,,,,,,,,,,,,,,,,,,,,
train_90,Антиоксидант_2,01623.24,43.971,,,,,,,,,,,,,,,,,,,,,,,,,,,,14.54,,,,,,,,,,,,,,,,,,,,,,,,,,,,,,,,,,,,,,,,,,,,,,,,,,,,,,,,,,,,,,138.8,,,,
train_90,Антипенная_присадка_1,Р-10 3% р-р от 16.04,3.991,,,,,,,,,,,,,,,,,,,,,,,,,,,,,,,,,,,,,,,,,,,,,,,,,,,,,,,,,,,,,,,,,,,,,,,,,,,,,,,,,,,,,,,,,,,,,,
train_90,Базовое_масло_1,02228.25,86.183,,,,,,,,,,,,,,,,,,,,,,,,,,,,4.444,"21,75",,,,,,,,,,,,,,,,,,,,,,,,,,,,,,,,,,,,,,,,,,,,,,,,,,,,,,,,,,,,,,,,,
train_90,Базовое_масло_1,0318.25,38.413,,,,,,,,,,,,,,,784,1294,2234,,,,,,,,,,,4.44,21.8,,,,,,,,,,,,,,,,,,,,,,,,,,,,,,,,,,,,,,,,,,,,,,,,,,,,,,,,,,,,,,,,,
train_90,Базовое_масло_14,Р-10 от 13.05.2024,84.281,,,,,,,,,,,,,,,4,2,4,,,,,,,,,,,1.02,5.01,,,,,,,,,,,,,,,,,,,,,801.4,798,,,,,,,,,,,,,,,,,,,,,,,,,,,,,,,,,,,,,,,,,,,
train_90,Базовое_масло_5,02229.25,94.663,,,,,,,,,,,,,,,,,,,,,,,,,,,,8.25,55.51,,,,,,,,,,,,,,,,,,,,,,,,,,,,,,,,,,,,,,,,,,,,,,,,,,,,,,,,,,,,,,,,,
train_90,Депрессорная_присадка_2,01190.25 для SL,43.971,,,,,,,,,,,,,,,,,,,,,,,,,,,,,,,,,,,,,,,,,,,,,,,,,,,,,,,,,,,,,,,,,,,,,,,,,,,,,,,,,,,,,,,,,,,,,,
train_90,Детергент_1,0432.25,13.8,,,,,,,,,,,,,,,,,,,,,,,,,,,,,,,,,,,15.76,,,,,,,,,,,,,,,,,,,,,,,,,,,,,,,,,,,,,,,,,,,,,,,,,,,,,,,410.9,,,,
train_90,Детергент_7,03229.24,43.971,,,,,,,,,,,,,,,,,,,,,,,,,,,,,,,,,,,2.484,,,,,2.873,,0.0344,,,,,,,,,,,,,,,,,,,,,,,,,,,,,,,,,,,,,,,,,,,,,,,,,,,,
train_90,Дисперсант_7,COMP-2025-0017-M,27.634,,,,,,,,,,,,,,,,,,,,,,,,,,,,,,,,,,,,,,,,,,,,,,,,,,,,,,,,,,,,,,,,,,,,,,,,,,,,,,,,,,,,,,,,,,,,,,
train_90,Загуститель_1,"01124.25 10,3%  2 гр",22.582,,,,,,,,,,,,,,,,,,,,,,,,,,,,,,,,,,,,,,,,,,,,,,,,,,,,,,,,,,,,,,,,,,,,,,,,,,,,,,,,,,,,,,,,,,,,,,
train_90,Противоизносная_присадка_7,02359.22,93.926,,,,,,,,,,,,,,,,,,,,,,,,,,,,13.66,,,,,,,0.006,,,,,7.7,,9,,,,,,,,,,,,,,,,,,,,,,,,,,,,,,,,,,,,,,,,,,,,,,,,,19.72,,,
train_90,Соединение_молибдена_1,COMP-2023-0003-M,94.175,,,,,,,,,,,,,,,,,,,,,,,,,,,,,,,,,,,,,,,,,,,,,,,,,,,,,,,,,,,,,,,,,,,,,,,,,,,,,,,,,,,,,,,,,,,,,,
train_91,Антиоксидант_2,01623.24,43.971,,,,,,,,,,,,,,,,,,,,,,,,,,,,14.54,,,,,,,,,,,,,,,,,,,,,,,,,,,,,,,,,,,,,,,,,,,,,,,,,,,,,,,,,,,,,,138.8,,,,
train_91,Антипенная_присадка_1,Р-10 3% р-р от 16.04,3.991,,,,,,,,,,,,,,,,,,,,,,,,,,,,,,,,,,,,,,,,,,,,,,,,,,,,,,,,,,,,,,,,,,,,,,,,,,,,,,,,,,,,,,,,,,,,,,
train_91,Базовое_масло_1,02228.25,86.183,,,,,,,,,,,,,,,,,,,,,,,,,,,,4.444,"21,75",,,,,,,,,,,,,,,,,,,,,,,,,,,,,,,,,,,,,,,,,,,,,,,,,,,,,,,,,,,,,,,,,
train_91,Базовое_масло_1,0318.25,38.413,,,,,,,,,,,,,,,784,1294,2234,,,,,,,,,,,4.44,21.8,,,,,,,,,,,,,,,,,,,,,,,,,,,,,,,,,,,,,,,,,,,,,,,,,,,,,,,,,,,,,,,,,
train_91,Базовое_масло_14,Р-10 от 13.05.2024,84.281,,,,,,,,,,,,,,,4,2,4,,,,,,,,,,,1.02,5.01,,,,,,,,,,,,,,,,,,,,,801.4,798,,,,,,,,,,,,,,,,,,,,,,,,,,,,,,,,,,,,,,,,,,,
train_91,Базовое_масло_5,02229.25,94.663,,,,,,,,,,,,,,,,,,,,,,,,,,,,8.25,55.51,,,,,,,,,,,,,,,,,,,,,,,,,,,,,,,,,,,,,,,,,,,,,,,,,,,,,,,,,,,,,,,,,
train_91,Депрессорная_присадка_2,01190.25 для SL,43.971,,,,,,,,,,,,,,,,,,,,,,,,,,,,,,,,,,,,,,,,,,,,,,,,,,,,,,,,,,,,,,,,,,,,,,,,,,,,,,,,,,,,,,,,,,,,,,
train_91,Детергент_1,0432.25,13.8,,,,,,,,,,,,,,,,,,,,,,,,,,,,,,,,,,,15.76,,,,,,,,,,,,,,,,,,,,,,,,,,,,,,,,,,,,,,,,,,,,,,,,,,,,,,,410.9,,,,
train_91,Детергент_7,03229.24,43.971,,,,,,,,,,,,,,,,,,,,,,,,,,,,,,,,,,,2.484,,,,,2.873,,0.0344,,,,,,,,,,,,,,,,,,,,,,,,,,,,,,,,,,,,,,,,,,,,,,,,,,,,
train_91,Дисперсант_7,COMP-2025-0017-M,27.634,,,,,,,,,,,,,,,,,,,,,,,,,,,,,,,,,,,,,,,,,,,,,,,,,,,,,,,,,,,,,,,,,,,,,,,,,,,,,,,,,,,,,,,,,,,,,,
train_91,Загуститель_1,"01124.25 10,3%  2 гр",22.582,,,,,,,,,,,,,,,,,,,,,,,,,,,,,,,,,,,,,,,,,,,,,,,,,,,,,,,,,,,,,,,,,,,,,,,,,,,,,,,,,,,,,,,,,,,,,,
train_91,Противоизносная_присадка_7,02359.22,93.926,,,,,,,,,,,,,,,,,,,,,,,,,,,,13.66,,,,,,,0.006,,,,,7.7,,9,,,,,,,,,,,,,,,,,,,,,,,,,,,,,,,,,,,,,,,,,,,,,,,,,19.72,,,
train_91,Соединение_молибдена_1,COMP-2023-0003-M,94.175,,,,,,,,,,,,,,,,,,,,,,,,,,,,,,,,,,,,,,,,,,,,,,,,,,,,,,,,,,,,,,,,,,,,,,,,,,,,,,,,,,,,,,,,,,,,,,
train_92,Антиоксидант_2,01623.24,43.971,,,,,,,,,,,,,,,,,,,,,,,,,,,,14.54,,,,,,,,,,,,,,,,,,,,,,,,,,,,,,,,,,,,,,,,,,,,,,,,,,,,,,,,,,,,,,138.8,,,,
train_92,Антипенная_присадка_1,Р-10 3% р-р от 16.04,3.991,,,,,,,,,,,,,,,,,,,,,,,,,,,,,,,,,,,,,,,,,,,,,,,,,,,,,,,,,,,,,,,,,,,,,,,,,,,,,,,,,,,,,,,,,,,,,,
train_92,Базовое_масло_1,02228.25,86.183,,,,,,,,,,,,,,,,,,,,,,,,,,,,4.444,"21,75",,,,,,,,,,,,,,,,,,,,,,,,,,,,,,,,,,,,,,,,,,,,,,,,,,,,,,,,,,,,,,,,,
train_92,Базовое_масло_1,0318.25,38.413,,,,,,,,,,,,,,,784,1294,2234,,,,,,,,,,,4.44,21.8,,,,,,,,,,,,,,,,,,,,,,,,,,,,,,,,,,,,,,,,,,,,,,,,,,,,,,,,,,,,,,,,,
train_92,Базовое_масло_14,Р-10 от 13.05.2024,84.281,,,,,,,,,,,,,,,4,2,4,,,,,,,,,,,1.02,5.01,,,,,,,,,,,,,,,,,,,,,801.4,798,,,,,,,,,,,,,,,,,,,,,,,,,,,,,,,,,,,,,,,,,,,
train_92,Базовое_масло_5,02229.25,94.663,,,,,,,,,,,,,,,,,,,,,,,,,,,,8.25,55.51,,,,,,,,,,,,,,,,,,,,,,,,,,,,,,,,,,,,,,,,,,,,,,,,,,,,,,,,,,,,,,,,,
train_92,Депрессорная_присадка_2,01190.25 для SL,43.971,,,,,,,,,,,,,,,,,,,,,,,,,,,,,,,,,,,,,,,,,,,,,,,,,,,,,,,,,,,,,,,,,,,,,,,,,,,,,,,,,,,,,,,,,,,,,,
train_92,Детергент_11,COMP-2025-0018-M,13.8,,,,,,,,,,,,,,,,,,,,,,,,,,,,,,,,,,,,,,,,,,,,,,,,,,,,,,,,,,,,,,,,,,,,,,,,,,,,,,,,,,,,,,,,,,,,,,
train_92,Детергент_7,03229.24,43.971,,,,,,,,,,,,,,,,,,,,,,,,,,,,,,,,,,,2.484,,,,,2.873,,0.0344,,,,,,,,,,,,,,,,,,,,,,,,,,,,,,,,,,,,,,,,,,,,,,,,,,,,
train_92,Дисперсант_4,0139.25 ол12,27.634,,,,,,,,,,,,,,,,,,,,,,,,,,,,215.8,,1.031,,,,,,,,,,,,,,,,,,,,,,,,,,,,,,,,,,,,,,,,,,,,,,,,,,,,,,,,,,3,,54.43,36.23,,,
train_92,Загуститель_1,"01124.25 10,3%  2 гр",22.582,,,,,,,,,,,,,,,,,,,,,,,,,,,,,,,,,,,,,,,,,,,,,,,,,,,,,,,,,,,,,,,,,,,,,,,,,,,,,,,,,,,,,,,,,,,,,,
train_92,Противоизносная_присадка_7,02359.22,93.926,,,,,,,,,,,,,,,,,,,,,,,,,,,,13.66,,,,,,,0.006,,,,,7.7,,9,,,,,,,,,,,,,,,,,,,,,,,,,,,,,,,,,,,,,,,,,,,,,,,,,19.72,,,
train_92,Соединение_молибдена_1,COMP-2023-0003-M,94.175,,,,,,,,,,,,,,,,,,,,,,,,,,,,,,,,,,,,,,,,,,,,,,,,,,,,,,,,,,,,,,,,,,,,,,,,,,,,,,,,,,,,,,,,,,,,,,
train_93,Антиоксидант_2,01623.24,43.971,,,,,,,,,,,,,,,,,,,,,,,,,,,,14.54,,,,,,,,,,,,,,,,,,,,,,,,,,,,,,,,,,,,,,,,,,,,,,,,,,,,,,,,,,,,,,138.8,,,,
train_93,Антипенная_присадка_1,Р-10 3% р-р от 16.04,3.991,,,,,,,,,,,,,,,,,,,,,,,,,,,,,,,,,,,,,,,,,,,,,,,,,,,,,,,,,,,,,,,,,,,,,,,,,,,,,,,,,,,,,,,,,,,,,,
train_93,Базовое_масло_1,02228.25,86.183,,,,,,,,,,,,,,,,,,,,,,,,,,,,4.444,"21,75",,,,,,,,,,,,,,,,,,,,,,,,,,,,,,,,,,,,,,,,,,,,,,,,,,,,,,,,,,,,,,,,,
train_93,Базовое_масло_1,0318.25,38.413,,,,,,,,,,,,,,,784,1294,2234,,,,,,,,,,,4.44,21.8,,,,,,,,,,,,,,,,,,,,,,,,,,,,,,,,,,,,,,,,,,,,,,,,,,,,,,,,,,,,,,,,,
train_93,Базовое_масло_14,Р-10 от 13.05.2024,84.281,,,,,,,,,,,,,,,4,2,4,,,,,,,,,,,1.02,5.01,,,,,,,,,,,,,,,,,,,,,801.4,798,,,,,,,,,,,,,,,,,,,,,,,,,,,,,,,,,,,,,,,,,,,
train_93,Базовое_масло_5,02229.25,94.663,,,,,,,,,,,,,,,,,,,,,,,,,,,,8.25,55.51,,,,,,,,,,,,,,,,,,,,,,,,,,,,,,,,,,,,,,,,,,,,,,,,,,,,,,,,,,,,,,,,,
train_93,Депрессорная_присадка_2,01190.25 для SL,43.971,,,,,,,,,,,,,,,,,,,,,,,,,,,,,,,,,,,,,,,,,,,,,,,,,,,,,,,,,,,,,,,,,,,,,,,,,,,,,,,,,,,,,,,,,,,,,,
train_93,Детергент_11,COMP-2025-0018-M,13.8,,,,,,,,,,,,,,,,,,,,,,,,,,,,,,,,,,,,,,,,,,,,,,,,,,,,,,,,,,,,,,,,,,,,,,,,,,,,,,,,,,,,,,,,,,,,,,
train_93,Детергент_7,03229.24,43.971,,,,,,,,,,,,,,,,,,,,,,,,,,,,,,,,,,,2.484,,,,,2.873,,0.0344,,,,,,,,,,,,,,,,,,,,,,,,,,,,,,,,,,,,,,,,,,,,,,,,,,,,
train_93,Дисперсант_2,01025.23,47.451,,,,,,,,,,,,,,,,,,,,,,,,,,,,417.9,,,,,,,0.0009,,0.0027,,,0.0007,,0.0002,,,,,,,,,,,,,,,,,,,,,,,,,,,,,,,,,,,,,,,,,,,,,,,,17.5,,,,
train_93,Дисперсант_3,01030.23,21.197,,,,,,,,,,,,,,,,,,,,,,,,,,,,186.1,,,,,,,0.002,,0.048,,,0.002,,0.0001,,,,,,,,,,,,,,,,,,,,,,,,,,,,,,,,,,,,,,,,,,,,,,,,21,,,,
train_93,Загуститель_1,"01124.25 10,3%  2 гр",22.582,,,,,,,,,,,,,,,,,,,,,,,,,,,,,,,,,,,,,,,,,,,,,,,,,,,,,,,,,,,,,,,,,,,,,,,,,,,,,,,,,,,,,,,,,,,,,,
train_93,Противоизносная_присадка_7,02359.22,93.926,,,,,,,,,,,,,,,,,,,,,,,,,,,,13.66,,,,,,,0.006,,,,,7.7,,9,,,,,,,,,,,,,,,,,,,,,,,,,,,,,,,,,,,,,,,,,,,,,,,,,19.72,,,
train_93,Соединение_молибдена_1,COMP-2023-0003-M,94.175,,,,,,,,,,,,,,,,,,,,,,,,,,,,,,,,,,,,,,,,,,,,,,,,,,,,,,,,,,,,,,,,,,,,,,,,,,,,,,,,,,,,,,,,,,,,,,
train_94,Антиоксидант_2,01623.24,43.971,,,,,,,,,,,,,,,,,,,,,,,,,,,,14.54,,,,,,,,,,,,,,,,,,,,,,,,,,,,,,,,,,,,,,,,,,,,,,,,,,,,,,,,,,,,,,138.8,,,,
train_94,Антипенная_присадка_1,Р-10 3% р-р от 16.04,3.991,,,,,,,,,,,,,,,,,,,,,,,,,,,,,,,,,,,,,,,,,,,,,,,,,,,,,,,,,,,,,,,,,,,,,,,,,,,,,,,,,,,,,,,,,,,,,,
train_94,Базовое_масло_1,02228.25,86.183,,,,,,,,,,,,,,,,,,,,,,,,,,,,4.444,"21,75",,,,,,,,,,,,,,,,,,,,,,,,,,,,,,,,,,,,,,,,,,,,,,,,,,,,,,,,,,,,,,,,,
train_94,Базовое_масло_1,0318.25,38.413,,,,,,,,,,,,,,,784,1294,2234,,,,,,,,,,,4.44,21.8,,,,,,,,,,,,,,,,,,,,,,,,,,,,,,,,,,,,,,,,,,,,,,,,,,,,,,,,,,,,,,,,,
train_94,Базовое_масло_14,Р-10 от 13.05.2024,84.281,,,,,,,,,,,,,,,4,2,4,,,,,,,,,,,1.02,5.01,,,,,,,,,,,,,,,,,,,,,801.4,798,,,,,,,,,,,,,,,,,,,,,,,,,,,,,,,,,,,,,,,,,,,
train_94,Базовое_масло_5,02229.25,94.663,,,,,,,,,,,,,,,,,,,,,,,,,,,,8.25,55.51,,,,,,,,,,,,,,,,,,,,,,,,,,,,,,,,,,,,,,,,,,,,,,,,,,,,,,,,,,,,,,,,,
train_94,Депрессорная_присадка_2,01190.25 для SL,43.971,,,,,,,,,,,,,,,,,,,,,,,,,,,,,,,,,,,,,,,,,,,,,,,,,,,,,,,,,,,,,,,,,,,,,,,,,,,,,,,,,,,,,,,,,,,,,,
train_94,Детергент_12,8476.23,13.8,,,,,,,,,,,,,,,,,,,,,,,,,,,,81.46,,,,,,,16.3,,1.56,,,,,,,,,,,,,,,,,,,,,,,,,,,,,,,,,,,,,,,,,,,,,,,,,,,,,434.4,,,,
train_94,Детергент_7,03229.24,43.971,,,,,,,,,,,,,,,,,,,,,,,,,,,,,,,,,,,2.484,,,,,2.873,,0.0344,,,,,,,,,,,,,,,,,,,,,,,,,,,,,,,,,,,,,,,,,,,,,,,,,,,,
train_94,Дисперсант_7,COMP-2025-0017-M,27.634,,,,,,,,,,,,,,,,,,,,,,,,,,,,,,,,,,,,,,,,,,,,,,,,,,,,,,,,,,,,,,,,,,,,,,,,,,,,,,,,,,,,,,,,,,,,,,
train_94,Загуститель_1,"01124.25 10,3%  2 гр",22.582,,,,,,,,,,,,,,,,,,,,,,,,,,,,,,,,,,,,,,,,,,,,,,,,,,,,,,,,,,,,,,,,,,,,,,,,,,,,,,,,,,,,,,,,,,,,,,
train_94,Противоизносная_присадка_5,02975.22,93.926,,,,,,,,,,,,,,,,,,,,,,,,,,,,12.17,,,,,,,0.0001,,15.99,,,8.768,,8.85,,,,,,,,,,,,,,,,,,,,,,,,,,,,,,,,,,,,,,,,,,,,,,,,,,,,
train_94,Соединение_молибдена_1,COMP-2023-0003-M,94.175,,,,,,,,,,,,,,,,,,,,,,,,,,,,,,,,,,,,,,,,,,,,,,,,,,,,,,,,,,,,,,,,,,,,,,,,,,,,,,,,,,,,,,,,,,,,,,
train_95,Антиоксидант_1,01028.23,38.014,,,,,,,,,,,,,,,,,,,,,,,,,,,,6.8,,,,,,,,,,,,,,,,,,,,,,,,,,,,,,,,,,,,,,,,,,,,,,,,,,,,,,,,,,,,,,0,0,,,
train_95,Антиоксидант_3,01198.23,17.074,,,,,,,,,,,,,,,,,,,,,,,,,,,,11.04,,,,,,,0.0002,,0.0002,,,0.0002,,0.0002,,,,,,,,,,,,,,,,,,,,,,,,,,,,,,,,,,,,,,,,,,,,,,,,176.3,,,,
train_95,Антипенная_присадка_1,из ЦП 15.11.2022,3.991,,,,,,,,,,,,,,,,,,,,,,,,,,,,,,,,,,,,,,,,,,,,,,,,,,,,,,,,,,,,,,,,,,,,,,,,,,,,,,,,,,,,,,,,,,,,,,
train_95,Базовое_масло_1,01044.23,77.878,,,,,,,,,,41,30,39,0,500,777,1269,2253,4187,,,113,,,14.5,,,,4.445,22.02,,,,,,0.00092,,0.0078,,,0.0031,,0.00001,,,,,,,,,,0,0,0,,,,,,,,,,,,,,,,,,,,,,,,-22,,,,,,,,,,,,,,,,
train_95,Базовое_масло_16,25721.17,84.281,,,,,,,,,,,,,,13,25,50,99,200,,,,,,90,,,,1.17,2.84,,,,,,,,,,,,,,,,,,,,,,,,,,,,,,,,,,,,,,,,,,,,,,,,,,,,,,,,,,,,,,,,,
train_95,Базовое_масло_2,071.23,30.482,,,,,,,,,,40,5,40,0,1133,2137,4429,9680,,,,99,,,14,,,,5.36,32.12,,,,,,0.0004,,0.017,,,0.0006,,0.0001,,,,,,,,,,0,0,0,,,,,,,,,,,,,,,,,,,,,,,,-17,,,,,,,,,,,,,,,,
train_95,Базовое_масло_2,071.23,67.016,,,,,,,,,,40,5,40,0,1133,2137,4429,9680,,,,99,,,14,,,,5.36,32.12,,,,,,0.0004,,0.017,,,0.0006,,0.0001,,,,,,,,,,0,0,0,,,,,,,,,,,,,,,,,,,,,,,,-17,,,,,,,,,,,,,,,,
train_95,Базовое_масло_3,0444.23,59.943,,,,,,,,,,40,5,40,0,,542,930,1584,2869,,,127,,,14.2,,,,4.42,20.6,,,,,,,,,,,,,,,,,,,,,,,0,0,0,,,,,,,,,,,,,,,,,,,,,,,,-19,,,,,,,,,,,,,,,,
train_95,Базовое_масло_7,01045.23,78.927,,,,,,,,,,40,5,40,0,5413,11573,,,,,,93,,,5.4,,,,9.214,77.6,,,,,,0.00041,,0.094,,,0.00063,,0.00003,,,,,,,,,,10,0,0,,,,,,,,,,,,,,,,,,,,,,,,-16,,,,,,,,,,,,,,,,
train_95,Депрессорная_присадка_2,п.60 от 12.01.2023,38.014,,,,,,,,,,,,,,,,,,,,,,,,,,,,300,3105.3,,,,,,,,,,,,,,,,,,,,,,,,,,,,,,,,,,,,,,,,,,,,,,,,,,,,,,,,,,,,,,,,,
train_95,Детергент_1,из 328 р-р 01295.23,29.196,,,,,,,,,,,,,,,,,,,,,,,,,,,,125,,,,,,,16.29,,,,,0.0006,,0.0007,,,,,,,,,,,,,,,,,,,,,,,,,,,,,,,,,,,,,,,,,,,,,,,,407,,,,
train_95,Детергент_16,COMP-2023-0005-M,50.431,,,,,,,,,,,,,,,,,,,,,,,,,,,,,,,,,,,,,,,,,,,,,,,,,,,,,,,,,,,,,,,,,,,,,,,,,,,,,,,,,,,,,,,,,,,,,,
train_95,Детергент_7,синтетический,8.534,,,,,,,,,,,,,,,,,,,,,,,,,,,,31.81,,,,,,,,,,,,,,,,,,,,,,,,,,,,,,,,,,,,,,,,,,,,,,,,,,,,,,,,,,,,,,,,,,
train_95,Дисперсант_3,01030.23,74.119,,,,,,,,,,,,,,,,,,,,,,,,,,,,186.1,,,,,,,0.002,,0.048,,,0.002,,0.0001,,,,,,,,,,,,,,,,,,,,,,,,,,,,,,,,,,,,,,,,,,,,,,,,21,,,,
train_95,Дисперсант_9,02718.22,31.092,,,,,,,,,,,,,,,,,,,,,,,,,,,,410,,,,,,,,,,,,,,,,,,,,,,,,,,,,,,,,,,,,,,,,,,,,,,,,,,,,,,,,,,,,,,18.9,,,,
train_95,Загуститель_1,0488.23,50.826,,,,,,,,,,,,,,,,,,,,,,,,,,,,473.7,,,,,,,,,,,,,,,,,,,,,,,,,,,,,,,,,,,,,,,,,,,,,,,,,,,,,,,,,,,,,,,,,,
train_95,Противоизносная_присадка_2,01026.23,93.926,,,,,,,,,,,,,,,,,,,,,,,,,,,,14.75,,,,,,,0.024,,16.58,,,8.13,,9.39,,,,,,,,,,,,,,,,,,,,,,,,,,,,,,,,,,,,,,,,,,,,,,,,,,,,
train_96,Антиоксидант_1,01028.23,17.074,,,,,,,,,,,,,,,,,,,,,,,,,,,,6.8,,,,,,,,,,,,,,,,,,,,,,,,,,,,,,,,,,,,,,,,,,,,,,,,,,,,,,,,,,,,,,0,0,,,
train_96,Антиоксидант_3,01198.23,43.971,,,,,,,,,,,,,,,,,,,,,,,,,,,,11.04,,,,,,,0.0002,,0.0002,,,0.0002,,0.0002,,,,,,,,,,,,,,,,,,,,,,,,,,,,,,,,,,,,,,,,,,,,,,,,176.3,,,,
train_96,Антипенная_присадка_1,из ЦП 19.09.23,3.991,,,,,,,,,,,,,,,,,,,,,,,,,,,,,,,,,,,,,,,,,,,,,,,,,,,,,,,,,,,,,,,,,,,,,,,,,,,,,,,,,,,,,,,,,,,,,,
train_96,Базовое_масло_1,03004.23,77.878,,,,,,,,,,40,5,40,0,518,800,1321,2309,,,,112,,,14,,,,4.46,22.26,,,,,,0.0003,,0.0002,,,0.0001,,0.0001,,,,,,,,,,0,0,50,,,,,,,,,,,,,,,,,,,,,,,,-24,,,,,,,,,,,,,,,,
train_96,Базовое_масло_14,из ЦП 19.09.23г,84.281,,,,,,,,,,,,,,13,25,50,100,200,,,,,,90,,,,1,2,,,,,,,,,,,,,,,,,,,,,,,,,,,,,,,,,,,,,,,,,,,,,,,,,,,,,,,,,,,,,,,,,
train_96,Базовое_масло_2,03275.23,30.482,,,,,,,,,,39,2,41,0,1225,2273,4718,10407,,,,97,,,12.5,,,,5.42,32.97,,,,,,0.0002,,0.099,,,0.0001,,0.0001,,,,,,,,,,0,0,0,,,,,,,,,,,,,,,,,,,,,,,,-18,,,,,,,,,,,,,,,,
train_96,Базовое_масло_2,03275.23,8.912,,,,,,,,,,39,2,41,0,1225,2273,4718,10407,,,,97,,,12.5,,,,5.42,32.97,,,,,,0.0002,,0.099,,,0.0001,,0.0001,,,,,,,,,,0,0,0,,,,,,,,,,,,,,,,,,,,,,,,-18,,,,,,,,,,,,,,,,
train_96,Базовое_масло_3,03003.23,59.943,,,,,,,,,,40,5,40,0,403,625,1001,1694,3075,,,125,,,13.7,,,,4.47,21,,,,,,0.0002,,0.0001,,,0.0001,,0.0001,,,,,,,,,,0,0,0,,,,,,,,,,,,,,,,,,,,,,,,-25,,,,,,,,,,,,,,,,
train_96,Базовое_масло_7,03276.23,33.644,,,,,,,,,,39,5,41,0,5521,11811,24000,,,,,92,,,5.8,,,,9.1,76.89,,,,,,0.0002,,0.099,,,0.0001,,0.0001,,,,,,,,,,0,0,0,,,,,,,,,,,,,,,,,,,,,,,,-16,,,,,,,,,,,,,,,,
train_96,Депрессорная_присадка_2,п.14 (2023г),38.014,,,,,,,,,,,,,,,,,,,,,,,,,,,,350,3299,,,,,,,,,,,,,,,,,,,,,,,,,,,,,,,,,,,,,,,,,,,,,,,,,,,,,,,,,,,,,,,,,
train_96,Детергент_1,03203.23,58.693,,,,,,,,,,,,,,,,,,,,,,,,,,,,88.91,,,,,,,16.24,,,,,,,,,,,,,,,,,,,,,,,,,,,,,,,,,,,,,,,,,,,,,,,,,,,,,,,404,,,,
train_96,Детергент_3,01714.24,93.926,,,,,,,,,,,,,,,,,,,,,,,,,,,,,,,,,,,,,,,,,,,,,,,,,,,,,,,,,,,,,,,,,,,,,,,,,,,,,,,,,,,,,,,,,,167.3,,,,
train_96,Детергент_7,синтетический,8.534,,,,,,,,,,,,,,,,,,,,,,,,,,,,31.81,,,,,,,,,,,,,,,,,,,,,,,,,,,,,,,,,,,,,,,,,,,,,,,,,,,,,,,,,,,,,,,,,,
train_96,Дисперсант_2,01025.23,21.197,,,,,,,,,,,,,,,,,,,,,,,,,,,,417.9,,,,,,,0.0009,,0.0027,,,0.0007,,0.0002,,,,,,,,,,,,,,,,,,,,,,,,,,,,,,,,,,,,,,,,,,,,,,,,17.5,,,,
train_96,Дисперсант_3,01030.23,74.119,,,,,,,,,,,,,,,,,,,,,,,,,,,,186.1,,,,,,,0.002,,0.048,,,0.002,,0.0001,,,,,,,,,,,,,,,,,,,,,,,,,,,,,,,,,,,,,,,,,,,,,,,,21,,,,
train_96,Загуститель_1,0488.23,50.826,,,,,,,,,,,,,,,,,,,,,,,,,,,,473.7,,,,,,,,,,,,,,,,,,,,,,,,,,,,,,,,,,,,,,,,,,,,,,,,,,,,,,,,,,,,,,,,,,
train_96,Противоизносная_присадка_2,01026.23,93.926,,,,,,,,,,,,,,,,,,,,,,,,,,,,14.75,,,,,,,0.024,,16.58,,,8.13,,9.39,,,,,,,,,,,,,,,,,,,,,,,,,,,,,,,,,,,,,,,,,,,,,,,,,,,,
train_97,Антиоксидант_1,01028.23,17.074,,,,,,,,,,,,,,,,,,,,,,,,,,,,6.8,,,,,,,,,,,,,,,,,,,,,,,,,,,,,,,,,,,,,,,,,,,,,,,,,,,,,,,,,,,,,,0,0,,,
train_97,Антиоксидант_3,01198.23,43.971,,,,,,,,,,,,,,,,,,,,,,,,,,,,11.04,,,,,,,0.0002,,0.0002,,,0.0002,,0.0002,,,,,,,,,,,,,,,,,,,,,,,,,,,,,,,,,,,,,,,,,,,,,,,,176.3,,,,
train_97,Антипенная_присадка_1,из ЦП 19.09.23,3.991,,,,,,,,,,,,,,,,,,,,,,,,,,,,,,,,,,,,,,,,,,,,,,,,,,,,,,,,,,,,,,,,,,,,,,,,,,,,,,,,,,,,,,,,,,,,,,
train_97,Базовое_масло_1,0766.24,51.239,,,,,,,,,,,,,,535,842,1398,2472,,,,113,,,13.3,,,,4.56,22.94,,,,,,0.0002,,0.00007,,,0.00002,,0.00004,,,,,,,,,,0,0,0,,,,,,,,,,,,,,,,,,,,,,,,-26,,,,,,,,,,,,,,,,
train_97,Базовое_масло_1,0766.24,86.27,,,,,,,,,,,,,,535,842,1398,2472,,,,113,,,13.3,,,,4.56,22.94,,,,,,0.0002,,0.00007,,,0.00002,,0.00004,,,,,,,,,,0,0,0,,,,,,,,,,,,,,,,,,,,,,,,-26,,,,,,,,,,,,,,,,
train_97,Базовое_масло_14,из ЦП 19.09.23г,84.281,,,,,,,,,,,,,,13,25,50,100,200,,,,,,90,,,,1,2,,,,,,,,,,,,,,,,,,,,,,,,,,,,,,,,,,,,,,,,,,,,,,,,,,,,,,,,,,,,,,,,,
train_97,Базовое_масло_2,0407.24,10.215,,,,,,,,,,39,5,41,0,1206,2249,4651,10139,,,,98,,,13.7,,,,5.38,32.45,,,,,,0.0003,,0.0267,,,,,,,,,,,,,,,0,0,0,,,,,,,,,,,,,,,,,,,,,,,,-18,,,,,,,,,,,,,,,,
train_97,Базовое_масло_7,0763.24,50.185,,,,,,,,,,,,,,5585,12049,24000,48000,,,,94,,,,,,,9.2,76.92,,,,,,0.0005,,,,,0.0001,,0.0001,,,,,,,,,,0,0,0,,,,,,,,,,,,,,,,,,,,,,,,-15,,,,,,,,,,,,,,,,
train_97,Депрессорная_присадка_2,п.14 (2023г),38.014,,,,,,,,,,,,,,,,,,,,,,,,,,,,350,3299,,,,,,,,,,,,,,,,,,,,,,,,,,,,,,,,,,,,,,,,,,,,,,,,,,,,,,,,,,,,,,,,,
train_97,Детергент_1,03203.23,13.134,,,,,,,,,,,,,,,,,,,,,,,,,,,,88.91,,,,,,,16.24,,,,,,,,,,,,,,,,,,,,,,,,,,,,,,,,,,,,,,,,,,,,,,,,,,,,,,,404,,,,
train_97,Детергент_3,01714.24,0.295,,,,,,,,,,,,,,,,,,,,,,,,,,,,,,,,,,,,,,,,,,,,,,,,,,,,,,,,,,,,,,,,,,,,,,,,,,,,,,,,,,,,,,,,,,167.3,,,,
train_97,Детергент_5,02138.23,0.422,,,,,,,,,,,,,,,,,,,,,,,,,,,,,,,,,,,,,,,,,,,,,,,,,,,,,,,,,,,,,,,,,,,,,,,,,,,,,,,,,,,,,,,,,,,,,,
train_97,Дисперсант_2,01025.23,62.199,,,,,,,,,,,,,,,,,,,,,,,,,,,,417.9,,,,,,,0.0009,,0.0027,,,0.0007,,0.0002,,,,,,,,,,,,,,,,,,,,,,,,,,,,,,,,,,,,,,,,,,,,,,,,17.5,,,,
train_97,Дисперсант_3,01030.23,14.828,,,,,,,,,,,,,,,,,,,,,,,,,,,,186.1,,,,,,,0.002,,0.048,,,0.002,,0.0001,,,,,,,,,,,,,,,,,,,,,,,,,,,,,,,,,,,,,,,,,,,,,,,,21,,,,
train_97,Загуститель_1,0488.23,50.826,,,,,,,,,,,,,,,,,,,,,,,,,,,,473.7,,,,,,,,,,,,,,,,,,,,,,,,,,,,,,,,,,,,,,,,,,,,,,,,,,,,,,,,,,,,,,,,,,
train_97,Противоизносная_присадка_2,01026.23,93.926,,,,,,,,,,,,,,,,,,,,,,,,,,,,14.75,,,,,,,0.024,,16.58,,,8.13,,9.39,,,,,,,,,,,,,,,,,,,,,,,,,,,,,,,,,,,,,,,,,,,,,,,,,,,,
train_98,Антиоксидант_1,01028.23,19.162,,,,,,,,,,,,,,,,,,,,,,,,,,,,6.8,,,,,,,,,,,,,,,,,,,,,,,,,,,,,,,,,,,,,,,,,,,,,,,,,,,,,,,,,,,,,,0,0,,,
train_98,Антиоксидант_3,01198.23,17.074,,,,,,,,,,,,,,,,,,,,,,,,,,,,11.04,,,,,,,0.0002,,0.0002,,,0.0002,,0.0002,,,,,,,,,,,,,,,,,,,,,,,,,,,,,,,,,,,,,,,,,,,,,,,,176.3,,,,
train_98,Антипенная_присадка_1,из ЦП 19.09.23,3.991,,,,,,,,,,,,,,,,,,,,,,,,,,,,,,,,,,,,,,,,,,,,,,,,,,,,,,,,,,,,,,,,,,,,,,,,,,,,,,,,,,,,,,,,,,,,,,
train_98,Базовое_масло_1,0766.24,51.239,,,,,,,,,,,,,,535,842,1398,2472,,,,113,,,13.3,,,,4.56,22.94,,,,,,0.0002,,0.00007,,,0.00002,,0.00004,,,,,,,,,,0,0,0,,,,,,,,,,,,,,,,,,,,,,,,-26,,,,,,,,,,,,,,,,
train_98,Базовое_масло_1,0766.24,56.087,,,,,,,,,,,,,,535,842,1398,2472,,,,113,,,13.3,,,,4.56,22.94,,,,,,0.0002,,0.00007,,,0.00002,,0.00004,,,,,,,,,,0,0,0,,,,,,,,,,,,,,,,,,,,,,,,-26,,,,,,,,,,,,,,,,
train_98,Базовое_масло_14,из ЦП 19.09.23г,84.281,,,,,,,,,,,,,,13,25,50,100,200,,,,,,90,,,,1,2,,,,,,,,,,,,,,,,,,,,,,,,,,,,,,,,,,,,,,,,,,,,,,,,,,,,,,,,,,,,,,,,,
train_98,Базовое_масло_2,0407.24,10.215,,,,,,,,,,39,5,41,0,1206,2249,4651,10139,,,,98,,,13.7,,,,5.38,32.45,,,,,,0.0003,,0.0267,,,,,,,,,,,,,,,0,0,0,,,,,,,,,,,,,,,,,,,,,,,,-18,,,,,,,,,,,,,,,,
train_98,Базовое_масло_7,0763.24,50.185,,,,,,,,,,,,,,5585,12049,24000,48000,,,,94,,,,,,,9.2,76.92,,,,,,0.0005,,,,,0.0001,,0.0001,,,,,,,,,,0,0,0,,,,,,,,,,,,,,,,,,,,,,,,-15,,,,,,,,,,,,,,,,
train_98,Депрессорная_присадка_2,п.14 (2023г),38.014,,,,,,,,,,,,,,,,,,,,,,,,,,,,350,3299,,,,,,,,,,,,,,,,,,,,,,,,,,,,,,,,,,,,,,,,,,,,,,,,,,,,,,,,,,,,,,,,,
train_98,Детергент_1,03203.23,63.106,,,,,,,,,,,,,,,,,,,,,,,,,,,,88.91,,,,,,,16.24,,,,,,,,,,,,,,,,,,,,,,,,,,,,,,,,,,,,,,,,,,,,,,,,,,,,,,,404,,,,
train_98,Детергент_3,01714.24,0.295,,,,,,,,,,,,,,,,,,,,,,,,,,,,,,,,,,,,,,,,,,,,,,,,,,,,,,,,,,,,,,,,,,,,,,,,,,,,,,,,,,,,,,,,,,167.3,,,,
train_98,Детергент_5,02138.23,0.422,,,,,,,,,,,,,,,,,,,,,,,,,,,,,,,,,,,,,,,,,,,,,,,,,,,,,,,,,,,,,,,,,,,,,,,,,,,,,,,,,,,,,,,,,,,,,,
train_98,Дисперсант_2,01025.23,62.199,,,,,,,,,,,,,,,,,,,,,,,,,,,,417.9,,,,,,,0.0009,,0.0027,,,0.0007,,0.0002,,,,,,,,,,,,,,,,,,,,,,,,,,,,,,,,,,,,,,,,,,,,,,,,17.5,,,,
train_98,Дисперсант_3,01030.23,14.828,,,,,,,,,,,,,,,,,,,,,,,,,,,,186.1,,,,,,,0.002,,0.048,,,0.002,,0.0001,,,,,,,,,,,,,,,,,,,,,,,,,,,,,,,,,,,,,,,,,,,,,,,,21,,,,
train_98,Загуститель_1,0488.23,50.826,,,,,,,,,,,,,,,,,,,,,,,,,,,,473.7,,,,,,,,,,,,,,,,,,,,,,,,,,,,,,,,,,,,,,,,,,,,,,,,,,,,,,,,,,,,,,,,,,
train_98,Противоизносная_присадка_1,01296.23,26.931,,,,,,,,,,,,,,,,,,,,,,,,,,,,9.16,,,,,,,0.02,,,,,8.4,,9.1,,,,,,,,,,,,,,,,,,,,,,,,,,,,,,,,,,,,,,,,,,,,,,,,,,,,
train_98,Противоизносная_присадка_2,01026.23,0.422,,,,,,,,,,,,,,,,,,,,,,,,,,,,14.75,,,,,,,0.024,,16.58,,,8.13,,9.39,,,,,,,,,,,,,,,,,,,,,,,,,,,,,,,,,,,,,,,,,,,,,,,,,,,,
train_99,Антиоксидант_1,01028.23,17.074,,,,,,,,,,,,,,,,,,,,,,,,,,,,6.8,,,,,,,,,,,,,,,,,,,,,,,,,,,,,,,,,,,,,,,,,,,,,,,,,,,,,,,,,,,,,,0,0,,,
train_99,Антиоксидант_4,01050.22,26.931,,,,,,,,,,,,,,,,,,,,,,,,,,,,,,,,,,,,,,,,,,,,,,,,,,,,,,,,,,,,,,,,,,,,,,,,,,,,,,,,,,,,,,,,,,,,,,
train_99,Антипенная_присадка_1,12 от 13.05.2024,3.991,,,,,,,,,,,,,,,,,,,,,,,,,,,,,,,,,,,,,,,,,,,,,,,,,,,,,,,,,,,,,,,,,,,,,,,,,,,,,,,,,,,,,,,,,,,,,,
train_99,Базовое_масло_1,01509.24,59.574,,,,,,,,,,,,,,517,863,1407,2461,4719,,,110,,,,,,,4.5,22.76,,,,,,,,,,,,,,,,,,,,,843.6,840.2,,,,,,,,,,,,,,,,,,,,,,,,,,,-28,,,,,,,,,,,,,,,,
train_99,Базовое_масло_1,01509.24,72.314,,,,,,,,,,,,,,517,863,1407,2461,4719,,,110,,,,,,,4.5,22.76,,,,,,,,,,,,,,,,,,,,,843.6,840.2,,,,,,,,,,,,,,,,,,,,,,,,,,,-28,,,,,,,,,,,,,,,,
train_99,Базовое_масло_14,Р-10 от 13.05.2024,84.281,,,,,,,,,,,,,,,4,2,4,,,,,,,,,,,1.02,5.01,,,,,,,,,,,,,,,,,,,,,801.4,798,,,,,,,,,,,,,,,,,,,,,,,,,,,,,,,,,,,,,,,,,,,
train_99,Базовое_масло_2,01510.24,84.276,,,,,,,,,,,,,,1165,2161,4323,,,,,98,,,,,,,5.31,31.81,,,,,,,,,,,,,,,,,,,,,870.7,867.2,,,,,,,,,,,,,,,,,,,,,,,,,,,-17,,,,,,,,,,,,,,,,
train_99,Базовое_масло_7,01511.24,45.676,,,,,,,,,,,,,,5632,11264,24000,,,,,91,,,,,,,9.14,77.38,,,,,,,,,,,,,,,,,,,,,878.2,874.7,,,,,,,,,,,,,,,,,,,,,,,,,,,-15,,,,,,,,,,,,,,,,
train_99,Депрессорная_присадка_2,п.60 от 12.01.2023,56.357,,,,,,,,,,,,,,,,,,,,,,,,,,,,300,3105.3,,,,,,,,,,,,,,,,,,,,,,,,,,,,,,,,,,,,,,,,,,,,,,,,,,,,,,,,,,,,,,,,,
train_99,Детергент_1,03203.23,92.177,,,,,,,,,,,,,,,,,,,,,,,,,,,,88.91,,,,,,,16.24,,,,,,,,,,,,,,,,,,,,,,,,,,,,,,,,,,,,,,,,,,,,,,,,,,,,,,,404,,,,
train_99,Детергент_3,01714.24,0.295,,,,,,,,,,,,,,,,,,,,,,,,,,,,,,,,,,,,,,,,,,,,,,,,,,,,,,,,,,,,,,,,,,,,,,,,,,,,,,,,,,,,,,,,,,167.3,,,,
train_99,Детергент_5,02138.23,56.357,,,,,,,,,,,,,,,,,,,,,,,,,,,,,,,,,,,,,,,,,,,,,,,,,,,,,,,,,,,,,,,,,,,,,,,,,,,,,,,,,,,,,,,,,,,,,,
train_99,Дисперсант_2,01025.23,31.76,,,,,,,,,,,,,,,,,,,,,,,,,,,,417.9,,,,,,,0.0009,,0.0027,,,0.0007,,0.0002,,,,,,,,,,,,,,,,,,,,,,,,,,,,,,,,,,,,,,,,,,,,,,,,17.5,,,,
train_99,Дисперсант_3,01030.23,0.422,,,,,,,,,,,,,,,,,,,,,,,,,,,,186.1,,,,,,,0.002,,0.048,,,0.002,,0.0001,,,,,,,,,,,,,,,,,,,,,,,,,,,,,,,,,,,,,,,,,,,,,,,,21,,,,
train_99,Загуститель_1,01076.24 10% в HVI-4,50.826,,,,,,,,,,,,,,,,,,,,,,,,,,,,445.5,,,,,,,,,,,,,,,,,,,,,,844.7,841.7,,,,,,,,,,,,,,,,,,,,,,,,,,,,,,,,,,,,,,,,,,,
train_99,Противоизносная_присадка_21,01578.24,29.901,,,,,,,,,,,,,,,,,,,,,,,,,,,,17.03,,,,,,,0.01,,17.682,,,8.09,,9.696,,,,,,,,,,,,,,,,,,,,,,,,,,,,,,,,,,,,,,,,,,,,,,,,,,,,
train_100,Антиоксидант_1,01196.25 для SL,17.074,,,,,,,,,,,,,,,,,,,,,,,,,,,,,,,,,,,,,,,,,,,,,,,,,,,,,,,,,,,,,,,,,,,,,,,,,,,,,,,,,,,,,,,,,,,,,,
train_100,Антиоксидант_3,01194.25 для SL,26.931,,,,,,,,,,,,,,,,,,,,,,,,,,,,,,,,,,,,,,,,,,,,,,,,,,,,,,,,,,,,,,,,,,,,,,,,,,,,,,,,,,,,,,,,,,,,,,
train_100,Антипенная_присадка_1,Р-10 3% р-р от 16.04,3.991,,,,,,,,,,,,,,,,,,,,,,,,,,,,,,,,,,,,,,,,,,,,,,,,,,,,,,,,,,,,,,,,,,,,,,,,,,,,,,,,,,,,,,,,,,,,,,
train_100,Базовое_масло_1,0318.25,38.413,,,,,,,,,,,,,,,784,1294,2234,,,,,,,,,,,4.44,21.8,,,,,,,,,,,,,,,,,,,,,,,,,,,,,,,,,,,,,,,,,,,,,,,,,,,,,,,,,,,,,,,,,
train_100,Базовое_масло_14,Р-10 от 13.05.2024,84.281,,,,,,,,,,,,,,,4,2,4,,,,,,,,,,,1.02,5.01,,,,,,,,,,,,,,,,,,,,,801.4,798,,,,,,,,,,,,,,,,,,,,,,,,,,,,,,,,,,,,,,,,,,,
train_100,Базовое_масло_4,01209.25 для SL,26.002,,,,,,,,,,,,,,,,,12688,,,,,,,,,,,8.42,54.13,,,,,,,,,,,,,,,,,,,,,,,,,,,,,,,,,,,,,,,,,,,,,,,,,,,,,,,,,,,,,,,,,
train_100,Базовое_масло_8,01208.25 для SL,33.076,,,,,,,,,,,,,,,,,,,,,,,,,,,,4.51,,,,,,,,,,,,,,,,,,,,,,,,,,,,,,,,,,,,,,,,,,,,,,,,,,,,,,,,,,,,,,,,,,
train_100,Депрессорная_присадка_2,01190.25 для SL,43.971,,,,,,,,,,,,,,,,,,,,,,,,,,,,,,,,,,,,,,,,,,,,,,,,,,,,,,,,,,,,,,,,,,,,,,,,,,,,,,,,,,,,,,,,,,,,,,
train_100,Детергент_1,0432.25,92.177,,,,,,,,,,,,,,,,,,,,,,,,,,,,,,,,,,,15.76,,,,,,,,,,,,,,,,,,,,,,,,,,,,,,,,,,,,,,,,,,,,,,,,,,,,,,,410.9,,,,
train_100,Детергент_3,01714.24,0.295,,,,,,,,,,,,,,,,,,,,,,,,,,,,,,,,,,,,,,,,,,,,,,,,,,,,,,,,,,,,,,,,,,,,,,,,,,,,,,,,,,,,,,,,,,167.3,,,,
train_100,Детергент_7,03229.24,56.357,,,,,,,,,,,,,,,,,,,,,,,,,,,,,,,,,,,2.484,,,,,2.873,,0.0344,,,,,,,,,,,,,,,,,,,,,,,,,,,,,,,,,,,,,,,,,,,,,,,,,,,,
train_100,Дисперсант_2,01025.23,31.76,,,,,,,,,,,,,,,,,,,,,,,,,,,,417.9,,,,,,,0.0009,,0.0027,,,0.0007,,0.0002,,,,,,,,,,,,,,,,,,,,,,,,,,,,,,,,,,,,,,,,,,,,,,,,17.5,,,,
train_100,Дисперсант_3,01030.23,0.422,,,,,,,,,,,,,,,,,,,,,,,,,,,,186.1,,,,,,,0.002,,0.048,,,0.002,,0.0001,,,,,,,,,,,,,,,,,,,,,,,,,,,,,,,,,,,,,,,,,,,,,,,,21,,,,
train_100,Загуститель_1,"01124.25 10,3%  2 гр",22.582,,,,,,,,,,,,,,,,,,,,,,,,,,,,,,,,,,,,,,,,,,,,,,,,,,,,,,,,,,,,,,,,,,,,,,,,,,,,,,,,,,,,,,,,,,,,,,
train_100,Противоизносная_присадка_2,01021.25,0.295,,,,,,,,,,,,,,,,,,,,,,,,,,,,,,,,,,,,,,,,,,,,,,,,,,,,,,,,,,,,,,,,,,,,,,,,,,,,,,,,,,,,,,,,,,,,,,
train_101,Антиоксидант_1,01196.25 для SL,17.074,,,,,,,,,,,,,,,,,,,,,,,,,,,,,,,,,,,,,,,,,,,,,,,,,,,,,,,,,,,,,,,,,,,,,,,,,,,,,,,,,,,,,,,,,,,,,,
train_101,Антиоксидант_3,01194.25 для SL,26.931,,,,,,,,,,,,,,,,,,,,,,,,,,,,,,,,,,,,,,,,,,,,,,,,,,,,,,,,,,,,,,,,,,,,,,,,,,,,,,,,,,,,,,,,,,,,,,
train_101,Антипенная_присадка_1,Р-10 3% р-р от 16.04,3.991,,,,,,,,,,,,,,,,,,,,,,,,,,,,,,,,,,,,,,,,,,,,,,,,,,,,,,,,,,,,,,,,,,,,,,,,,,,,,,,,,,,,,,,,,,,,,,
train_101,Базовое_масло_1,0318.25,38.413,,,,,,,,,,,,,,,784,1294,2234,,,,,,,,,,,4.44,21.8,,,,,,,,,,,,,,,,,,,,,,,,,,,,,,,,,,,,,,,,,,,,,,,,,,,,,,,,,,,,,,,,,
train_101,Базовое_масло_14,Р-10 от 13.05.2024,84.281,,,,,,,,,,,,,,,4,2,4,,,,,,,,,,,1.02,5.01,,,,,,,,,,,,,,,,,,,,,801.4,798,,,,,,,,,,,,,,,,,,,,,,,,,,,,,,,,,,,,,,,,,,,
train_101,Базовое_масло_4,01209.25 для SL,26.002,,,,,,,,,,,,,,,,,12688,,,,,,,,,,,8.42,54.13,,,,,,,,,,,,,,,,,,,,,,,,,,,,,,,,,,,,,,,,,,,,,,,,,,,,,,,,,,,,,,,,,
train_101,Базовое_масло_8,01208.25 для SL,33.076,,,,,,,,,,,,,,,,,,,,,,,,,,,,4.51,,,,,,,,,,,,,,,,,,,,,,,,,,,,,,,,,,,,,,,,,,,,,,,,,,,,,,,,,,,,,,,,,,
train_101,Депрессорная_присадка_2,01190.25 для SL,43.971,,,,,,,,,,,,,,,,,,,,,,,,,,,,,,,,,,,,,,,,,,,,,,,,,,,,,,,,,,,,,,,,,,,,,,,,,,,,,,,,,,,,,,,,,,,,,,
train_101,Детергент_1,0432.25,92.177,,,,,,,,,,,,,,,,,,,,,,,,,,,,,,,,,,,15.76,,,,,,,,,,,,,,,,,,,,,,,,,,,,,,,,,,,,,,,,,,,,,,,,,,,,,,,410.9,,,,
train_101,Детергент_3,01714.24,0.295,,,,,,,,,,,,,,,,,,,,,,,,,,,,,,,,,,,,,,,,,,,,,,,,,,,,,,,,,,,,,,,,,,,,,,,,,,,,,,,,,,,,,,,,,,167.3,,,,
train_101,Детергент_7,03229.24,56.357,,,,,,,,,,,,,,,,,,,,,,,,,,,,,,,,,,,2.484,,,,,2.873,,0.0344,,,,,,,,,,,,,,,,,,,,,,,,,,,,,,,,,,,,,,,,,,,,,,,,,,,,
train_101,Дисперсант_2,01025.23,31.76,,,,,,,,,,,,,,,,,,,,,,,,,,,,417.9,,,,,,,0.0009,,0.0027,,,0.0007,,0.0002,,,,,,,,,,,,,,,,,,,,,,,,,,,,,,,,,,,,,,,,,,,,,,,,17.5,,,,
train_101,Дисперсант_3,01030.23,0.422,,,,,,,,,,,,,,,,,,,,,,,,,,,,186.1,,,,,,,0.002,,0.048,,,0.002,,0.0001,,,,,,,,,,,,,,,,,,,,,,,,,,,,,,,,,,,,,,,,,,,,,,,,21,,,,
train_101,Загуститель_1,"01124.25 10,3%  2 гр",22.582,,,,,,,,,,,,,,,,,,,,,,,,,,,,,,,,,,,,,,,,,,,,,,,,,,,,,,,,,,,,,,,,,,,,,,,,,,,,,,,,,,,,,,,,,,,,,,
train_101,Противоизносная_присадка_2,01021.25,0.295,,,,,,,,,,,,,,,,,,,,,,,,,,,,,,,,,,,,,,,,,,,,,,,,,,,,,,,,,,,,,,,,,,,,,,,,,,,,,,,,,,,,,,,,,,,,,,
train_102,Антиоксидант_3,01194.25 для SL,38.014,,,,,,,,,,,,,,,,,,,,,,,,,,,,,,,,,,,,,,,,,,,,,,,,,,,,,,,,,,,,,,,,,,,,,,,,,,,,,,,,,,,,,,,,,,,,,,
train_102,Антипенная_присадка_1,Р-10 3% р-р от 16.04,3.991,,,,,,,,,,,,,,,,,,,,,,,,,,,,,,,,,,,,,,,,,,,,,,,,,,,,,,,,,,,,,,,,,,,,,,,,,,,,,,,,,,,,,,,,,,,,,,
train_102,Базовое_масло_1,0318.25,38.413,,,,,,,,,,,,,,,784,1294,2234,,,,,,,,,,,4.44,21.8,,,,,,,,,,,,,,,,,,,,,,,,,,,,,,,,,,,,,,,,,,,,,,,,,,,,,,,,,,,,,,,,,
train_102,Базовое_масло_14,Р-10 от 13.05.2024,84.281,,,,,,,,,,,,,,,4,2,4,,,,,,,,,,,1.02,5.01,,,,,,,,,,,,,,,,,,,,,801.4,798,,,,,,,,,,,,,,,,,,,,,,,,,,,,,,,,,,,,,,,,,,,
train_102,Базовое_масло_4,01209.25 для SL,63.585,,,,,,,,,,,,,,,,,12688,,,,,,,,,,,8.42,54.13,,,,,,,,,,,,,,,,,,,,,,,,,,,,,,,,,,,,,,,,,,,,,,,,,,,,,,,,,,,,,,,,,
train_102,Базовое_масло_8,01208.25 для SL,1.02,,,,,,,,,,,,,,,,,,,,,,,,,,,,4.51,,,,,,,,,,,,,,,,,,,,,,,,,,,,,,,,,,,,,,,,,,,,,,,,,,,,,,,,,,,,,,,,,,
train_102,Депрессорная_присадка_2,01190.25 для SL,43.971,,,,,,,,,,,,,,,,,,,,,,,,,,,,,,,,,,,,,,,,,,,,,,,,,,,,,,,,,,,,,,,,,,,,,,,,,,,,,,,,,,,,,,,,,,,,,,
train_102,Детергент_1,0432.25,13.8,,,,,,,,,,,,,,,,,,,,,,,,,,,,,,,,,,,15.76,,,,,,,,,,,,,,,,,,,,,,,,,,,,,,,,,,,,,,,,,,,,,,,,,,,,,,,410.9,,,,
train_102,Детергент_7,03229.24,43.971,,,,,,,,,,,,,,,,,,,,,,,,,,,,,,,,,,,2.484,,,,,2.873,,0.0344,,,,,,,,,,,,,,,,,,,,,,,,,,,,,,,,,,,,,,,,,,,,,,,,,,,,
train_102,Дисперсант_1,01191.25 для SL,74.243,,,,,,,,,,,,,,,,,,,,,,,,,,,,,,,,,,,,,,,,,,,,,,,,,,,,,,,,,,,,,,,,,,,,,,,,,,,,,,,,,,,,,,,,,,,,,,
train_102,Загуститель_1,"01124.25 10,3%  2 гр",22.582,,,,,,,,,,,,,,,,,,,,,,,,,,,,,,,,,,,,,,,,,,,,,,,,,,,,,,,,,,,,,,,,,,,,,,,,,,,,,,,,,,,,,,,,,,,,,,
train_102,Противоизносная_присадка_5,02975.22,93.926,,,,,,,,,,,,,,,,,,,,,,,,,,,,12.17,,,,,,,0.0001,,15.99,,,8.768,,8.85,,,,,,,,,,,,,,,,,,,,,,,,,,,,,,,,,,,,,,,,,,,,,,,,,,,,
train_102,Соединение_молибдена_1,COMP-2023-0003-M,12.301,,,,,,,,,,,,,,,,,,,,,,,,,,,,,,,,,,,,,,,,,,,,,,,,,,,,,,,,,,,,,,,,,,,,,,,,,,,,,,,,,,,,,,,,,,,,,,
train_103,Антиоксидант_3,01194.25 для SL,38.014,,,,,,,,,,,,,,,,,,,,,,,,,,,,,,,,,,,,,,,,,,,,,,,,,,,,,,,,,,,,,,,,,,,,,,,,,,,,,,,,,,,,,,,,,,,,,,
train_103,Антипенная_присадка_1,Р-10 3% р-р от 16.04,3.991,,,,,,,,,,,,,,,,,,,,,,,,,,,,,,,,,,,,,,,,,,,,,,,,,,,,,,,,,,,,,,,,,,,,,,,,,,,,,,,,,,,,,,,,,,,,,,
train_103,Базовое_масло_1,0318.25,38.413,,,,,,,,,,,,,,,784,1294,2234,,,,,,,,,,,4.44,21.8,,,,,,,,,,,,,,,,,,,,,,,,,,,,,,,,,,,,,,,,,,,,,,,,,,,,,,,,,,,,,,,,,
train_103,Базовое_масло_14,Р-10 от 13.05.2024,84.281,,,,,,,,,,,,,,,4,2,4,,,,,,,,,,,1.02,5.01,,,,,,,,,,,,,,,,,,,,,801.4,798,,,,,,,,,,,,,,,,,,,,,,,,,,,,,,,,,,,,,,,,,,,
train_103,Базовое_масло_4,01209.25 для SL,63.585,,,,,,,,,,,,,,,,,12688,,,,,,,,,,,8.42,54.13,,,,,,,,,,,,,,,,,,,,,,,,,,,,,,,,,,,,,,,,,,,,,,,,,,,,,,,,,,,,,,,,,
train_103,Базовое_масло_8,01208.25 для SL,1.02,,,,,,,,,,,,,,,,,,,,,,,,,,,,4.51,,,,,,,,,,,,,,,,,,,,,,,,,,,,,,,,,,,,,,,,,,,,,,,,,,,,,,,,,,,,,,,,,,
train_103,Депрессорная_присадка_2,01190.25 для SL,43.971,,,,,,,,,,,,,,,,,,,,,,,,,,,,,,,,,,,,,,,,,,,,,,,,,,,,,,,,,,,,,,,,,,,,,,,,,,,,,,,,,,,,,,,,,,,,,,
train_103,Детергент_1,0432.25,13.8,,,,,,,,,,,,,,,,,,,,,,,,,,,,,,,,,,,15.76,,,,,,,,,,,,,,,,,,,,,,,,,,,,,,,,,,,,,,,,,,,,,,,,,,,,,,,410.9,,,,
train_103,Детергент_7,03229.24,43.971,,,,,,,,,,,,,,,,,,,,,,,,,,,,,,,,,,,2.484,,,,,2.873,,0.0344,,,,,,,,,,,,,,,,,,,,,,,,,,,,,,,,,,,,,,,,,,,,,,,,,,,,
train_103,Дисперсант_1,01191.25 для SL,74.243,,,,,,,,,,,,,,,,,,,,,,,,,,,,,,,,,,,,,,,,,,,,,,,,,,,,,,,,,,,,,,,,,,,,,,,,,,,,,,,,,,,,,,,,,,,,,,
train_103,Загуститель_1,"01124.25 10,3%  2 гр",22.582,,,,,,,,,,,,,,,,,,,,,,,,,,,,,,,,,,,,,,,,,,,,,,,,,,,,,,,,,,,,,,,,,,,,,,,,,,,,,,,,,,,,,,,,,,,,,,
train_103,Противоизносная_присадка_5,02975.22,93.926,,,,,,,,,,,,,,,,,,,,,,,,,,,,12.17,,,,,,,0.0001,,15.99,,,8.768,,8.85,,,,,,,,,,,,,,,,,,,,,,,,,,,,,,,,,,,,,,,,,,,,,,,,,,,,
train_103,Соединение_молибдена_1,COMP-2023-0003-M,12.301,,,,,,,,,,,,,,,,,,,,,,,,,,,,,,,,,,,,,,,,,,,,,,,,,,,,,,,,,,,,,,,,,,,,,,,,,,,,,,,,,,,,,,,,,,,,,,
train_104,Антиоксидант_2,01623.24,38.014,,,,,,,,,,,,,,,,,,,,,,,,,,,,14.54,,,,,,,,,,,,,,,,,,,,,,,,,,,,,,,,,,,,,,,,,,,,,,,,,,,,,,,,,,,,,,138.8,,,,
train_104,Антипенная_присадка_1,Р-10 3% р-р от 16.04,3.991,,,,,,,,,,,,,,,,,,,,,,,,,,,,,,,,,,,,,,,,,,,,,,,,,,,,,,,,,,,,,,,,,,,,,,,,,,,,,,,,,,,,,,,,,,,,,,
train_104,Базовое_масло_1,0318.25,38.413,,,,,,,,,,,,,,,784,1294,2234,,,,,,,,,,,4.44,21.8,,,,,,,,,,,,,,,,,,,,,,,,,,,,,,,,,,,,,,,,,,,,,,,,,,,,,,,,,,,,,,,,,
train_104,Базовое_масло_14,Р-10 от 13.05.2024,84.281,,,,,,,,,,,,,,,4,2,4,,,,,,,,,,,1.02,5.01,,,,,,,,,,,,,,,,,,,,,801.4,798,,,,,,,,,,,,,,,,,,,,,,,,,,,,,,,,,,,,,,,,,,,
train_104,Базовое_масло_4,01209.25 для SL,63.585,,,,,,,,,,,,,,,,,12688,,,,,,,,,,,8.42,54.13,,,,,,,,,,,,,,,,,,,,,,,,,,,,,,,,,,,,,,,,,,,,,,,,,,,,,,,,,,,,,,,,,
train_104,Базовое_масло_8,01208.25 для SL,80.473,,,,,,,,,,,,,,,,,,,,,,,,,,,,4.51,,,,,,,,,,,,,,,,,,,,,,,,,,,,,,,,,,,,,,,,,,,,,,,,,,,,,,,,,,,,,,,,,,
train_104,Депрессорная_присадка_2,01190.25 для SL,43.971,,,,,,,,,,,,,,,,,,,,,,,,,,,,,,,,,,,,,,,,,,,,,,,,,,,,,,,,,,,,,,,,,,,,,,,,,,,,,,,,,,,,,,,,,,,,,,
train_104,Детергент_1,0432.25,62.581,,,,,,,,,,,,,,,,,,,,,,,,,,,,,,,,,,,15.76,,,,,,,,,,,,,,,,,,,,,,,,,,,,,,,,,,,,,,,,,,,,,,,,,,,,,,,410.9,,,,
train_104,Детергент_23,01195.25 для SL,66.35,,,,,,,,,,,,,,,,,,,,,,,,,,,,,,,,,,,,,,,,,,,,,,,,,,,,,,,,,,,,,,,,,,,,,,,,,,,,,,,,,,,,,,,,,,,,,,
train_104,Детергент_3,48670.24,43.971,,,,,,,,,,,,,,,,,,,,,,,,,,,,92.76,,,,,,,5.66,,2.65,,,,,,,,,,,,,,,,,,,,,,,,,,,,,,,,,,,,,,,,,,,,,,,,,,,,,,,,,
train_104,Дисперсант_1,01191.25 для SL,74.243,,,,,,,,,,,,,,,,,,,,,,,,,,,,,,,,,,,,,,,,,,,,,,,,,,,,,,,,,,,,,,,,,,,,,,,,,,,,,,,,,,,,,,,,,,,,,,
train_104,Загуститель_1,"01124.25 10,3%  2 гр",22.582,,,,,,,,,,,,,,,,,,,,,,,,,,,,,,,,,,,,,,,,,,,,,,,,,,,,,,,,,,,,,,,,,,,,,,,,,,,,,,,,,,,,,,,,,,,,,,
train_104,Противоизносная_присадка_5,02975.22,93.926,,,,,,,,,,,,,,,,,,,,,,,,,,,,12.17,,,,,,,0.0001,,15.99,,,8.768,,8.85,,,,,,,,,,,,,,,,,,,,,,,,,,,,,,,,,,,,,,,,,,,,,,,,,,,,
train_104,Соединение_молибдена_1,COMP-2023-0003-M,12.301,,,,,,,,,,,,,,,,,,,,,,,,,,,,,,,,,,,,,,,,,,,,,,,,,,,,,,,,,,,,,,,,,,,,,,,,,,,,,,,,,,,,,,,,,,,,,,
train_105,Антиоксидант_2,01623.24,38.014,,,,,,,,,,,,,,,,,,,,,,,,,,,,14.54,,,,,,,,,,,,,,,,,,,,,,,,,,,,,,,,,,,,,,,,,,,,,,,,,,,,,,,,,,,,,,138.8,,,,
train_105,Антипенная_присадка_1,Р-10 3% р-р от 16.04,3.991,,,,,,,,,,,,,,,,,,,,,,,,,,,,,,,,,,,,,,,,,,,,,,,,,,,,,,,,,,,,,,,,,,,,,,,,,,,,,,,,,,,,,,,,,,,,,,
train_105,Базовое_масло_1,0318.25,38.413,,,,,,,,,,,,,,,784,1294,2234,,,,,,,,,,,4.44,21.8,,,,,,,,,,,,,,,,,,,,,,,,,,,,,,,,,,,,,,,,,,,,,,,,,,,,,,,,,,,,,,,,,
train_105,Базовое_масло_14,Р-10 от 13.05.2024,84.281,,,,,,,,,,,,,,,4,2,4,,,,,,,,,,,1.02,5.01,,,,,,,,,,,,,,,,,,,,,801.4,798,,,,,,,,,,,,,,,,,,,,,,,,,,,,,,,,,,,,,,,,,,,
train_105,Базовое_масло_4,01209.25 для SL,63.585,,,,,,,,,,,,,,,,,12688,,,,,,,,,,,8.42,54.13,,,,,,,,,,,,,,,,,,,,,,,,,,,,,,,,,,,,,,,,,,,,,,,,,,,,,,,,,,,,,,,,,
train_105,Базовое_масло_8,01208.25 для SL,66.832,,,,,,,,,,,,,,,,,,,,,,,,,,,,4.51,,,,,,,,,,,,,,,,,,,,,,,,,,,,,,,,,,,,,,,,,,,,,,,,,,,,,,,,,,,,,,,,,,
train_105,Депрессорная_присадка_2,01190.25 для SL,43.971,,,,,,,,,,,,,,,,,,,,,,,,,,,,,,,,,,,,,,,,,,,,,,,,,,,,,,,,,,,,,,,,,,,,,,,,,,,,,,,,,,,,,,,,,,,,,,
train_105,Детергент_1,0432.25,19.065,,,,,,,,,,,,,,,,,,,,,,,,,,,,,,,,,,,15.76,,,,,,,,,,,,,,,,,,,,,,,,,,,,,,,,,,,,,,,,,,,,,,,,,,,,,,,410.9,,,,
train_105,Дисперсант_1,01191.25 для SL,74.243,,,,,,,,,,,,,,,,,,,,,,,,,,,,,,,,,,,,,,,,,,,,,,,,,,,,,,,,,,,,,,,,,,,,,,,,,,,,,,,,,,,,,,,,,,,,,,
train_105,Загуститель_1,"01124.25 10,3%  2 гр",22.582,,,,,,,,,,,,,,,,,,,,,,,,,,,,,,,,,,,,,,,,,,,,,,,,,,,,,,,,,,,,,,,,,,,,,,,,,,,,,,,,,,,,,,,,,,,,,,
train_105,Противоизносная_присадка_5,02975.22,93.926,,,,,,,,,,,,,,,,,,,,,,,,,,,,12.17,,,,,,,0.0001,,15.99,,,8.768,,8.85,,,,,,,,,,,,,,,,,,,,,,,,,,,,,,,,,,,,,,,,,,,,,,,,,,,,
train_105,Соединение_молибдена_1,COMP-2023-0003-M,12.301,,,,,,,,,,,,,,,,,,,,,,,,,,,,,,,,,,,,,,,,,,,,,,,,,,,,,,,,,,,,,,,,,,,,,,,,,,,,,,,,,,,,,,,,,,,,,,
train_106,Антиоксидант_2,01623.24,38.014,,,,,,,,,,,,,,,,,,,,,,,,,,,,14.54,,,,,,,,,,,,,,,,,,,,,,,,,,,,,,,,,,,,,,,,,,,,,,,,,,,,,,,,,,,,,,138.8,,,,
train_106,Антипенная_присадка_1,Р-10 3% р-р от 16.04,3.991,,,,,,,,,,,,,,,,,,,,,,,,,,,,,,,,,,,,,,,,,,,,,,,,,,,,,,,,,,,,,,,,,,,,,,,,,,,,,,,,,,,,,,,,,,,,,,
train_106,Базовое_масло_1,0318.25,38.413,,,,,,,,,,,,,,,784,1294,2234,,,,,,,,,,,4.44,21.8,,,,,,,,,,,,,,,,,,,,,,,,,,,,,,,,,,,,,,,,,,,,,,,,,,,,,,,,,,,,,,,,,
train_106,Базовое_масло_14,Р-10 от 13.05.2024,84.281,,,,,,,,,,,,,,,4,2,4,,,,,,,,,,,1.02,5.01,,,,,,,,,,,,,,,,,,,,,801.4,798,,,,,,,,,,,,,,,,,,,,,,,,,,,,,,,,,,,,,,,,,,,
train_106,Базовое_масло_4,01209.25 для SL,18.485,,,,,,,,,,,,,,,,,12688,,,,,,,,,,,8.42,54.13,,,,,,,,,,,,,,,,,,,,,,,,,,,,,,,,,,,,,,,,,,,,,,,,,,,,,,,,,,,,,,,,,
train_106,Базовое_масло_8,01208.25 для SL,52.846,,,,,,,,,,,,,,,,,,,,,,,,,,,,4.51,,,,,,,,,,,,,,,,,,,,,,,,,,,,,,,,,,,,,,,,,,,,,,,,,,,,,,,,,,,,,,,,,,
train_106,Депрессорная_присадка_2,01190.25 для SL,43.971,,,,,,,,,,,,,,,,,,,,,,,,,,,,,,,,,,,,,,,,,,,,,,,,,,,,,,,,,,,,,,,,,,,,,,,,,,,,,,,,,,,,,,,,,,,,,,
train_106,Детергент_1,0432.25,31.092,,,,,,,,,,,,,,,,,,,,,,,,,,,,,,,,,,,15.76,,,,,,,,,,,,,,,,,,,,,,,,,,,,,,,,,,,,,,,,,,,,,,,,,,,,,,,410.9,,,,
train_106,Дисперсант_1,01191.25 для SL,74.243,,,,,,,,,,,,,,,,,,,,,,,,,,,,,,,,,,,,,,,,,,,,,,,,,,,,,,,,,,,,,,,,,,,,,,,,,,,,,,,,,,,,,,,,,,,,,,
train_106,Загуститель_1,"01124.25 10,3%  2 гр",22.582,,,,,,,,,,,,,,,,,,,,,,,,,,,,,,,,,,,,,,,,,,,,,,,,,,,,,,,,,,,,,,,,,,,,,,,,,,,,,,,,,,,,,,,,,,,,,,
train_106,Противоизносная_присадка_5,02975.22,93.926,,,,,,,,,,,,,,,,,,,,,,,,,,,,12.17,,,,,,,0.0001,,15.99,,,8.768,,8.85,,,,,,,,,,,,,,,,,,,,,,,,,,,,,,,,,,,,,,,,,,,,,,,,,,,,
train_106,Соединение_молибдена_1,COMP-2023-0003-M,12.301,,,,,,,,,,,,,,,,,,,,,,,,,,,,,,,,,,,,,,,,,,,,,,,,,,,,,,,,,,,,,,,,,,,,,,,,,,,,,,,,,,,,,,,,,,,,,,
train_107,Антиоксидант_2,01623.24,38.014,,,,,,,,,,,,,,,,,,,,,,,,,,,,14.54,,,,,,,,,,,,,,,,,,,,,,,,,,,,,,,,,,,,,,,,,,,,,,,,,,,,,,,,,,,,,,138.8,,,,
train_107,Антипенная_присадка_1,Р-10 3% р-р от 16.04,3.991,,,,,,,,,,,,,,,,,,,,,,,,,,,,,,,,,,,,,,,,,,,,,,,,,,,,,,,,,,,,,,,,,,,,,,,,,,,,,,,,,,,,,,,,,,,,,,
train_107,Базовое_масло_1,0318.25,38.413,,,,,,,,,,,,,,,784,1294,2234,,,,,,,,,,,4.44,21.8,,,,,,,,,,,,,,,,,,,,,,,,,,,,,,,,,,,,,,,,,,,,,,,,,,,,,,,,,,,,,,,,,
train_107,Базовое_масло_14,Р-10 от 13.05.2024,84.281,,,,,,,,,,,,,,,4,2,4,,,,,,,,,,,1.02,5.01,,,,,,,,,,,,,,,,,,,,,801.4,798,,,,,,,,,,,,,,,,,,,,,,,,,,,,,,,,,,,,,,,,,,,
train_107,Базовое_масло_4,01209.25 для SL,18.485,,,,,,,,,,,,,,,,,12688,,,,,,,,,,,8.42,54.13,,,,,,,,,,,,,,,,,,,,,,,,,,,,,,,,,,,,,,,,,,,,,,,,,,,,,,,,,,,,,,,,,
train_107,Базовое_масло_8,01208.25 для SL,52.846,,,,,,,,,,,,,,,,,,,,,,,,,,,,4.51,,,,,,,,,,,,,,,,,,,,,,,,,,,,,,,,,,,,,,,,,,,,,,,,,,,,,,,,,,,,,,,,,,
train_107,Депрессорная_присадка_2,01190.25 для SL,43.971,,,,,,,,,,,,,,,,,,,,,,,,,,,,,,,,,,,,,,,,,,,,,,,,,,,,,,,,,,,,,,,,,,,,,,,,,,,,,,,,,,,,,,,,,,,,,,
train_107,Детергент_1,0432.25,31.092,,,,,,,,,,,,,,,,,,,,,,,,,,,,,,,,,,,15.76,,,,,,,,,,,,,,,,,,,,,,,,,,,,,,,,,,,,,,,,,,,,,,,,,,,,,,,410.9,,,,
train_107,Дисперсант_1,01191.25 для SL,74.243,,,,,,,,,,,,,,,,,,,,,,,,,,,,,,,,,,,,,,,,,,,,,,,,,,,,,,,,,,,,,,,,,,,,,,,,,,,,,,,,,,,,,,,,,,,,,,
train_107,Загуститель_1,"01124.25 10,3%  2 гр",22.582,,,,,,,,,,,,,,,,,,,,,,,,,,,,,,,,,,,,,,,,,,,,,,,,,,,,,,,,,,,,,,,,,,,,,,,,,,,,,,,,,,,,,,,,,,,,,,
train_107,Противоизносная_присадка_5,02975.22,93.926,,,,,,,,,,,,,,,,,,,,,,,,,,,,12.17,,,,,,,0.0001,,15.99,,,8.768,,8.85,,,,,,,,,,,,,,,,,,,,,,,,,,,,,,,,,,,,,,,,,,,,,,,,,,,,
train_107,Соединение_молибдена_1,COMP-2023-0003-M,12.301,,,,,,,,,,,,,,,,,,,,,,,,,,,,,,,,,,,,,,,,,,,,,,,,,,,,,,,,,,,,,,,,,,,,,,,,,,,,,,,,,,,,,,,,,,,,,,
train_108,Антиоксидант_2,01623.24,38.014,,,,,,,,,,,,,,,,,,,,,,,,,,,,14.54,,,,,,,,,,,,,,,,,,,,,,,,,,,,,,,,,,,,,,,,,,,,,,,,,,,,,,,,,,,,,,138.8,,,,
train_108,Антипенная_присадка_1,Р-10 3% р-р от 16.04,3.991,,,,,,,,,,,,,,,,,,,,,,,,,,,,,,,,,,,,,,,,,,,,,,,,,,,,,,,,,,,,,,,,,,,,,,,,,,,,,,,,,,,,,,,,,,,,,,
train_108,Базовое_масло_1,0318.25,38.413,,,,,,,,,,,,,,,784,1294,2234,,,,,,,,,,,4.44,21.8,,,,,,,,,,,,,,,,,,,,,,,,,,,,,,,,,,,,,,,,,,,,,,,,,,,,,,,,,,,,,,,,,
train_108,Базовое_масло_14,Р-10 от 13.05.2024,84.281,,,,,,,,,,,,,,,4,2,4,,,,,,,,,,,1.02,5.01,,,,,,,,,,,,,,,,,,,,,801.4,798,,,,,,,,,,,,,,,,,,,,,,,,,,,,,,,,,,,,,,,,,,,
train_108,Базовое_масло_4,01209.25 для SL,18.485,,,,,,,,,,,,,,,,,12688,,,,,,,,,,,8.42,54.13,,,,,,,,,,,,,,,,,,,,,,,,,,,,,,,,,,,,,,,,,,,,,,,,,,,,,,,,,,,,,,,,,
train_108,Базовое_масло_8,01208.25 для SL,52.846,,,,,,,,,,,,,,,,,,,,,,,,,,,,4.51,,,,,,,,,,,,,,,,,,,,,,,,,,,,,,,,,,,,,,,,,,,,,,,,,,,,,,,,,,,,,,,,,,
train_108,Депрессорная_присадка_2,01190.25 для SL,43.971,,,,,,,,,,,,,,,,,,,,,,,,,,,,,,,,,,,,,,,,,,,,,,,,,,,,,,,,,,,,,,,,,,,,,,,,,,,,,,,,,,,,,,,,,,,,,,
train_108,Детергент_1,0432.25,31.092,,,,,,,,,,,,,,,,,,,,,,,,,,,,,,,,,,,15.76,,,,,,,,,,,,,,,,,,,,,,,,,,,,,,,,,,,,,,,,,,,,,,,,,,,,,,,410.9,,,,
train_108,Дисперсант_1,01191.25 для SL,74.243,,,,,,,,,,,,,,,,,,,,,,,,,,,,,,,,,,,,,,,,,,,,,,,,,,,,,,,,,,,,,,,,,,,,,,,,,,,,,,,,,,,,,,,,,,,,,,
train_108,Загуститель_1,"01124.25 10,3%  2 гр",22.582,,,,,,,,,,,,,,,,,,,,,,,,,,,,,,,,,,,,,,,,,,,,,,,,,,,,,,,,,,,,,,,,,,,,,,,,,,,,,,,,,,,,,,,,,,,,,,
train_108,Противоизносная_присадка_5,02975.22,93.926,,,,,,,,,,,,,,,,,,,,,,,,,,,,12.17,,,,,,,0.0001,,15.99,,,8.768,,8.85,,,,,,,,,,,,,,,,,,,,,,,,,,,,,,,,,,,,,,,,,,,,,,,,,,,,
train_108,Соединение_молибдена_1,COMP-2023-0003-M,12.301,,,,,,,,,,,,,,,,,,,,,,,,,,,,,,,,,,,,,,,,,,,,,,,,,,,,,,,,,,,,,,,,,,,,,,,,,,,,,,,,,,,,,,,,,,,,,,
train_109,Антиоксидант_2,01623.24,38.014,,,,,,,,,,,,,,,,,,,,,,,,,,,,14.54,,,,,,,,,,,,,,,,,,,,,,,,,,,,,,,,,,,,,,,,,,,,,,,,,,,,,,,,,,,,,,138.8,,,,
train_109,Антипенная_присадка_1,Р-10 3% р-р от 16.04,3.991,,,,,,,,,,,,,,,,,,,,,,,,,,,,,,,,,,,,,,,,,,,,,,,,,,,,,,,,,,,,,,,,,,,,,,,,,,,,,,,,,,,,,,,,,,,,,,
train_109,Базовое_масло_1,0318.25,38.413,,,,,,,,,,,,,,,784,1294,2234,,,,,,,,,,,4.44,21.8,,,,,,,,,,,,,,,,,,,,,,,,,,,,,,,,,,,,,,,,,,,,,,,,,,,,,,,,,,,,,,,,,
train_109,Базовое_масло_14,Р-10 от 13.05.2024,84.281,,,,,,,,,,,,,,,4,2,4,,,,,,,,,,,1.02,5.01,,,,,,,,,,,,,,,,,,,,,801.4,798,,,,,,,,,,,,,,,,,,,,,,,,,,,,,,,,,,,,,,,,,,,
train_109,Базовое_масло_4,01209.25 для SL,3.668,,,,,,,,,,,,,,,,,12688,,,,,,,,,,,8.42,54.13,,,,,,,,,,,,,,,,,,,,,,,,,,,,,,,,,,,,,,,,,,,,,,,,,,,,,,,,,,,,,,,,,
train_109,Базовое_масло_8,01208.25 для SL,99.613,,,,,,,,,,,,,,,,,,,,,,,,,,,,4.51,,,,,,,,,,,,,,,,,,,,,,,,,,,,,,,,,,,,,,,,,,,,,,,,,,,,,,,,,,,,,,,,,,
train_109,Депрессорная_присадка_2,01190.25 для SL,43.971,,,,,,,,,,,,,,,,,,,,,,,,,,,,,,,,,,,,,,,,,,,,,,,,,,,,,,,,,,,,,,,,,,,,,,,,,,,,,,,,,,,,,,,,,,,,,,
train_109,Детергент_1,0432.25,31.092,,,,,,,,,,,,,,,,,,,,,,,,,,,,,,,,,,,15.76,,,,,,,,,,,,,,,,,,,,,,,,,,,,,,,,,,,,,,,,,,,,,,,,,,,,,,,410.9,,,,
train_109,Дисперсант_2,01025.23,93.926,,,,,,,,,,,,,,,,,,,,,,,,,,,,417.9,,,,,,,0.0009,,0.0027,,,0.0007,,0.0002,,,,,,,,,,,,,,,,,,,,,,,,,,,,,,,,,,,,,,,,,,,,,,,,17.5,,,,
train_109,Дисперсант_3,01030.23,8.348,,,,,,,,,,,,,,,,,,,,,,,,,,,,186.1,,,,,,,0.002,,0.048,,,0.002,,0.0001,,,,,,,,,,,,,,,,,,,,,,,,,,,,,,,,,,,,,,,,,,,,,,,,21,,,,
train_109,Загуститель_1,"01124.25 10,3%  2 гр",22.582,,,,,,,,,,,,,,,,,,,,,,,,,,,,,,,,,,,,,,,,,,,,,,,,,,,,,,,,,,,,,,,,,,,,,,,,,,,,,,,,,,,,,,,,,,,,,,
train_109,Противоизносная_присадка_5,02975.22,93.926,,,,,,,,,,,,,,,,,,,,,,,,,,,,12.17,,,,,,,0.0001,,15.99,,,8.768,,8.85,,,,,,,,,,,,,,,,,,,,,,,,,,,,,,,,,,,,,,,,,,,,,,,,,,,,
train_109,Соединение_молибдена_1,COMP-2023-0003-M,12.301,,,,,,,,,,,,,,,,,,,,,,,,,,,,,,,,,,,,,,,,,,,,,,,,,,,,,,,,,,,,,,,,,,,,,,,,,,,,,,,,,,,,,,,,,,,,,,
train_110,Антиоксидант_2,01623.24,38.014,,,,,,,,,,,,,,,,,,,,,,,,,,,,14.54,,,,,,,,,,,,,,,,,,,,,,,,,,,,,,,,,,,,,,,,,,,,,,,,,,,,,,,,,,,,,,138.8,,,,
train_110,Антипенная_присадка_1,Р-10 3% р-р от 16.04,3.991,,,,,,,,,,,,,,,,,,,,,,,,,,,,,,,,,,,,,,,,,,,,,,,,,,,,,,,,,,,,,,,,,,,,,,,,,,,,,,,,,,,,,,,,,,,,,,
train_110,Базовое_масло_1,0318.25,38.413,,,,,,,,,,,,,,,784,1294,2234,,,,,,,,,,,4.44,21.8,,,,,,,,,,,,,,,,,,,,,,,,,,,,,,,,,,,,,,,,,,,,,,,,,,,,,,,,,,,,,,,,,
train_110,Базовое_масло_14,Р-10 от 13.05.2024,84.281,,,,,,,,,,,,,,,4,2,4,,,,,,,,,,,1.02,5.01,,,,,,,,,,,,,,,,,,,,,801.4,798,,,,,,,,,,,,,,,,,,,,,,,,,,,,,,,,,,,,,,,,,,,
train_110,Базовое_масло_4,01209.25 для SL,3.668,,,,,,,,,,,,,,,,,12688,,,,,,,,,,,8.42,54.13,,,,,,,,,,,,,,,,,,,,,,,,,,,,,,,,,,,,,,,,,,,,,,,,,,,,,,,,,,,,,,,,,
train_110,Базовое_масло_8,01208.25 для SL,99.613,,,,,,,,,,,,,,,,,,,,,,,,,,,,4.51,,,,,,,,,,,,,,,,,,,,,,,,,,,,,,,,,,,,,,,,,,,,,,,,,,,,,,,,,,,,,,,,,,
train_110,Депрессорная_присадка_2,01190.25 для SL,43.971,,,,,,,,,,,,,,,,,,,,,,,,,,,,,,,,,,,,,,,,,,,,,,,,,,,,,,,,,,,,,,,,,,,,,,,,,,,,,,,,,,,,,,,,,,,,,,
train_110,Детергент_1,0432.25,31.092,,,,,,,,,,,,,,,,,,,,,,,,,,,,,,,,,,,15.76,,,,,,,,,,,,,,,,,,,,,,,,,,,,,,,,,,,,,,,,,,,,,,,,,,,,,,,410.9,,,,
train_110,Дисперсант_2,01025.23,93.926,,,,,,,,,,,,,,,,,,,,,,,,,,,,417.9,,,,,,,0.0009,,0.0027,,,0.0007,,0.0002,,,,,,,,,,,,,,,,,,,,,,,,,,,,,,,,,,,,,,,,,,,,,,,,17.5,,,,
train_110,Дисперсант_3,01030.23,8.348,,,,,,,,,,,,,,,,,,,,,,,,,,,,186.1,,,,,,,0.002,,0.048,,,0.002,,0.0001,,,,,,,,,,,,,,,,,,,,,,,,,,,,,,,,,,,,,,,,,,,,,,,,21,,,,
train_110,Загуститель_1,"01124.25 10,3%  2 гр",22.582,,,,,,,,,,,,,,,,,,,,,,,,,,,,,,,,,,,,,,,,,,,,,,,,,,,,,,,,,,,,,,,,,,,,,,,,,,,,,,,,,,,,,,,,,,,,,,
train_110,Противоизносная_присадка_5,02975.22,93.926,,,,,,,,,,,,,,,,,,,,,,,,,,,,12.17,,,,,,,0.0001,,15.99,,,8.768,,8.85,,,,,,,,,,,,,,,,,,,,,,,,,,,,,,,,,,,,,,,,,,,,,,,,,,,,
train_110,Соединение_молибдена_1,COMP-2023-0003-M,12.301,,,,,,,,,,,,,,,,,,,,,,,,,,,,,,,,,,,,,,,,,,,,,,,,,,,,,,,,,,,,,,,,,,,,,,,,,,,,,,,,,,,,,,,,,,,,,,
train_111,Антиоксидант_2,01623.24,38.014,,,,,,,,,,,,,,,,,,,,,,,,,,,,14.54,,,,,,,,,,,,,,,,,,,,,,,,,,,,,,,,,,,,,,,,,,,,,,,,,,,,,,,,,,,,,,138.8,,,,
train_111,Антипенная_присадка_1,Р-10 3% р-р от 16.04,3.991,,,,,,,,,,,,,,,,,,,,,,,,,,,,,,,,,,,,,,,,,,,,,,,,,,,,,,,,,,,,,,,,,,,,,,,,,,,,,,,,,,,,,,,,,,,,,,
train_111,Базовое_масло_1,0318.25,38.413,,,,,,,,,,,,,,,784,1294,2234,,,,,,,,,,,4.44,21.8,,,,,,,,,,,,,,,,,,,,,,,,,,,,,,,,,,,,,,,,,,,,,,,,,,,,,,,,,,,,,,,,,
train_111,Базовое_масло_14,Р-10 от 13.05.2024,84.281,,,,,,,,,,,,,,,4,2,4,,,,,,,,,,,1.02,5.01,,,,,,,,,,,,,,,,,,,,,801.4,798,,,,,,,,,,,,,,,,,,,,,,,,,,,,,,,,,,,,,,,,,,,
train_111,Базовое_масло_4,01209.25 для SL,3.668,,,,,,,,,,,,,,,,,12688,,,,,,,,,,,8.42,54.13,,,,,,,,,,,,,,,,,,,,,,,,,,,,,,,,,,,,,,,,,,,,,,,,,,,,,,,,,,,,,,,,,
train_111,Базовое_масло_8,01208.25 для SL,99.613,,,,,,,,,,,,,,,,,,,,,,,,,,,,4.51,,,,,,,,,,,,,,,,,,,,,,,,,,,,,,,,,,,,,,,,,,,,,,,,,,,,,,,,,,,,,,,,,,
train_111,Депрессорная_присадка_2,01190.25 для SL,43.971,,,,,,,,,,,,,,,,,,,,,,,,,,,,,,,,,,,,,,,,,,,,,,,,,,,,,,,,,,,,,,,,,,,,,,,,,,,,,,,,,,,,,,,,,,,,,,
train_111,Детергент_1,0432.25,31.092,,,,,,,,,,,,,,,,,,,,,,,,,,,,,,,,,,,15.76,,,,,,,,,,,,,,,,,,,,,,,,,,,,,,,,,,,,,,,,,,,,,,,,,,,,,,,410.9,,,,
train_111,Дисперсант_2,01025.23,93.926,,,,,,,,,,,,,,,,,,,,,,,,,,,,417.9,,,,,,,0.0009,,0.0027,,,0.0007,,0.0002,,,,,,,,,,,,,,,,,,,,,,,,,,,,,,,,,,,,,,,,,,,,,,,,17.5,,,,
train_111,Дисперсант_3,01030.23,8.348,,,,,,,,,,,,,,,,,,,,,,,,,,,,186.1,,,,,,,0.002,,0.048,,,0.002,,0.0001,,,,,,,,,,,,,,,,,,,,,,,,,,,,,,,,,,,,,,,,,,,,,,,,21,,,,
train_111,Загуститель_1,"01124.25 10,3%  2 гр",22.582,,,,,,,,,,,,,,,,,,,,,,,,,,,,,,,,,,,,,,,,,,,,,,,,,,,,,,,,,,,,,,,,,,,,,,,,,,,,,,,,,,,,,,,,,,,,,,
train_111,Противоизносная_присадка_5,02975.22,93.926,,,,,,,,,,,,,,,,,,,,,,,,,,,,12.17,,,,,,,0.0001,,15.99,,,8.768,,8.85,,,,,,,,,,,,,,,,,,,,,,,,,,,,,,,,,,,,,,,,,,,,,,,,,,,,
train_111,Соединение_молибдена_1,COMP-2023-0003-M,12.301,,,,,,,,,,,,,,,,,,,,,,,,,,,,,,,,,,,,,,,,,,,,,,,,,,,,,,,,,,,,,,,,,,,,,,,,,,,,,,,,,,,,,,,,,,,,,,
train_112,Антиоксидант_2,01623.24,38.014,,,,,,,,,,,,,,,,,,,,,,,,,,,,14.54,,,,,,,,,,,,,,,,,,,,,,,,,,,,,,,,,,,,,,,,,,,,,,,,,,,,,,,,,,,,,,138.8,,,,
train_112,Антипенная_присадка_1,Р-10 3% р-р от 16.04,3.991,,,,,,,,,,,,,,,,,,,,,,,,,,,,,,,,,,,,,,,,,,,,,,,,,,,,,,,,,,,,,,,,,,,,,,,,,,,,,,,,,,,,,,,,,,,,,,
train_112,Базовое_масло_1,0318.25,38.413,,,,,,,,,,,,,,,784,1294,2234,,,,,,,,,,,4.44,21.8,,,,,,,,,,,,,,,,,,,,,,,,,,,,,,,,,,,,,,,,,,,,,,,,,,,,,,,,,,,,,,,,,
train_112,Базовое_масло_14,Р-10 от 13.05.2024,84.281,,,,,,,,,,,,,,,4,2,4,,,,,,,,,,,1.02,5.01,,,,,,,,,,,,,,,,,,,,,801.4,798,,,,,,,,,,,,,,,,,,,,,,,,,,,,,,,,,,,,,,,,,,,
train_112,Базовое_масло_4,01209.25 для SL,30.503,,,,,,,,,,,,,,,,,12688,,,,,,,,,,,8.42,54.13,,,,,,,,,,,,,,,,,,,,,,,,,,,,,,,,,,,,,,,,,,,,,,,,,,,,,,,,,,,,,,,,,
train_112,Базовое_масло_8,01208.25 для SL,53.71,,,,,,,,,,,,,,,,,,,,,,,,,,,,4.51,,,,,,,,,,,,,,,,,,,,,,,,,,,,,,,,,,,,,,,,,,,,,,,,,,,,,,,,,,,,,,,,,,
train_112,Депрессорная_присадка_2,01190.25 для SL,43.971,,,,,,,,,,,,,,,,,,,,,,,,,,,,,,,,,,,,,,,,,,,,,,,,,,,,,,,,,,,,,,,,,,,,,,,,,,,,,,,,,,,,,,,,,,,,,,
train_112,Детергент_1,0432.25,31.092,,,,,,,,,,,,,,,,,,,,,,,,,,,,,,,,,,,15.76,,,,,,,,,,,,,,,,,,,,,,,,,,,,,,,,,,,,,,,,,,,,,,,,,,,,,,,410.9,,,,
train_112,Дисперсант_2,01025.23,73.846,,,,,,,,,,,,,,,,,,,,,,,,,,,,417.9,,,,,,,0.0009,,0.0027,,,0.0007,,0.0002,,,,,,,,,,,,,,,,,,,,,,,,,,,,,,,,,,,,,,,,,,,,,,,,17.5,,,,
train_112,Дисперсант_3,01030.23,74.243,,,,,,,,,,,,,,,,,,,,,,,,,,,,186.1,,,,,,,0.002,,0.048,,,0.002,,0.0001,,,,,,,,,,,,,,,,,,,,,,,,,,,,,,,,,,,,,,,,,,,,,,,,21,,,,
train_112,Загуститель_1,"01124.25 10,3%  2 гр",22.582,,,,,,,,,,,,,,,,,,,,,,,,,,,,,,,,,,,,,,,,,,,,,,,,,,,,,,,,,,,,,,,,,,,,,,,,,,,,,,,,,,,,,,,,,,,,,,
train_112,Противоизносная_присадка_5,02975.22,93.926,,,,,,,,,,,,,,,,,,,,,,,,,,,,12.17,,,,,,,0.0001,,15.99,,,8.768,,8.85,,,,,,,,,,,,,,,,,,,,,,,,,,,,,,,,,,,,,,,,,,,,,,,,,,,,
train_112,Соединение_молибдена_1,COMP-2023-0003-M,12.301,,,,,,,,,,,,,,,,,,,,,,,,,,,,,,,,,,,,,,,,,,,,,,,,,,,,,,,,,,,,,,,,,,,,,,,,,,,,,,,,,,,,,,,,,,,,,,
train_113,Антиоксидант_2,01623.24,38.014,,,,,,,,,,,,,,,,,,,,,,,,,,,,14.54,,,,,,,,,,,,,,,,,,,,,,,,,,,,,,,,,,,,,,,,,,,,,,,,,,,,,,,,,,,,,,138.8,,,,
train_113,Антипенная_присадка_1,Р-10 3% р-р от 16.04,3.991,,,,,,,,,,,,,,,,,,,,,,,,,,,,,,,,,,,,,,,,,,,,,,,,,,,,,,,,,,,,,,,,,,,,,,,,,,,,,,,,,,,,,,,,,,,,,,
train_113,Базовое_масло_1,0318.25,38.413,,,,,,,,,,,,,,,784,1294,2234,,,,,,,,,,,4.44,21.8,,,,,,,,,,,,,,,,,,,,,,,,,,,,,,,,,,,,,,,,,,,,,,,,,,,,,,,,,,,,,,,,,
train_113,Базовое_масло_14,Р-10 от 13.05.2024,84.281,,,,,,,,,,,,,,,4,2,4,,,,,,,,,,,1.02,5.01,,,,,,,,,,,,,,,,,,,,,801.4,798,,,,,,,,,,,,,,,,,,,,,,,,,,,,,,,,,,,,,,,,,,,
train_113,Базовое_масло_4,01209.25 для SL,30.503,,,,,,,,,,,,,,,,,12688,,,,,,,,,,,8.42,54.13,,,,,,,,,,,,,,,,,,,,,,,,,,,,,,,,,,,,,,,,,,,,,,,,,,,,,,,,,,,,,,,,,
train_113,Базовое_масло_8,01208.25 для SL,53.71,,,,,,,,,,,,,,,,,,,,,,,,,,,,4.51,,,,,,,,,,,,,,,,,,,,,,,,,,,,,,,,,,,,,,,,,,,,,,,,,,,,,,,,,,,,,,,,,,
train_113,Депрессорная_присадка_2,01190.25 для SL,43.971,,,,,,,,,,,,,,,,,,,,,,,,,,,,,,,,,,,,,,,,,,,,,,,,,,,,,,,,,,,,,,,,,,,,,,,,,,,,,,,,,,,,,,,,,,,,,,
train_113,Детергент_1,0432.25,31.092,,,,,,,,,,,,,,,,,,,,,,,,,,,,,,,,,,,15.76,,,,,,,,,,,,,,,,,,,,,,,,,,,,,,,,,,,,,,,,,,,,,,,,,,,,,,,410.9,,,,
train_113,Дисперсант_2,01025.23,73.846,,,,,,,,,,,,,,,,,,,,,,,,,,,,417.9,,,,,,,0.0009,,0.0027,,,0.0007,,0.0002,,,,,,,,,,,,,,,,,,,,,,,,,,,,,,,,,,,,,,,,,,,,,,,,17.5,,,,
train_113,Дисперсант_3,01030.23,74.243,,,,,,,,,,,,,,,,,,,,,,,,,,,,186.1,,,,,,,0.002,,0.048,,,0.002,,0.0001,,,,,,,,,,,,,,,,,,,,,,,,,,,,,,,,,,,,,,,,,,,,,,,,21,,,,
train_113,Загуститель_1,"01124.25 10,3%  2 гр",22.582,,,,,,,,,,,,,,,,,,,,,,,,,,,,,,,,,,,,,,,,,,,,,,,,,,,,,,,,,,,,,,,,,,,,,,,,,,,,,,,,,,,,,,,,,,,,,,
train_113,Противоизносная_присадка_5,02975.22,93.926,,,,,,,,,,,,,,,,,,,,,,,,,,,,12.17,,,,,,,0.0001,,15.99,,,8.768,,8.85,,,,,,,,,,,,,,,,,,,,,,,,,,,,,,,,,,,,,,,,,,,,,,,,,,,,
train_113,Соединение_молибдена_1,COMP-2023-0003-M,12.301,,,,,,,,,,,,,,,,,,,,,,,,,,,,,,,,,,,,,,,,,,,,,,,,,,,,,,,,,,,,,,,,,,,,,,,,,,,,,,,,,,,,,,,,,,,,,,
train_114,Антиоксидант_2,01623.24,56.357,,,,,,,,,,,,,,,,,,,,,,,,,,,,14.54,,,,,,,,,,,,,,,,,,,,,,,,,,,,,,,,,,,,,,,,,,,,,,,,,,,,,,,,,,,,,,138.8,,,,
train_114,Антипенная_присадка_1,Р-10 3% р-р от 16.04,3.991,,,,,,,,,,,,,,,,,,,,,,,,,,,,,,,,,,,,,,,,,,,,,,,,,,,,,,,,,,,,,,,,,,,,,,,,,,,,,,,,,,,,,,,,,,,,,,
train_114,Базовое_масло_1,0318.25,38.413,,,,,,,,,,,,,,,784,1294,2234,,,,,,,,,,,4.44,21.8,,,,,,,,,,,,,,,,,,,,,,,,,,,,,,,,,,,,,,,,,,,,,,,,,,,,,,,,,,,,,,,,,
train_114,Базовое_масло_14,Р-10 от 13.05.2024,84.281,,,,,,,,,,,,,,,4,2,4,,,,,,,,,,,1.02,5.01,,,,,,,,,,,,,,,,,,,,,801.4,798,,,,,,,,,,,,,,,,,,,,,,,,,,,,,,,,,,,,,,,,,,,
train_114,Базовое_масло_4,01209.25 для SL,45.064,,,,,,,,,,,,,,,,,12688,,,,,,,,,,,8.42,54.13,,,,,,,,,,,,,,,,,,,,,,,,,,,,,,,,,,,,,,,,,,,,,,,,,,,,,,,,,,,,,,,,,
train_114,Базовое_масло_8,01208.25 для SL,35.463,,,,,,,,,,,,,,,,,,,,,,,,,,,,4.51,,,,,,,,,,,,,,,,,,,,,,,,,,,,,,,,,,,,,,,,,,,,,,,,,,,,,,,,,,,,,,,,,,
train_114,Депрессорная_присадка_2,01190.25 для SL,43.971,,,,,,,,,,,,,,,,,,,,,,,,,,,,,,,,,,,,,,,,,,,,,,,,,,,,,,,,,,,,,,,,,,,,,,,,,,,,,,,,,,,,,,,,,,,,,,
train_114,Детергент_1,0432.25,31.092,,,,,,,,,,,,,,,,,,,,,,,,,,,,,,,,,,,15.76,,,,,,,,,,,,,,,,,,,,,,,,,,,,,,,,,,,,,,,,,,,,,,,,,,,,,,,410.9,,,,
train_114,Дисперсант_1,01191.25 для SL,3.249,,,,,,,,,,,,,,,,,,,,,,,,,,,,,,,,,,,,,,,,,,,,,,,,,,,,,,,,,,,,,,,,,,,,,,,,,,,,,,,,,,,,,,,,,,,,,,
train_114,Загуститель_1,"01124.25 10,3%  2 гр",22.582,,,,,,,,,,,,,,,,,,,,,,,,,,,,,,,,,,,,,,,,,,,,,,,,,,,,,,,,,,,,,,,,,,,,,,,,,,,,,,,,,,,,,,,,,,,,,,
train_114,Противоизносная_присадка_5,02975.22,93.926,,,,,,,,,,,,,,,,,,,,,,,,,,,,12.17,,,,,,,0.0001,,15.99,,,8.768,,8.85,,,,,,,,,,,,,,,,,,,,,,,,,,,,,,,,,,,,,,,,,,,,,,,,,,,,
train_114,Соединение_молибдена_1,COMP-2023-0003-M,67.927,,,,,,,,,,,,,,,,,,,,,,,,,,,,,,,,,,,,,,,,,,,,,,,,,,,,,,,,,,,,,,,,,,,,,,,,,,,,,,,,,,,,,,,,,,,,,,
train_115,Антиоксидант_2,01623.24,56.357,,,,,,,,,,,,,,,,,,,,,,,,,,,,14.54,,,,,,,,,,,,,,,,,,,,,,,,,,,,,,,,,,,,,,,,,,,,,,,,,,,,,,,,,,,,,,138.8,,,,
train_115,Антипенная_присадка_1,Р-10 3% р-р от 16.04,3.991,,,,,,,,,,,,,,,,,,,,,,,,,,,,,,,,,,,,,,,,,,,,,,,,,,,,,,,,,,,,,,,,,,,,,,,,,,,,,,,,,,,,,,,,,,,,,,
train_115,Базовое_масло_1,0318.25,38.413,,,,,,,,,,,,,,,784,1294,2234,,,,,,,,,,,4.44,21.8,,,,,,,,,,,,,,,,,,,,,,,,,,,,,,,,,,,,,,,,,,,,,,,,,,,,,,,,,,,,,,,,,
train_115,Базовое_масло_14,Р-10 от 13.05.2024,84.281,,,,,,,,,,,,,,,4,2,4,,,,,,,,,,,1.02,5.01,,,,,,,,,,,,,,,,,,,,,801.4,798,,,,,,,,,,,,,,,,,,,,,,,,,,,,,,,,,,,,,,,,,,,
train_115,Базовое_масло_4,01209.25 для SL,45.064,,,,,,,,,,,,,,,,,12688,,,,,,,,,,,8.42,54.13,,,,,,,,,,,,,,,,,,,,,,,,,,,,,,,,,,,,,,,,,,,,,,,,,,,,,,,,,,,,,,,,,
train_115,Базовое_масло_8,01208.25 для SL,35.463,,,,,,,,,,,,,,,,,,,,,,,,,,,,4.51,,,,,,,,,,,,,,,,,,,,,,,,,,,,,,,,,,,,,,,,,,,,,,,,,,,,,,,,,,,,,,,,,,
train_115,Депрессорная_присадка_2,01190.25 для SL,43.971,,,,,,,,,,,,,,,,,,,,,,,,,,,,,,,,,,,,,,,,,,,,,,,,,,,,,,,,,,,,,,,,,,,,,,,,,,,,,,,,,,,,,,,,,,,,,,
train_115,Детергент_1,0432.25,31.092,,,,,,,,,,,,,,,,,,,,,,,,,,,,,,,,,,,15.76,,,,,,,,,,,,,,,,,,,,,,,,,,,,,,,,,,,,,,,,,,,,,,,,,,,,,,,410.9,,,,
train_115,Дисперсант_1,01191.25 для SL,3.249,,,,,,,,,,,,,,,,,,,,,,,,,,,,,,,,,,,,,,,,,,,,,,,,,,,,,,,,,,,,,,,,,,,,,,,,,,,,,,,,,,,,,,,,,,,,,,
train_115,Загуститель_1,"01124.25 10,3%  2 гр",22.582,,,,,,,,,,,,,,,,,,,,,,,,,,,,,,,,,,,,,,,,,,,,,,,,,,,,,,,,,,,,,,,,,,,,,,,,,,,,,,,,,,,,,,,,,,,,,,
train_115,Противоизносная_присадка_5,02975.22,93.926,,,,,,,,,,,,,,,,,,,,,,,,,,,,12.17,,,,,,,0.0001,,15.99,,,8.768,,8.85,,,,,,,,,,,,,,,,,,,,,,,,,,,,,,,,,,,,,,,,,,,,,,,,,,,,
train_115,Соединение_молибдена_1,COMP-2023-0003-M,67.927,,,,,,,,,,,,,,,,,,,,,,,,,,,,,,,,,,,,,,,,,,,,,,,,,,,,,,,,,,,,,,,,,,,,,,,,,,,,,,,,,,,,,,,,,,,,,,
train_116,Антиоксидант_2,01623.24,56.357,,,,,,,,,,,,,,,,,,,,,,,,,,,,14.54,,,,,,,,,,,,,,,,,,,,,,,,,,,,,,,,,,,,,,,,,,,,,,,,,,,,,,,,,,,,,,138.8,,,,
train_116,Антипенная_присадка_1,Р-10 3% р-р от 16.04,3.991,,,,,,,,,,,,,,,,,,,,,,,,,,,,,,,,,,,,,,,,,,,,,,,,,,,,,,,,,,,,,,,,,,,,,,,,,,,,,,,,,,,,,,,,,,,,,,
train_116,Базовое_масло_1,0318.25,38.413,,,,,,,,,,,,,,,784,1294,2234,,,,,,,,,,,4.44,21.8,,,,,,,,,,,,,,,,,,,,,,,,,,,,,,,,,,,,,,,,,,,,,,,,,,,,,,,,,,,,,,,,,
train_116,Базовое_масло_14,Р-10 от 13.05.2024,84.281,,,,,,,,,,,,,,,4,2,4,,,,,,,,,,,1.02,5.01,,,,,,,,,,,,,,,,,,,,,801.4,798,,,,,,,,,,,,,,,,,,,,,,,,,,,,,,,,,,,,,,,,,,,
train_116,Базовое_масло_4,01209.25 для SL,45.064,,,,,,,,,,,,,,,,,12688,,,,,,,,,,,8.42,54.13,,,,,,,,,,,,,,,,,,,,,,,,,,,,,,,,,,,,,,,,,,,,,,,,,,,,,,,,,,,,,,,,,
train_116,Базовое_масло_8,01208.25 для SL,35.463,,,,,,,,,,,,,,,,,,,,,,,,,,,,4.51,,,,,,,,,,,,,,,,,,,,,,,,,,,,,,,,,,,,,,,,,,,,,,,,,,,,,,,,,,,,,,,,,,
train_116,Депрессорная_присадка_2,01190.25 для SL,43.971,,,,,,,,,,,,,,,,,,,,,,,,,,,,,,,,,,,,,,,,,,,,,,,,,,,,,,,,,,,,,,,,,,,,,,,,,,,,,,,,,,,,,,,,,,,,,,
train_116,Детергент_1,0432.25,31.092,,,,,,,,,,,,,,,,,,,,,,,,,,,,,,,,,,,15.76,,,,,,,,,,,,,,,,,,,,,,,,,,,,,,,,,,,,,,,,,,,,,,,,,,,,,,,410.9,,,,
train_116,Дисперсант_1,01191.25 для SL,3.249,,,,,,,,,,,,,,,,,,,,,,,,,,,,,,,,,,,,,,,,,,,,,,,,,,,,,,,,,,,,,,,,,,,,,,,,,,,,,,,,,,,,,,,,,,,,,,
train_116,Загуститель_1,"01124.25 10,3%  2 гр",22.582,,,,,,,,,,,,,,,,,,,,,,,,,,,,,,,,,,,,,,,,,,,,,,,,,,,,,,,,,,,,,,,,,,,,,,,,,,,,,,,,,,,,,,,,,,,,,,
train_116,Противоизносная_присадка_5,02975.22,93.926,,,,,,,,,,,,,,,,,,,,,,,,,,,,12.17,,,,,,,0.0001,,15.99,,,8.768,,8.85,,,,,,,,,,,,,,,,,,,,,,,,,,,,,,,,,,,,,,,,,,,,,,,,,,,,
train_116,Соединение_молибдена_1,COMP-2023-0003-M,67.927,,,,,,,,,,,,,,,,,,,,,,,,,,,,,,,,,,,,,,,,,,,,,,,,,,,,,,,,,,,,,,,,,,,,,,,,,,,,,,,,,,,,,,,,,,,,,,
train_117,Антиоксидант_2,01623.24,38.014,,,,,,,,,,,,,,,,,,,,,,,,,,,,14.54,,,,,,,,,,,,,,,,,,,,,,,,,,,,,,,,,,,,,,,,,,,,,,,,,,,,,,,,,,,,,,138.8,,,,
train_117,Антипенная_присадка_1,Р-10 3% р-р от 16.04,3.991,,,,,,,,,,,,,,,,,,,,,,,,,,,,,,,,,,,,,,,,,,,,,,,,,,,,,,,,,,,,,,,,,,,,,,,,,,,,,,,,,,,,,,,,,,,,,,
train_117,Базовое_масло_1,0318.25,38.413,,,,,,,,,,,,,,,784,1294,2234,,,,,,,,,,,4.44,21.8,,,,,,,,,,,,,,,,,,,,,,,,,,,,,,,,,,,,,,,,,,,,,,,,,,,,,,,,,,,,,,,,,
train_117,Базовое_масло_14,Р-10 от 13.05.2024,84.281,,,,,,,,,,,,,,,4,2,4,,,,,,,,,,,1.02,5.01,,,,,,,,,,,,,,,,,,,,,801.4,798,,,,,,,,,,,,,,,,,,,,,,,,,,,,,,,,,,,,,,,,,,,
train_117,Базовое_масло_4,01209.25 для SL,18.485,,,,,,,,,,,,,,,,,12688,,,,,,,,,,,8.42,54.13,,,,,,,,,,,,,,,,,,,,,,,,,,,,,,,,,,,,,,,,,,,,,,,,,,,,,,,,,,,,,,,,,
train_117,Базовое_масло_8,01208.25 для SL,52.846,,,,,,,,,,,,,,,,,,,,,,,,,,,,4.51,,,,,,,,,,,,,,,,,,,,,,,,,,,,,,,,,,,,,,,,,,,,,,,,,,,,,,,,,,,,,,,,,,
train_117,Депрессорная_присадка_2,01190.25 для SL,43.971,,,,,,,,,,,,,,,,,,,,,,,,,,,,,,,,,,,,,,,,,,,,,,,,,,,,,,,,,,,,,,,,,,,,,,,,,,,,,,,,,,,,,,,,,,,,,,
train_117,Детергент_1,0432.25,31.092,,,,,,,,,,,,,,,,,,,,,,,,,,,,,,,,,,,15.76,,,,,,,,,,,,,,,,,,,,,,,,,,,,,,,,,,,,,,,,,,,,,,,,,,,,,,,410.9,,,,
train_117,Дисперсант_4,0139.25 ол12,74.243,,,,,,,,,,,,,,,,,,,,,,,,,,,,215.8,,1.031,,,,,,,,,,,,,,,,,,,,,,,,,,,,,,,,,,,,,,,,,,,,,,,,,,,,,,,,,,3,,54.43,36.23,,,
train_117,Загуститель_1,"01124.25 10,3%  2 гр",22.582,,,,,,,,,,,,,,,,,,,,,,,,,,,,,,,,,,,,,,,,,,,,,,,,,,,,,,,,,,,,,,,,,,,,,,,,,,,,,,,,,,,,,,,,,,,,,,
train_117,Противоизносная_присадка_5,02975.22,93.926,,,,,,,,,,,,,,,,,,,,,,,,,,,,12.17,,,,,,,0.0001,,15.99,,,8.768,,8.85,,,,,,,,,,,,,,,,,,,,,,,,,,,,,,,,,,,,,,,,,,,,,,,,,,,,
train_117,Соединение_молибдена_1,COMP-2023-0003-M,12.301,,,,,,,,,,,,,,,,,,,,,,,,,,,,,,,,,,,,,,,,,,,,,,,,,,,,,,,,,,,,,,,,,,,,,,,,,,,,,,,,,,,,,,,,,,,,,,
train_118,Антиоксидант_2,01623.24,38.014,,,,,,,,,,,,,,,,,,,,,,,,,,,,14.54,,,,,,,,,,,,,,,,,,,,,,,,,,,,,,,,,,,,,,,,,,,,,,,,,,,,,,,,,,,,,,138.8,,,,
train_118,Антипенная_присадка_1,Р-10 3% р-р от 16.04,3.991,,,,,,,,,,,,,,,,,,,,,,,,,,,,,,,,,,,,,,,,,,,,,,,,,,,,,,,,,,,,,,,,,,,,,,,,,,,,,,,,,,,,,,,,,,,,,,
train_118,Базовое_масло_1,0318.25,38.413,,,,,,,,,,,,,,,784,1294,2234,,,,,,,,,,,4.44,21.8,,,,,,,,,,,,,,,,,,,,,,,,,,,,,,,,,,,,,,,,,,,,,,,,,,,,,,,,,,,,,,,,,
train_118,Базовое_масло_14,Р-10 от 13.05.2024,84.281,,,,,,,,,,,,,,,4,2,4,,,,,,,,,,,1.02,5.01,,,,,,,,,,,,,,,,,,,,,801.4,798,,,,,,,,,,,,,,,,,,,,,,,,,,,,,,,,,,,,,,,,,,,
train_118,Базовое_масло_4,01209.25 для SL,18.485,,,,,,,,,,,,,,,,,12688,,,,,,,,,,,8.42,54.13,,,,,,,,,,,,,,,,,,,,,,,,,,,,,,,,,,,,,,,,,,,,,,,,,,,,,,,,,,,,,,,,,
train_118,Базовое_масло_8,01208.25 для SL,52.846,,,,,,,,,,,,,,,,,,,,,,,,,,,,4.51,,,,,,,,,,,,,,,,,,,,,,,,,,,,,,,,,,,,,,,,,,,,,,,,,,,,,,,,,,,,,,,,,,
train_118,Депрессорная_присадка_2,01190.25 для SL,43.971,,,,,,,,,,,,,,,,,,,,,,,,,,,,,,,,,,,,,,,,,,,,,,,,,,,,,,,,,,,,,,,,,,,,,,,,,,,,,,,,,,,,,,,,,,,,,,
train_118,Детергент_1,0432.25,31.092,,,,,,,,,,,,,,,,,,,,,,,,,,,,,,,,,,,15.76,,,,,,,,,,,,,,,,,,,,,,,,,,,,,,,,,,,,,,,,,,,,,,,,,,,,,,,410.9,,,,
train_118,Дисперсант_4,0139.25 ол12,74.243,,,,,,,,,,,,,,,,,,,,,,,,,,,,215.8,,1.031,,,,,,,,,,,,,,,,,,,,,,,,,,,,,,,,,,,,,,,,,,,,,,,,,,,,,,,,,,3,,54.43,36.23,,,
train_118,Загуститель_1,"01124.25 10,3%  2 гр",22.582,,,,,,,,,,,,,,,,,,,,,,,,,,,,,,,,,,,,,,,,,,,,,,,,,,,,,,,,,,,,,,,,,,,,,,,,,,,,,,,,,,,,,,,,,,,,,,
train_118,Противоизносная_присадка_5,02975.22,93.926,,,,,,,,,,,,,,,,,,,,,,,,,,,,12.17,,,,,,,0.0001,,15.99,,,8.768,,8.85,,,,,,,,,,,,,,,,,,,,,,,,,,,,,,,,,,,,,,,,,,,,,,,,,,,,
train_118,Соединение_молибдена_1,COMP-2023-0003-M,12.301,,,,,,,,,,,,,,,,,,,,,,,,,,,,,,,,,,,,,,,,,,,,,,,,,,,,,,,,,,,,,,,,,,,,,,,,,,,,,,,,,,,,,,,,,,,,,,
train_119,Антиоксидант_2,01623.24,38.014,,,,,,,,,,,,,,,,,,,,,,,,,,,,14.54,,,,,,,,,,,,,,,,,,,,,,,,,,,,,,,,,,,,,,,,,,,,,,,,,,,,,,,,,,,,,,138.8,,,,
train_119,Антипенная_присадка_1,Р-10 3% р-р от 16.04,3.991,,,,,,,,,,,,,,,,,,,,,,,,,,,,,,,,,,,,,,,,,,,,,,,,,,,,,,,,,,,,,,,,,,,,,,,,,,,,,,,,,,,,,,,,,,,,,,
train_119,Базовое_масло_1,0318.25,38.413,,,,,,,,,,,,,,,784,1294,2234,,,,,,,,,,,4.44,21.8,,,,,,,,,,,,,,,,,,,,,,,,,,,,,,,,,,,,,,,,,,,,,,,,,,,,,,,,,,,,,,,,,
train_119,Базовое_масло_14,Р-10 от 13.05.2024,84.281,,,,,,,,,,,,,,,4,2,4,,,,,,,,,,,1.02,5.01,,,,,,,,,,,,,,,,,,,,,801.4,798,,,,,,,,,,,,,,,,,,,,,,,,,,,,,,,,,,,,,,,,,,,
train_119,Базовое_масло_4,01209.25 для SL,18.485,,,,,,,,,,,,,,,,,12688,,,,,,,,,,,8.42,54.13,,,,,,,,,,,,,,,,,,,,,,,,,,,,,,,,,,,,,,,,,,,,,,,,,,,,,,,,,,,,,,,,,
train_119,Базовое_масло_8,01208.25 для SL,52.846,,,,,,,,,,,,,,,,,,,,,,,,,,,,4.51,,,,,,,,,,,,,,,,,,,,,,,,,,,,,,,,,,,,,,,,,,,,,,,,,,,,,,,,,,,,,,,,,,
train_119,Депрессорная_присадка_2,01190.25 для SL,43.971,,,,,,,,,,,,,,,,,,,,,,,,,,,,,,,,,,,,,,,,,,,,,,,,,,,,,,,,,,,,,,,,,,,,,,,,,,,,,,,,,,,,,,,,,,,,,,
train_119,Детергент_1,0432.25,31.092,,,,,,,,,,,,,,,,,,,,,,,,,,,,,,,,,,,15.76,,,,,,,,,,,,,,,,,,,,,,,,,,,,,,,,,,,,,,,,,,,,,,,,,,,,,,,410.9,,,,
train_119,Дисперсант_4,0139.25 ол12,74.243,,,,,,,,,,,,,,,,,,,,,,,,,,,,215.8,,1.031,,,,,,,,,,,,,,,,,,,,,,,,,,,,,,,,,,,,,,,,,,,,,,,,,,,,,,,,,,3,,54.43,36.23,,,
train_119,Загуститель_1,"01124.25 10,3%  2 гр",22.582,,,,,,,,,,,,,,,,,,,,,,,,,,,,,,,,,,,,,,,,,,,,,,,,,,,,,,,,,,,,,,,,,,,,,,,,,,,,,,,,,,,,,,,,,,,,,,
train_119,Противоизносная_присадка_5,02975.22,93.926,,,,,,,,,,,,,,,,,,,,,,,,,,,,12.17,,,,,,,0.0001,,15.99,,,8.768,,8.85,,,,,,,,,,,,,,,,,,,,,,,,,,,,,,,,,,,,,,,,,,,,,,,,,,,,
train_119,Соединение_молибдена_1,COMP-2023-0003-M,12.301,,,,,,,,,,,,,,,,,,,,,,,,,,,,,,,,,,,,,,,,,,,,,,,,,,,,,,,,,,,,,,,,,,,,,,,,,,,,,,,,,,,,,,,,,,,,,,
train_120,Антиоксидант_1,01028.23,67.309,,,,,,,,,,,,,,,,,,,,,,,,,,,,6.8,,,,,,,,,,,,,,,,,,,,,,,,,,,,,,,,,,,,,,,,,,,,,,,,,,,,,,,,,,,,,,0,0,,,
train_120,Антиоксидант_10,4793.19,67.309,,,,,,,,,,,,,,,,,,,,,,,,,,,,21.67,,,,,,,0.253,,,8.64,,0.432,,0.0278,,,,,,,,,,,,,,,,,,,,,,,,,,,,,,,,,,,,,,,,,,,,,,,,8.53,5.26,,,
train_120,Антиоксидант_3,с ЦП 28.02.2024г,30.536,,,,,,,,,,,,,,,,,,,,,,,,,,,,,,,,,,,,,,,,,,,,,,,,,,,,,,,,,,,,,,,,,,,,,,,,,,,,,,,,,,,,,,,,,,,,,,
train_120,Антипенная_присадка_1,12 от 13.05.2024,3.991,,,,,,,,,,,,,,,,,,,,,,,,,,,,,,,,,,,,,,,,,,,,,,,,,,,,,,,,,,,,,,,,,,,,,,,,,,,,,,,,,,,,,,,,,,,,,,
train_120,Базовое_масло_1,01509.24,89.213,,,,,,,,,,,,,,517,863,1407,2461,4719,,,110,,,,,,,4.5,22.76,,,,,,,,,,,,,,,,,,,,,843.6,840.2,,,,,,,,,,,,,,,,,,,,,,,,,,,-28,,,,,,,,,,,,,,,,
train_120,Базовое_масло_1,01595.25,72.975,,,,,,,,,,,,,,,790,1338,2348,4420,,,,,,,,,,4.48,22.35,,,,,,,,,,,,,,,,,,,,,,,,,,,,,,,,,,,,,,,,,,,,,,,,,,,,,,,,,,,,,,,,,
train_120,Базовое_масло_14,01500.24,84.281,,,,,,,,,,,,,,,,,,,,,,,,,,,,,,,,,,,,,,,,,,,,,,,,,,,,,,,,,,,,,,,,,,,,,,,,,,,,,,,,,,,,,,,,,,,,,,
train_120,Базовое_масло_5,01085.25,8.08,,,,,,,,,,,,,,,,,,,,,,,,,,,,8.62,,,,,,,,,,,,,,,,,,,,,,,,,,,,,,,,,,,,,,,,,,,,,,,,,,0,,,,,,,,,,,,,,,,
train_120,Базовое_масло_6,01302.25,11.036,,,,,,,,,,,,,,,640,1000,1682,3017,,,126,,,,,,,4.446,20.92,,,,,,,,,,,,,,,,,,,,,835.5,832.2,,,,,,,,,,,,,,,,,,,,,,,,,,,,,,,,,,,,,,,,,,,
train_120,Депрессорная_присадка_1,0800.24,26.931,,,,,,,,,,,,,,,,,,,,,,,,,,,,305.4,,,,,,,,,,,,,,,,,,,,,,,,,,,,,,,,,,,,,,,,,,,,,,,,,,,,,,,,,,,,,,,,,,
train_120,Детергент_1,из ЦП 21.03,42.666,,,,,,,,,,,,,,,,,,,,,,,,,,,,,,,,,,,,,,,,,,,,,,,,,,,,,,,,,,,,,,,,,,,,,,,,,,,,,,,,,,,,,,,,,,,,,,
train_120,Детергент_5,02138.23,93.926,,,,,,,,,,,,,,,,,,,,,,,,,,,,,,,,,,,,,,,,,,,,,,,,,,,,,,,,,,,,,,,,,,,,,,,,,,,,,,,,,,,,,,,,,,,,,,
train_120,Детергент_6,01066.23,63.35,,,,,,,,,,,,,,,,,,,,,,,,,,,,262.6,,,,,,,10.13,,3.154,,,0.0006,,0.0001,,,,,,,,,,,,,,,,,,,,,,,,,,,,,,,,,,,,,,,,,,,,,,,,315.1,,,,
train_120,Дисперсант_2,01025.23,74.227,,,,,,,,,,,,,,,,,,,,,,,,,,,,417.9,,,,,,,0.0009,,0.0027,,,0.0007,,0.0002,,,,,,,,,,,,,,,,,,,,,,,,,,,,,,,,,,,,,,,,,,,,,,,,17.5,,,,
train_120,Дисперсант_3,01030.23,23.42,,,,,,,,,,,,,,,,,,,,,,,,,,,,186.1,,,,,,,0.002,,0.048,,,0.002,,0.0001,,,,,,,,,,,,,,,,,,,,,,,,,,,,,,,,,,,,,,,,,,,,,,,,21,,,,
train_120,Загуститель_1,01076.24 10% в HVI-4,38.465,,,,,,,,,,,,,,,,,,,,,,,,,,,,445.5,,,,,,,,,,,,,,,,,,,,,,844.7,841.7,,,,,,,,,,,,,,,,,,,,,,,,,,,,,,,,,,,,,,,,,,,
train_120,Противоизносная_присадка_2,01026.23,12.766,,,,,,,,,,,,,,,,,,,,,,,,,,,,14.75,,,,,,,0.024,,16.58,,,8.13,,9.39,,,,,,,,,,,,,,,,,,,,,,,,,,,,,,,,,,,,,,,,,,,,,,,,,,,,
train_121,Антиоксидант_1,01028.23,67.309,,,,,,,,,,,,,,,,,,,,,,,,,,,,6.8,,,,,,,,,,,,,,,,,,,,,,,,,,,,,,,,,,,,,,,,,,,,,,,,,,,,,,,,,,,,,,0,0,,,
train_121,Антиоксидант_10,4793.19,67.309,,,,,,,,,,,,,,,,,,,,,,,,,,,,21.67,,,,,,,0.253,,,8.64,,0.432,,0.0278,,,,,,,,,,,,,,,,,,,,,,,,,,,,,,,,,,,,,,,,,,,,,,,,8.53,5.26,,,
train_121,Антиоксидант_3,с ЦП 28.02.2024г,30.536,,,,,,,,,,,,,,,,,,,,,,,,,,,,,,,,,,,,,,,,,,,,,,,,,,,,,,,,,,,,,,,,,,,,,,,,,,,,,,,,,,,,,,,,,,,,,,
train_121,Антипенная_присадка_1,12 от 13.05.2024,3.991,,,,,,,,,,,,,,,,,,,,,,,,,,,,,,,,,,,,,,,,,,,,,,,,,,,,,,,,,,,,,,,,,,,,,,,,,,,,,,,,,,,,,,,,,,,,,,
train_121,Базовое_масло_1,01509.24,89.213,,,,,,,,,,,,,,517,863,1407,2461,4719,,,110,,,,,,,4.5,22.76,,,,,,,,,,,,,,,,,,,,,843.6,840.2,,,,,,,,,,,,,,,,,,,,,,,,,,,-28,,,,,,,,,,,,,,,,
train_121,Базовое_масло_1,01595.25,61.768,,,,,,,,,,,,,,,790,1338,2348,4420,,,,,,,,,,4.48,22.35,,,,,,,,,,,,,,,,,,,,,,,,,,,,,,,,,,,,,,,,,,,,,,,,,,,,,,,,,,,,,,,,,
train_121,Базовое_масло_14,01500.24,84.281,,,,,,,,,,,,,,,,,,,,,,,,,,,,,,,,,,,,,,,,,,,,,,,,,,,,,,,,,,,,,,,,,,,,,,,,,,,,,,,,,,,,,,,,,,,,,,
train_121,Базовое_масло_5,01085.25,8.08,,,,,,,,,,,,,,,,,,,,,,,,,,,,8.62,,,,,,,,,,,,,,,,,,,,,,,,,,,,,,,,,,,,,,,,,,,,,,,,,,0,,,,,,,,,,,,,,,,
train_121,Базовое_масло_6,01302.25,11.036,,,,,,,,,,,,,,,640,1000,1682,3017,,,126,,,,,,,4.446,20.92,,,,,,,,,,,,,,,,,,,,,835.5,832.2,,,,,,,,,,,,,,,,,,,,,,,,,,,,,,,,,,,,,,,,,,,
train_121,Депрессорная_присадка_1,0800.24,26.931,,,,,,,,,,,,,,,,,,,,,,,,,,,,305.4,,,,,,,,,,,,,,,,,,,,,,,,,,,,,,,,,,,,,,,,,,,,,,,,,,,,,,,,,,,,,,,,,,
train_121,Детергент_1,из ЦП 21.03,42.666,,,,,,,,,,,,,,,,,,,,,,,,,,,,,,,,,,,,,,,,,,,,,,,,,,,,,,,,,,,,,,,,,,,,,,,,,,,,,,,,,,,,,,,,,,,,,,
train_121,Детергент_5,02138.23,93.926,,,,,,,,,,,,,,,,,,,,,,,,,,,,,,,,,,,,,,,,,,,,,,,,,,,,,,,,,,,,,,,,,,,,,,,,,,,,,,,,,,,,,,,,,,,,,,
train_121,Детергент_6,01066.23,63.35,,,,,,,,,,,,,,,,,,,,,,,,,,,,262.6,,,,,,,10.13,,3.154,,,0.0006,,0.0001,,,,,,,,,,,,,,,,,,,,,,,,,,,,,,,,,,,,,,,,,,,,,,,,315.1,,,,
train_121,Дисперсант_2,01025.23,21.197,,,,,,,,,,,,,,,,,,,,,,,,,,,,417.9,,,,,,,0.0009,,0.0027,,,0.0007,,0.0002,,,,,,,,,,,,,,,,,,,,,,,,,,,,,,,,,,,,,,,,,,,,,,,,17.5,,,,
train_121,Дисперсант_3,01030.23,0.422,,,,,,,,,,,,,,,,,,,,,,,,,,,,186.1,,,,,,,0.002,,0.048,,,0.002,,0.0001,,,,,,,,,,,,,,,,,,,,,,,,,,,,,,,,,,,,,,,,,,,,,,,,21,,,,
train_121,Загуститель_1,01076.24 10% в HVI-4,38.465,,,,,,,,,,,,,,,,,,,,,,,,,,,,445.5,,,,,,,,,,,,,,,,,,,,,,844.7,841.7,,,,,,,,,,,,,,,,,,,,,,,,,,,,,,,,,,,,,,,,,,,
train_121,Противоизносная_присадка_2,01026.23,12.766,,,,,,,,,,,,,,,,,,,,,,,,,,,,14.75,,,,,,,0.024,,16.58,,,8.13,,9.39,,,,,,,,,,,,,,,,,,,,,,,,,,,,,,,,,,,,,,,,,,,,,,,,,,,,
train_122,Антиоксидант_1,01028.23,43.971,,,,,,,,,,,,,,,,,,,,,,,,,,,,6.8,,,,,,,,,,,,,,,,,,,,,,,,,,,,,,,,,,,,,,,,,,,,,,,,,,,,,,,,,,,,,,0,0,,,
train_122,Антиоксидант_3,с ЦП 28.02.2024г,67.309,,,,,,,,,,,,,,,,,,,,,,,,,,,,,,,,,,,,,,,,,,,,,,,,,,,,,,,,,,,,,,,,,,,,,,,,,,,,,,,,,,,,,,,,,,,,,,
train_122,Антипенная_присадка_1,12 от 13.05.2024,3.991,,,,,,,,,,,,,,,,,,,,,,,,,,,,,,,,,,,,,,,,,,,,,,,,,,,,,,,,,,,,,,,,,,,,,,,,,,,,,,,,,,,,,,,,,,,,,,
train_122,Базовое_масло_1,01509.24,98.021,,,,,,,,,,,,,,517,863,1407,2461,4719,,,110,,,,,,,4.5,22.76,,,,,,,,,,,,,,,,,,,,,843.6,840.2,,,,,,,,,,,,,,,,,,,,,,,,,,,-28,,,,,,,,,,,,,,,,
train_122,Базовое_масло_1,01595.25,86.838,,,,,,,,,,,,,,,790,1338,2348,4420,,,,,,,,,,4.48,22.35,,,,,,,,,,,,,,,,,,,,,,,,,,,,,,,,,,,,,,,,,,,,,,,,,,,,,,,,,,,,,,,,,
train_122,Базовое_масло_14,01500.24,84.281,,,,,,,,,,,,,,,,,,,,,,,,,,,,,,,,,,,,,,,,,,,,,,,,,,,,,,,,,,,,,,,,,,,,,,,,,,,,,,,,,,,,,,,,,,,,,,
train_122,Базовое_масло_5,01085.25,8.08,,,,,,,,,,,,,,,,,,,,,,,,,,,,8.62,,,,,,,,,,,,,,,,,,,,,,,,,,,,,,,,,,,,,,,,,,,,,,,,,,0,,,,,,,,,,,,,,,,
train_122,Базовое_масло_6,01302.25,11.036,,,,,,,,,,,,,,,640,1000,1682,3017,,,126,,,,,,,4.446,20.92,,,,,,,,,,,,,,,,,,,,,835.5,832.2,,,,,,,,,,,,,,,,,,,,,,,,,,,,,,,,,,,,,,,,,,,
train_122,Депрессорная_присадка_1,0800.24,26.931,,,,,,,,,,,,,,,,,,,,,,,,,,,,305.4,,,,,,,,,,,,,,,,,,,,,,,,,,,,,,,,,,,,,,,,,,,,,,,,,,,,,,,,,,,,,,,,,,
train_122,Детергент_1,из ЦП 21.03,73.071,,,,,,,,,,,,,,,,,,,,,,,,,,,,,,,,,,,,,,,,,,,,,,,,,,,,,,,,,,,,,,,,,,,,,,,,,,,,,,,,,,,,,,,,,,,,,,
train_122,Детергент_3,01714.24,41.872,,,,,,,,,,,,,,,,,,,,,,,,,,,,,,,,,,,,,,,,,,,,,,,,,,,,,,,,,,,,,,,,,,,,,,,,,,,,,,,,,,,,,,,,,,167.3,,,,
train_122,Детергент_5,02138.23,93.926,,,,,,,,,,,,,,,,,,,,,,,,,,,,,,,,,,,,,,,,,,,,,,,,,,,,,,,,,,,,,,,,,,,,,,,,,,,,,,,,,,,,,,,,,,,,,,
train_122,Дисперсант_1,01191.25 для SL,31.092,,,,,,,,,,,,,,,,,,,,,,,,,,,,,,,,,,,,,,,,,,,,,,,,,,,,,,,,,,,,,,,,,,,,,,,,,,,,,,,,,,,,,,,,,,,,,,
train_122,Дисперсант_2,01025.23,22.682,,,,,,,,,,,,,,,,,,,,,,,,,,,,417.9,,,,,,,0.0009,,0.0027,,,0.0007,,0.0002,,,,,,,,,,,,,,,,,,,,,,,,,,,,,,,,,,,,,,,,,,,,,,,,17.5,,,,
train_122,Дисперсант_3,01030.23,50.431,,,,,,,,,,,,,,,,,,,,,,,,,,,,186.1,,,,,,,0.002,,0.048,,,0.002,,0.0001,,,,,,,,,,,,,,,,,,,,,,,,,,,,,,,,,,,,,,,,,,,,,,,,21,,,,
train_122,Загуститель_1,01076.24 10% в HVI-4,38.465,,,,,,,,,,,,,,,,,,,,,,,,,,,,445.5,,,,,,,,,,,,,,,,,,,,,,844.7,841.7,,,,,,,,,,,,,,,,,,,,,,,,,,,,,,,,,,,,,,,,,,,
train_122,Противоизносная_присадка_7,02359.22,12.766,,,,,,,,,,,,,,,,,,,,,,,,,,,,13.66,,,,,,,0.006,,,,,7.7,,9,,,,,,,,,,,,,,,,,,,,,,,,,,,,,,,,,,,,,,,,,,,,,,,,,19.72,,,
train_122,Соединение_молибдена_1,COMP-2023-0003-M,25.872,,,,,,,,,,,,,,,,,,,,,,,,,,,,,,,,,,,,,,,,,,,,,,,,,,,,,,,,,,,,,,,,,,,,,,,,,,,,,,,,,,,,,,,,,,,,,,
train_123,Антиоксидант_1,01028.23,43.971,,,,,,,,,,,,,,,,,,,,,,,,,,,,6.8,,,,,,,,,,,,,,,,,,,,,,,,,,,,,,,,,,,,,,,,,,,,,,,,,,,,,,,,,,,,,,0,0,,,
train_123,Антиоксидант_3,с ЦП 28.02.2024г,67.309,,,,,,,,,,,,,,,,,,,,,,,,,,,,,,,,,,,,,,,,,,,,,,,,,,,,,,,,,,,,,,,,,,,,,,,,,,,,,,,,,,,,,,,,,,,,,,
train_123,Антипенная_присадка_1,12 от 13.05.2024,3.991,,,,,,,,,,,,,,,,,,,,,,,,,,,,,,,,,,,,,,,,,,,,,,,,,,,,,,,,,,,,,,,,,,,,,,,,,,,,,,,,,,,,,,,,,,,,,,
train_123,Базовое_масло_1,01509.24,98.021,,,,,,,,,,,,,,517,863,1407,2461,4719,,,110,,,,,,,4.5,22.76,,,,,,,,,,,,,,,,,,,,,843.6,840.2,,,,,,,,,,,,,,,,,,,,,,,,,,,-28,,,,,,,,,,,,,,,,
train_123,Базовое_масло_1,01595.25,87.45,,,,,,,,,,,,,,,790,1338,2348,4420,,,,,,,,,,4.48,22.35,,,,,,,,,,,,,,,,,,,,,,,,,,,,,,,,,,,,,,,,,,,,,,,,,,,,,,,,,,,,,,,,,
train_123,Базовое_масло_14,01500.24,84.281,,,,,,,,,,,,,,,,,,,,,,,,,,,,,,,,,,,,,,,,,,,,,,,,,,,,,,,,,,,,,,,,,,,,,,,,,,,,,,,,,,,,,,,,,,,,,,
train_123,Базовое_масло_5,01085.25,8.08,,,,,,,,,,,,,,,,,,,,,,,,,,,,8.62,,,,,,,,,,,,,,,,,,,,,,,,,,,,,,,,,,,,,,,,,,,,,,,,,,0,,,,,,,,,,,,,,,,
train_123,Базовое_масло_6,01302.25,11.036,,,,,,,,,,,,,,,640,1000,1682,3017,,,126,,,,,,,4.446,20.92,,,,,,,,,,,,,,,,,,,,,835.5,832.2,,,,,,,,,,,,,,,,,,,,,,,,,,,,,,,,,,,,,,,,,,,
train_123,Депрессорная_присадка_1,0800.24,26.931,,,,,,,,,,,,,,,,,,,,,,,,,,,,305.4,,,,,,,,,,,,,,,,,,,,,,,,,,,,,,,,,,,,,,,,,,,,,,,,,,,,,,,,,,,,,,,,,,
train_123,Детергент_1,из ЦП 21.03,63.294,,,,,,,,,,,,,,,,,,,,,,,,,,,,,,,,,,,,,,,,,,,,,,,,,,,,,,,,,,,,,,,,,,,,,,,,,,,,,,,,,,,,,,,,,,,,,,
train_123,Детергент_3,01714.24,41.872,,,,,,,,,,,,,,,,,,,,,,,,,,,,,,,,,,,,,,,,,,,,,,,,,,,,,,,,,,,,,,,,,,,,,,,,,,,,,,,,,,,,,,,,,,167.3,,,,
train_123,Детергент_5,02138.23,93.926,,,,,,,,,,,,,,,,,,,,,,,,,,,,,,,,,,,,,,,,,,,,,,,,,,,,,,,,,,,,,,,,,,,,,,,,,,,,,,,,,,,,,,,,,,,,,,
train_123,Дисперсант_1,01191.25 для SL,66.35,,,,,,,,,,,,,,,,,,,,,,,,,,,,,,,,,,,,,,,,,,,,,,,,,,,,,,,,,,,,,,,,,,,,,,,,,,,,,,,,,,,,,,,,,,,,,,
train_123,Дисперсант_2,01025.23,65.686,,,,,,,,,,,,,,,,,,,,,,,,,,,,417.9,,,,,,,0.0009,,0.0027,,,0.0007,,0.0002,,,,,,,,,,,,,,,,,,,,,,,,,,,,,,,,,,,,,,,,,,,,,,,,17.5,,,,
train_123,Дисперсант_3,01030.23,31.092,,,,,,,,,,,,,,,,,,,,,,,,,,,,186.1,,,,,,,0.002,,0.048,,,0.002,,0.0001,,,,,,,,,,,,,,,,,,,,,,,,,,,,,,,,,,,,,,,,,,,,,,,,21,,,,
train_123,Загуститель_1,01076.24 10% в HVI-4,38.465,,,,,,,,,,,,,,,,,,,,,,,,,,,,445.5,,,,,,,,,,,,,,,,,,,,,,844.7,841.7,,,,,,,,,,,,,,,,,,,,,,,,,,,,,,,,,,,,,,,,,,,
train_123,Противоизносная_присадка_7,02359.22,12.766,,,,,,,,,,,,,,,,,,,,,,,,,,,,13.66,,,,,,,0.006,,,,,7.7,,9,,,,,,,,,,,,,,,,,,,,,,,,,,,,,,,,,,,,,,,,,,,,,,,,,19.72,,,
train_123,Соединение_молибдена_1,COMP-2023-0003-M,25.872,,,,,,,,,,,,,,,,,,,,,,,,,,,,,,,,,,,,,,,,,,,,,,,,,,,,,,,,,,,,,,,,,,,,,,,,,,,,,,,,,,,,,,,,,,,,,,
train_124,Антиоксидант_1,01028.23,43.971,,,,,,,,,,,,,,,,,,,,,,,,,,,,6.8,,,,,,,,,,,,,,,,,,,,,,,,,,,,,,,,,,,,,,,,,,,,,,,,,,,,,,,,,,,,,,0,0,,,
train_124,Антиоксидант_3,с ЦП 28.02.2024г,67.309,,,,,,,,,,,,,,,,,,,,,,,,,,,,,,,,,,,,,,,,,,,,,,,,,,,,,,,,,,,,,,,,,,,,,,,,,,,,,,,,,,,,,,,,,,,,,,
train_124,Антипенная_присадка_1,12 от 13.05.2024,3.991,,,,,,,,,,,,,,,,,,,,,,,,,,,,,,,,,,,,,,,,,,,,,,,,,,,,,,,,,,,,,,,,,,,,,,,,,,,,,,,,,,,,,,,,,,,,,,
train_124,Базовое_масло_1,01509.24,98.021,,,,,,,,,,,,,,517,863,1407,2461,4719,,,110,,,,,,,4.5,22.76,,,,,,,,,,,,,,,,,,,,,843.6,840.2,,,,,,,,,,,,,,,,,,,,,,,,,,,-28,,,,,,,,,,,,,,,,
train_124,Базовое_масло_1,01595.25,52.863,,,,,,,,,,,,,,,790,1338,2348,4420,,,,,,,,,,4.48,22.35,,,,,,,,,,,,,,,,,,,,,,,,,,,,,,,,,,,,,,,,,,,,,,,,,,,,,,,,,,,,,,,,,
train_124,Базовое_масло_14,01500.24,84.281,,,,,,,,,,,,,,,,,,,,,,,,,,,,,,,,,,,,,,,,,,,,,,,,,,,,,,,,,,,,,,,,,,,,,,,,,,,,,,,,,,,,,,,,,,,,,,
train_124,Базовое_масло_5,01085.25,8.08,,,,,,,,,,,,,,,,,,,,,,,,,,,,8.62,,,,,,,,,,,,,,,,,,,,,,,,,,,,,,,,,,,,,,,,,,,,,,,,,,0,,,,,,,,,,,,,,,,
train_124,Базовое_масло_6,01302.25,11.036,,,,,,,,,,,,,,,640,1000,1682,3017,,,126,,,,,,,4.446,20.92,,,,,,,,,,,,,,,,,,,,,835.5,832.2,,,,,,,,,,,,,,,,,,,,,,,,,,,,,,,,,,,,,,,,,,,
train_124,Депрессорная_присадка_1,0800.24,26.931,,,,,,,,,,,,,,,,,,,,,,,,,,,,305.4,,,,,,,,,,,,,,,,,,,,,,,,,,,,,,,,,,,,,,,,,,,,,,,,,,,,,,,,,,,,,,,,,,
train_124,Детергент_1,из ЦП 21.03,8.442,,,,,,,,,,,,,,,,,,,,,,,,,,,,,,,,,,,,,,,,,,,,,,,,,,,,,,,,,,,,,,,,,,,,,,,,,,,,,,,,,,,,,,,,,,,,,,
train_124,Детергент_3,01714.24,26.931,,,,,,,,,,,,,,,,,,,,,,,,,,,,,,,,,,,,,,,,,,,,,,,,,,,,,,,,,,,,,,,,,,,,,,,,,,,,,,,,,,,,,,,,,,167.3,,,,
train_124,Детергент_5,02138.23,26.931,,,,,,,,,,,,,,,,,,,,,,,,,,,,,,,,,,,,,,,,,,,,,,,,,,,,,,,,,,,,,,,,,,,,,,,,,,,,,,,,,,,,,,,,,,,,,,
train_124,Дисперсант_1,01191.25 для SL,74.243,,,,,,,,,,,,,,,,,,,,,,,,,,,,,,,,,,,,,,,,,,,,,,,,,,,,,,,,,,,,,,,,,,,,,,,,,,,,,,,,,,,,,,,,,,,,,,
train_124,Дисперсант_2,01025.23,8.08,,,,,,,,,,,,,,,,,,,,,,,,,,,,417.9,,,,,,,0.0009,,0.0027,,,0.0007,,0.0002,,,,,,,,,,,,,,,,,,,,,,,,,,,,,,,,,,,,,,,,,,,,,,,,17.5,,,,
train_124,Дисперсант_3,01030.23,50.431,,,,,,,,,,,,,,,,,,,,,,,,,,,,186.1,,,,,,,0.002,,0.048,,,0.002,,0.0001,,,,,,,,,,,,,,,,,,,,,,,,,,,,,,,,,,,,,,,,,,,,,,,,21,,,,
train_124,Загуститель_1,01076.24 10% в HVI-4,38.465,,,,,,,,,,,,,,,,,,,,,,,,,,,,445.5,,,,,,,,,,,,,,,,,,,,,,844.7,841.7,,,,,,,,,,,,,,,,,,,,,,,,,,,,,,,,,,,,,,,,,,,
train_124,Противоизносная_присадка_7,02359.22,12.766,,,,,,,,,,,,,,,,,,,,,,,,,,,,13.66,,,,,,,0.006,,,,,7.7,,9,,,,,,,,,,,,,,,,,,,,,,,,,,,,,,,,,,,,,,,,,,,,,,,,,19.72,,,
train_124,Соединение_молибдена_1,COMP-2023-0003-M,25.872,,,,,,,,,,,,,,,,,,,,,,,,,,,,,,,,,,,,,,,,,,,,,,,,,,,,,,,,,,,,,,,,,,,,,,,,,,,,,,,,,,,,,,,,,,,,,,
train_125,Антиоксидант_4,01050.22,56.357,,,,,,,,,,,,,,,,,,,,,,,,,,,,,,,,,,,,,,,,,,,,,,,,,,,,,,,,,,,,,,,,,,,,,,,,,,,,,,,,,,,,,,,,,,,,,,
train_125,Антиоксидант_8,COMP-2024-0009-M,43.971,,,,,,,,,,,,,,,,,,,,,,,,,,,,,,,,,,,,,,,,,,,,,,,,,,,,,,,,,,,,,,,,,,,,,,,,,,,,,,,,,,,,,,,,,,,,,,
train_125,Антипенная_присадка_1,12 от 13.05.2024,3.991,,,,,,,,,,,,,,,,,,,,,,,,,,,,,,,,,,,,,,,,,,,,,,,,,,,,,,,,,,,,,,,,,,,,,,,,,,,,,,,,,,,,,,,,,,,,,,
train_125,Базовое_масло_1,01509.24,98.021,,,,,,,,,,,,,,517,863,1407,2461,4719,,,110,,,,,,,4.5,22.76,,,,,,,,,,,,,,,,,,,,,843.6,840.2,,,,,,,,,,,,,,,,,,,,,,,,,,,-28,,,,,,,,,,,,,,,,
train_125,Базовое_масло_1,01595.25,27.488,,,,,,,,,,,,,,,790,1338,2348,4420,,,,,,,,,,4.48,22.35,,,,,,,,,,,,,,,,,,,,,,,,,,,,,,,,,,,,,,,,,,,,,,,,,,,,,,,,,,,,,,,,,
train_125,Базовое_масло_14,01500.24,84.281,,,,,,,,,,,,,,,,,,,,,,,,,,,,,,,,,,,,,,,,,,,,,,,,,,,,,,,,,,,,,,,,,,,,,,,,,,,,,,,,,,,,,,,,,,,,,,
train_125,Базовое_масло_5,01085.25,8.08,,,,,,,,,,,,,,,,,,,,,,,,,,,,8.62,,,,,,,,,,,,,,,,,,,,,,,,,,,,,,,,,,,,,,,,,,,,,,,,,,0,,,,,,,,,,,,,,,,
train_125,Базовое_масло_6,01302.25,11.036,,,,,,,,,,,,,,,640,1000,1682,3017,,,126,,,,,,,4.446,20.92,,,,,,,,,,,,,,,,,,,,,835.5,832.2,,,,,,,,,,,,,,,,,,,,,,,,,,,,,,,,,,,,,,,,,,,
train_125,Депрессорная_присадка_1,0800.24,26.931,,,,,,,,,,,,,,,,,,,,,,,,,,,,305.4,,,,,,,,,,,,,,,,,,,,,,,,,,,,,,,,,,,,,,,,,,,,,,,,,,,,,,,,,,,,,,,,,,
train_125,Детергент_11,COMP-2025-0018-M,53.761,,,,,,,,,,,,,,,,,,,,,,,,,,,,,,,,,,,,,,,,,,,,,,,,,,,,,,,,,,,,,,,,,,,,,,,,,,,,,,,,,,,,,,,,,,,,,,
train_125,Детергент_3,01714.24,0.422,,,,,,,,,,,,,,,,,,,,,,,,,,,,,,,,,,,,,,,,,,,,,,,,,,,,,,,,,,,,,,,,,,,,,,,,,,,,,,,,,,,,,,,,,,167.3,,,,
train_125,Детергент_5,02138.23,26.931,,,,,,,,,,,,,,,,,,,,,,,,,,,,,,,,,,,,,,,,,,,,,,,,,,,,,,,,,,,,,,,,,,,,,,,,,,,,,,,,,,,,,,,,,,,,,,
train_125,Дисперсант_2,01025.23,65.686,,,,,,,,,,,,,,,,,,,,,,,,,,,,417.9,,,,,,,0.0009,,0.0027,,,0.0007,,0.0002,,,,,,,,,,,,,,,,,,,,,,,,,,,,,,,,,,,,,,,,,,,,,,,,17.5,,,,
train_125,Дисперсант_3,01030.23,31.092,,,,,,,,,,,,,,,,,,,,,,,,,,,,186.1,,,,,,,0.002,,0.048,,,0.002,,0.0001,,,,,,,,,,,,,,,,,,,,,,,,,,,,,,,,,,,,,,,,,,,,,,,,21,,,,
train_125,Загуститель_1,01076.24 10% в HVI-4,38.465,,,,,,,,,,,,,,,,,,,,,,,,,,,,445.5,,,,,,,,,,,,,,,,,,,,,,844.7,841.7,,,,,,,,,,,,,,,,,,,,,,,,,,,,,,,,,,,,,,,,,,,
train_125,Противоизносная_присадка_7,02359.22,12.766,,,,,,,,,,,,,,,,,,,,,,,,,,,,13.66,,,,,,,0.006,,,,,7.7,,9,,,,,,,,,,,,,,,,,,,,,,,,,,,,,,,,,,,,,,,,,,,,,,,,,19.72,,,
train_125,Соединение_молибдена_1,COMP-2023-0003-M,25.872,,,,,,,,,,,,,,,,,,,,,,,,,,,,,,,,,,,,,,,,,,,,,,,,,,,,,,,,,,,,,,,,,,,,,,,,,,,,,,,,,,,,,,,,,,,,,,
train_126,Антиоксидант_4,01050.22,56.357,,,,,,,,,,,,,,,,,,,,,,,,,,,,,,,,,,,,,,,,,,,,,,,,,,,,,,,,,,,,,,,,,,,,,,,,,,,,,,,,,,,,,,,,,,,,,,
train_126,Антиоксидант_8,COMP-2024-0009-M,43.971,,,,,,,,,,,,,,,,,,,,,,,,,,,,,,,,,,,,,,,,,,,,,,,,,,,,,,,,,,,,,,,,,,,,,,,,,,,,,,,,,,,,,,,,,,,,,,
train_126,Антипенная_присадка_1,12 от 13.05.2024,3.991,,,,,,,,,,,,,,,,,,,,,,,,,,,,,,,,,,,,,,,,,,,,,,,,,,,,,,,,,,,,,,,,,,,,,,,,,,,,,,,,,,,,,,,,,,,,,,
train_126,Базовое_масло_1,01509.24,98.021,,,,,,,,,,,,,,517,863,1407,2461,4719,,,110,,,,,,,4.5,22.76,,,,,,,,,,,,,,,,,,,,,843.6,840.2,,,,,,,,,,,,,,,,,,,,,,,,,,,-28,,,,,,,,,,,,,,,,
train_126,Базовое_масло_1,01595.25,27.488,,,,,,,,,,,,,,,790,1338,2348,4420,,,,,,,,,,4.48,22.35,,,,,,,,,,,,,,,,,,,,,,,,,,,,,,,,,,,,,,,,,,,,,,,,,,,,,,,,,,,,,,,,,
train_126,Базовое_масло_14,01500.24,84.281,,,,,,,,,,,,,,,,,,,,,,,,,,,,,,,,,,,,,,,,,,,,,,,,,,,,,,,,,,,,,,,,,,,,,,,,,,,,,,,,,,,,,,,,,,,,,,
train_126,Базовое_масло_5,01085.25,8.08,,,,,,,,,,,,,,,,,,,,,,,,,,,,8.62,,,,,,,,,,,,,,,,,,,,,,,,,,,,,,,,,,,,,,,,,,,,,,,,,,0,,,,,,,,,,,,,,,,
train_126,Базовое_масло_6,01302.25,11.036,,,,,,,,,,,,,,,640,1000,1682,3017,,,126,,,,,,,4.446,20.92,,,,,,,,,,,,,,,,,,,,,835.5,832.2,,,,,,,,,,,,,,,,,,,,,,,,,,,,,,,,,,,,,,,,,,,
train_126,Депрессорная_присадка_1,0800.24,26.931,,,,,,,,,,,,,,,,,,,,,,,,,,,,305.4,,,,,,,,,,,,,,,,,,,,,,,,,,,,,,,,,,,,,,,,,,,,,,,,,,,,,,,,,,,,,,,,,,
train_126,Детергент_11,COMP-2025-0018-M,53.761,,,,,,,,,,,,,,,,,,,,,,,,,,,,,,,,,,,,,,,,,,,,,,,,,,,,,,,,,,,,,,,,,,,,,,,,,,,,,,,,,,,,,,,,,,,,,,
train_126,Детергент_3,01714.24,0.422,,,,,,,,,,,,,,,,,,,,,,,,,,,,,,,,,,,,,,,,,,,,,,,,,,,,,,,,,,,,,,,,,,,,,,,,,,,,,,,,,,,,,,,,,,167.3,,,,
train_126,Детергент_5,02138.23,26.931,,,,,,,,,,,,,,,,,,,,,,,,,,,,,,,,,,,,,,,,,,,,,,,,,,,,,,,,,,,,,,,,,,,,,,,,,,,,,,,,,,,,,,,,,,,,,,
train_126,Дисперсант_2,01025.23,65.686,,,,,,,,,,,,,,,,,,,,,,,,,,,,417.9,,,,,,,0.0009,,0.0027,,,0.0007,,0.0002,,,,,,,,,,,,,,,,,,,,,,,,,,,,,,,,,,,,,,,,,,,,,,,,17.5,,,,
train_126,Дисперсант_3,01030.23,31.092,,,,,,,,,,,,,,,,,,,,,,,,,,,,186.1,,,,,,,0.002,,0.048,,,0.002,,0.0001,,,,,,,,,,,,,,,,,,,,,,,,,,,,,,,,,,,,,,,,,,,,,,,,21,,,,
train_126,Загуститель_1,01076.24 10% в HVI-4,38.465,,,,,,,,,,,,,,,,,,,,,,,,,,,,445.5,,,,,,,,,,,,,,,,,,,,,,844.7,841.7,,,,,,,,,,,,,,,,,,,,,,,,,,,,,,,,,,,,,,,,,,,
train_126,Противоизносная_присадка_7,02359.22,12.766,,,,,,,,,,,,,,,,,,,,,,,,,,,,13.66,,,,,,,0.006,,,,,7.7,,9,,,,,,,,,,,,,,,,,,,,,,,,,,,,,,,,,,,,,,,,,,,,,,,,,19.72,,,
train_126,Соединение_молибдена_1,COMP-2023-0003-M,25.872,,,,,,,,,,,,,,,,,,,,,,,,,,,,,,,,,,,,,,,,,,,,,,,,,,,,,,,,,,,,,,,,,,,,,,,,,,,,,,,,,,,,,,,,,,,,,,
train_127,Антиоксидант_4,01050.22,56.357,,,,,,,,,,,,,,,,,,,,,,,,,,,,,,,,,,,,,,,,,,,,,,,,,,,,,,,,,,,,,,,,,,,,,,,,,,,,,,,,,,,,,,,,,,,,,,
train_127,Антиоксидант_8,COMP-2024-0009-M,43.971,,,,,,,,,,,,,,,,,,,,,,,,,,,,,,,,,,,,,,,,,,,,,,,,,,,,,,,,,,,,,,,,,,,,,,,,,,,,,,,,,,,,,,,,,,,,,,
train_127,Антипенная_присадка_1,12 от 13.05.2024,3.991,,,,,,,,,,,,,,,,,,,,,,,,,,,,,,,,,,,,,,,,,,,,,,,,,,,,,,,,,,,,,,,,,,,,,,,,,,,,,,,,,,,,,,,,,,,,,,
train_127,Базовое_масло_1,01509.24,98.021,,,,,,,,,,,,,,517,863,1407,2461,4719,,,110,,,,,,,4.5,22.76,,,,,,,,,,,,,,,,,,,,,843.6,840.2,,,,,,,,,,,,,,,,,,,,,,,,,,,-28,,,,,,,,,,,,,,,,
train_127,Базовое_масло_1,01595.25,27.488,,,,,,,,,,,,,,,790,1338,2348,4420,,,,,,,,,,4.48,22.35,,,,,,,,,,,,,,,,,,,,,,,,,,,,,,,,,,,,,,,,,,,,,,,,,,,,,,,,,,,,,,,,,
train_127,Базовое_масло_14,01500.24,84.281,,,,,,,,,,,,,,,,,,,,,,,,,,,,,,,,,,,,,,,,,,,,,,,,,,,,,,,,,,,,,,,,,,,,,,,,,,,,,,,,,,,,,,,,,,,,,,
train_127,Базовое_масло_5,01085.25,8.08,,,,,,,,,,,,,,,,,,,,,,,,,,,,8.62,,,,,,,,,,,,,,,,,,,,,,,,,,,,,,,,,,,,,,,,,,,,,,,,,,0,,,,,,,,,,,,,,,,
train_127,Базовое_масло_6,01302.25,11.036,,,,,,,,,,,,,,,640,1000,1682,3017,,,126,,,,,,,4.446,20.92,,,,,,,,,,,,,,,,,,,,,835.5,832.2,,,,,,,,,,,,,,,,,,,,,,,,,,,,,,,,,,,,,,,,,,,
train_127,Депрессорная_присадка_1,0800.24,26.931,,,,,,,,,,,,,,,,,,,,,,,,,,,,305.4,,,,,,,,,,,,,,,,,,,,,,,,,,,,,,,,,,,,,,,,,,,,,,,,,,,,,,,,,,,,,,,,,,
train_127,Детергент_11,COMP-2025-0018-M,53.761,,,,,,,,,,,,,,,,,,,,,,,,,,,,,,,,,,,,,,,,,,,,,,,,,,,,,,,,,,,,,,,,,,,,,,,,,,,,,,,,,,,,,,,,,,,,,,
train_127,Детергент_3,01714.24,0.422,,,,,,,,,,,,,,,,,,,,,,,,,,,,,,,,,,,,,,,,,,,,,,,,,,,,,,,,,,,,,,,,,,,,,,,,,,,,,,,,,,,,,,,,,,167.3,,,,
train_127,Детергент_5,02138.23,26.931,,,,,,,,,,,,,,,,,,,,,,,,,,,,,,,,,,,,,,,,,,,,,,,,,,,,,,,,,,,,,,,,,,,,,,,,,,,,,,,,,,,,,,,,,,,,,,
train_127,Дисперсант_2,01025.23,65.686,,,,,,,,,,,,,,,,,,,,,,,,,,,,417.9,,,,,,,0.0009,,0.0027,,,0.0007,,0.0002,,,,,,,,,,,,,,,,,,,,,,,,,,,,,,,,,,,,,,,,,,,,,,,,17.5,,,,
train_127,Дисперсант_3,01030.23,31.092,,,,,,,,,,,,,,,,,,,,,,,,,,,,186.1,,,,,,,0.002,,0.048,,,0.002,,0.0001,,,,,,,,,,,,,,,,,,,,,,,,,,,,,,,,,,,,,,,,,,,,,,,,21,,,,
train_127,Загуститель_1,01076.24 10% в HVI-4,38.465,,,,,,,,,,,,,,,,,,,,,,,,,,,,445.5,,,,,,,,,,,,,,,,,,,,,,844.7,841.7,,,,,,,,,,,,,,,,,,,,,,,,,,,,,,,,,,,,,,,,,,,
train_127,Противоизносная_присадка_7,02359.22,12.766,,,,,,,,,,,,,,,,,,,,,,,,,,,,13.66,,,,,,,0.006,,,,,7.7,,9,,,,,,,,,,,,,,,,,,,,,,,,,,,,,,,,,,,,,,,,,,,,,,,,,19.72,,,
train_127,Соединение_молибдена_1,COMP-2023-0003-M,25.872,,,,,,,,,,,,,,,,,,,,,,,,,,,,,,,,,,,,,,,,,,,,,,,,,,,,,,,,,,,,,,,,,,,,,,,,,,,,,,,,,,,,,,,,,,,,,,
train_128,Антиоксидант_1,01028.23,74.119,,,,,,,,,,,,,,,,,,,,,,,,,,,,6.8,,,,,,,,,,,,,,,,,,,,,,,,,,,,,,,,,,,,,,,,,,,,,,,,,,,,,,,,,,,,,,0,0,,,
train_128,Антиоксидант_10,4793.19,17.074,,,,,,,,,,,,,,,,,,,,,,,,,,,,21.67,,,,,,,0.253,,,8.64,,0.432,,0.0278,,,,,,,,,,,,,,,,,,,,,,,,,,,,,,,,,,,,,,,,,,,,,,,,8.53,5.26,,,
train_128,Антиоксидант_3,01198.23,0.295,,,,,,,,,,,,,,,,,,,,,,,,,,,,11.04,,,,,,,0.0002,,0.0002,,,0.0002,,0.0002,,,,,,,,,,,,,,,,,,,,,,,,,,,,,,,,,,,,,,,,,,,,,,,,176.3,,,,
train_128,Антипенная_присадка_1,из ЦП от 07.12.2023,3.991,,,,,,,,,,,,,,,,,,,,,,,,,,,,,,,,,,,,,,,,,,,,,,,,,,,,,,,,,,,,,,,,,,,,,,,,,,,,,,,,,,,,,,,,,,,,,,
train_128,Базовое_масло_1,0248.24,89.213,,,,,,,,,,40,5,40,0,530,829,1373,2418,4530,,,112,,,14.2,,,,4.51,22.64,,,,,,0.0002,,0.0009,,,0.0001,,0.0001,,,,,,,,,,0,0,0,,,,,,,,,,,,,,,,,,,,,,,,-24,,,,,,,,,,,,,,,,
train_128,Базовое_масло_1,0248.24,96.465,,,,,,,,,,40,5,40,0,530,829,1373,2418,4530,,,112,,,14.2,,,,4.51,22.64,,,,,,0.0002,,0.0009,,,0.0001,,0.0001,,,,,,,,,,0,0,0,,,,,,,,,,,,,,,,,,,,,,,,-24,,,,,,,,,,,,,,,,
train_128,Базовое_масло_14,из ЦП 19.09.23г,84.281,,,,,,,,,,,,,,13,25,50,100,200,,,,,,90,,,,1,2,,,,,,,,,,,,,,,,,,,,,,,,,,,,,,,,,,,,,,,,,,,,,,,,,,,,,,,,,,,,,,,,,
train_128,Базовое_масло_3,03003.23,11.036,,,,,,,,,,40,5,40,0,403,625,1001,1694,3075,,,125,,,13.7,,,,4.47,21,,,,,,0.0002,,0.0001,,,0.0001,,0.0001,,,,,,,,,,0,0,0,,,,,,,,,,,,,,,,,,,,,,,,-25,,,,,,,,,,,,,,,,
train_128,Базовое_масло_5,03602.23,8.08,,,,,,,,,,,,,,2467,4307,9021,17000,,,,115,,,,,,,8.57,60.05,,,,,,,,,,,,,,,,,,,,,,,0,0,0,,,,,,,,,,,,,,,,,,,,,,,,-18,,,,,,,,,,,,,,,,
train_128,Депрессорная_присадка_1,017.24,26.931,,,,,,,,,,,,,,,,,,,,,,,,,,,,362.35,,,,,,,,,,,,,,,,,,,,,,,,,,,,,,,,,,,,,,,,,,,,,,,,,,,,,,,,,,,,,,,,,,
train_128,Детергент_1,03203.23,23.639,,,,,,,,,,,,,,,,,,,,,,,,,,,,88.91,,,,,,,16.24,,,,,,,,,,,,,,,,,,,,,,,,,,,,,,,,,,,,,,,,,,,,,,,,,,,,,,,404,,,,
train_128,Детергент_3,01714.24,41.872,,,,,,,,,,,,,,,,,,,,,,,,,,,,,,,,,,,,,,,,,,,,,,,,,,,,,,,,,,,,,,,,,,,,,,,,,,,,,,,,,,,,,,,,,,167.3,,,,
train_128,Детергент_5,02138.23,93.926,,,,,,,,,,,,,,,,,,,,,,,,,,,,,,,,,,,,,,,,,,,,,,,,,,,,,,,,,,,,,,,,,,,,,,,,,,,,,,,,,,,,,,,,,,,,,,
train_128,Дисперсант_2,01025.23,74.243,,,,,,,,,,,,,,,,,,,,,,,,,,,,417.9,,,,,,,0.0009,,0.0027,,,0.0007,,0.0002,,,,,,,,,,,,,,,,,,,,,,,,,,,,,,,,,,,,,,,,,,,,,,,,17.5,,,,
train_128,Дисперсант_3,01030.23,50.431,,,,,,,,,,,,,,,,,,,,,,,,,,,,186.1,,,,,,,0.002,,0.048,,,0.002,,0.0001,,,,,,,,,,,,,,,,,,,,,,,,,,,,,,,,,,,,,,,,,,,,,,,,21,,,,
train_128,Загуститель_1,03377.23 10% в HVI-4,38.465,,,,,,,,,,,,,,,,,,,,,,,,,,,,495.6,,,,,,,,,,,,,,,,,,,,,,,,,,,,,,,,,,,,,,,,,,,,,,,,,,,,,,,,,,,,,,,,,,
train_128,Противоизносная_присадка_2,01026.23,12.766,,,,,,,,,,,,,,,,,,,,,,,,,,,,14.75,,,,,,,0.024,,16.58,,,8.13,,9.39,,,,,,,,,,,,,,,,,,,,,,,,,,,,,,,,,,,,,,,,,,,,,,,,,,,,
train_129,Антиоксидант_1,01028.23,74.119,,,,,,,,,,,,,,,,,,,,,,,,,,,,6.8,,,,,,,,,,,,,,,,,,,,,,,,,,,,,,,,,,,,,,,,,,,,,,,,,,,,,,,,,,,,,,0,0,,,
train_129,Антиоксидант_3,01198.23,0.295,,,,,,,,,,,,,,,,,,,,,,,,,,,,11.04,,,,,,,0.0002,,0.0002,,,0.0002,,0.0002,,,,,,,,,,,,,,,,,,,,,,,,,,,,,,,,,,,,,,,,,,,,,,,,176.3,,,,
train_129,Антипенная_присадка_1,из ЦП от 07.12.2023,3.991,,,,,,,,,,,,,,,,,,,,,,,,,,,,,,,,,,,,,,,,,,,,,,,,,,,,,,,,,,,,,,,,,,,,,,,,,,,,,,,,,,,,,,,,,,,,,,
train_129,Базовое_масло_1,0248.24,89.213,,,,,,,,,,40,5,40,0,530,829,1373,2418,4530,,,112,,,14.2,,,,4.51,22.64,,,,,,0.0002,,0.0009,,,0.0001,,0.0001,,,,,,,,,,0,0,0,,,,,,,,,,,,,,,,,,,,,,,,-24,,,,,,,,,,,,,,,,
train_129,Базовое_масло_1,0248.24,92.585,,,,,,,,,,40,5,40,0,530,829,1373,2418,4530,,,112,,,14.2,,,,4.51,22.64,,,,,,0.0002,,0.0009,,,0.0001,,0.0001,,,,,,,,,,0,0,0,,,,,,,,,,,,,,,,,,,,,,,,-24,,,,,,,,,,,,,,,,
train_129,Базовое_масло_14,из ЦП 19.09.23г,84.281,,,,,,,,,,,,,,13,25,50,100,200,,,,,,90,,,,1,2,,,,,,,,,,,,,,,,,,,,,,,,,,,,,,,,,,,,,,,,,,,,,,,,,,,,,,,,,,,,,,,,,
train_129,Базовое_масло_3,03003.23,11.036,,,,,,,,,,40,5,40,0,403,625,1001,1694,3075,,,125,,,13.7,,,,4.47,21,,,,,,0.0002,,0.0001,,,0.0001,,0.0001,,,,,,,,,,0,0,0,,,,,,,,,,,,,,,,,,,,,,,,-25,,,,,,,,,,,,,,,,
train_129,Базовое_масло_5,03602.23,8.08,,,,,,,,,,,,,,2467,4307,9021,17000,,,,115,,,,,,,8.57,60.05,,,,,,,,,,,,,,,,,,,,,,,0,0,0,,,,,,,,,,,,,,,,,,,,,,,,-18,,,,,,,,,,,,,,,,
train_129,Депрессорная_присадка_1,017.24,26.931,,,,,,,,,,,,,,,,,,,,,,,,,,,,362.35,,,,,,,,,,,,,,,,,,,,,,,,,,,,,,,,,,,,,,,,,,,,,,,,,,,,,,,,,,,,,,,,,,
train_129,Детергент_1,03203.23,23.639,,,,,,,,,,,,,,,,,,,,,,,,,,,,88.91,,,,,,,16.24,,,,,,,,,,,,,,,,,,,,,,,,,,,,,,,,,,,,,,,,,,,,,,,,,,,,,,,404,,,,
train_129,Детергент_3,01714.24,41.872,,,,,,,,,,,,,,,,,,,,,,,,,,,,,,,,,,,,,,,,,,,,,,,,,,,,,,,,,,,,,,,,,,,,,,,,,,,,,,,,,,,,,,,,,,167.3,,,,
train_129,Детергент_5,02138.23,93.926,,,,,,,,,,,,,,,,,,,,,,,,,,,,,,,,,,,,,,,,,,,,,,,,,,,,,,,,,,,,,,,,,,,,,,,,,,,,,,,,,,,,,,,,,,,,,,
train_129,Дисперсант_2,01025.23,74.243,,,,,,,,,,,,,,,,,,,,,,,,,,,,417.9,,,,,,,0.0009,,0.0027,,,0.0007,,0.0002,,,,,,,,,,,,,,,,,,,,,,,,,,,,,,,,,,,,,,,,,,,,,,,,17.5,,,,
train_129,Дисперсант_3,01030.23,50.431,,,,,,,,,,,,,,,,,,,,,,,,,,,,186.1,,,,,,,0.002,,0.048,,,0.002,,0.0001,,,,,,,,,,,,,,,,,,,,,,,,,,,,,,,,,,,,,,,,,,,,,,,,21,,,,
train_129,Загуститель_1,03377.23 10% в HVI-4,38.465,,,,,,,,,,,,,,,,,,,,,,,,,,,,495.6,,,,,,,,,,,,,,,,,,,,,,,,,,,,,,,,,,,,,,,,,,,,,,,,,,,,,,,,,,,,,,,,,,
train_129,Противоизносная_присадка_2,01026.23,12.766,,,,,,,,,,,,,,,,,,,,,,,,,,,,14.75,,,,,,,0.024,,16.58,,,8.13,,9.39,,,,,,,,,,,,,,,,,,,,,,,,,,,,,,,,,,,,,,,,,,,,,,,,,,,,
train_129,Соединение_молибдена_1,COMP-2023-0003-M,25.872,,,,,,,,,,,,,,,,,,,,,,,,,,,,,,,,,,,,,,,,,,,,,,,,,,,,,,,,,,,,,,,,,,,,,,,,,,,,,,,,,,,,,,,,,,,,,,
train_130,Антиоксидант_1,01028.23,67.309,,,,,,,,,,,,,,,,,,,,,,,,,,,,6.8,,,,,,,,,,,,,,,,,,,,,,,,,,,,,,,,,,,,,,,,,,,,,,,,,,,,,,,,,,,,,,0,0,,,
train_130,Антиоксидант_10,4793.19,67.309,,,,,,,,,,,,,,,,,,,,,,,,,,,,21.67,,,,,,,0.253,,,8.64,,0.432,,0.0278,,,,,,,,,,,,,,,,,,,,,,,,,,,,,,,,,,,,,,,,,,,,,,,,8.53,5.26,,,
train_130,Антиоксидант_3,с ЦП 28.02.2024г,30.536,,,,,,,,,,,,,,,,,,,,,,,,,,,,,,,,,,,,,,,,,,,,,,,,,,,,,,,,,,,,,,,,,,,,,,,,,,,,,,,,,,,,,,,,,,,,,,
train_130,Антипенная_присадка_1,12 от 13.05.2024,3.991,,,,,,,,,,,,,,,,,,,,,,,,,,,,,,,,,,,,,,,,,,,,,,,,,,,,,,,,,,,,,,,,,,,,,,,,,,,,,,,,,,,,,,,,,,,,,,
train_130,Базовое_масло_1,01509.24,89.213,,,,,,,,,,,,,,517,863,1407,2461,4719,,,110,,,,,,,4.5,22.76,,,,,,,,,,,,,,,,,,,,,843.6,840.2,,,,,,,,,,,,,,,,,,,,,,,,,,,-28,,,,,,,,,,,,,,,,
train_130,Базовое_масло_1,01509.24,69.294,,,,,,,,,,,,,,517,863,1407,2461,4719,,,110,,,,,,,4.5,22.76,,,,,,,,,,,,,,,,,,,,,843.6,840.2,,,,,,,,,,,,,,,,,,,,,,,,,,,-28,,,,,,,,,,,,,,,,
train_130,Базовое_масло_14,01500.24,84.281,,,,,,,,,,,,,,,,,,,,,,,,,,,,,,,,,,,,,,,,,,,,,,,,,,,,,,,,,,,,,,,,,,,,,,,,,,,,,,,,,,,,,,,,,,,,,,
train_130,Базовое_масло_3,01508.24,11.036,,,,,,,,,,,,,,386,642,1046,1765,3204,,,126,,,,,,,4.49,21.2,,,,,,,,,,,,,,,,,,,,,,,,,,,,,,,,,,,,,,,,,,,,,,,,,-20,,,,,,,,,,,,,,,,
train_130,Базовое_масло_5,0767.24,8.08,,,,,,,,,,,,,,2344,4083,7514,14665,,,,116,,,3.1,,,,8.35,57.8,,,,,,0.00021,,0.00038,,,0.00002,,0.00002,,,,,,,,,,0,0,0,,,,,,,,,,,,,,,,,,,,,,,,-22,,,,,,,,,,,,,,,,
train_130,Депрессорная_присадка_1,0800.24,26.931,,,,,,,,,,,,,,,,,,,,,,,,,,,,305.4,,,,,,,,,,,,,,,,,,,,,,,,,,,,,,,,,,,,,,,,,,,,,,,,,,,,,,,,,,,,,,,,,,
train_130,Детергент_1,из ЦП 21.03,42.666,,,,,,,,,,,,,,,,,,,,,,,,,,,,,,,,,,,,,,,,,,,,,,,,,,,,,,,,,,,,,,,,,,,,,,,,,,,,,,,,,,,,,,,,,,,,,,
train_130,Детергент_5,02138.23,93.926,,,,,,,,,,,,,,,,,,,,,,,,,,,,,,,,,,,,,,,,,,,,,,,,,,,,,,,,,,,,,,,,,,,,,,,,,,,,,,,,,,,,,,,,,,,,,,
train_130,Детергент_6,01066.23,63.35,,,,,,,,,,,,,,,,,,,,,,,,,,,,262.6,,,,,,,10.13,,3.154,,,0.0006,,0.0001,,,,,,,,,,,,,,,,,,,,,,,,,,,,,,,,,,,,,,,,,,,,,,,,315.1,,,,
train_130,Дисперсант_2,01025.23,74.243,,,,,,,,,,,,,,,,,,,,,,,,,,,,417.9,,,,,,,0.0009,,0.0027,,,0.0007,,0.0002,,,,,,,,,,,,,,,,,,,,,,,,,,,,,,,,,,,,,,,,,,,,,,,,17.5,,,,
train_130,Дисперсант_3,01030.23,50.431,,,,,,,,,,,,,,,,,,,,,,,,,,,,186.1,,,,,,,0.002,,0.048,,,0.002,,0.0001,,,,,,,,,,,,,,,,,,,,,,,,,,,,,,,,,,,,,,,,,,,,,,,,21,,,,
train_130,Загуститель_1,01076.24 10% в HVI-4,38.465,,,,,,,,,,,,,,,,,,,,,,,,,,,,445.5,,,,,,,,,,,,,,,,,,,,,,844.7,841.7,,,,,,,,,,,,,,,,,,,,,,,,,,,,,,,,,,,,,,,,,,,
train_130,Противоизносная_присадка_2,01026.23,12.766,,,,,,,,,,,,,,,,,,,,,,,,,,,,14.75,,,,,,,0.024,,16.58,,,8.13,,9.39,,,,,,,,,,,,,,,,,,,,,,,,,,,,,,,,,,,,,,,,,,,,,,,,,,,,
train_131,Антиоксидант_1,01028.23,17.074,,,,,,,,,,,,,,,,,,,,,,,,,,,,6.8,,,,,,,,,,,,,,,,,,,,,,,,,,,,,,,,,,,,,,,,,,,,,,,,,,,,,,,,,,,,,,0,0,,,
train_131,Антиоксидант_3,01029/23,14.828,,,,,,,,,,,,,,,,,,,,,,,,,,,,10.51,,,,,,,,,,,,,,,,,,,,,,,,,,,,,,,,,,,,,,,,,,,,,,,,,,,,,,,,,,,,,,177.1,,,,
train_131,Антипенная_присадка_1,из ЦП 19.09.23,3.991,,,,,,,,,,,,,,,,,,,,,,,,,,,,,,,,,,,,,,,,,,,,,,,,,,,,,,,,,,,,,,,,,,,,,,,,,,,,,,,,,,,,,,,,,,,,,,
train_131,Базовое_масло_1,03004.23,89.598,,,,,,,,,,40,5,40,0,518,800,1321,2309,,,,112,,,14,,,,4.46,22.26,,,,,,0.0003,,0.0002,,,0.0001,,0.0001,,,,,,,,,,0,0,50,,,,,,,,,,,,,,,,,,,,,,,,-24,,,,,,,,,,,,,,,,
train_131,Базовое_масло_14,из ЦП 19.09.23г,84.281,,,,,,,,,,,,,,13,25,50,100,200,,,,,,90,,,,1,2,,,,,,,,,,,,,,,,,,,,,,,,,,,,,,,,,,,,,,,,,,,,,,,,,,,,,,,,,,,,,,,,,
train_131,Базовое_масло_2,02360.23,26.64,,,,,,,,,,40,5,40,0,1169,2205,4520,9777,,,,98,,,14,,,,5.36,32.22,,,,,,0.000021,,0.032,,,0.00003,,0.00004,,,,,,,,,,0,0,0,,,,,,,,,,,,,,,,,,,,,,,,-16,,,,,,,,,,,,,,,,
train_131,Базовое_масло_2,02360.23,21.4,,,,,,,,,,40,5,40,0,1169,2205,4520,9777,,,,98,,,14,,,,5.36,32.22,,,,,,0.000021,,0.032,,,0.00003,,0.00004,,,,,,,,,,0,0,0,,,,,,,,,,,,,,,,,,,,,,,,-16,,,,,,,,,,,,,,,,
train_131,Базовое_масло_3,02868.23 200л,11.036,,,,,,,,,,,,,,,,938,1586,2875,,,127,,,,,,,4.47,20.96,,,,,,,,,,,,,,,,,,,,,,,,,,,,,,,,,,,,,,,,,,,,,,,,,-21,,,,,,,,,,,,,,,,
train_131,Базовое_масло_5,02724.23,70.369,,,,,,,,,,39,5,41,0,2192,3849,7087,14001,,,,117,,,2.8,,,,8.3,56.73,,,,,,0.0002,,0.0007,,,0.00003,,0.0001,,,,,,,,,,0,0,0,,,,,,,,,,,,,,,,,,,,,,,,-19,,,,,,,,,,,,,,,,
train_131,Депрессорная_присадка_1,200л,26.931,,,,,,,,,,,,,,,,,,,,,,,,,,,,,,,,,,,,,,,,,,,,,,,,,,,,,,,,,,,,,,,,,,,,,,,,,,,,,,,,,,,,,,,,,,,,,,
train_131,Детергент_1,из 328 р-р 01295.23,38.465,,,,,,,,,,,,,,,,,,,,,,,,,,,,125,,,,,,,16.29,,,,,0.0006,,0.0007,,,,,,,,,,,,,,,,,,,,,,,,,,,,,,,,,,,,,,,,,,,,,,,,407,,,,
train_131,Детергент_2,01297.23,80.12,,,,,,,,,,,,,,,,,,,,,,,,,,,,14.47,,,,,,,6.48,,,,,0.0004,,0.0002,,,,,,,,,,,,,,,,,,,,,,,,,,,,,,,,,,,,,,,,,,,,,,,,171,,,,
train_131,Дисперсант_1,03067.22,33.644,,,,,,,,,,,,,,,,,,,,,,,,,,,,248.7,,,,,,,0.002,,,,,0.002,,0.003,,,,,,,,,,,,,,,,,,,,,,,,,,,,,,,,,,,,,,,,,,,,,,,,40.9,,,,
train_131,Загуститель_1,0488.23,93.926,,,,,,,,,,,,,,,,,,,,,,,,,,,,473.7,,,,,,,,,,,,,,,,,,,,,,,,,,,,,,,,,,,,,,,,,,,,,,,,,,,,,,,,,,,,,,,,,,
train_131,Противоизносная_присадка_1,01296.23,26.586,,,,,,,,,,,,,,,,,,,,,,,,,,,,9.16,,,,,,,0.02,,,,,8.4,,9.1,,,,,,,,,,,,,,,,,,,,,,,,,,,,,,,,,,,,,,,,,,,,,,,,,,,,
train_132,Антиоксидант_1,01028.23,0.422,,,,,,,,,,,,,,,,,,,,,,,,,,,,6.8,,,,,,,,,,,,,,,,,,,,,,,,,,,,,,,,,,,,,,,,,,,,,,,,,,,,,,,,,,,,,,0,0,,,
train_132,Антиоксидант_2,01623.24,23.42,,,,,,,,,,,,,,,,,,,,,,,,,,,,14.54,,,,,,,,,,,,,,,,,,,,,,,,,,,,,,,,,,,,,,,,,,,,,,,,,,,,,,,,,,,,,,138.8,,,,
train_132,Антипенная_присадка_1,12 от 13.05.2024,3.991,,,,,,,,,,,,,,,,,,,,,,,,,,,,,,,,,,,,,,,,,,,,,,,,,,,,,,,,,,,,,,,,,,,,,,,,,,,,,,,,,,,,,,,,,,,,,,
train_132,Базовое_масло_1,0766.24,65.877,,,,,,,,,,,,,,535,842,1398,2472,,,,113,,,13.3,,,,4.56,22.94,,,,,,0.0002,,0.00007,,,0.00002,,0.00004,,,,,,,,,,0,0,0,,,,,,,,,,,,,,,,,,,,,,,,-26,,,,,,,,,,,,,,,,
train_132,Базовое_масло_1,0766.24,80.393,,,,,,,,,,,,,,535,842,1398,2472,,,,113,,,13.3,,,,4.56,22.94,,,,,,0.0002,,0.00007,,,0.00002,,0.00004,,,,,,,,,,0,0,0,,,,,,,,,,,,,,,,,,,,,,,,-26,,,,,,,,,,,,,,,,
train_132,Базовое_масло_14,Р-10 от 13.05.2024,84.281,,,,,,,,,,,,,,,4,2,4,,,,,,,,,,,1.02,5.01,,,,,,,,,,,,,,,,,,,,,801.4,798,,,,,,,,,,,,,,,,,,,,,,,,,,,,,,,,,,,,,,,,,,,
train_132,Базовое_масло_3,01278.24,46.734,,,,,,,,,,,,,,,,,1708,,,,,,,,,,,4.5,,,,,,,,,,,,,,,,,,,,,,,,,,,,,,,,,,,,,,,,,,,,,,,,,,,,,,,,,,,,,,,,,,
train_132,Базовое_масло_9,0768.24,59.943,,,,,,,,,2.5,,,,,1325,2226,3936,7364,,,,117,,,,,,,6.55,40.37,,,,,,0.00068,,0.00106,,,0.00015,,0.00018,,,,,,,,801.3,797.7,0,0,0,,,,,,,,,,,,,,,,,,,,,,,,-25,,50,,,,,,,,,,,,,,
train_132,Депрессорная_присадка_1,0800.24,17.074,,,,,,,,,,,,,,,,,,,,,,,,,,,,305.4,,,,,,,,,,,,,,,,,,,,,,,,,,,,,,,,,,,,,,,,,,,,,,,,,,,,,,,,,,,,,,,,,,
train_132,Детергент_10,0688.25,41.872,,,,,,,,,,,,,,,,,,,,,,,,,,,,29.07,,,,,,,6.301,,0.519,,,,,,,,,,31591,,,,,,,,,,,,,,,,,,,,,,,,,,,,,,,,,,,,,,,,,,,158.2,163.6,,,
train_132,Детергент_5,02138.23,67.309,,,,,,,,,,,,,,,,,,,,,,,,,,,,,,,,,,,,,,,,,,,,,,,,,,,,,,,,,,,,,,,,,,,,,,,,,,,,,,,,,,,,,,,,,,,,,,
train_132,Детергент_8,01,30.536,,,,,,,,,,,,,,,,,,,,,,,,,,,,,,,,,,,,,,,,,,,,,,,,,,,,,,,,,,,,,,,,,,,,,,,,,,,,,,,,,,,,,,,,,,,,,,
train_132,Дисперсант_2,01025.23,65.686,,,,,,,,,,,,,,,,,,,,,,,,,,,,417.9,,,,,,,0.0009,,0.0027,,,0.0007,,0.0002,,,,,,,,,,,,,,,,,,,,,,,,,,,,,,,,,,,,,,,,,,,,,,,,17.5,,,,
train_132,Дисперсант_3,01030.23,31.092,,,,,,,,,,,,,,,,,,,,,,,,,,,,186.1,,,,,,,0.002,,0.048,,,0.002,,0.0001,,,,,,,,,,,,,,,,,,,,,,,,,,,,,,,,,,,,,,,,,,,,,,,,21,,,,
train_132,Загуститель_1,01076.24 10% в HVI-4,21.552,,,,,,,,,,,,,,,,,,,,,,,,,,,,445.5,,,,,,,,,,,,,,,,,,,,,,844.7,841.7,,,,,,,,,,,,,,,,,,,,,,,,,,,,,,,,,,,,,,,,,,,
train_132,Противоизносная_присадка_1,0812.24,66.35,,,,,,,,,,,,,,,,,,,,,,,,,,,,,,,,,,,,,,,,,,,,,,,,,,,,,,,,,,,,,,,,,,,,,,,,,,,,,,,,,,,,,,,,,,,,,,
train_132,Противоизносная_присадка_2,01026.23,25.852,,,,,,,,,,,,,,,,,,,,,,,,,,,,14.75,,,,,,,0.024,,16.58,,,8.13,,9.39,,,,,,,,,,,,,,,,,,,,,,,,,,,,,,,,,,,,,,,,,,,,,,,,,,,,
train_132,Соединение_молибдена_1,COMP-2023-0003-M,49.88,,,,,,,,,,,,,,,,,,,,,,,,,,,,,,,,,,,,,,,,,,,,,,,,,,,,,,,,,,,,,,,,,,,,,,,,,,,,,,,,,,,,,,,,,,,,,,
train_133,Антиоксидант_1,01028.23,31.092,,,,,,,,,,,,,,,,,,,,,,,,,,,,6.8,,,,,,,,,,,,,,,,,,,,,,,,,,,,,,,,,,,,,,,,,,,,,,,,,,,,,,,,,,,,,,0,0,,,
train_133,Антиоксидант_3,с ЦП 28.02.2024г,47.451,,,,,,,,,,,,,,,,,,,,,,,,,,,,,,,,,,,,,,,,,,,,,,,,,,,,,,,,,,,,,,,,,,,,,,,,,,,,,,,,,,,,,,,,,,,,,,
train_133,Антипенная_присадка_1,12 от 13.05.2024,3.991,,,,,,,,,,,,,,,,,,,,,,,,,,,,,,,,,,,,,,,,,,,,,,,,,,,,,,,,,,,,,,,,,,,,,,,,,,,,,,,,,,,,,,,,,,,,,,
train_133,Базовое_масло_1,0766.24,65.877,,,,,,,,,,,,,,535,842,1398,2472,,,,113,,,13.3,,,,4.56,22.94,,,,,,0.0002,,0.00007,,,0.00002,,0.00004,,,,,,,,,,0,0,0,,,,,,,,,,,,,,,,,,,,,,,,-26,,,,,,,,,,,,,,,,
train_133,Базовое_масло_1,0766.24,74.695,,,,,,,,,,,,,,535,842,1398,2472,,,,113,,,13.3,,,,4.56,22.94,,,,,,0.0002,,0.00007,,,0.00002,,0.00004,,,,,,,,,,0,0,0,,,,,,,,,,,,,,,,,,,,,,,,-26,,,,,,,,,,,,,,,,
train_133,Базовое_масло_14,Р-10 от 13.05.2024,84.281,,,,,,,,,,,,,,,4,2,4,,,,,,,,,,,1.02,5.01,,,,,,,,,,,,,,,,,,,,,801.4,798,,,,,,,,,,,,,,,,,,,,,,,,,,,,,,,,,,,,,,,,,,,
train_133,Базовое_масло_3,01278.24,46.734,,,,,,,,,,,,,,,,,1708,,,,,,,,,,,4.5,,,,,,,,,,,,,,,,,,,,,,,,,,,,,,,,,,,,,,,,,,,,,,,,,,,,,,,,,,,,,,,,,,
train_133,Базовое_масло_9,0768.24,59.943,,,,,,,,,2.5,,,,,1325,2226,3936,7364,,,,117,,,,,,,6.55,40.37,,,,,,0.00068,,0.00106,,,0.00015,,0.00018,,,,,,,,801.3,797.7,0,0,0,,,,,,,,,,,,,,,,,,,,,,,,-25,,50,,,,,,,,,,,,,,
train_133,Депрессорная_присадка_1,0800.24,17.074,,,,,,,,,,,,,,,,,,,,,,,,,,,,305.4,,,,,,,,,,,,,,,,,,,,,,,,,,,,,,,,,,,,,,,,,,,,,,,,,,,,,,,,,,,,,,,,,,
train_133,Детергент_3,01714.24,0.295,,,,,,,,,,,,,,,,,,,,,,,,,,,,,,,,,,,,,,,,,,,,,,,,,,,,,,,,,,,,,,,,,,,,,,,,,,,,,,,,,,,,,,,,,,167.3,,,,
train_133,Детергент_5,02138.23,0.422,,,,,,,,,,,,,,,,,,,,,,,,,,,,,,,,,,,,,,,,,,,,,,,,,,,,,,,,,,,,,,,,,,,,,,,,,,,,,,,,,,,,,,,,,,,,,,
train_133,Детергент_8,01,0.295,,,,,,,,,,,,,,,,,,,,,,,,,,,,,,,,,,,,,,,,,,,,,,,,,,,,,,,,,,,,,,,,,,,,,,,,,,,,,,,,,,,,,,,,,,,,,,
train_133,Дисперсант_2,01025.23,23.618,,,,,,,,,,,,,,,,,,,,,,,,,,,,417.9,,,,,,,0.0009,,0.0027,,,0.0007,,0.0002,,,,,,,,,,,,,,,,,,,,,,,,,,,,,,,,,,,,,,,,,,,,,,,,17.5,,,,
train_133,Дисперсант_3,01030.23,31.092,,,,,,,,,,,,,,,,,,,,,,,,,,,,186.1,,,,,,,0.002,,0.048,,,0.002,,0.0001,,,,,,,,,,,,,,,,,,,,,,,,,,,,,,,,,,,,,,,,,,,,,,,,21,,,,
train_133,Загуститель_1,01076.24 10% в HVI-4,21.552,,,,,,,,,,,,,,,,,,,,,,,,,,,,445.5,,,,,,,,,,,,,,,,,,,,,,844.7,841.7,,,,,,,,,,,,,,,,,,,,,,,,,,,,,,,,,,,,,,,,,,,
train_133,Противоизносная_присадка_1,0812.24,81.319,,,,,,,,,,,,,,,,,,,,,,,,,,,,,,,,,,,,,,,,,,,,,,,,,,,,,,,,,,,,,,,,,,,,,,,,,,,,,,,,,,,,,,,,,,,,,,
train_133,Соединение_молибдена_1,COMP-2023-0003-M,53.15,,,,,,,,,,,,,,,,,,,,,,,,,,,,,,,,,,,,,,,,,,,,,,,,,,,,,,,,,,,,,,,,,,,,,,,,,,,,,,,,,,,,,,,,,,,,,,
train_134,Антиоксидант_1,01028.23,47.451,,,,,,,,,,,,,,,,,,,,,,,,,,,,6.8,,,,,,,,,,,,,,,,,,,,,,,,,,,,,,,,,,,,,,,,,,,,,,,,,,,,,,,,,,,,,,0,0,,,
train_134,Антиоксидант_2,01623.24,23.42,,,,,,,,,,,,,,,,,,,,,,,,,,,,14.54,,,,,,,,,,,,,,,,,,,,,,,,,,,,,,,,,,,,,,,,,,,,,,,,,,,,,,,,,,,,,,138.8,,,,
train_134,Антиоксидант_3,с ЦП 28.02.2024г,66.35,,,,,,,,,,,,,,,,,,,,,,,,,,,,,,,,,,,,,,,,,,,,,,,,,,,,,,,,,,,,,,,,,,,,,,,,,,,,,,,,,,,,,,,,,,,,,,
train_134,Антипенная_присадка_1,12 от 13.05.2024,3.991,,,,,,,,,,,,,,,,,,,,,,,,,,,,,,,,,,,,,,,,,,,,,,,,,,,,,,,,,,,,,,,,,,,,,,,,,,,,,,,,,,,,,,,,,,,,,,
train_134,Базовое_масло_1,0766.24,55.822,,,,,,,,,,,,,,535,842,1398,2472,,,,113,,,13.3,,,,4.56,22.94,,,,,,0.0002,,0.00007,,,0.00002,,0.00004,,,,,,,,,,0,0,0,,,,,,,,,,,,,,,,,,,,,,,,-26,,,,,,,,,,,,,,,,
train_134,Базовое_масло_1,0766.24,37.437,,,,,,,,,,,,,,535,842,1398,2472,,,,113,,,13.3,,,,4.56,22.94,,,,,,0.0002,,0.00007,,,0.00002,,0.00004,,,,,,,,,,0,0,0,,,,,,,,,,,,,,,,,,,,,,,,-26,,,,,,,,,,,,,,,,
train_134,Базовое_масло_14,Р-10 от 13.05.2024,84.281,,,,,,,,,,,,,,,4,2,4,,,,,,,,,,,1.02,5.01,,,,,,,,,,,,,,,,,,,,,801.4,798,,,,,,,,,,,,,,,,,,,,,,,,,,,,,,,,,,,,,,,,,,,
train_134,Базовое_масло_3,01278.24,46.734,,,,,,,,,,,,,,,,,1708,,,,,,,,,,,4.5,,,,,,,,,,,,,,,,,,,,,,,,,,,,,,,,,,,,,,,,,,,,,,,,,,,,,,,,,,,,,,,,,,
train_134,Базовое_масло_9,0768.24,59.943,,,,,,,,,2.5,,,,,1325,2226,3936,7364,,,,117,,,,,,,6.55,40.37,,,,,,0.00068,,0.00106,,,0.00015,,0.00018,,,,,,,,801.3,797.7,0,0,0,,,,,,,,,,,,,,,,,,,,,,,,-25,,50,,,,,,,,,,,,,,
train_134,Депрессорная_присадка_1,0800.24,17.074,,,,,,,,,,,,,,,,,,,,,,,,,,,,305.4,,,,,,,,,,,,,,,,,,,,,,,,,,,,,,,,,,,,,,,,,,,,,,,,,,,,,,,,,,,,,,,,,,
train_134,Детергент_3,01714.24,41.872,,,,,,,,,,,,,,,,,,,,,,,,,,,,,,,,,,,,,,,,,,,,,,,,,,,,,,,,,,,,,,,,,,,,,,,,,,,,,,,,,,,,,,,,,,167.3,,,,
train_134,Детергент_5,02138.23,67.309,,,,,,,,,,,,,,,,,,,,,,,,,,,,,,,,,,,,,,,,,,,,,,,,,,,,,,,,,,,,,,,,,,,,,,,,,,,,,,,,,,,,,,,,,,,,,,
train_134,Детергент_8,01,30.536,,,,,,,,,,,,,,,,,,,,,,,,,,,,,,,,,,,,,,,,,,,,,,,,,,,,,,,,,,,,,,,,,,,,,,,,,,,,,,,,,,,,,,,,,,,,,,
train_134,Дисперсант_2,01025.23,65.686,,,,,,,,,,,,,,,,,,,,,,,,,,,,417.9,,,,,,,0.0009,,0.0027,,,0.0007,,0.0002,,,,,,,,,,,,,,,,,,,,,,,,,,,,,,,,,,,,,,,,,,,,,,,,17.5,,,,
train_134,Дисперсант_3,01030.23,31.092,,,,,,,,,,,,,,,,,,,,,,,,,,,,186.1,,,,,,,0.002,,0.048,,,0.002,,0.0001,,,,,,,,,,,,,,,,,,,,,,,,,,,,,,,,,,,,,,,,,,,,,,,,21,,,,
train_134,Загуститель_1,01076.24 10% в HVI-4,21.552,,,,,,,,,,,,,,,,,,,,,,,,,,,,445.5,,,,,,,,,,,,,,,,,,,,,,844.7,841.7,,,,,,,,,,,,,,,,,,,,,,,,,,,,,,,,,,,,,,,,,,,
train_134,Противоизносная_присадка_1,0812.24,66.35,,,,,,,,,,,,,,,,,,,,,,,,,,,,,,,,,,,,,,,,,,,,,,,,,,,,,,,,,,,,,,,,,,,,,,,,,,,,,,,,,,,,,,,,,,,,,,
train_134,Противоизносная_присадка_1,0812.24,25.852,,,,,,,,,,,,,,,,,,,,,,,,,,,,,,,,,,,,,,,,,,,,,,,,,,,,,,,,,,,,,,,,,,,,,,,,,,,,,,,,,,,,,,,,,,,,,,
train_134,Противоизносная_присадка_2,01026.23,66.35,,,,,,,,,,,,,,,,,,,,,,,,,,,,14.75,,,,,,,0.024,,16.58,,,8.13,,9.39,,,,,,,,,,,,,,,,,,,,,,,,,,,,,,,,,,,,,,,,,,,,,,,,,,,,
train_134,Соединение_молибдена_1,COMP-2023-0003-M,49.88,,,,,,,,,,,,,,,,,,,,,,,,,,,,,,,,,,,,,,,,,,,,,,,,,,,,,,,,,,,,,,,,,,,,,,,,,,,,,,,,,,,,,,,,,,,,,,
train_135,Антиоксидант_1,01028.23,0.295,,,,,,,,,,,,,,,,,,,,,,,,,,,,6.8,,,,,,,,,,,,,,,,,,,,,,,,,,,,,,,,,,,,,,,,,,,,,,,,,,,,,,,,,,,,,,0,0,,,
train_135,Антиоксидант_2,01623.24,23.42,,,,,,,,,,,,,,,,,,,,,,,,,,,,14.54,,,,,,,,,,,,,,,,,,,,,,,,,,,,,,,,,,,,,,,,,,,,,,,,,,,,,,,,,,,,,,138.8,,,,
train_135,Антиоксидант_3,с ЦП 28.02.2024г,66.35,,,,,,,,,,,,,,,,,,,,,,,,,,,,,,,,,,,,,,,,,,,,,,,,,,,,,,,,,,,,,,,,,,,,,,,,,,,,,,,,,,,,,,,,,,,,,,
train_135,Антипенная_присадка_1,12 от 13.05.2024,3.991,,,,,,,,,,,,,,,,,,,,,,,,,,,,,,,,,,,,,,,,,,,,,,,,,,,,,,,,,,,,,,,,,,,,,,,,,,,,,,,,,,,,,,,,,,,,,,
train_135,Базовое_масло_1,0766.24,65.877,,,,,,,,,,,,,,535,842,1398,2472,,,,113,,,13.3,,,,4.56,22.94,,,,,,0.0002,,0.00007,,,0.00002,,0.00004,,,,,,,,,,0,0,0,,,,,,,,,,,,,,,,,,,,,,,,-26,,,,,,,,,,,,,,,,
train_135,Базовое_масло_1,0766.24,60.355,,,,,,,,,,,,,,535,842,1398,2472,,,,113,,,13.3,,,,4.56,22.94,,,,,,0.0002,,0.00007,,,0.00002,,0.00004,,,,,,,,,,0,0,0,,,,,,,,,,,,,,,,,,,,,,,,-26,,,,,,,,,,,,,,,,
train_135,Базовое_масло_14,Р-10 от 13.05.2024,84.281,,,,,,,,,,,,,,,4,2,4,,,,,,,,,,,1.02,5.01,,,,,,,,,,,,,,,,,,,,,801.4,798,,,,,,,,,,,,,,,,,,,,,,,,,,,,,,,,,,,,,,,,,,,
train_135,Базовое_масло_3,01278.24,46.734,,,,,,,,,,,,,,,,,1708,,,,,,,,,,,4.5,,,,,,,,,,,,,,,,,,,,,,,,,,,,,,,,,,,,,,,,,,,,,,,,,,,,,,,,,,,,,,,,,,
train_135,Базовое_масло_9,0768.24,59.943,,,,,,,,,2.5,,,,,1325,2226,3936,7364,,,,117,,,,,,,6.55,40.37,,,,,,0.00068,,0.00106,,,0.00015,,0.00018,,,,,,,,801.3,797.7,0,0,0,,,,,,,,,,,,,,,,,,,,,,,,-25,,50,,,,,,,,,,,,,,
train_135,Депрессорная_присадка_1,0800.24,17.074,,,,,,,,,,,,,,,,,,,,,,,,,,,,305.4,,,,,,,,,,,,,,,,,,,,,,,,,,,,,,,,,,,,,,,,,,,,,,,,,,,,,,,,,,,,,,,,,,
train_135,Детергент_3,01714.24,41.872,,,,,,,,,,,,,,,,,,,,,,,,,,,,,,,,,,,,,,,,,,,,,,,,,,,,,,,,,,,,,,,,,,,,,,,,,,,,,,,,,,,,,,,,,,167.3,,,,
train_135,Детергент_5,02138.23,67.309,,,,,,,,,,,,,,,,,,,,,,,,,,,,,,,,,,,,,,,,,,,,,,,,,,,,,,,,,,,,,,,,,,,,,,,,,,,,,,,,,,,,,,,,,,,,,,
train_135,Детергент_8,01,30.536,,,,,,,,,,,,,,,,,,,,,,,,,,,,,,,,,,,,,,,,,,,,,,,,,,,,,,,,,,,,,,,,,,,,,,,,,,,,,,,,,,,,,,,,,,,,,,
train_135,Дисперсант_2,01025.23,65.686,,,,,,,,,,,,,,,,,,,,,,,,,,,,417.9,,,,,,,0.0009,,0.0027,,,0.0007,,0.0002,,,,,,,,,,,,,,,,,,,,,,,,,,,,,,,,,,,,,,,,,,,,,,,,17.5,,,,
train_135,Дисперсант_3,01030.23,31.092,,,,,,,,,,,,,,,,,,,,,,,,,,,,186.1,,,,,,,0.002,,0.048,,,0.002,,0.0001,,,,,,,,,,,,,,,,,,,,,,,,,,,,,,,,,,,,,,,,,,,,,,,,21,,,,
train_135,Загуститель_1,01076.24 10% в HVI-4,21.552,,,,,,,,,,,,,,,,,,,,,,,,,,,,445.5,,,,,,,,,,,,,,,,,,,,,,844.7,841.7,,,,,,,,,,,,,,,,,,,,,,,,,,,,,,,,,,,,,,,,,,,
train_135,Противоизносная_присадка_1,0812.24,66.35,,,,,,,,,,,,,,,,,,,,,,,,,,,,,,,,,,,,,,,,,,,,,,,,,,,,,,,,,,,,,,,,,,,,,,,,,,,,,,,,,,,,,,,,,,,,,,
train_135,Противоизносная_присадка_2,01026.23,25.852,,,,,,,,,,,,,,,,,,,,,,,,,,,,14.75,,,,,,,0.024,,16.58,,,8.13,,9.39,,,,,,,,,,,,,,,,,,,,,,,,,,,,,,,,,,,,,,,,,,,,,,,,,,,,
train_135,Соединение_молибдена_1,COMP-2023-0003-M,49.88,,,,,,,,,,,,,,,,,,,,,,,,,,,,,,,,,,,,,,,,,,,,,,,,,,,,,,,,,,,,,,,,,,,,,,,,,,,,,,,,,,,,,,,,,,,,,,
train_136,Антиоксидант_1,01028.23,0.422,,,,,,,,,,,,,,,,,,,,,,,,,,,,6.8,,,,,,,,,,,,,,,,,,,,,,,,,,,,,,,,,,,,,,,,,,,,,,,,,,,,,,,,,,,,,,0,0,,,
train_136,Антиоксидант_2,01623.24,23.42,,,,,,,,,,,,,,,,,,,,,,,,,,,,14.54,,,,,,,,,,,,,,,,,,,,,,,,,,,,,,,,,,,,,,,,,,,,,,,,,,,,,,,,,,,,,,138.8,,,,
train_136,Антиоксидант_3,с ЦП 28.02.2024г,66.35,,,,,,,,,,,,,,,,,,,,,,,,,,,,,,,,,,,,,,,,,,,,,,,,,,,,,,,,,,,,,,,,,,,,,,,,,,,,,,,,,,,,,,,,,,,,,,
train_136,Антипенная_присадка_1,12 от 13.05.2024,3.991,,,,,,,,,,,,,,,,,,,,,,,,,,,,,,,,,,,,,,,,,,,,,,,,,,,,,,,,,,,,,,,,,,,,,,,,,,,,,,,,,,,,,,,,,,,,,,
train_136,Базовое_масло_1,0766.24,65.877,,,,,,,,,,,,,,535,842,1398,2472,,,,113,,,13.3,,,,4.56,22.94,,,,,,0.0002,,0.00007,,,0.00002,,0.00004,,,,,,,,,,0,0,0,,,,,,,,,,,,,,,,,,,,,,,,-26,,,,,,,,,,,,,,,,
train_136,Базовое_масло_1,0766.24,80.393,,,,,,,,,,,,,,535,842,1398,2472,,,,113,,,13.3,,,,4.56,22.94,,,,,,0.0002,,0.00007,,,0.00002,,0.00004,,,,,,,,,,0,0,0,,,,,,,,,,,,,,,,,,,,,,,,-26,,,,,,,,,,,,,,,,
train_136,Базовое_масло_14,Р-10 от 13.05.2024,84.281,,,,,,,,,,,,,,,4,2,4,,,,,,,,,,,1.02,5.01,,,,,,,,,,,,,,,,,,,,,801.4,798,,,,,,,,,,,,,,,,,,,,,,,,,,,,,,,,,,,,,,,,,,,
train_136,Базовое_масло_3,01278.24,46.734,,,,,,,,,,,,,,,,,1708,,,,,,,,,,,4.5,,,,,,,,,,,,,,,,,,,,,,,,,,,,,,,,,,,,,,,,,,,,,,,,,,,,,,,,,,,,,,,,,,
train_136,Базовое_масло_9,0768.24,59.943,,,,,,,,,2.5,,,,,1325,2226,3936,7364,,,,117,,,,,,,6.55,40.37,,,,,,0.00068,,0.00106,,,0.00015,,0.00018,,,,,,,,801.3,797.7,0,0,0,,,,,,,,,,,,,,,,,,,,,,,,-25,,50,,,,,,,,,,,,,,
train_136,Депрессорная_присадка_1,0800.24,17.074,,,,,,,,,,,,,,,,,,,,,,,,,,,,305.4,,,,,,,,,,,,,,,,,,,,,,,,,,,,,,,,,,,,,,,,,,,,,,,,,,,,,,,,,,,,,,,,,,
train_136,Детергент_3,01714.24,41.872,,,,,,,,,,,,,,,,,,,,,,,,,,,,,,,,,,,,,,,,,,,,,,,,,,,,,,,,,,,,,,,,,,,,,,,,,,,,,,,,,,,,,,,,,,167.3,,,,
train_136,Детергент_5,02138.23,67.309,,,,,,,,,,,,,,,,,,,,,,,,,,,,,,,,,,,,,,,,,,,,,,,,,,,,,,,,,,,,,,,,,,,,,,,,,,,,,,,,,,,,,,,,,,,,,,
train_136,Детергент_8,01,30.536,,,,,,,,,,,,,,,,,,,,,,,,,,,,,,,,,,,,,,,,,,,,,,,,,,,,,,,,,,,,,,,,,,,,,,,,,,,,,,,,,,,,,,,,,,,,,,
train_136,Дисперсант_2,01025.23,65.686,,,,,,,,,,,,,,,,,,,,,,,,,,,,417.9,,,,,,,0.0009,,0.0027,,,0.0007,,0.0002,,,,,,,,,,,,,,,,,,,,,,,,,,,,,,,,,,,,,,,,,,,,,,,,17.5,,,,
train_136,Дисперсант_3,01030.23,31.092,,,,,,,,,,,,,,,,,,,,,,,,,,,,186.1,,,,,,,0.002,,0.048,,,0.002,,0.0001,,,,,,,,,,,,,,,,,,,,,,,,,,,,,,,,,,,,,,,,,,,,,,,,21,,,,
train_136,Загуститель_1,01076.24 10% в HVI-4,21.552,,,,,,,,,,,,,,,,,,,,,,,,,,,,445.5,,,,,,,,,,,,,,,,,,,,,,844.7,841.7,,,,,,,,,,,,,,,,,,,,,,,,,,,,,,,,,,,,,,,,,,,
train_136,Противоизносная_присадка_1,0812.24,66.35,,,,,,,,,,,,,,,,,,,,,,,,,,,,,,,,,,,,,,,,,,,,,,,,,,,,,,,,,,,,,,,,,,,,,,,,,,,,,,,,,,,,,,,,,,,,,,
train_136,Противоизносная_присадка_2,01026.23,25.852,,,,,,,,,,,,,,,,,,,,,,,,,,,,14.75,,,,,,,0.024,,16.58,,,8.13,,9.39,,,,,,,,,,,,,,,,,,,,,,,,,,,,,,,,,,,,,,,,,,,,,,,,,,,,
train_136,Соединение_молибдена_1,COMP-2023-0003-M,49.88,,,,,,,,,,,,,,,,,,,,,,,,,,,,,,,,,,,,,,,,,,,,,,,,,,,,,,,,,,,,,,,,,,,,,,,,,,,,,,,,,,,,,,,,,,,,,,
train_137,Антиоксидант_1,01028.23,26.931,,,,,,,,,,,,,,,,,,,,,,,,,,,,6.8,,,,,,,,,,,,,,,,,,,,,,,,,,,,,,,,,,,,,,,,,,,,,,,,,,,,,,,,,,,,,,0,0,,,
train_137,Антиоксидант_9,03606.23(2023101002),56.357,,,,,,,,,,,,,,,,,,,,,,,,,,,,,,,,,,,,,,,,,,,,,,,,,,,,,,,,,,,,,,,,,,,,,,,,,,,,,,,,,,,,,,,,,,,,,,
train_137,Базовое_масло_1,03004.23,93.193,,,,,,,,,,40,5,40,0,518,800,1321,2309,,,,112,,,14,,,,4.46,22.26,,,,,,0.0003,,0.0002,,,0.0001,,0.0001,,,,,,,,,,0,0,50,,,,,,,,,,,,,,,,,,,,,,,,-24,,,,,,,,,,,,,,,,
train_137,Базовое_масло_3,03601.23,65.442,,,,,,,,,,,,,,410,620,984,1668,3021,,,127,,,,,,,4.5,21.25,,,,,,,,,,,,,,,,,,,,,,,,,,,,,,,,,,,,,,,,,,,,,,,,,-21,,,,,,,,,,,,,,,,
train_137,Депрессорная_присадка_1,017.24,26.931,,,,,,,,,,,,,,,,,,,,,,,,,,,,362.35,,,,,,,,,,,,,,,,,,,,,,,,,,,,,,,,,,,,,,,,,,,,,,,,,,,,,,,,,,,,,,,,,,
train_137,Детергент_1,03203.23,21.197,,,,,,,,,,,,,,,,,,,,,,,,,,,,88.91,,,,,,,16.24,,,,,,,,,,,,,,,,,,,,,,,,,,,,,,,,,,,,,,,,,,,,,,,,,,,,,,,404,,,,
train_137,Детергент_2,01297.23,34.506,,,,,,,,,,,,,,,,,,,,,,,,,,,,14.47,,,,,,,6.48,,,,,0.0004,,0.0002,,,,,,,,,,,,,,,,,,,,,,,,,,,,,,,,,,,,,,,,,,,,,,,,171,,,,
train_137,Дисперсант_2,01025.23,89.381,,,,,,,,,,,,,,,,,,,,,,,,,,,,417.9,,,,,,,0.0009,,0.0027,,,0.0007,,0.0002,,,,,,,,,,,,,,,,,,,,,,,,,,,,,,,,,,,,,,,,,,,,,,,,17.5,,,,
train_137,Дисперсант_3,01030.23,31.092,,,,,,,,,,,,,,,,,,,,,,,,,,,,186.1,,,,,,,0.002,,0.048,,,0.002,,0.0001,,,,,,,,,,,,,,,,,,,,,,,,,,,,,,,,,,,,,,,,,,,,,,,,21,,,,
train_137,Загуститель_3,03277.23,74.381,,,,,,,,,,,,,,,,,,,,,,,,,,,,439.8,,,,,,,,,,,,,,,,,,,,,,,,,,,,,,,,,,,,,,,,,,,,,,,,,,,,,,,,,,,,,,,,,,
train_137,Противоизносная_присадка_1,01296.23,90.699,,,,,,,,,,,,,,,,,,,,,,,,,,,,9.16,,,,,,,0.02,,,,,8.4,,9.1,,,,,,,,,,,,,,,,,,,,,,,,,,,,,,,,,,,,,,,,,,,,,,,,,,,,
train_137,Соединение_молибдена_1,COMP-2023-0003-M,38.014,,,,,,,,,,,,,,,,,,,,,,,,,,,,,,,,,,,,,,,,,,,,,,,,,,,,,,,,,,,,,,,,,,,,,,,,,,,,,,,,,,,,,,,,,,,,,,
train_138,Антиоксидант_1,01028.23,26.931,,,,,,,,,,,,,,,,,,,,,,,,,,,,6.8,,,,,,,,,,,,,,,,,,,,,,,,,,,,,,,,,,,,,,,,,,,,,,,,,,,,,,,,,,,,,,0,0,,,
train_138,Антиоксидант_9,03606.23(2023101002),56.357,,,,,,,,,,,,,,,,,,,,,,,,,,,,,,,,,,,,,,,,,,,,,,,,,,,,,,,,,,,,,,,,,,,,,,,,,,,,,,,,,,,,,,,,,,,,,,
train_138,Базовое_масло_1,03004.23,13.288,,,,,,,,,,40,5,40,0,518,800,1321,2309,,,,112,,,14,,,,4.46,22.26,,,,,,0.0003,,0.0002,,,0.0001,,0.0001,,,,,,,,,,0,0,50,,,,,,,,,,,,,,,,,,,,,,,,-24,,,,,,,,,,,,,,,,
train_138,Базовое_масло_3,03601.23,85.507,,,,,,,,,,,,,,410,620,984,1668,3021,,,127,,,,,,,4.5,21.25,,,,,,,,,,,,,,,,,,,,,,,,,,,,,,,,,,,,,,,,,,,,,,,,,-21,,,,,,,,,,,,,,,,
train_138,Депрессорная_присадка_1,017.24,26.931,,,,,,,,,,,,,,,,,,,,,,,,,,,,362.35,,,,,,,,,,,,,,,,,,,,,,,,,,,,,,,,,,,,,,,,,,,,,,,,,,,,,,,,,,,,,,,,,,
train_138,Детергент_1,03203.23,21.197,,,,,,,,,,,,,,,,,,,,,,,,,,,,88.91,,,,,,,16.24,,,,,,,,,,,,,,,,,,,,,,,,,,,,,,,,,,,,,,,,,,,,,,,,,,,,,,,404,,,,
train_138,Детергент_2,01297.23,34.506,,,,,,,,,,,,,,,,,,,,,,,,,,,,14.47,,,,,,,6.48,,,,,0.0004,,0.0002,,,,,,,,,,,,,,,,,,,,,,,,,,,,,,,,,,,,,,,,,,,,,,,,171,,,,
train_138,Дисперсант_1,03067.22,33.644,,,,,,,,,,,,,,,,,,,,,,,,,,,,248.7,,,,,,,0.002,,,,,0.002,,0.003,,,,,,,,,,,,,,,,,,,,,,,,,,,,,,,,,,,,,,,,,,,,,,,,40.9,,,,
train_138,Дисперсант_3,01030.23,8.08,,,,,,,,,,,,,,,,,,,,,,,,,,,,186.1,,,,,,,0.002,,0.048,,,0.002,,0.0001,,,,,,,,,,,,,,,,,,,,,,,,,,,,,,,,,,,,,,,,,,,,,,,,21,,,,
train_138,Загуститель_3,03277.23,74.381,,,,,,,,,,,,,,,,,,,,,,,,,,,,439.8,,,,,,,,,,,,,,,,,,,,,,,,,,,,,,,,,,,,,,,,,,,,,,,,,,,,,,,,,,,,,,,,,,
train_138,Противоизносная_присадка_1,01296.23,26.586,,,,,,,,,,,,,,,,,,,,,,,,,,,,9.16,,,,,,,0.02,,,,,8.4,,9.1,,,,,,,,,,,,,,,,,,,,,,,,,,,,,,,,,,,,,,,,,,,,,,,,,,,,
train_138,Соединение_молибдена_1,COMP-2023-0003-M,38.014,,,,,,,,,,,,,,,,,,,,,,,,,,,,,,,,,,,,,,,,,,,,,,,,,,,,,,,,,,,,,,,,,,,,,,,,,,,,,,,,,,,,,,,,,,,,,,
train_139,Антиоксидант_1,02717.22,38.014,,,,,,,,,,,,,,,,,,,,,,,,,,,,6.65,,,,,,,,,,,,,,,,,,,,,,,,,,,,,,,,,,,,,,,,,,,,,,,,,,,,,,,,,,,,,,,,,,
train_139,Антиоксидант_3,03341.22,85.941,,,,,,,,,,,,,,,,,,,,,,,,,,,,,,,,,,,,,,,,,,,,,,,,,,,,,,,,,,,,,,,,,,,,,,,,,,,,,,,,,,,,,,,,,,,,,,
train_139,Антипенная_присадка_1,"из ЦП, от 02.12.2022",3.991,,,,,,,,,,,,,,,,,,,,,,,,,,,,,,,,,,,,,,,,,,,,,,,,,,,,,,,,,,,,,,,,,,,,,,,,,,,,,,,,,,,,,,,,,,,,,,
train_139,Базовое_масло_1,01987.25,60.034,,,,,,,,,,,,,,507,809,1338,2338,,,,115,,,,,,,4.51,22.35,,,,,,,,,,,,,,,,,,,,,843.7,840.6,,,,,,,,,,,,,,,,,,,,,,,,,,,,,,,,,,,,,,,,,,,
train_139,Базовое_масло_1,0760.25,35.81,,,,,,,,,,,,,,,781,1258,2198,4047,,,113,,,,,,,4.43,21.84,,,,,,,,,,,,,,,,,,,,,843.5,840.3,,,,,,,,,,,,,,,,,,,,,,,,,,,-23,,,,,,,,,,,,,,,,
train_139,Базовое_масло_16,25721.17,84.281,,,,,,,,,,,,,,13,25,50,99,200,,,,,,90,,,,1.17,2.84,,,,,,,,,,,,,,,,,,,,,,,,,,,,,,,,,,,,,,,,,,,,,,,,,,,,,,,,,,,,,,,,,
train_139,Базовое_масло_2,094.25,60.189,,,,,,,,,,,,,,,2217,4629,10028,,,,,,,,,,,5.35,32.19,,,,,,,,,,,,,,,,,,,,,,,,,,,,,,,,,,,,,,,,,,,,,,,,,,,,,,,,,,,,,,,,,
train_139,Базовое_масло_5,0973/25,60.034,,,,,,,,,,,,,,,,,,,,,,,,,,,,8.023,51.43,,,,,,,,,,,,,,,,,,,,,,,,,,,,,,,,,,,,,,,,,,,,,,,,,-28,,,,,,,,,,,,,,,,
train_139,Базовое_масло_7,01408.25,49.961,,,,,,,,,,,,,,5740,12398,24800,49600,99200,,,92,,,,,,,9.298,78.85,,,,,,,,,,,,,,,,,,,,,,,,,,,,,,,,,,,,,,,,,,,,,,,,,,,,,,,,,,,,,,,,,
train_139,Депрессорная_присадка_1,13348.22,26.931,,,,,,,,,,,,,,,,,,,,,,,,,,,,172.4,,,,,,,,,,,,,,,,,,,,,,,,,,,,,,,,,,,,,,,,,,,,,,,,,,,,,,,,,,,,,,,,,,
train_139,Детергент_1,0174.22,40.614,,,,,,,,,,,,,,,,,,,,,,,,,,,,163.5,,11.2,,,,,11.2,,,,,,,,,,,,,,,,,,,,,,,,,,,,,,,,,,,,,,,,,,,,,,,,,,,,,,,405.8,,,,
train_139,Детергент_2,02957.22,50.431,,,,,,,,,,,,,,,,,,,,,,,,,,,,14.62,,,,,,,6.33,,,,,,,,,,,,,,,,,,,,,,,,,,,,,,,,,,,,,,,,,,,,,,,,,,,,,,,173.3,,,,
train_139,Дисперсант_1,03067.22,10.168,,,,,,,,,,,,,,,,,,,,,,,,,,,,248.7,,,,,,,0.002,,,,,0.002,,0.003,,,,,,,,,,,,,,,,,,,,,,,,,,,,,,,,,,,,,,,,,,,,,,,,40.9,,,,
train_139,Дисперсант_2,01025.23,50.431,,,,,,,,,,,,,,,,,,,,,,,,,,,,417.9,,,,,,,0.0009,,0.0027,,,0.0007,,0.0002,,,,,,,,,,,,,,,,,,,,,,,,,,,,,,,,,,,,,,,,,,,,,,,,17.5,,,,
train_139,Дисперсант_3,01030.23,50.431,,,,,,,,,,,,,,,,,,,,,,,,,,,,186.1,,,,,,,0.002,,0.048,,,0.002,,0.0001,,,,,,,,,,,,,,,,,,,,,,,,,,,,,,,,,,,,,,,,,,,,,,,,21,,,,
train_139,Загуститель_1,02344.24 10.3% в 2гр,25.852,,,,,,,,,,,,,,,,,,,,,,,,,,,,,,,,,,,,,,,,,,,,,,,,,,,,,,,,,,,,,,,,,,,,,,,,,,,,,,,,,,,,,,,,,,,,,,
train_139,Противоизносная_присадка_7,02359.22,31.092,,,,,,,,,,,,,,,,,,,,,,,,,,,,13.66,,,,,,,0.006,,,,,7.7,,9,,,,,,,,,,,,,,,,,,,,,,,,,,,,,,,,,,,,,,,,,,,,,,,,,19.72,,,
train_139,Соединение_молибдена_1,COMP-2023-0003-M,90.045,,,,,,,,,,,,,,,,,,,,,,,,,,,,,,,,,,,,,,,,,,,,,,,,,,,,,,,,,,,,,,,,,,,,,,,,,,,,,,,,,,,,,,,,,,,,,,
train_140,Антиоксидант_1,02717.22,38.014,,,,,,,,,,,,,,,,,,,,,,,,,,,,6.65,,,,,,,,,,,,,,,,,,,,,,,,,,,,,,,,,,,,,,,,,,,,,,,,,,,,,,,,,,,,,,,,,,
train_140,Антиоксидант_3,03341.22,85.941,,,,,,,,,,,,,,,,,,,,,,,,,,,,,,,,,,,,,,,,,,,,,,,,,,,,,,,,,,,,,,,,,,,,,,,,,,,,,,,,,,,,,,,,,,,,,,
train_140,Антипенная_присадка_1,"из ЦП, от 02.12.2022",3.991,,,,,,,,,,,,,,,,,,,,,,,,,,,,,,,,,,,,,,,,,,,,,,,,,,,,,,,,,,,,,,,,,,,,,,,,,,,,,,,,,,,,,,,,,,,,,,
train_140,Базовое_масло_1,01987.25,89.598,,,,,,,,,,,,,,507,809,1338,2338,,,,115,,,,,,,4.51,22.35,,,,,,,,,,,,,,,,,,,,,843.7,840.6,,,,,,,,,,,,,,,,,,,,,,,,,,,,,,,,,,,,,,,,,,,
train_140,Базовое_масло_1,0760.25,35.81,,,,,,,,,,,,,,,781,1258,2198,4047,,,113,,,,,,,4.43,21.84,,,,,,,,,,,,,,,,,,,,,843.5,840.3,,,,,,,,,,,,,,,,,,,,,,,,,,,-23,,,,,,,,,,,,,,,,
train_140,Базовое_масло_16,25721.17,84.281,,,,,,,,,,,,,,13,25,50,99,200,,,,,,90,,,,1.17,2.84,,,,,,,,,,,,,,,,,,,,,,,,,,,,,,,,,,,,,,,,,,,,,,,,,,,,,,,,,,,,,,,,,
train_140,Базовое_масло_2,094.25,97.159,,,,,,,,,,,,,,,2217,4629,10028,,,,,,,,,,,5.35,32.19,,,,,,,,,,,,,,,,,,,,,,,,,,,,,,,,,,,,,,,,,,,,,,,,,,,,,,,,,,,,,,,,,
train_140,Базовое_масло_5,0973/25,89.598,,,,,,,,,,,,,,,,,,,,,,,,,,,,8.023,51.43,,,,,,,,,,,,,,,,,,,,,,,,,,,,,,,,,,,,,,,,,,,,,,,,,-28,,,,,,,,,,,,,,,,
train_140,Базовое_масло_7,01408.25,55.977,,,,,,,,,,,,,,5740,12398,24800,49600,99200,,,92,,,,,,,9.298,78.85,,,,,,,,,,,,,,,,,,,,,,,,,,,,,,,,,,,,,,,,,,,,,,,,,,,,,,,,,,,,,,,,,
train_140,Депрессорная_присадка_1,13348.22,26.931,,,,,,,,,,,,,,,,,,,,,,,,,,,,172.4,,,,,,,,,,,,,,,,,,,,,,,,,,,,,,,,,,,,,,,,,,,,,,,,,,,,,,,,,,,,,,,,,,
train_140,Детергент_1,0174.22,40.614,,,,,,,,,,,,,,,,,,,,,,,,,,,,163.5,,11.2,,,,,11.2,,,,,,,,,,,,,,,,,,,,,,,,,,,,,,,,,,,,,,,,,,,,,,,,,,,,,,,405.8,,,,
train_140,Детергент_2,02957.22,50.431,,,,,,,,,,,,,,,,,,,,,,,,,,,,14.62,,,,,,,6.33,,,,,,,,,,,,,,,,,,,,,,,,,,,,,,,,,,,,,,,,,,,,,,,,,,,,,,,173.3,,,,
train_140,Дисперсант_1,03067.22,10.168,,,,,,,,,,,,,,,,,,,,,,,,,,,,248.7,,,,,,,0.002,,,,,0.002,,0.003,,,,,,,,,,,,,,,,,,,,,,,,,,,,,,,,,,,,,,,,,,,,,,,,40.9,,,,
train_140,Дисперсант_2,01025.23,50.431,,,,,,,,,,,,,,,,,,,,,,,,,,,,417.9,,,,,,,0.0009,,0.0027,,,0.0007,,0.0002,,,,,,,,,,,,,,,,,,,,,,,,,,,,,,,,,,,,,,,,,,,,,,,,17.5,,,,
train_140,Дисперсант_3,01030.23,50.431,,,,,,,,,,,,,,,,,,,,,,,,,,,,186.1,,,,,,,0.002,,0.048,,,0.002,,0.0001,,,,,,,,,,,,,,,,,,,,,,,,,,,,,,,,,,,,,,,,,,,,,,,,21,,,,
train_140,Загуститель_1,02344.24 10.3% в 2гр,25.852,,,,,,,,,,,,,,,,,,,,,,,,,,,,,,,,,,,,,,,,,,,,,,,,,,,,,,,,,,,,,,,,,,,,,,,,,,,,,,,,,,,,,,,,,,,,,,
train_140,Противоизносная_присадка_7,02359.22,31.092,,,,,,,,,,,,,,,,,,,,,,,,,,,,13.66,,,,,,,0.006,,,,,7.7,,9,,,,,,,,,,,,,,,,,,,,,,,,,,,,,,,,,,,,,,,,,,,,,,,,,19.72,,,
train_140,Соединение_молибдена_1,COMP-2023-0003-M,90.045,,,,,,,,,,,,,,,,,,,,,,,,,,,,,,,,,,,,,,,,,,,,,,,,,,,,,,,,,,,,,,,,,,,,,,,,,,,,,,,,,,,,,,,,,,,,,,
train_141,Антиоксидант_1,02717.22,38.014,,,,,,,,,,,,,,,,,,,,,,,,,,,,6.65,,,,,,,,,,,,,,,,,,,,,,,,,,,,,,,,,,,,,,,,,,,,,,,,,,,,,,,,,,,,,,,,,,
train_141,Антиоксидант_3,03341.22,85.941,,,,,,,,,,,,,,,,,,,,,,,,,,,,,,,,,,,,,,,,,,,,,,,,,,,,,,,,,,,,,,,,,,,,,,,,,,,,,,,,,,,,,,,,,,,,,,
train_141,Антипенная_присадка_1,"из ЦП, от 02.12.2022",3.991,,,,,,,,,,,,,,,,,,,,,,,,,,,,,,,,,,,,,,,,,,,,,,,,,,,,,,,,,,,,,,,,,,,,,,,,,,,,,,,,,,,,,,,,,,,,,,
train_141,Базовое_масло_1,0760.25,35.81,,,,,,,,,,,,,,,781,1258,2198,4047,,,113,,,,,,,4.43,21.84,,,,,,,,,,,,,,,,,,,,,843.5,840.3,,,,,,,,,,,,,,,,,,,,,,,,,,,-23,,,,,,,,,,,,,,,,
train_141,Базовое_масло_16,25721.17,84.281,,,,,,,,,,,,,,13,25,50,99,200,,,,,,90,,,,1.17,2.84,,,,,,,,,,,,,,,,,,,,,,,,,,,,,,,,,,,,,,,,,,,,,,,,,,,,,,,,,,,,,,,,,
train_141,Базовое_масло_2,094.25,32.619,,,,,,,,,,,,,,,2217,4629,10028,,,,,,,,,,,5.35,32.19,,,,,,,,,,,,,,,,,,,,,,,,,,,,,,,,,,,,,,,,,,,,,,,,,,,,,,,,,,,,,,,,,
train_141,Базовое_масло_5,0973/25,60.034,,,,,,,,,,,,,,,,,,,,,,,,,,,,8.023,51.43,,,,,,,,,,,,,,,,,,,,,,,,,,,,,,,,,,,,,,,,,,,,,,,,,-28,,,,,,,,,,,,,,,,
train_141,Базовое_масло_7,01408.25,72.741,,,,,,,,,,,,,,5740,12398,24800,49600,99200,,,92,,,,,,,9.298,78.85,,,,,,,,,,,,,,,,,,,,,,,,,,,,,,,,,,,,,,,,,,,,,,,,,,,,,,,,,,,,,,,,,
train_141,Депрессорная_присадка_1,13348.22,26.931,,,,,,,,,,,,,,,,,,,,,,,,,,,,172.4,,,,,,,,,,,,,,,,,,,,,,,,,,,,,,,,,,,,,,,,,,,,,,,,,,,,,,,,,,,,,,,,,,
train_141,Детергент_1,0174.22,40.614,,,,,,,,,,,,,,,,,,,,,,,,,,,,163.5,,11.2,,,,,11.2,,,,,,,,,,,,,,,,,,,,,,,,,,,,,,,,,,,,,,,,,,,,,,,,,,,,,,,405.8,,,,
train_141,Детергент_2,02957.22,50.431,,,,,,,,,,,,,,,,,,,,,,,,,,,,14.62,,,,,,,6.33,,,,,,,,,,,,,,,,,,,,,,,,,,,,,,,,,,,,,,,,,,,,,,,,,,,,,,,173.3,,,,
train_141,Дисперсант_1,03067.22,10.168,,,,,,,,,,,,,,,,,,,,,,,,,,,,248.7,,,,,,,0.002,,,,,0.002,,0.003,,,,,,,,,,,,,,,,,,,,,,,,,,,,,,,,,,,,,,,,,,,,,,,,40.9,,,,
train_141,Дисперсант_2,01025.23,50.431,,,,,,,,,,,,,,,,,,,,,,,,,,,,417.9,,,,,,,0.0009,,0.0027,,,0.0007,,0.0002,,,,,,,,,,,,,,,,,,,,,,,,,,,,,,,,,,,,,,,,,,,,,,,,17.5,,,,
train_141,Дисперсант_3,01030.23,50.431,,,,,,,,,,,,,,,,,,,,,,,,,,,,186.1,,,,,,,0.002,,0.048,,,0.002,,0.0001,,,,,,,,,,,,,,,,,,,,,,,,,,,,,,,,,,,,,,,,,,,,,,,,21,,,,
train_141,Загуститель_1,02344.24 10.3% в 2гр,25.852,,,,,,,,,,,,,,,,,,,,,,,,,,,,,,,,,,,,,,,,,,,,,,,,,,,,,,,,,,,,,,,,,,,,,,,,,,,,,,,,,,,,,,,,,,,,,,
train_141,Противоизносная_присадка_7,02359.22,31.092,,,,,,,,,,,,,,,,,,,,,,,,,,,,13.66,,,,,,,0.006,,,,,7.7,,9,,,,,,,,,,,,,,,,,,,,,,,,,,,,,,,,,,,,,,,,,,,,,,,,,19.72,,,
train_141,Соединение_молибдена_1,COMP-2023-0003-M,90.045,,,,,,,,,,,,,,,,,,,,,,,,,,,,,,,,,,,,,,,,,,,,,,,,,,,,,,,,,,,,,,,,,,,,,,,,,,,,,,,,,,,,,,,,,,,,,,
train_142,Антиоксидант_1,01028.23,17.074,,,,,,,,,,,,,,,,,,,,,,,,,,,,6.8,,,,,,,,,,,,,,,,,,,,,,,,,,,,,,,,,,,,,,,,,,,,,,,,,,,,,,,,,,,,,,0,0,,,
train_142,Антиоксидант_3,с ЦП 28.02.2024г,43.971,,,,,,,,,,,,,,,,,,,,,,,,,,,,,,,,,,,,,,,,,,,,,,,,,,,,,,,,,,,,,,,,,,,,,,,,,,,,,,,,,,,,,,,,,,,,,,
train_142,Антипенная_присадка_1,12 от 13.05.2024,3.991,,,,,,,,,,,,,,,,,,,,,,,,,,,,,,,,,,,,,,,,,,,,,,,,,,,,,,,,,,,,,,,,,,,,,,,,,,,,,,,,,,,,,,,,,,,,,,
train_142,Базовое_масло_1,01509.24,59.574,,,,,,,,,,,,,,517,863,1407,2461,4719,,,110,,,,,,,4.5,22.76,,,,,,,,,,,,,,,,,,,,,843.6,840.2,,,,,,,,,,,,,,,,,,,,,,,,,,,-28,,,,,,,,,,,,,,,,
train_142,Базовое_масло_1,01509.24,86.674,,,,,,,,,,,,,,517,863,1407,2461,4719,,,110,,,,,,,4.5,22.76,,,,,,,,,,,,,,,,,,,,,843.6,840.2,,,,,,,,,,,,,,,,,,,,,,,,,,,-28,,,,,,,,,,,,,,,,
train_142,Базовое_масло_14,01500.24,84.281,,,,,,,,,,,,,,,,,,,,,,,,,,,,,,,,,,,,,,,,,,,,,,,,,,,,,,,,,,,,,,,,,,,,,,,,,,,,,,,,,,,,,,,,,,,,,,
train_142,Базовое_масло_2,01510.24,10.215,,,,,,,,,,,,,,1165,2161,4323,,,,,98,,,,,,,5.31,31.81,,,,,,,,,,,,,,,,,,,,,870.7,867.2,,,,,,,,,,,,,,,,,,,,,,,,,,,-17,,,,,,,,,,,,,,,,
train_142,Базовое_масло_7,01511.24,50.185,,,,,,,,,,,,,,5632,11264,24000,,,,,91,,,,,,,9.14,77.38,,,,,,,,,,,,,,,,,,,,,878.2,874.7,,,,,,,,,,,,,,,,,,,,,,,,,,,-15,,,,,,,,,,,,,,,,
train_142,Депрессорная_присадка_2,5508.24 п.9,38.014,,,,,,,,,,,,,,,,,,,,,,,,,,,,324,,,,,,,,,,,,,,,,,,,,,,,,,,,,,,,,,,,,,,,,,,,,,,,,,,,,,,,,,,,,,,,,,,
train_142,Детергент_1,03203.23,38.465,,,,,,,,,,,,,,,,,,,,,,,,,,,,88.91,,,,,,,16.24,,,,,,,,,,,,,,,,,,,,,,,,,,,,,,,,,,,,,,,,,,,,,,,,,,,,,,,404,,,,
train_142,Детергент_18,01637.24,0.295,,,,,,,,,,,,,,,,,,,,,,,,,,,,71.18,,,,,,5.88,,,,,0.0002,,0.0002,,,,,,,,,,,,,,,,,,,,,,,,,,,,,,,,,,,,,,,,,,,,,,,,,150.4,,,,
train_142,Детергент_5,02138.23,0.422,,,,,,,,,,,,,,,,,,,,,,,,,,,,,,,,,,,,,,,,,,,,,,,,,,,,,,,,,,,,,,,,,,,,,,,,,,,,,,,,,,,,,,,,,,,,,,
train_142,Дисперсант_2,01025.23,21.197,,,,,,,,,,,,,,,,,,,,,,,,,,,,417.9,,,,,,,0.0009,,0.0027,,,0.0007,,0.0002,,,,,,,,,,,,,,,,,,,,,,,,,,,,,,,,,,,,,,,,,,,,,,,,17.5,,,,
train_142,Дисперсант_3,01030.23,74.119,,,,,,,,,,,,,,,,,,,,,,,,,,,,186.1,,,,,,,0.002,,0.048,,,0.002,,0.0001,,,,,,,,,,,,,,,,,,,,,,,,,,,,,,,,,,,,,,,,,,,,,,,,21,,,,
train_142,Загуститель_1,01076.24 10% в HVI-4,50.826,,,,,,,,,,,,,,,,,,,,,,,,,,,,445.5,,,,,,,,,,,,,,,,,,,,,,844.7,841.7,,,,,,,,,,,,,,,,,,,,,,,,,,,,,,,,,,,,,,,,,,,
train_142,Противоизносная_присадка_2,01026.23,93.926,,,,,,,,,,,,,,,,,,,,,,,,,,,,14.75,,,,,,,0.024,,16.58,,,8.13,,9.39,,,,,,,,,,,,,,,,,,,,,,,,,,,,,,,,,,,,,,,,,,,,,,,,,,,,
train_143,Базовое_масло_1,02375.24,50.431,,,,,,,,,,,,,,491,777,1321,2359,,,,112,,,,,,,4.52,22.72,,,,,,,,,,,,,,,,,,,,,,,,,,,,,,,,,,,,,,,,,,,,,,,,,-26,,,,,,,,,,,,,,,,
train_143,Базовое_масло_1,02375.24,72.344,,,,,,,,,,,,,,491,777,1321,2359,,,,112,,,,,,,4.52,22.72,,,,,,,,,,,,,,,,,,,,,,,,,,,,,,,,,,,,,,,,,,,,,,,,,-26,,,,,,,,,,,,,,,,
train_143,Базовое_масло_5,03159.24,84.91,,,,,,,,,,,,,,,3500,7036,14173,,,,,,,,,,,8.303,56.57,,,,,,,,,,,,,,,,,,,,,,,,,,,,,,,,,,,,,,,,,,,,,,,,,,,,,,,,,,,,,,,,,
train_143,Депрессорная_присадка_1,0862.24,17.074,,,,,,,,,,,,,,,,,,,,,,,,,,,,315.1,1828,,,,,,,,,,,,,,,,,,,,,,,,,,,,,,,,,,,,,,,,,,,,,,,,,,,,,,,,,,,,,,,,,
train_143,Детергент_1,03052.24,13.741,,,,,,,,,,,,,,,,,,,,,,,,,,,,,,,,,,,14.71,,,,,,,,,,,,,,,,,,,,,,,,,,,,,,,,,,,,,,,,,,,,,,,,,,,,,,,377.7,,,,
train_143,Загуститель_1,02344.24 10.3% в 2гр,54.447,,,,,,,,,,,,,,,,,,,,,,,,,,,,,,,,,,,,,,,,,,,,,,,,,,,,,,,,,,,,,,,,,,,,,,,,,,,,,,,,,,,,,,,,,,,,,,
train_143,Противоизносная_присадка_4,П. 76-290624-681,54.926,,,,,,,,,,,,,,,,,,,,,,,,,,,,,,,,,,,,,,,,,,,,,,,,,,,,,,,,,,,,,,,,,,,,,,,,,,,,,,,,,,,,,,,,,,,,,,
train_144,Антиоксидант_1,01028.23,70.832,,,,,,,,,,,,,,,,,,,,,,,,,,,,6.8,,,,,,,,,,,,,,,,,,,,,,,,,,,,,,,,,,,,,,,,,,,,,,,,,,,,,,,,,,,,,,0,0,,,
train_144,Антиоксидант_3,с ЦП 28.02.2024г,49.343,,,,,,,,,,,,,,,,,,,,,,,,,,,,,,,,,,,,,,,,,,,,,,,,,,,,,,,,,,,,,,,,,,,,,,,,,,,,,,,,,,,,,,,,,,,,,,
train_144,Базовое_масло_1,02375.24,50.431,,,,,,,,,,,,,,491,777,1321,2359,,,,112,,,,,,,4.52,22.72,,,,,,,,,,,,,,,,,,,,,,,,,,,,,,,,,,,,,,,,,,,,,,,,,-26,,,,,,,,,,,,,,,,
train_144,Базовое_масло_1,02375.24,72.344,,,,,,,,,,,,,,491,777,1321,2359,,,,112,,,,,,,4.52,22.72,,,,,,,,,,,,,,,,,,,,,,,,,,,,,,,,,,,,,,,,,,,,,,,,,-26,,,,,,,,,,,,,,,,
train_144,Базовое_масло_5,03159.24,13.924,,,,,,,,,,,,,,,3500,7036,14173,,,,,,,,,,,8.303,56.57,,,,,,,,,,,,,,,,,,,,,,,,,,,,,,,,,,,,,,,,,,,,,,,,,,,,,,,,,,,,,,,,,
train_144,Депрессорная_присадка_1,0862.24,17.074,,,,,,,,,,,,,,,,,,,,,,,,,,,,315.1,1828,,,,,,,,,,,,,,,,,,,,,,,,,,,,,,,,,,,,,,,,,,,,,,,,,,,,,,,,,,,,,,,,,
train_144,Детергент_1,03052.24,40.614,,,,,,,,,,,,,,,,,,,,,,,,,,,,,,,,,,,14.71,,,,,,,,,,,,,,,,,,,,,,,,,,,,,,,,,,,,,,,,,,,,,,,,,,,,,,,377.7,,,,
train_144,Детергент_7,03229.24,17.074,,,,,,,,,,,,,,,,,,,,,,,,,,,,,,,,,,,2.484,,,,,2.873,,0.0344,,,,,,,,,,,,,,,,,,,,,,,,,,,,,,,,,,,,,,,,,,,,,,,,,,,,
train_144,Дисперсант_3,01030.23,19.162,,,,,,,,,,,,,,,,,,,,,,,,,,,,186.1,,,,,,,0.002,,0.048,,,0.002,,0.0001,,,,,,,,,,,,,,,,,,,,,,,,,,,,,,,,,,,,,,,,,,,,,,,,21,,,,
train_144,Загуститель_1,02344.24 10.3% в 2гр,54.447,,,,,,,,,,,,,,,,,,,,,,,,,,,,,,,,,,,,,,,,,,,,,,,,,,,,,,,,,,,,,,,,,,,,,,,,,,,,,,,,,,,,,,,,,,,,,,
train_144,Противоизносная_присадка_4,П. 76-290624-681,54.926,,,,,,,,,,,,,,,,,,,,,,,,,,,,,,,,,,,,,,,,,,,,,,,,,,,,,,,,,,,,,,,,,,,,,,,,,,,,,,,,,,,,,,,,,,,,,,
train_144,Соединение_молибдена_1,COMP-2023-0003-M,70.832,,,,,,,,,,,,,,,,,,,,,,,,,,,,,,,,,,,,,,,,,,,,,,,,,,,,,,,,,,,,,,,,,,,,,,,,,,,,,,,,,,,,,,,,,,,,,,
train_145,Антипенная_присадка_1,12 от 13.05.2024,96.029,,,,,,,,,,,,,,,,,,,,,,,,,,,,,,,,,,,,,,,,,,,,,,,,,,,,,,,,,,,,,,,,,,,,,,,,,,,,,,,,,,,,,,,,,,,,,,
train_145,Базовое_масло_1,02375.24,69.457,,,,,,,,,,,,,,491,777,1321,2359,,,,112,,,,,,,4.52,22.72,,,,,,,,,,,,,,,,,,,,,,,,,,,,,,,,,,,,,,,,,,,,,,,,,-26,,,,,,,,,,,,,,,,
train_145,Базовое_масло_14,Р-10 от 13.05.2024,4.498,,,,,,,,,,,,,,,4,2,4,,,,,,,,,,,1.02,5.01,,,,,,,,,,,,,,,,,,,,,801.4,798,,,,,,,,,,,,,,,,,,,,,,,,,,,,,,,,,,,,,,,,,,,
train_145,Базовое_масло_2,02425.24,90.759,,,,,,,,,,,,,,,,,,,,,95,,,,,,,5.35,32.57,,,,,,,,,,,,,,,,,,,,,,,,,,,,,,,,,,,,,,,,,,,,,,,,,,,,,,,,,,,,,,,,,
train_145,Базовое_масло_7,02787.24,50.16,,,,,,,,,,,,,,6016,13575,,,,,,91,,,,,,,9.316,79.97,,,,,,,,,,,,,,,,,,,,,,,,,,,,,,,,,,,,,,,,,,,,,,,,,-15,,,,,,,,,,,,,,,,
train_145,Депрессорная_присадка_2,п.60 от 12.01.2023,0.422,,,,,,,,,,,,,,,,,,,,,,,,,,,,300,3105.3,,,,,,,,,,,,,,,,,,,,,,,,,,,,,,,,,,,,,,,,,,,,,,,,,,,,,,,,,,,,,,,,,
train_145,Детергент_1,03052.24,95.408,,,,,,,,,,,,,,,,,,,,,,,,,,,,,,,,,,,14.71,,,,,,,,,,,,,,,,,,,,,,,,,,,,,,,,,,,,,,,,,,,,,,,,,,,,,,,377.7,,,,
train_145,Загуститель_1,02344.24 10.3% в 2гр,95.047,,,,,,,,,,,,,,,,,,,,,,,,,,,,,,,,,,,,,,,,,,,,,,,,,,,,,,,,,,,,,,,,,,,,,,,,,,,,,,,,,,,,,,,,,,,,,,
train_145,Противоизносная_присадка_19,03113.24,15.837,,,,,,,,,,,,,,,,,,,,,,,,,,,,,,,,,,,,,,,,,,,,,,,,,,,,,,,,,,,,,,,,,,,,,,,,,,,,,,,,,,,,,,,,,,,,,,
train_146,Антипенная_присадка_1,12 от 13.05.2024,96.029,,,,,,,,,,,,,,,,,,,,,,,,,,,,,,,,,,,,,,,,,,,,,,,,,,,,,,,,,,,,,,,,,,,,,,,,,,,,,,,,,,,,,,,,,,,,,,
train_146,Базовое_масло_1,02375.24,69.457,,,,,,,,,,,,,,491,777,1321,2359,,,,112,,,,,,,4.52,22.72,,,,,,,,,,,,,,,,,,,,,,,,,,,,,,,,,,,,,,,,,,,,,,,,,-26,,,,,,,,,,,,,,,,
train_146,Базовое_масло_14,Р-10 от 13.05.2024,4.498,,,,,,,,,,,,,,,4,2,4,,,,,,,,,,,1.02,5.01,,,,,,,,,,,,,,,,,,,,,801.4,798,,,,,,,,,,,,,,,,,,,,,,,,,,,,,,,,,,,,,,,,,,,
train_146,Базовое_масло_2,02425.24,96.959,,,,,,,,,,,,,,,,,,,,,95,,,,,,,5.35,32.57,,,,,,,,,,,,,,,,,,,,,,,,,,,,,,,,,,,,,,,,,,,,,,,,,,,,,,,,,,,,,,,,,
train_146,Базовое_масло_7,02787.24,50.16,,,,,,,,,,,,,,6016,13575,,,,,,91,,,,,,,9.316,79.97,,,,,,,,,,,,,,,,,,,,,,,,,,,,,,,,,,,,,,,,,,,,,,,,,-15,,,,,,,,,,,,,,,,
train_146,Депрессорная_присадка_2,п.60 от 12.01.2023,0.422,,,,,,,,,,,,,,,,,,,,,,,,,,,,300,3105.3,,,,,,,,,,,,,,,,,,,,,,,,,,,,,,,,,,,,,,,,,,,,,,,,,,,,,,,,,,,,,,,,,
train_146,Детергент_1,03052.24,25.872,,,,,,,,,,,,,,,,,,,,,,,,,,,,,,,,,,,14.71,,,,,,,,,,,,,,,,,,,,,,,,,,,,,,,,,,,,,,,,,,,,,,,,,,,,,,,377.7,,,,
train_146,Загуститель_1,02344.24 10.3% в 2гр,95.047,,,,,,,,,,,,,,,,,,,,,,,,,,,,,,,,,,,,,,,,,,,,,,,,,,,,,,,,,,,,,,,,,,,,,,,,,,,,,,,,,,,,,,,,,,,,,,
train_146,Противоизносная_присадка_16,из ЦП 21.03.23,14.449,,,,,,,,,,,,,,,,,,,,,,,,,,,,,,,,,,,,,,,,,,,,,,,,,,,,,,,,,,,,,,,,,,,,,,,,,,,,,,,,,,,,,,,,,,,,,,
train_147,Антиоксидант_1,01028.23,0.422,,,,,,,,,,,,,,,,,,,,,,,,,,,,6.8,,,,,,,,,,,,,,,,,,,,,,,,,,,,,,,,,,,,,,,,,,,,,,,,,,,,,,,,,,,,,,0,0,,,
train_147,Антиоксидант_3,с ЦП 28.02.2024г,56.357,,,,,,,,,,,,,,,,,,,,,,,,,,,,,,,,,,,,,,,,,,,,,,,,,,,,,,,,,,,,,,,,,,,,,,,,,,,,,,,,,,,,,,,,,,,,,,
train_147,Антипенная_присадка_1,12 от 13.05.2024,96.029,,,,,,,,,,,,,,,,,,,,,,,,,,,,,,,,,,,,,,,,,,,,,,,,,,,,,,,,,,,,,,,,,,,,,,,,,,,,,,,,,,,,,,,,,,,,,,
train_147,Базовое_масло_1,03197.24,55.822,,,,,,,,,,,,,,,,,,,,,,,,,,,,,,,,,,,,,,,,,,,,,,,,,,,,,,,,,,,,,,,,,,,,,,,,,,,,,,,,,,,,,,,,,,,,,,
train_147,Базовое_масло_1,03197.24,28.854,,,,,,,,,,,,,,,,,,,,,,,,,,,,,,,,,,,,,,,,,,,,,,,,,,,,,,,,,,,,,,,,,,,,,,,,,,,,,,,,,,,,,,,,,,,,,,
train_147,Базовое_масло_14,Р-10 от 13.05.2024,4.498,,,,,,,,,,,,,,,4,2,4,,,,,,,,,,,1.02,5.01,,,,,,,,,,,,,,,,,,,,,801.4,798,,,,,,,,,,,,,,,,,,,,,,,,,,,,,,,,,,,,,,,,,,,
train_147,Базовое_масло_5,03159.24,66.867,,,,,,,,,,,,,,,3500,7036,14173,,,,,,,,,,,8.303,56.57,,,,,,,,,,,,,,,,,,,,,,,,,,,,,,,,,,,,,,,,,,,,,,,,,,,,,,,,,,,,,,,,,
train_147,Депрессорная_присадка_1,DPM 265 от 12.08.202,26.931,,,,,,,,,,,,,,,,,,,,,,,,,,,,,,,,,,,,,,,,,,,,,,,,,,885.5,882.2,,,,,,,,,,,,,,,,,,,,,,,,,,,,,,,,,,,,,,,,,,,
train_147,Детергент_1,03052.24,8.08,,,,,,,,,,,,,,,,,,,,,,,,,,,,,,,,,,,14.71,,,,,,,,,,,,,,,,,,,,,,,,,,,,,,,,,,,,,,,,,,,,,,,,,,,,,,,377.7,,,,
train_147,Детергент_2,01297.23,69.911,,,,,,,,,,,,,,,,,,,,,,,,,,,,14.47,,,,,,,6.48,,,,,0.0004,,0.0002,,,,,,,,,,,,,,,,,,,,,,,,,,,,,,,,,,,,,,,,,,,,,,,,171,,,,
train_147,Дисперсант_1,03067.22,8.08,,,,,,,,,,,,,,,,,,,,,,,,,,,,248.7,,,,,,,0.002,,,,,0.002,,0.003,,,,,,,,,,,,,,,,,,,,,,,,,,,,,,,,,,,,,,,,,,,,,,,,40.9,,,,
train_147,Дисперсант_2,01025.23,33.946,,,,,,,,,,,,,,,,,,,,,,,,,,,,417.9,,,,,,,0.0009,,0.0027,,,0.0007,,0.0002,,,,,,,,,,,,,,,,,,,,,,,,,,,,,,,,,,,,,,,,,,,,,,,,17.5,,,,
train_147,Дисперсант_3,01030.23,31.092,,,,,,,,,,,,,,,,,,,,,,,,,,,,186.1,,,,,,,0.002,,0.048,,,0.002,,0.0001,,,,,,,,,,,,,,,,,,,,,,,,,,,,,,,,,,,,,,,,,,,,,,,,21,,,,
train_147,Загуститель_1,02344.24 10.3% в 2гр,21.552,,,,,,,,,,,,,,,,,,,,,,,,,,,,,,,,,,,,,,,,,,,,,,,,,,,,,,,,,,,,,,,,,,,,,,,,,,,,,,,,,,,,,,,,,,,,,,
train_147,Противоизносная_присадка_1,0812.24,26.586,,,,,,,,,,,,,,,,,,,,,,,,,,,,,,,,,,,,,,,,,,,,,,,,,,,,,,,,,,,,,,,,,,,,,,,,,,,,,,,,,,,,,,,,,,,,,,
train_147,Соединение_молибдена_1,COMP-2023-0003-M,38.014,,,,,,,,,,,,,,,,,,,,,,,,,,,,,,,,,,,,,,,,,,,,,,,,,,,,,,,,,,,,,,,,,,,,,,,,,,,,,,,,,,,,,,,,,,,,,,
train_148,Антиоксидант_1,01028.23,90.907,,,,,,,,,,,,,,,,,,,,,,,,,,,,6.8,,,,,,,,,,,,,,,,,,,,,,,,,,,,,,,,,,,,,,,,,,,,,,,,,,,,,,,,,,,,,,0,0,,,
train_148,Антиоксидант_3,с ЦП 28.02.2024г,87.252,,,,,,,,,,,,,,,,,,,,,,,,,,,,,,,,,,,,,,,,,,,,,,,,,,,,,,,,,,,,,,,,,,,,,,,,,,,,,,,,,,,,,,,,,,,,,,
train_148,Антипенная_присадка_1,12 от 13.05.2024,96.029,,,,,,,,,,,,,,,,,,,,,,,,,,,,,,,,,,,,,,,,,,,,,,,,,,,,,,,,,,,,,,,,,,,,,,,,,,,,,,,,,,,,,,,,,,,,,,
train_148,Базовое_масло_1,03197.24,55.822,,,,,,,,,,,,,,,,,,,,,,,,,,,,,,,,,,,,,,,,,,,,,,,,,,,,,,,,,,,,,,,,,,,,,,,,,,,,,,,,,,,,,,,,,,,,,,
train_148,Базовое_масло_1,03197.24,70.828,,,,,,,,,,,,,,,,,,,,,,,,,,,,,,,,,,,,,,,,,,,,,,,,,,,,,,,,,,,,,,,,,,,,,,,,,,,,,,,,,,,,,,,,,,,,,,
train_148,Базовое_масло_14,Р-10 от 13.05.2024,4.498,,,,,,,,,,,,,,,4,2,4,,,,,,,,,,,1.02,5.01,,,,,,,,,,,,,,,,,,,,,801.4,798,,,,,,,,,,,,,,,,,,,,,,,,,,,,,,,,,,,,,,,,,,,
train_148,Базовое_масло_5,03159.24,66.867,,,,,,,,,,,,,,,3500,7036,14173,,,,,,,,,,,8.303,56.57,,,,,,,,,,,,,,,,,,,,,,,,,,,,,,,,,,,,,,,,,,,,,,,,,,,,,,,,,,,,,,,,,
train_148,Депрессорная_присадка_1,DPM 265 от 12.08.202,26.931,,,,,,,,,,,,,,,,,,,,,,,,,,,,,,,,,,,,,,,,,,,,,,,,,,885.5,882.2,,,,,,,,,,,,,,,,,,,,,,,,,,,,,,,,,,,,,,,,,,,
train_148,Детергент_1,03052.24,8.08,,,,,,,,,,,,,,,,,,,,,,,,,,,,,,,,,,,14.71,,,,,,,,,,,,,,,,,,,,,,,,,,,,,,,,,,,,,,,,,,,,,,,,,,,,,,,377.7,,,,
train_148,Детергент_2,01297.23,80.12,,,,,,,,,,,,,,,,,,,,,,,,,,,,14.47,,,,,,,6.48,,,,,0.0004,,0.0002,,,,,,,,,,,,,,,,,,,,,,,,,,,,,,,,,,,,,,,,,,,,,,,,171,,,,
train_148,Детергент_7,03229.24,17.074,,,,,,,,,,,,,,,,,,,,,,,,,,,,,,,,,,,2.484,,,,,2.873,,0.0344,,,,,,,,,,,,,,,,,,,,,,,,,,,,,,,,,,,,,,,,,,,,,,,,,,,,
train_148,Дисперсант_1,03067.22,3.249,,,,,,,,,,,,,,,,,,,,,,,,,,,,248.7,,,,,,,0.002,,,,,0.002,,0.003,,,,,,,,,,,,,,,,,,,,,,,,,,,,,,,,,,,,,,,,,,,,,,,,40.9,,,,
train_148,Дисперсант_3,01030.23,19.162,,,,,,,,,,,,,,,,,,,,,,,,,,,,186.1,,,,,,,0.002,,0.048,,,0.002,,0.0001,,,,,,,,,,,,,,,,,,,,,,,,,,,,,,,,,,,,,,,,,,,,,,,,21,,,,
train_148,Загуститель_1,02344.24 10.3% в 2гр,21.552,,,,,,,,,,,,,,,,,,,,,,,,,,,,,,,,,,,,,,,,,,,,,,,,,,,,,,,,,,,,,,,,,,,,,,,,,,,,,,,,,,,,,,,,,,,,,,
train_148,Противоизносная_присадка_1,0812.24,31.092,,,,,,,,,,,,,,,,,,,,,,,,,,,,,,,,,,,,,,,,,,,,,,,,,,,,,,,,,,,,,,,,,,,,,,,,,,,,,,,,,,,,,,,,,,,,,,
train_148,Соединение_молибдена_1,COMP-2023-0003-M,70.832,,,,,,,,,,,,,,,,,,,,,,,,,,,,,,,,,,,,,,,,,,,,,,,,,,,,,,,,,,,,,,,,,,,,,,,,,,,,,,,,,,,,,,,,,,,,,,
train_149,Базовое_масло_1,02375.24,45.981,,,,,,,,,,,,,,491,777,1321,2359,,,,112,,,,,,,4.52,22.72,,,,,,,,,,,,,,,,,,,,,,,,,,,,,,,,,,,,,,,,,,,,,,,,,-26,,,,,,,,,,,,,,,,
train_149,Базовое_масло_1,02375.24,60.554,,,,,,,,,,,,,,491,777,1321,2359,,,,112,,,,,,,4.52,22.72,,,,,,,,,,,,,,,,,,,,,,,,,,,,,,,,,,,,,,,,,,,,,,,,,-26,,,,,,,,,,,,,,,,
train_149,Базовое_масло_5,03159.24,26.352,,,,,,,,,,,,,,,3500,7036,14173,,,,,,,,,,,8.303,56.57,,,,,,,,,,,,,,,,,,,,,,,,,,,,,,,,,,,,,,,,,,,,,,,,,,,,,,,,,,,,,,,,,
train_149,Депрессорная_присадка_1,DPM-301,17.074,,,,,,,,,,,,,,,,,,,,,,,,,,,,,,,,,,,,,,,,,,,,,,,,,,,,,,,,,,,,,,,,,,,,,,,,,,,,,,,,,,,,,,,,,,,,,,
train_149,Детергент_1,03052.24,13.741,,,,,,,,,,,,,,,,,,,,,,,,,,,,,,,,,,,14.71,,,,,,,,,,,,,,,,,,,,,,,,,,,,,,,,,,,,,,,,,,,,,,,,,,,,,,,377.7,,,,
train_149,Загуститель_1,02344.24 10.3% в 2гр,38.686,,,,,,,,,,,,,,,,,,,,,,,,,,,,,,,,,,,,,,,,,,,,,,,,,,,,,,,,,,,,,,,,,,,,,,,,,,,,,,,,,,,,,,,,,,,,,,
train_149,Противоизносная_присадка_4,П. 76-290624-681,54.926,,,,,,,,,,,,,,,,,,,,,,,,,,,,,,,,,,,,,,,,,,,,,,,,,,,,,,,,,,,,,,,,,,,,,,,,,,,,,,,,,,,,,,,,,,,,,,
train_150,Антиоксидант_1,01028.23,70.832,,,,,,,,,,,,,,,,,,,,,,,,,,,,6.8,,,,,,,,,,,,,,,,,,,,,,,,,,,,,,,,,,,,,,,,,,,,,,,,,,,,,,,,,,,,,,0,0,,,
train_150,Антиоксидант_3,с ЦП 28.02.2024г,49.343,,,,,,,,,,,,,,,,,,,,,,,,,,,,,,,,,,,,,,,,,,,,,,,,,,,,,,,,,,,,,,,,,,,,,,,,,,,,,,,,,,,,,,,,,,,,,,
train_150,Базовое_масло_1,02375.24,45.981,,,,,,,,,,,,,,491,777,1321,2359,,,,112,,,,,,,4.52,22.72,,,,,,,,,,,,,,,,,,,,,,,,,,,,,,,,,,,,,,,,,,,,,,,,,-26,,,,,,,,,,,,,,,,
train_150,Базовое_масло_1,02375.24,70.878,,,,,,,,,,,,,,491,777,1321,2359,,,,112,,,,,,,4.52,22.72,,,,,,,,,,,,,,,,,,,,,,,,,,,,,,,,,,,,,,,,,,,,,,,,,-26,,,,,,,,,,,,,,,,
train_150,Базовое_масло_5,03159.24,53.401,,,,,,,,,,,,,,,3500,7036,14173,,,,,,,,,,,8.303,56.57,,,,,,,,,,,,,,,,,,,,,,,,,,,,,,,,,,,,,,,,,,,,,,,,,,,,,,,,,,,,,,,,,
train_150,Депрессорная_присадка_1,DPM-301,17.074,,,,,,,,,,,,,,,,,,,,,,,,,,,,,,,,,,,,,,,,,,,,,,,,,,,,,,,,,,,,,,,,,,,,,,,,,,,,,,,,,,,,,,,,,,,,,,
train_150,Детергент_1,03052.24,40.614,,,,,,,,,,,,,,,,,,,,,,,,,,,,,,,,,,,14.71,,,,,,,,,,,,,,,,,,,,,,,,,,,,,,,,,,,,,,,,,,,,,,,,,,,,,,,377.7,,,,
train_150,Детергент_7,03229.24,17.074,,,,,,,,,,,,,,,,,,,,,,,,,,,,,,,,,,,2.484,,,,,2.873,,0.0344,,,,,,,,,,,,,,,,,,,,,,,,,,,,,,,,,,,,,,,,,,,,,,,,,,,,
train_150,Дисперсант_3,01030.23,19.162,,,,,,,,,,,,,,,,,,,,,,,,,,,,186.1,,,,,,,0.002,,0.048,,,0.002,,0.0001,,,,,,,,,,,,,,,,,,,,,,,,,,,,,,,,,,,,,,,,,,,,,,,,21,,,,
train_150,Загуститель_1,02344.24 10.3% в 2гр,38.686,,,,,,,,,,,,,,,,,,,,,,,,,,,,,,,,,,,,,,,,,,,,,,,,,,,,,,,,,,,,,,,,,,,,,,,,,,,,,,,,,,,,,,,,,,,,,,
train_150,Противоизносная_присадка_4,П. 76-290624-681,54.926,,,,,,,,,,,,,,,,,,,,,,,,,,,,,,,,,,,,,,,,,,,,,,,,,,,,,,,,,,,,,,,,,,,,,,,,,,,,,,,,,,,,,,,,,,,,,,
train_150,Соединение_молибдена_1,COMP-2023-0003-M,70.832,,,,,,,,,,,,,,,,,,,,,,,,,,,,,,,,,,,,,,,,,,,,,,,,,,,,,,,,,,,,,,,,,,,,,,,,,,,,,,,,,,,,,,,,,,,,,,
train_151,Антипенная_присадка_1,Р-10 3% р-р от 16.04,3.991,,,,,,,,,,,,,,,,,,,,,,,,,,,,,,,,,,,,,,,,,,,,,,,,,,,,,,,,,,,,,,,,,,,,,,,,,,,,,,,,,,,,,,,,,,,,,,
train_151,Базовое_масло_1,02375.24,82.003,,,,,,,,,,,,,,491,777,1321,2359,,,,112,,,,,,,4.52,22.72,,,,,,,,,,,,,,,,,,,,,,,,,,,,,,,,,,,,,,,,,,,,,,,,,-26,,,,,,,,,,,,,,,,
train_151,Базовое_масло_1,090.25,5.251,,,,,,,,,,,,,,,784,1269,2226,4106,,,,,,,,,,4.36,21.29,,,,,,,,,,,,,,,,,,,,,843.1,839.9,,,,,,,,,,,,,,,,,,,,,,,,,,,,,,,,,,,,,,,,,,,
train_151,Базовое_масло_16,067.23,84.281,,,,,,,,,,,,,,13,25,50,100,,,,,,,,,,,1.5,2.69,,,,,,,,,,,,,,,,,,,,,,,,,,,,,,,,,,,,,,,,,,,,,,,,,,,,,,,,,,,,,,,,,
train_151,Базовое_масло_6,093.25,48.703,,,,,,,,,,,,,,,589,964,1627,2963,,,122,,,,,,,4.3,20.09,,,,,,,,,,,,,,,,,,,,,,,,,,,,,,,,,,,,,,,,,,,,,,,,,,,,,,,,,,,,,,,,,
train_151,Базовое_масло_9,0768.24,16.942,,,,,,,,,2.5,,,,,1325,2226,3936,7364,,,,117,,,,,,,6.55,40.37,,,,,,0.00068,,0.00106,,,0.00015,,0.00018,,,,,,,,801.3,797.7,0,0,0,,,,,,,,,,,,,,,,,,,,,,,,-25,,50,,,,,,,,,,,,,,
train_151,Депрессорная_присадка_1,017.24,26.931,,,,,,,,,,,,,,,,,,,,,,,,,,,,362.35,,,,,,,,,,,,,,,,,,,,,,,,,,,,,,,,,,,,,,,,,,,,,,,,,,,,,,,,,,,,,,,,,,
train_151,Детергент_1,03052.24,8.666,,,,,,,,,,,,,,,,,,,,,,,,,,,,,,,,,,,14.71,,,,,,,,,,,,,,,,,,,,,,,,,,,,,,,,,,,,,,,,,,,,,,,,,,,,,,,377.7,,,,
train_151,Загуститель_1,02344.24 10.3% в 2гр,18.056,,,,,,,,,,,,,,,,,,,,,,,,,,,,,,,,,,,,,,,,,,,,,,,,,,,,,,,,,,,,,,,,,,,,,,,,,,,,,,,,,,,,,,,,,,,,,,
train_151,Противоизносная_присадка_3,041.25,10.313,,,,,,,,,,,,,,,,,,,,,,,,,,,,,,,,,,,,,,,,,,,,,,,,,,,,,,,,,,,,,,,,,,,,,,,,,,,,,,,,,,,,,,,,,,,,,,
train_152,Антиоксидант_1,01028.23,0.422,,,,,,,,,,,,,,,,,,,,,,,,,,,,6.8,,,,,,,,,,,,,,,,,,,,,,,,,,,,,,,,,,,,,,,,,,,,,,,,,,,,,,,,,,,,,,0,0,,,
train_152,Антиоксидант_2,01623.24,23.42,,,,,,,,,,,,,,,,,,,,,,,,,,,,14.54,,,,,,,,,,,,,,,,,,,,,,,,,,,,,,,,,,,,,,,,,,,,,,,,,,,,,,,,,,,,,,138.8,,,,
train_152,Антипенная_присадка_1,12 от 13.05.2024,3.991,,,,,,,,,,,,,,,,,,,,,,,,,,,,,,,,,,,,,,,,,,,,,,,,,,,,,,,,,,,,,,,,,,,,,,,,,,,,,,,,,,,,,,,,,,,,,,
train_152,Базовое_масло_1,0766.24,82.003,,,,,,,,,,,,,,535,842,1398,2472,,,,113,,,13.3,,,,4.56,22.94,,,,,,0.0002,,0.00007,,,0.00002,,0.00004,,,,,,,,,,0,0,0,,,,,,,,,,,,,,,,,,,,,,,,-26,,,,,,,,,,,,,,,,
train_152,Базовое_масло_14,Р-10 от 13.05.2024,84.281,,,,,,,,,,,,,,,4,2,4,,,,,,,,,,,1.02,5.01,,,,,,,,,,,,,,,,,,,,,801.4,798,,,,,,,,,,,,,,,,,,,,,,,,,,,,,,,,,,,,,,,,,,,
train_152,Базовое_масло_6,0861.25,47.625,,,,,,,,,,,,,,,,,1627,,,,,,,,,,,4.32,,,,,,,,,,,,,,,,,,,,,,,,,,,,,,,,,,,,,,,,,,,,,,,,,,,,,,,,,,,,,,,,,,
train_152,Базовое_масло_9,0862.25,26.675,,,,,,,,,,,,,,,,,5986,,,,,,,,,,,6.27,,,,,,,,,,,,,,,,,,,,,,,,,,,,,,,,,,,,,,,,,,,,,,,,,,,,,,,,,,,,,,,,,,
train_152,Депрессорная_присадка_1,0800.24,17.074,,,,,,,,,,,,,,,,,,,,,,,,,,,,305.4,,,,,,,,,,,,,,,,,,,,,,,,,,,,,,,,,,,,,,,,,,,,,,,,,,,,,,,,,,,,,,,,,,
train_152,Детергент_3,01714.24,41.872,,,,,,,,,,,,,,,,,,,,,,,,,,,,,,,,,,,,,,,,,,,,,,,,,,,,,,,,,,,,,,,,,,,,,,,,,,,,,,,,,,,,,,,,,,167.3,,,,
train_152,Детергент_5,02138.23,67.309,,,,,,,,,,,,,,,,,,,,,,,,,,,,,,,,,,,,,,,,,,,,,,,,,,,,,,,,,,,,,,,,,,,,,,,,,,,,,,,,,,,,,,,,,,,,,,
train_152,Детергент_8,01,30.536,,,,,,,,,,,,,,,,,,,,,,,,,,,,,,,,,,,,,,,,,,,,,,,,,,,,,,,,,,,,,,,,,,,,,,,,,,,,,,,,,,,,,,,,,,,,,,
train_152,Дисперсант_2,01025.23,65.686,,,,,,,,,,,,,,,,,,,,,,,,,,,,417.9,,,,,,,0.0009,,0.0027,,,0.0007,,0.0002,,,,,,,,,,,,,,,,,,,,,,,,,,,,,,,,,,,,,,,,,,,,,,,,17.5,,,,
train_152,Дисперсант_3,01030.23,31.092,,,,,,,,,,,,,,,,,,,,,,,,,,,,186.1,,,,,,,0.002,,0.048,,,0.002,,0.0001,,,,,,,,,,,,,,,,,,,,,,,,,,,,,,,,,,,,,,,,,,,,,,,,21,,,,
train_152,Загуститель_1,02344.24 10.3% в 2гр,18.056,,,,,,,,,,,,,,,,,,,,,,,,,,,,,,,,,,,,,,,,,,,,,,,,,,,,,,,,,,,,,,,,,,,,,,,,,,,,,,,,,,,,,,,,,,,,,,
train_152,Противоизносная_присадка_2,01026.23,25.852,,,,,,,,,,,,,,,,,,,,,,,,,,,,14.75,,,,,,,0.024,,16.58,,,8.13,,9.39,,,,,,,,,,,,,,,,,,,,,,,,,,,,,,,,,,,,,,,,,,,,,,,,,,,,
train_152,Соединение_молибдена_1,COMP-2023-0003-M,49.88,,,,,,,,,,,,,,,,,,,,,,,,,,,,,,,,,,,,,,,,,,,,,,,,,,,,,,,,,,,,,,,,,,,,,,,,,,,,,,,,,,,,,,,,,,,,,,
train_153,Антиоксидант_1,01028.23,0.422,,,,,,,,,,,,,,,,,,,,,,,,,,,,6.8,,,,,,,,,,,,,,,,,,,,,,,,,,,,,,,,,,,,,,,,,,,,,,,,,,,,,,,,,,,,,,0,0,,,
train_153,Антиоксидант_2,01623.24,23.42,,,,,,,,,,,,,,,,,,,,,,,,,,,,14.54,,,,,,,,,,,,,,,,,,,,,,,,,,,,,,,,,,,,,,,,,,,,,,,,,,,,,,,,,,,,,,138.8,,,,
train_153,Антипенная_присадка_1,12 от 13.05.2024,3.991,,,,,,,,,,,,,,,,,,,,,,,,,,,,,,,,,,,,,,,,,,,,,,,,,,,,,,,,,,,,,,,,,,,,,,,,,,,,,,,,,,,,,,,,,,,,,,
train_153,Базовое_масло_1,0766.24,82.003,,,,,,,,,,,,,,535,842,1398,2472,,,,113,,,13.3,,,,4.56,22.94,,,,,,0.0002,,0.00007,,,0.00002,,0.00004,,,,,,,,,,0,0,0,,,,,,,,,,,,,,,,,,,,,,,,-26,,,,,,,,,,,,,,,,
train_153,Базовое_масло_14,Р-10 от 13.05.2024,84.281,,,,,,,,,,,,,,,4,2,4,,,,,,,,,,,1.02,5.01,,,,,,,,,,,,,,,,,,,,,801.4,798,,,,,,,,,,,,,,,,,,,,,,,,,,,,,,,,,,,,,,,,,,,
train_153,Базовое_масло_6,0861.25,47.625,,,,,,,,,,,,,,,,,1627,,,,,,,,,,,4.32,,,,,,,,,,,,,,,,,,,,,,,,,,,,,,,,,,,,,,,,,,,,,,,,,,,,,,,,,,,,,,,,,,
train_153,Базовое_масло_9,0862.25,26.675,,,,,,,,,,,,,,,,,5986,,,,,,,,,,,6.27,,,,,,,,,,,,,,,,,,,,,,,,,,,,,,,,,,,,,,,,,,,,,,,,,,,,,,,,,,,,,,,,,,
train_153,Депрессорная_присадка_1,0800.24,17.074,,,,,,,,,,,,,,,,,,,,,,,,,,,,305.4,,,,,,,,,,,,,,,,,,,,,,,,,,,,,,,,,,,,,,,,,,,,,,,,,,,,,,,,,,,,,,,,,,
train_153,Детергент_3,01714.24,41.872,,,,,,,,,,,,,,,,,,,,,,,,,,,,,,,,,,,,,,,,,,,,,,,,,,,,,,,,,,,,,,,,,,,,,,,,,,,,,,,,,,,,,,,,,,167.3,,,,
train_153,Детергент_5,02138.23,67.309,,,,,,,,,,,,,,,,,,,,,,,,,,,,,,,,,,,,,,,,,,,,,,,,,,,,,,,,,,,,,,,,,,,,,,,,,,,,,,,,,,,,,,,,,,,,,,
train_153,Детергент_8,01,30.536,,,,,,,,,,,,,,,,,,,,,,,,,,,,,,,,,,,,,,,,,,,,,,,,,,,,,,,,,,,,,,,,,,,,,,,,,,,,,,,,,,,,,,,,,,,,,,
train_153,Дисперсант_2,01025.23,65.686,,,,,,,,,,,,,,,,,,,,,,,,,,,,417.9,,,,,,,0.0009,,0.0027,,,0.0007,,0.0002,,,,,,,,,,,,,,,,,,,,,,,,,,,,,,,,,,,,,,,,,,,,,,,,17.5,,,,
train_153,Дисперсант_3,01030.23,31.092,,,,,,,,,,,,,,,,,,,,,,,,,,,,186.1,,,,,,,0.002,,0.048,,,0.002,,0.0001,,,,,,,,,,,,,,,,,,,,,,,,,,,,,,,,,,,,,,,,,,,,,,,,21,,,,
train_153,Загуститель_1,02344.24 10.3% в 2гр,18.056,,,,,,,,,,,,,,,,,,,,,,,,,,,,,,,,,,,,,,,,,,,,,,,,,,,,,,,,,,,,,,,,,,,,,,,,,,,,,,,,,,,,,,,,,,,,,,
train_153,Противоизносная_присадка_2,01026.23,25.852,,,,,,,,,,,,,,,,,,,,,,,,,,,,14.75,,,,,,,0.024,,16.58,,,8.13,,9.39,,,,,,,,,,,,,,,,,,,,,,,,,,,,,,,,,,,,,,,,,,,,,,,,,,,,
train_153,Соединение_молибдена_1,COMP-2023-0003-M,49.88,,,,,,,,,,,,,,,,,,,,,,,,,,,,,,,,,,,,,,,,,,,,,,,,,,,,,,,,,,,,,,,,,,,,,,,,,,,,,,,,,,,,,,,,,,,,,,
train_154,Антиоксидант_1,01028.23,0.422,,,,,,,,,,,,,,,,,,,,,,,,,,,,6.8,,,,,,,,,,,,,,,,,,,,,,,,,,,,,,,,,,,,,,,,,,,,,,,,,,,,,,,,,,,,,,0,0,,,
train_154,Антиоксидант_2,01623.24,23.42,,,,,,,,,,,,,,,,,,,,,,,,,,,,14.54,,,,,,,,,,,,,,,,,,,,,,,,,,,,,,,,,,,,,,,,,,,,,,,,,,,,,,,,,,,,,,138.8,,,,
train_154,Антипенная_присадка_1,12 от 13.05.2024,3.991,,,,,,,,,,,,,,,,,,,,,,,,,,,,,,,,,,,,,,,,,,,,,,,,,,,,,,,,,,,,,,,,,,,,,,,,,,,,,,,,,,,,,,,,,,,,,,
train_154,Базовое_масло_1,0766.24,82.003,,,,,,,,,,,,,,535,842,1398,2472,,,,113,,,13.3,,,,4.56,22.94,,,,,,0.0002,,0.00007,,,0.00002,,0.00004,,,,,,,,,,0,0,0,,,,,,,,,,,,,,,,,,,,,,,,-26,,,,,,,,,,,,,,,,
train_154,Базовое_масло_14,Р-10 от 13.05.2024,84.281,,,,,,,,,,,,,,,4,2,4,,,,,,,,,,,1.02,5.01,,,,,,,,,,,,,,,,,,,,,801.4,798,,,,,,,,,,,,,,,,,,,,,,,,,,,,,,,,,,,,,,,,,,,
train_154,Базовое_масло_6,0861.25,47.625,,,,,,,,,,,,,,,,,1627,,,,,,,,,,,4.32,,,,,,,,,,,,,,,,,,,,,,,,,,,,,,,,,,,,,,,,,,,,,,,,,,,,,,,,,,,,,,,,,,
train_154,Базовое_масло_9,0862.25,26.675,,,,,,,,,,,,,,,,,5986,,,,,,,,,,,6.27,,,,,,,,,,,,,,,,,,,,,,,,,,,,,,,,,,,,,,,,,,,,,,,,,,,,,,,,,,,,,,,,,,
train_154,Депрессорная_присадка_1,0800.24,17.074,,,,,,,,,,,,,,,,,,,,,,,,,,,,305.4,,,,,,,,,,,,,,,,,,,,,,,,,,,,,,,,,,,,,,,,,,,,,,,,,,,,,,,,,,,,,,,,,,
train_154,Детергент_3,01714.24,41.872,,,,,,,,,,,,,,,,,,,,,,,,,,,,,,,,,,,,,,,,,,,,,,,,,,,,,,,,,,,,,,,,,,,,,,,,,,,,,,,,,,,,,,,,,,167.3,,,,
train_154,Детергент_5,02138.23,67.309,,,,,,,,,,,,,,,,,,,,,,,,,,,,,,,,,,,,,,,,,,,,,,,,,,,,,,,,,,,,,,,,,,,,,,,,,,,,,,,,,,,,,,,,,,,,,,
train_154,Детергент_8,01,30.536,,,,,,,,,,,,,,,,,,,,,,,,,,,,,,,,,,,,,,,,,,,,,,,,,,,,,,,,,,,,,,,,,,,,,,,,,,,,,,,,,,,,,,,,,,,,,,
train_154,Дисперсант_2,01025.23,65.686,,,,,,,,,,,,,,,,,,,,,,,,,,,,417.9,,,,,,,0.0009,,0.0027,,,0.0007,,0.0002,,,,,,,,,,,,,,,,,,,,,,,,,,,,,,,,,,,,,,,,,,,,,,,,17.5,,,,
train_154,Дисперсант_3,01030.23,31.092,,,,,,,,,,,,,,,,,,,,,,,,,,,,186.1,,,,,,,0.002,,0.048,,,0.002,,0.0001,,,,,,,,,,,,,,,,,,,,,,,,,,,,,,,,,,,,,,,,,,,,,,,,21,,,,
train_154,Загуститель_1,02344.24 10.3% в 2гр,18.056,,,,,,,,,,,,,,,,,,,,,,,,,,,,,,,,,,,,,,,,,,,,,,,,,,,,,,,,,,,,,,,,,,,,,,,,,,,,,,,,,,,,,,,,,,,,,,
train_154,Противоизносная_присадка_2,01026.23,25.852,,,,,,,,,,,,,,,,,,,,,,,,,,,,14.75,,,,,,,0.024,,16.58,,,8.13,,9.39,,,,,,,,,,,,,,,,,,,,,,,,,,,,,,,,,,,,,,,,,,,,,,,,,,,,
train_154,Соединение_молибдена_1,COMP-2023-0003-M,49.88,,,,,,,,,,,,,,,,,,,,,,,,,,,,,,,,,,,,,,,,,,,,,,,,,,,,,,,,,,,,,,,,,,,,,,,,,,,,,,,,,,,,,,,,,,,,,,
train_155,Антиоксидант_1,01028.23,0.422,,,,,,,,,,,,,,,,,,,,,,,,,,,,6.8,,,,,,,,,,,,,,,,,,,,,,,,,,,,,,,,,,,,,,,,,,,,,,,,,,,,,,,,,,,,,,0,0,,,
train_155,Антиоксидант_2,01623.24,23.42,,,,,,,,,,,,,,,,,,,,,,,,,,,,14.54,,,,,,,,,,,,,,,,,,,,,,,,,,,,,,,,,,,,,,,,,,,,,,,,,,,,,,,,,,,,,,138.8,,,,
train_155,Антипенная_присадка_1,12 от 13.05.2024,3.991,,,,,,,,,,,,,,,,,,,,,,,,,,,,,,,,,,,,,,,,,,,,,,,,,,,,,,,,,,,,,,,,,,,,,,,,,,,,,,,,,,,,,,,,,,,,,,
train_155,Базовое_масло_1,0766.24,82.003,,,,,,,,,,,,,,535,842,1398,2472,,,,113,,,13.3,,,,4.56,22.94,,,,,,0.0002,,0.00007,,,0.00002,,0.00004,,,,,,,,,,0,0,0,,,,,,,,,,,,,,,,,,,,,,,,-26,,,,,,,,,,,,,,,,
train_155,Базовое_масло_14,Р-10 от 13.05.2024,84.281,,,,,,,,,,,,,,,4,2,4,,,,,,,,,,,1.02,5.01,,,,,,,,,,,,,,,,,,,,,801.4,798,,,,,,,,,,,,,,,,,,,,,,,,,,,,,,,,,,,,,,,,,,,
train_155,Базовое_масло_6,0861.25,47.625,,,,,,,,,,,,,,,,,1627,,,,,,,,,,,4.32,,,,,,,,,,,,,,,,,,,,,,,,,,,,,,,,,,,,,,,,,,,,,,,,,,,,,,,,,,,,,,,,,,
train_155,Базовое_масло_9,0862.25,26.675,,,,,,,,,,,,,,,,,5986,,,,,,,,,,,6.27,,,,,,,,,,,,,,,,,,,,,,,,,,,,,,,,,,,,,,,,,,,,,,,,,,,,,,,,,,,,,,,,,,
train_155,Депрессорная_присадка_1,0800.24,17.074,,,,,,,,,,,,,,,,,,,,,,,,,,,,305.4,,,,,,,,,,,,,,,,,,,,,,,,,,,,,,,,,,,,,,,,,,,,,,,,,,,,,,,,,,,,,,,,,,
train_155,Детергент_3,01714.24,41.872,,,,,,,,,,,,,,,,,,,,,,,,,,,,,,,,,,,,,,,,,,,,,,,,,,,,,,,,,,,,,,,,,,,,,,,,,,,,,,,,,,,,,,,,,,167.3,,,,
train_155,Детергент_5,02138.23,67.309,,,,,,,,,,,,,,,,,,,,,,,,,,,,,,,,,,,,,,,,,,,,,,,,,,,,,,,,,,,,,,,,,,,,,,,,,,,,,,,,,,,,,,,,,,,,,,
train_155,Детергент_8,01,30.536,,,,,,,,,,,,,,,,,,,,,,,,,,,,,,,,,,,,,,,,,,,,,,,,,,,,,,,,,,,,,,,,,,,,,,,,,,,,,,,,,,,,,,,,,,,,,,
train_155,Дисперсант_2,01025.23,65.686,,,,,,,,,,,,,,,,,,,,,,,,,,,,417.9,,,,,,,0.0009,,0.0027,,,0.0007,,0.0002,,,,,,,,,,,,,,,,,,,,,,,,,,,,,,,,,,,,,,,,,,,,,,,,17.5,,,,
train_155,Дисперсант_3,01030.23,31.092,,,,,,,,,,,,,,,,,,,,,,,,,,,,186.1,,,,,,,0.002,,0.048,,,0.002,,0.0001,,,,,,,,,,,,,,,,,,,,,,,,,,,,,,,,,,,,,,,,,,,,,,,,21,,,,
train_155,Загуститель_1,02344.24 10.3% в 2гр,18.056,,,,,,,,,,,,,,,,,,,,,,,,,,,,,,,,,,,,,,,,,,,,,,,,,,,,,,,,,,,,,,,,,,,,,,,,,,,,,,,,,,,,,,,,,,,,,,
train_155,Противоизносная_присадка_2,01026.23,25.852,,,,,,,,,,,,,,,,,,,,,,,,,,,,14.75,,,,,,,0.024,,16.58,,,8.13,,9.39,,,,,,,,,,,,,,,,,,,,,,,,,,,,,,,,,,,,,,,,,,,,,,,,,,,,
train_155,Соединение_молибдена_1,COMP-2023-0003-M,49.88,,,,,,,,,,,,,,,,,,,,,,,,,,,,,,,,,,,,,,,,,,,,,,,,,,,,,,,,,,,,,,,,,,,,,,,,,,,,,,,,,,,,,,,,,,,,,,
train_156,Антиоксидант_1,01028.23,0.422,,,,,,,,,,,,,,,,,,,,,,,,,,,,6.8,,,,,,,,,,,,,,,,,,,,,,,,,,,,,,,,,,,,,,,,,,,,,,,,,,,,,,,,,,,,,,0,0,,,
train_156,Антиоксидант_2,01623.24,23.42,,,,,,,,,,,,,,,,,,,,,,,,,,,,14.54,,,,,,,,,,,,,,,,,,,,,,,,,,,,,,,,,,,,,,,,,,,,,,,,,,,,,,,,,,,,,,138.8,,,,
train_156,Антипенная_присадка_1,12 от 13.05.2024,3.991,,,,,,,,,,,,,,,,,,,,,,,,,,,,,,,,,,,,,,,,,,,,,,,,,,,,,,,,,,,,,,,,,,,,,,,,,,,,,,,,,,,,,,,,,,,,,,
train_156,Базовое_масло_1,0766.24,82.003,,,,,,,,,,,,,,535,842,1398,2472,,,,113,,,13.3,,,,4.56,22.94,,,,,,0.0002,,0.00007,,,0.00002,,0.00004,,,,,,,,,,0,0,0,,,,,,,,,,,,,,,,,,,,,,,,-26,,,,,,,,,,,,,,,,
train_156,Базовое_масло_14,Р-10 от 13.05.2024,84.281,,,,,,,,,,,,,,,4,2,4,,,,,,,,,,,1.02,5.01,,,,,,,,,,,,,,,,,,,,,801.4,798,,,,,,,,,,,,,,,,,,,,,,,,,,,,,,,,,,,,,,,,,,,
train_156,Базовое_масло_6,0861.25,96.154,,,,,,,,,,,,,,,,,1627,,,,,,,,,,,4.32,,,,,,,,,,,,,,,,,,,,,,,,,,,,,,,,,,,,,,,,,,,,,,,,,,,,,,,,,,,,,,,,,,
train_156,Базовое_масло_9,0862.25,71.795,,,,,,,,,,,,,,,,,5986,,,,,,,,,,,6.27,,,,,,,,,,,,,,,,,,,,,,,,,,,,,,,,,,,,,,,,,,,,,,,,,,,,,,,,,,,,,,,,,,
train_156,Депрессорная_присадка_1,0800.24,17.074,,,,,,,,,,,,,,,,,,,,,,,,,,,,305.4,,,,,,,,,,,,,,,,,,,,,,,,,,,,,,,,,,,,,,,,,,,,,,,,,,,,,,,,,,,,,,,,,,
train_156,Детергент_10,0688.25,62.199,,,,,,,,,,,,,,,,,,,,,,,,,,,,29.07,,,,,,,6.301,,0.519,,,,,,,,,,31591,,,,,,,,,,,,,,,,,,,,,,,,,,,,,,,,,,,,,,,,,,,158.2,163.6,,,
train_156,Детергент_5,02138.23,67.309,,,,,,,,,,,,,,,,,,,,,,,,,,,,,,,,,,,,,,,,,,,,,,,,,,,,,,,,,,,,,,,,,,,,,,,,,,,,,,,,,,,,,,,,,,,,,,
train_156,Детергент_8,01,30.536,,,,,,,,,,,,,,,,,,,,,,,,,,,,,,,,,,,,,,,,,,,,,,,,,,,,,,,,,,,,,,,,,,,,,,,,,,,,,,,,,,,,,,,,,,,,,,
train_156,Дисперсант_2,01025.23,65.686,,,,,,,,,,,,,,,,,,,,,,,,,,,,417.9,,,,,,,0.0009,,0.0027,,,0.0007,,0.0002,,,,,,,,,,,,,,,,,,,,,,,,,,,,,,,,,,,,,,,,,,,,,,,,17.5,,,,
train_156,Дисперсант_3,01030.23,31.092,,,,,,,,,,,,,,,,,,,,,,,,,,,,186.1,,,,,,,0.002,,0.048,,,0.002,,0.0001,,,,,,,,,,,,,,,,,,,,,,,,,,,,,,,,,,,,,,,,,,,,,,,,21,,,,
train_156,Загуститель_1,02344.24 10.3% в 2гр,18.056,,,,,,,,,,,,,,,,,,,,,,,,,,,,,,,,,,,,,,,,,,,,,,,,,,,,,,,,,,,,,,,,,,,,,,,,,,,,,,,,,,,,,,,,,,,,,,
train_156,Противоизносная_присадка_2,01026.23,25.852,,,,,,,,,,,,,,,,,,,,,,,,,,,,14.75,,,,,,,0.024,,16.58,,,8.13,,9.39,,,,,,,,,,,,,,,,,,,,,,,,,,,,,,,,,,,,,,,,,,,,,,,,,,,,
train_156,Соединение_молибдена_1,COMP-2023-0003-M,49.88,,,,,,,,,,,,,,,,,,,,,,,,,,,,,,,,,,,,,,,,,,,,,,,,,,,,,,,,,,,,,,,,,,,,,,,,,,,,,,,,,,,,,,,,,,,,,,
train_157,Антиоксидант_1,01028.23,0.422,,,,,,,,,,,,,,,,,,,,,,,,,,,,6.8,,,,,,,,,,,,,,,,,,,,,,,,,,,,,,,,,,,,,,,,,,,,,,,,,,,,,,,,,,,,,,0,0,,,
train_157,Антиоксидант_2,01623.24,23.42,,,,,,,,,,,,,,,,,,,,,,,,,,,,14.54,,,,,,,,,,,,,,,,,,,,,,,,,,,,,,,,,,,,,,,,,,,,,,,,,,,,,,,,,,,,,,138.8,,,,
train_157,Антипенная_присадка_1,12 от 13.05.2024,3.991,,,,,,,,,,,,,,,,,,,,,,,,,,,,,,,,,,,,,,,,,,,,,,,,,,,,,,,,,,,,,,,,,,,,,,,,,,,,,,,,,,,,,,,,,,,,,,
train_157,Базовое_масло_1,0766.24,82.003,,,,,,,,,,,,,,535,842,1398,2472,,,,113,,,13.3,,,,4.56,22.94,,,,,,0.0002,,0.00007,,,0.00002,,0.00004,,,,,,,,,,0,0,0,,,,,,,,,,,,,,,,,,,,,,,,-26,,,,,,,,,,,,,,,,
train_157,Базовое_масло_14,Р-10 от 13.05.2024,84.281,,,,,,,,,,,,,,,4,2,4,,,,,,,,,,,1.02,5.01,,,,,,,,,,,,,,,,,,,,,801.4,798,,,,,,,,,,,,,,,,,,,,,,,,,,,,,,,,,,,,,,,,,,,
train_157,Базовое_масло_6,0861.25,96.154,,,,,,,,,,,,,,,,,1627,,,,,,,,,,,4.32,,,,,,,,,,,,,,,,,,,,,,,,,,,,,,,,,,,,,,,,,,,,,,,,,,,,,,,,,,,,,,,,,,
train_157,Базовое_масло_9,0862.25,71.795,,,,,,,,,,,,,,,,,5986,,,,,,,,,,,6.27,,,,,,,,,,,,,,,,,,,,,,,,,,,,,,,,,,,,,,,,,,,,,,,,,,,,,,,,,,,,,,,,,,
train_157,Депрессорная_присадка_1,0800.24,17.074,,,,,,,,,,,,,,,,,,,,,,,,,,,,305.4,,,,,,,,,,,,,,,,,,,,,,,,,,,,,,,,,,,,,,,,,,,,,,,,,,,,,,,,,,,,,,,,,,
train_157,Детергент_10,0688.25,62.199,,,,,,,,,,,,,,,,,,,,,,,,,,,,29.07,,,,,,,6.301,,0.519,,,,,,,,,,31591,,,,,,,,,,,,,,,,,,,,,,,,,,,,,,,,,,,,,,,,,,,158.2,163.6,,,
train_157,Детергент_5,02138.23,67.309,,,,,,,,,,,,,,,,,,,,,,,,,,,,,,,,,,,,,,,,,,,,,,,,,,,,,,,,,,,,,,,,,,,,,,,,,,,,,,,,,,,,,,,,,,,,,,
train_157,Детергент_8,01,30.536,,,,,,,,,,,,,,,,,,,,,,,,,,,,,,,,,,,,,,,,,,,,,,,,,,,,,,,,,,,,,,,,,,,,,,,,,,,,,,,,,,,,,,,,,,,,,,
train_157,Дисперсант_2,01025.23,65.686,,,,,,,,,,,,,,,,,,,,,,,,,,,,417.9,,,,,,,0.0009,,0.0027,,,0.0007,,0.0002,,,,,,,,,,,,,,,,,,,,,,,,,,,,,,,,,,,,,,,,,,,,,,,,17.5,,,,
train_157,Дисперсант_3,01030.23,31.092,,,,,,,,,,,,,,,,,,,,,,,,,,,,186.1,,,,,,,0.002,,0.048,,,0.002,,0.0001,,,,,,,,,,,,,,,,,,,,,,,,,,,,,,,,,,,,,,,,,,,,,,,,21,,,,
train_157,Загуститель_1,02344.24 10.3% в 2гр,18.056,,,,,,,,,,,,,,,,,,,,,,,,,,,,,,,,,,,,,,,,,,,,,,,,,,,,,,,,,,,,,,,,,,,,,,,,,,,,,,,,,,,,,,,,,,,,,,
train_157,Противоизносная_присадка_2,01026.23,25.852,,,,,,,,,,,,,,,,,,,,,,,,,,,,14.75,,,,,,,0.024,,16.58,,,8.13,,9.39,,,,,,,,,,,,,,,,,,,,,,,,,,,,,,,,,,,,,,,,,,,,,,,,,,,,
train_157,Соединение_молибдена_1,COMP-2023-0003-M,49.88,,,,,,,,,,,,,,,,,,,,,,,,,,,,,,,,,,,,,,,,,,,,,,,,,,,,,,,,,,,,,,,,,,,,,,,,,,,,,,,,,,,,,,,,,,,,,,
train_158,Антиоксидант_1,01028.23,0.422,,,,,,,,,,,,,,,,,,,,,,,,,,,,6.8,,,,,,,,,,,,,,,,,,,,,,,,,,,,,,,,,,,,,,,,,,,,,,,,,,,,,,,,,,,,,,0,0,,,
train_158,Антиоксидант_2,01623.24,23.42,,,,,,,,,,,,,,,,,,,,,,,,,,,,14.54,,,,,,,,,,,,,,,,,,,,,,,,,,,,,,,,,,,,,,,,,,,,,,,,,,,,,,,,,,,,,,138.8,,,,
train_158,Антипенная_присадка_1,12 от 13.05.2024,3.991,,,,,,,,,,,,,,,,,,,,,,,,,,,,,,,,,,,,,,,,,,,,,,,,,,,,,,,,,,,,,,,,,,,,,,,,,,,,,,,,,,,,,,,,,,,,,,
train_158,Базовое_масло_1,0766.24,82.003,,,,,,,,,,,,,,535,842,1398,2472,,,,113,,,13.3,,,,4.56,22.94,,,,,,0.0002,,0.00007,,,0.00002,,0.00004,,,,,,,,,,0,0,0,,,,,,,,,,,,,,,,,,,,,,,,-26,,,,,,,,,,,,,,,,
train_158,Базовое_масло_14,Р-10 от 13.05.2024,84.281,,,,,,,,,,,,,,,4,2,4,,,,,,,,,,,1.02,5.01,,,,,,,,,,,,,,,,,,,,,801.4,798,,,,,,,,,,,,,,,,,,,,,,,,,,,,,,,,,,,,,,,,,,,
train_158,Базовое_масло_6,0861.25,96.154,,,,,,,,,,,,,,,,,1627,,,,,,,,,,,4.32,,,,,,,,,,,,,,,,,,,,,,,,,,,,,,,,,,,,,,,,,,,,,,,,,,,,,,,,,,,,,,,,,,
train_158,Базовое_масло_9,0862.25,71.795,,,,,,,,,,,,,,,,,5986,,,,,,,,,,,6.27,,,,,,,,,,,,,,,,,,,,,,,,,,,,,,,,,,,,,,,,,,,,,,,,,,,,,,,,,,,,,,,,,,
train_158,Депрессорная_присадка_1,0800.24,17.074,,,,,,,,,,,,,,,,,,,,,,,,,,,,305.4,,,,,,,,,,,,,,,,,,,,,,,,,,,,,,,,,,,,,,,,,,,,,,,,,,,,,,,,,,,,,,,,,,
train_158,Детергент_4,02849.22,62.199,,,,,,,,,,,,,,,,,,,,,,,,,,,,15.66,,,,,,,5.392,,2.378,,,0.95,,1.114,,,,,,,,,,,,,,,,,,,,,,,,,,,,,,,,,,,,,,,,,,,,,,,,151.3,148.6,,,
train_158,Детергент_5,02138.23,67.309,,,,,,,,,,,,,,,,,,,,,,,,,,,,,,,,,,,,,,,,,,,,,,,,,,,,,,,,,,,,,,,,,,,,,,,,,,,,,,,,,,,,,,,,,,,,,,
train_158,Детергент_8,01,30.536,,,,,,,,,,,,,,,,,,,,,,,,,,,,,,,,,,,,,,,,,,,,,,,,,,,,,,,,,,,,,,,,,,,,,,,,,,,,,,,,,,,,,,,,,,,,,,
train_158,Дисперсант_2,01025.23,65.686,,,,,,,,,,,,,,,,,,,,,,,,,,,,417.9,,,,,,,0.0009,,0.0027,,,0.0007,,0.0002,,,,,,,,,,,,,,,,,,,,,,,,,,,,,,,,,,,,,,,,,,,,,,,,17.5,,,,
train_158,Дисперсант_3,01030.23,31.092,,,,,,,,,,,,,,,,,,,,,,,,,,,,186.1,,,,,,,0.002,,0.048,,,0.002,,0.0001,,,,,,,,,,,,,,,,,,,,,,,,,,,,,,,,,,,,,,,,,,,,,,,,21,,,,
train_158,Загуститель_1,02344.24 10.3% в 2гр,18.056,,,,,,,,,,,,,,,,,,,,,,,,,,,,,,,,,,,,,,,,,,,,,,,,,,,,,,,,,,,,,,,,,,,,,,,,,,,,,,,,,,,,,,,,,,,,,,
train_158,Противоизносная_присадка_2,01026.23,25.852,,,,,,,,,,,,,,,,,,,,,,,,,,,,14.75,,,,,,,0.024,,16.58,,,8.13,,9.39,,,,,,,,,,,,,,,,,,,,,,,,,,,,,,,,,,,,,,,,,,,,,,,,,,,,
train_158,Соединение_молибдена_1,COMP-2023-0003-M,49.88,,,,,,,,,,,,,,,,,,,,,,,,,,,,,,,,,,,,,,,,,,,,,,,,,,,,,,,,,,,,,,,,,,,,,,,,,,,,,,,,,,,,,,,,,,,,,,
train_159,Антиоксидант_1,01028.23,0.422,,,,,,,,,,,,,,,,,,,,,,,,,,,,6.8,,,,,,,,,,,,,,,,,,,,,,,,,,,,,,,,,,,,,,,,,,,,,,,,,,,,,,,,,,,,,,0,0,,,
train_159,Антиоксидант_2,01623.24,23.42,,,,,,,,,,,,,,,,,,,,,,,,,,,,14.54,,,,,,,,,,,,,,,,,,,,,,,,,,,,,,,,,,,,,,,,,,,,,,,,,,,,,,,,,,,,,,138.8,,,,
train_159,Антипенная_присадка_1,12 от 13.05.2024,3.991,,,,,,,,,,,,,,,,,,,,,,,,,,,,,,,,,,,,,,,,,,,,,,,,,,,,,,,,,,,,,,,,,,,,,,,,,,,,,,,,,,,,,,,,,,,,,,
train_159,Базовое_масло_1,0766.24,82.003,,,,,,,,,,,,,,535,842,1398,2472,,,,113,,,13.3,,,,4.56,22.94,,,,,,0.0002,,0.00007,,,0.00002,,0.00004,,,,,,,,,,0,0,0,,,,,,,,,,,,,,,,,,,,,,,,-26,,,,,,,,,,,,,,,,
train_159,Базовое_масло_14,Р-10 от 13.05.2024,84.281,,,,,,,,,,,,,,,4,2,4,,,,,,,,,,,1.02,5.01,,,,,,,,,,,,,,,,,,,,,801.4,798,,,,,,,,,,,,,,,,,,,,,,,,,,,,,,,,,,,,,,,,,,,
train_159,Базовое_масло_6,0861.25,96.154,,,,,,,,,,,,,,,,,1627,,,,,,,,,,,4.32,,,,,,,,,,,,,,,,,,,,,,,,,,,,,,,,,,,,,,,,,,,,,,,,,,,,,,,,,,,,,,,,,,
train_159,Базовое_масло_9,0862.25,71.795,,,,,,,,,,,,,,,,,5986,,,,,,,,,,,6.27,,,,,,,,,,,,,,,,,,,,,,,,,,,,,,,,,,,,,,,,,,,,,,,,,,,,,,,,,,,,,,,,,,
train_159,Депрессорная_присадка_1,0800.24,17.074,,,,,,,,,,,,,,,,,,,,,,,,,,,,305.4,,,,,,,,,,,,,,,,,,,,,,,,,,,,,,,,,,,,,,,,,,,,,,,,,,,,,,,,,,,,,,,,,,
train_159,Детергент_4,02849.22,62.199,,,,,,,,,,,,,,,,,,,,,,,,,,,,15.66,,,,,,,5.392,,2.378,,,0.95,,1.114,,,,,,,,,,,,,,,,,,,,,,,,,,,,,,,,,,,,,,,,,,,,,,,,151.3,148.6,,,
train_159,Детергент_5,02138.23,67.309,,,,,,,,,,,,,,,,,,,,,,,,,,,,,,,,,,,,,,,,,,,,,,,,,,,,,,,,,,,,,,,,,,,,,,,,,,,,,,,,,,,,,,,,,,,,,,
train_159,Детергент_8,01,30.536,,,,,,,,,,,,,,,,,,,,,,,,,,,,,,,,,,,,,,,,,,,,,,,,,,,,,,,,,,,,,,,,,,,,,,,,,,,,,,,,,,,,,,,,,,,,,,
train_159,Дисперсант_2,01025.23,65.686,,,,,,,,,,,,,,,,,,,,,,,,,,,,417.9,,,,,,,0.0009,,0.0027,,,0.0007,,0.0002,,,,,,,,,,,,,,,,,,,,,,,,,,,,,,,,,,,,,,,,,,,,,,,,17.5,,,,
train_159,Дисперсант_3,01030.23,31.092,,,,,,,,,,,,,,,,,,,,,,,,,,,,186.1,,,,,,,0.002,,0.048,,,0.002,,0.0001,,,,,,,,,,,,,,,,,,,,,,,,,,,,,,,,,,,,,,,,,,,,,,,,21,,,,
train_159,Загуститель_1,02344.24 10.3% в 2гр,18.056,,,,,,,,,,,,,,,,,,,,,,,,,,,,,,,,,,,,,,,,,,,,,,,,,,,,,,,,,,,,,,,,,,,,,,,,,,,,,,,,,,,,,,,,,,,,,,
train_159,Противоизносная_присадка_2,01026.23,25.852,,,,,,,,,,,,,,,,,,,,,,,,,,,,14.75,,,,,,,0.024,,16.58,,,8.13,,9.39,,,,,,,,,,,,,,,,,,,,,,,,,,,,,,,,,,,,,,,,,,,,,,,,,,,,
train_159,Соединение_молибдена_1,COMP-2023-0003-M,49.88,,,,,,,,,,,,,,,,,,,,,,,,,,,,,,,,,,,,,,,,,,,,,,,,,,,,,,,,,,,,,,,,,,,,,,,,,,,,,,,,,,,,,,,,,,,,,,
train_160,Антиоксидант_1,01028.23,0.422,,,,,,,,,,,,,,,,,,,,,,,,,,,,6.8,,,,,,,,,,,,,,,,,,,,,,,,,,,,,,,,,,,,,,,,,,,,,,,,,,,,,,,,,,,,,,0,0,,,
train_160,Антиоксидант_2,01623.24,23.42,,,,,,,,,,,,,,,,,,,,,,,,,,,,14.54,,,,,,,,,,,,,,,,,,,,,,,,,,,,,,,,,,,,,,,,,,,,,,,,,,,,,,,,,,,,,,138.8,,,,
train_160,Антипенная_присадка_1,12 от 13.05.2024,3.991,,,,,,,,,,,,,,,,,,,,,,,,,,,,,,,,,,,,,,,,,,,,,,,,,,,,,,,,,,,,,,,,,,,,,,,,,,,,,,,,,,,,,,,,,,,,,,
train_160,Базовое_масло_1,0766.24,82.003,,,,,,,,,,,,,,535,842,1398,2472,,,,113,,,13.3,,,,4.56,22.94,,,,,,0.0002,,0.00007,,,0.00002,,0.00004,,,,,,,,,,0,0,0,,,,,,,,,,,,,,,,,,,,,,,,-26,,,,,,,,,,,,,,,,
train_160,Базовое_масло_14,Р-10 от 13.05.2024,84.281,,,,,,,,,,,,,,,4,2,4,,,,,,,,,,,1.02,5.01,,,,,,,,,,,,,,,,,,,,,801.4,798,,,,,,,,,,,,,,,,,,,,,,,,,,,,,,,,,,,,,,,,,,,
train_160,Базовое_масло_6,0861.25,96.154,,,,,,,,,,,,,,,,,1627,,,,,,,,,,,4.32,,,,,,,,,,,,,,,,,,,,,,,,,,,,,,,,,,,,,,,,,,,,,,,,,,,,,,,,,,,,,,,,,,
train_160,Базовое_масло_9,0862.25,71.795,,,,,,,,,,,,,,,,,5986,,,,,,,,,,,6.27,,,,,,,,,,,,,,,,,,,,,,,,,,,,,,,,,,,,,,,,,,,,,,,,,,,,,,,,,,,,,,,,,,
train_160,Депрессорная_присадка_1,0800.24,17.074,,,,,,,,,,,,,,,,,,,,,,,,,,,,305.4,,,,,,,,,,,,,,,,,,,,,,,,,,,,,,,,,,,,,,,,,,,,,,,,,,,,,,,,,,,,,,,,,,
train_160,Детергент_4,02849.22,62.199,,,,,,,,,,,,,,,,,,,,,,,,,,,,15.66,,,,,,,5.392,,2.378,,,0.95,,1.114,,,,,,,,,,,,,,,,,,,,,,,,,,,,,,,,,,,,,,,,,,,,,,,,151.3,148.6,,,
train_160,Детергент_5,02138.23,67.309,,,,,,,,,,,,,,,,,,,,,,,,,,,,,,,,,,,,,,,,,,,,,,,,,,,,,,,,,,,,,,,,,,,,,,,,,,,,,,,,,,,,,,,,,,,,,,
train_160,Детергент_8,01,30.536,,,,,,,,,,,,,,,,,,,,,,,,,,,,,,,,,,,,,,,,,,,,,,,,,,,,,,,,,,,,,,,,,,,,,,,,,,,,,,,,,,,,,,,,,,,,,,
train_160,Дисперсант_2,01025.23,65.686,,,,,,,,,,,,,,,,,,,,,,,,,,,,417.9,,,,,,,0.0009,,0.0027,,,0.0007,,0.0002,,,,,,,,,,,,,,,,,,,,,,,,,,,,,,,,,,,,,,,,,,,,,,,,17.5,,,,
train_160,Дисперсант_3,01030.23,31.092,,,,,,,,,,,,,,,,,,,,,,,,,,,,186.1,,,,,,,0.002,,0.048,,,0.002,,0.0001,,,,,,,,,,,,,,,,,,,,,,,,,,,,,,,,,,,,,,,,,,,,,,,,21,,,,
train_160,Загуститель_1,02344.24 10.3% в 2гр,18.056,,,,,,,,,,,,,,,,,,,,,,,,,,,,,,,,,,,,,,,,,,,,,,,,,,,,,,,,,,,,,,,,,,,,,,,,,,,,,,,,,,,,,,,,,,,,,,
train_160,Противоизносная_присадка_2,01026.23,25.852,,,,,,,,,,,,,,,,,,,,,,,,,,,,14.75,,,,,,,0.024,,16.58,,,8.13,,9.39,,,,,,,,,,,,,,,,,,,,,,,,,,,,,,,,,,,,,,,,,,,,,,,,,,,,
train_160,Соединение_молибдена_1,COMP-2023-0003-M,49.88,,,,,,,,,,,,,,,,,,,,,,,,,,,,,,,,,,,,,,,,,,,,,,,,,,,,,,,,,,,,,,,,,,,,,,,,,,,,,,,,,,,,,,,,,,,,,,
train_161,Антиоксидант_1,01028.23,0.422,,,,,,,,,,,,,,,,,,,,,,,,,,,,6.8,,,,,,,,,,,,,,,,,,,,,,,,,,,,,,,,,,,,,,,,,,,,,,,,,,,,,,,,,,,,,,0,0,,,
train_161,Антиоксидант_2,01623.24,23.42,,,,,,,,,,,,,,,,,,,,,,,,,,,,14.54,,,,,,,,,,,,,,,,,,,,,,,,,,,,,,,,,,,,,,,,,,,,,,,,,,,,,,,,,,,,,,138.8,,,,
train_161,Антипенная_присадка_1,12 от 13.05.2024,3.991,,,,,,,,,,,,,,,,,,,,,,,,,,,,,,,,,,,,,,,,,,,,,,,,,,,,,,,,,,,,,,,,,,,,,,,,,,,,,,,,,,,,,,,,,,,,,,
train_161,Базовое_масло_1,0766.24,82.003,,,,,,,,,,,,,,535,842,1398,2472,,,,113,,,13.3,,,,4.56,22.94,,,,,,0.0002,,0.00007,,,0.00002,,0.00004,,,,,,,,,,0,0,0,,,,,,,,,,,,,,,,,,,,,,,,-26,,,,,,,,,,,,,,,,
train_161,Базовое_масло_14,Р-10 от 13.05.2024,84.281,,,,,,,,,,,,,,,4,2,4,,,,,,,,,,,1.02,5.01,,,,,,,,,,,,,,,,,,,,,801.4,798,,,,,,,,,,,,,,,,,,,,,,,,,,,,,,,,,,,,,,,,,,,
train_161,Базовое_масло_6,0861.25,57.066,,,,,,,,,,,,,,,,,1627,,,,,,,,,,,4.32,,,,,,,,,,,,,,,,,,,,,,,,,,,,,,,,,,,,,,,,,,,,,,,,,,,,,,,,,,,,,,,,,,
train_161,Базовое_масло_9,0862.25,26.675,,,,,,,,,,,,,,,,,5986,,,,,,,,,,,6.27,,,,,,,,,,,,,,,,,,,,,,,,,,,,,,,,,,,,,,,,,,,,,,,,,,,,,,,,,,,,,,,,,,
train_161,Депрессорная_присадка_1,0800.24,17.074,,,,,,,,,,,,,,,,,,,,,,,,,,,,305.4,,,,,,,,,,,,,,,,,,,,,,,,,,,,,,,,,,,,,,,,,,,,,,,,,,,,,,,,,,,,,,,,,,
train_161,Детергент_3,01714.24,41.872,,,,,,,,,,,,,,,,,,,,,,,,,,,,,,,,,,,,,,,,,,,,,,,,,,,,,,,,,,,,,,,,,,,,,,,,,,,,,,,,,,,,,,,,,,167.3,,,,
train_161,Детергент_5,02138.23,67.309,,,,,,,,,,,,,,,,,,,,,,,,,,,,,,,,,,,,,,,,,,,,,,,,,,,,,,,,,,,,,,,,,,,,,,,,,,,,,,,,,,,,,,,,,,,,,,
train_161,Детергент_8,01,30.536,,,,,,,,,,,,,,,,,,,,,,,,,,,,,,,,,,,,,,,,,,,,,,,,,,,,,,,,,,,,,,,,,,,,,,,,,,,,,,,,,,,,,,,,,,,,,,
train_161,Дисперсант_2,01025.23,65.686,,,,,,,,,,,,,,,,,,,,,,,,,,,,417.9,,,,,,,0.0009,,0.0027,,,0.0007,,0.0002,,,,,,,,,,,,,,,,,,,,,,,,,,,,,,,,,,,,,,,,,,,,,,,,17.5,,,,
train_161,Дисперсант_3,01030.23,31.092,,,,,,,,,,,,,,,,,,,,,,,,,,,,186.1,,,,,,,0.002,,0.048,,,0.002,,0.0001,,,,,,,,,,,,,,,,,,,,,,,,,,,,,,,,,,,,,,,,,,,,,,,,21,,,,
train_161,Загуститель_1,02344.24 10.3% в 2гр,18.056,,,,,,,,,,,,,,,,,,,,,,,,,,,,,,,,,,,,,,,,,,,,,,,,,,,,,,,,,,,,,,,,,,,,,,,,,,,,,,,,,,,,,,,,,,,,,,
train_161,Противоизносная_присадка_1,0812.24,81.319,,,,,,,,,,,,,,,,,,,,,,,,,,,,,,,,,,,,,,,,,,,,,,,,,,,,,,,,,,,,,,,,,,,,,,,,,,,,,,,,,,,,,,,,,,,,,,
train_161,Соединение_молибдена_1,COMP-2023-0003-M,49.88,,,,,,,,,,,,,,,,,,,,,,,,,,,,,,,,,,,,,,,,,,,,,,,,,,,,,,,,,,,,,,,,,,,,,,,,,,,,,,,,,,,,,,,,,,,,,,
train_162,Базовое_масло_1,02375.24,45.981,,,,,,,,,,,,,,491,777,1321,2359,,,,112,,,,,,,4.52,22.72,,,,,,,,,,,,,,,,,,,,,,,,,,,,,,,,,,,,,,,,,,,,,,,,,-26,,,,,,,,,,,,,,,,
train_162,Базовое_масло_1,0760.25,47.198,,,,,,,,,,,,,,,781,1258,2198,4047,,,113,,,,,,,4.43,21.84,,,,,,,,,,,,,,,,,,,,,843.5,840.3,,,,,,,,,,,,,,,,,,,,,,,,,,,-23,,,,,,,,,,,,,,,,
train_162,Базовое_масло_5,0962.25,25.032,,,,,,,,,,,,,,,,,,,,,120,,,,,,,8.06,53.5,,,,,,,,,,,,,,,,,,,,,,,,,,,,,,,,,,,,,,,,,,,,,,,,,-11,,,,,,,,,,,,,,,,
train_162,Депрессорная_присадка_1,DPM-301,17.074,,,,,,,,,,,,,,,,,,,,,,,,,,,,,,,,,,,,,,,,,,,,,,,,,,,,,,,,,,,,,,,,,,,,,,,,,,,,,,,,,,,,,,,,,,,,,,
train_162,Детергент_1,0432.25,73.075,,,,,,,,,,,,,,,,,,,,,,,,,,,,,,,,,,,15.76,,,,,,,,,,,,,,,,,,,,,,,,,,,,,,,,,,,,,,,,,,,,,,,,,,,,,,,410.9,,,,
train_162,Загуститель_1,02344.24 10.3% в 2гр,38.686,,,,,,,,,,,,,,,,,,,,,,,,,,,,,,,,,,,,,,,,,,,,,,,,,,,,,,,,,,,,,,,,,,,,,,,,,,,,,,,,,,,,,,,,,,,,,,
train_162,Противоизносная_присадка_6,01036.25,60.489,,,,,,,,,,,,,,,,,,,,,,,,,,,,,,,,,,,,,,,,,,,,,,,,,,,,,,,,,,,,,,,,,,,,,,,,,,,,,,,,,,,,,,,,,,,,,,
train_163,Базовое_масло_1,0760.25,72.344,,,,,,,,,,,,,,,781,1258,2198,4047,,,113,,,,,,,4.43,21.84,,,,,,,,,,,,,,,,,,,,,843.5,840.3,,,,,,,,,,,,,,,,,,,,,,,,,,,-23,,,,,,,,,,,,,,,,
train_163,Базовое_масло_5,01056.25,44.989,,,,,,,,,,,,,,,3534,6400,12688,25376,,,,,,,,,,8.09,54.13,,,,,,,,,,,,,,,,,,,,,,,,,,,,,,,,,,,,,,,,,,,,,,,,,0,,,,,,,,,,,,,,,,
train_163,Депрессорная_присадка_1,0862.24,56.357,,,,,,,,,,,,,,,,,,,,,,,,,,,,315.1,1828,,,,,,,,,,,,,,,,,,,,,,,,,,,,,,,,,,,,,,,,,,,,,,,,,,,,,,,,,,,,,,,,,
train_163,Детергент_1,9521.25,73.075,,,,,,,,,,,,,,,,,,,,,,,,,,,,,,,,,,,,,,,,,,,,,,,,,,,,,,,,,,,,,,,,,,,,,,,,,,,,,,,,,,,,,,,,,,,,,,
train_163,Загуститель_1,с ЦП/MSF,54.447,,,,,,,,,,,,,,,,,,,,,,,,,,,,,,,,,,,,,,,,,,,,,,,,,,,,,,,,,,,,,,,,,,,,,,,,,,,,,,,,,,,,,,,,,,,,,,
train_163,Противоизносная_присадка_6,01036.25,60.489,,,,,,,,,,,,,,,,,,,,,,,,,,,,,,,,,,,,,,,,,,,,,,,,,,,,,,,,,,,,,,,,,,,,,,,,,,,,,,,,,,,,,,,,,,,,,,
train_164,Базовое_масло_1,0760.25,84.276,,,,,,,,,,,,,,,781,1258,2198,4047,,,113,,,,,,,4.43,21.84,,,,,,,,,,,,,,,,,,,,,843.5,840.3,,,,,,,,,,,,,,,,,,,,,,,,,,,-23,,,,,,,,,,,,,,,,
train_164,Базовое_масло_2,0858.25,41.161,,,,,,,,,,,,,,,,,,,,,101,,,,,,,5.393,32.12,,,,,,,,,,,,,,,,,,,,,,,,,,,,,,,,,,,,,,,,,,,,,,,,,,,,,,,,,,,,,,,,,
train_164,Базовое_масло_5,01056.25,89.598,,,,,,,,,,,,,,,3534,6400,12688,25376,,,,,,,,,,8.09,54.13,,,,,,,,,,,,,,,,,,,,,,,,,,,,,,,,,,,,,,,,,,,,,,,,,0,,,,,,,,,,,,,,,,
train_164,Базовое_масло_7,0566.25,55.085,,,,,,,,,,,,,,,12103,24200,48400,,,,92,,,,,,,9.15,77.39,,,,,,,,,,,,,,,,,,,,,,,,,,,,,,,,,,,,,,,,,,,,,,,,,-15,,,,,,,,,,,,,,,,
train_164,Депрессорная_присадка_1,0862.24,38.014,,,,,,,,,,,,,,,,,,,,,,,,,,,,315.1,1828,,,,,,,,,,,,,,,,,,,,,,,,,,,,,,,,,,,,,,,,,,,,,,,,,,,,,,,,,,,,,,,,,
train_164,Детергент_1,9521.25,73.075,,,,,,,,,,,,,,,,,,,,,,,,,,,,,,,,,,,,,,,,,,,,,,,,,,,,,,,,,,,,,,,,,,,,,,,,,,,,,,,,,,,,,,,,,,,,,,
train_164,Загуститель_1,с ЦП/MSF,50.431,,,,,,,,,,,,,,,,,,,,,,,,,,,,,,,,,,,,,,,,,,,,,,,,,,,,,,,,,,,,,,,,,,,,,,,,,,,,,,,,,,,,,,,,,,,,,,
train_164,Противоизносная_присадка_6,01036.25,60.489,,,,,,,,,,,,,,,,,,,,,,,,,,,,,,,,,,,,,,,,,,,,,,,,,,,,,,,,,,,,,,,,,,,,,,,,,,,,,,,,,,,,,,,,,,,,,,
train_165,Антипенная_присадка_1,12 от 13.05.2024,3.991,,,,,,,,,,,,,,,,,,,,,,,,,,,,,,,,,,,,,,,,,,,,,,,,,,,,,,,,,,,,,,,,,,,,,,,,,,,,,,,,,,,,,,,,,,,,,,
train_165,Базовое_масло_1,0766.24,82.003,,,,,,,,,,,,,,535,842,1398,2472,,,,113,,,13.3,,,,4.56,22.94,,,,,,0.0002,,0.00007,,,0.00002,,0.00004,,,,,,,,,,0,0,0,,,,,,,,,,,,,,,,,,,,,,,,-26,,,,,,,,,,,,,,,,
train_165,Базовое_масло_14,Р-10 от 13.05.2024,84.281,,,,,,,,,,,,,,,4,2,4,,,,,,,,,,,1.02,5.01,,,,,,,,,,,,,,,,,,,,,801.4,798,,,,,,,,,,,,,,,,,,,,,,,,,,,,,,,,,,,,,,,,,,,
train_165,Базовое_масло_6,для С3 01342.25,52.35,,,,,,,,,,,,,,,,,1732,,,,,,,,,,,4.45,,,,,,,,,,,,,,,,,,,,,,,,,,,,,,,,,,,,,,,,,,,,,,,,,,,,,,,,,,,,,,,,,,
train_165,Базовое_масло_9,0768.24,63.196,,,,,,,,,2.5,,,,,1325,2226,3936,7364,,,,117,,,,,,,6.55,40.37,,,,,,0.00068,,0.00106,,,0.00015,,0.00018,,,,,,,,801.3,797.7,0,0,0,,,,,,,,,,,,,,,,,,,,,,,,-25,,50,,,,,,,,,,,,,,
train_165,Депрессорная_присадка_1,0800.24,17.074,,,,,,,,,,,,,,,,,,,,,,,,,,,,305.4,,,,,,,,,,,,,,,,,,,,,,,,,,,,,,,,,,,,,,,,,,,,,,,,,,,,,,,,,,,,,,,,,,
train_165,Детергент_1,01777.25,8.666,,,,,,,,,,,,,,,,,,,,,,,,,,,,,,,,,,,,,,,,,,,,,,,,,,,,,,,,,,,,,,,,,,,,,,,,,,,,,,,,,,,,,,,,,,,,,,
train_165,Загуститель_1,01124.25 10.3% 2гр,18.056,,,,,,,,,,,,,,,,,,,,,,,,,,,,,,,,,,,,,,,,,,,,,,,,,,,,,,,,,,,,,,,,,,,,,,,,,,,,,,,,,,,,,,,,,,,,,,
train_165,Противоизносная_присадка_3,041.25,10.313,,,,,,,,,,,,,,,,,,,,,,,,,,,,,,,,,,,,,,,,,,,,,,,,,,,,,,,,,,,,,,,,,,,,,,,,,,,,,,,,,,,,,,,,,,,,,,
train_166,Антипенная_присадка_1,12 от 13.05.2024,3.991,,,,,,,,,,,,,,,,,,,,,,,,,,,,,,,,,,,,,,,,,,,,,,,,,,,,,,,,,,,,,,,,,,,,,,,,,,,,,,,,,,,,,,,,,,,,,,
train_166,Базовое_масло_1,0766.24,82.003,,,,,,,,,,,,,,535,842,1398,2472,,,,113,,,13.3,,,,4.56,22.94,,,,,,0.0002,,0.00007,,,0.00002,,0.00004,,,,,,,,,,0,0,0,,,,,,,,,,,,,,,,,,,,,,,,-26,,,,,,,,,,,,,,,,
train_166,Базовое_масло_14,Р-10 от 13.05.2024,84.281,,,,,,,,,,,,,,,4,2,4,,,,,,,,,,,1.02,5.01,,,,,,,,,,,,,,,,,,,,,801.4,798,,,,,,,,,,,,,,,,,,,,,,,,,,,,,,,,,,,,,,,,,,,
train_166,Базовое_масло_6,для С3 01342.25,52.35,,,,,,,,,,,,,,,,,1732,,,,,,,,,,,4.45,,,,,,,,,,,,,,,,,,,,,,,,,,,,,,,,,,,,,,,,,,,,,,,,,,,,,,,,,,,,,,,,,,
train_166,Базовое_масло_9,0768.24,63.196,,,,,,,,,2.5,,,,,1325,2226,3936,7364,,,,117,,,,,,,6.55,40.37,,,,,,0.00068,,0.00106,,,0.00015,,0.00018,,,,,,,,801.3,797.7,0,0,0,,,,,,,,,,,,,,,,,,,,,,,,-25,,50,,,,,,,,,,,,,,
train_166,Депрессорная_присадка_1,0800.24,17.074,,,,,,,,,,,,,,,,,,,,,,,,,,,,305.4,,,,,,,,,,,,,,,,,,,,,,,,,,,,,,,,,,,,,,,,,,,,,,,,,,,,,,,,,,,,,,,,,,
train_166,Детергент_1,01777.25,8.666,,,,,,,,,,,,,,,,,,,,,,,,,,,,,,,,,,,,,,,,,,,,,,,,,,,,,,,,,,,,,,,,,,,,,,,,,,,,,,,,,,,,,,,,,,,,,,
train_166,Загуститель_1,01124.25 10.3% 2гр,18.056,,,,,,,,,,,,,,,,,,,,,,,,,,,,,,,,,,,,,,,,,,,,,,,,,,,,,,,,,,,,,,,,,,,,,,,,,,,,,,,,,,,,,,,,,,,,,,
train_166,Противоизносная_присадка_3,041.25,10.313,,,,,,,,,,,,,,,,,,,,,,,,,,,,,,,,,,,,,,,,,,,,,,,,,,,,,,,,,,,,,,,,,,,,,,,,,,,,,,,,,,,,,,,,,,,,,,
train_167,Антиоксидант_7,п.EQ2023082507,95.918,,,,,,,,,,,,,,,,,,,,,,,,,,,,,,,,,,,,,,,,,,,,,,,,,,,,,,,,,,,,,,,,,,,,,,,,,,,,,,,,,,,,,,,,,,,,,,
train_167,Базовое_масло_1,01595.25,43.34,,,,,,,,,,,,,,,790,1338,2348,4420,,,,,,,,,,4.48,22.35,,,,,,,,,,,,,,,,,,,,,,,,,,,,,,,,,,,,,,,,,,,,,,,,,,,,,,,,,,,,,,,,,
train_167,Базовое_масло_1,01595.25,43.229,,,,,,,,,,,,,,,790,1338,2348,4420,,,,,,,,,,4.48,22.35,,,,,,,,,,,,,,,,,,,,,,,,,,,,,,,,,,,,,,,,,,,,,,,,,,,,,,,,,,,,,,,,,
train_167,Базовое_масло_5,01624.25,22.895,,,,,,,,,,,,,,,3207,5855,11386,,,,120,,,,,,,7.72,50.14,,,,,,,,,,,,,,,,,,,,,,,,,,,,,,,,,,,,,,,,,,,,,,,,,-15,,,,,,,,,,,,,,,,
train_167,Детергент_1,01558.25,8.08,,,,,,,,,,,,,,,,,,,,,,,,,,,,,,,,,,,15.51,,,,,,,,,,,,,,,,,,,,,,,,,,,,,,,,,,,,,,,,,,,,,,,,,,,,,,,328.2,,,,
train_167,Загуститель_1,01609.25,2.675,,,,,,,,,,,,,,,,,,,,,,,,,,,,,,,,,,,,,,,,,,,,,,,,,,,,,,,,,,,,,,,,,,,,,,,,,,,,,,,,,,,,,,,,,,,,,,
train_167,Противоизносная_присадка_7,НовочебоксарскХП,31.092,,,,,,,,,,,,,,,,,,,,,,,,,,,,,,,,,,,,,,,,,,,,,,,,,,,,,,,,,,,,,,,,,,,,,,,,,,,,,,,,,,,,,,,,,,,,,,
